condition,meeting,block_id,in_baseline,in_condition,speaker,start,word_count,text
A2_size3_off0_repeat,"City Council Committee Meeting - February 3, 2025 [aHT_ba_YwG8]",73,1,0,SPEAKER_05,3853.85,15,far in the consolidated plan thank you thank you for having us and we look
A2_size3_off0_repeat,"City Council Committee Meeting - March 3, 2025 [qEcut0Mpq30]",108,1,0,SPEAKER_06,5676.86,3,Puerto Rico citizen
A2_size3_off0_repeat,"City Council Meeting - April 29, 2025 [5N3AIQLoNPU]_standard",56,0,1,SPEAKER_10,3934.58,156,Jessica Lopez the felon with less felonies than our president huh so let me start by reminding you right that for the last five years I've been here more than every single one of yous in this room so we're user thick today I hope yous are thick in two weeks and I hope you're thick weeks after that b
A2_size3_off0_repeat,"City Council Meeting - April 29, 2025 [5N3AIQLoNPU]_standard",74,0,1,SPEAKER_03,4703.6,178,evening hello my name is taylor raymond i live on the 500 block of saint joseph street and i'm here for something not regarding ms diaz at all at previous meetings the administrative resolution 18 i was discussed regarding the disposition of certain police records we were told that it was just the p
A2_size3_off0_repeat,"City Council Meeting - August 26, 2025 [WImQYrQa0EM]",71,0,1,SPEAKER_09,4567.32,103,outside the city on the columbia app um i just wanted to request the council's help in pressuring the zoning officer and the mayor and showing up to any of the hearing hearings that are being proposed as i've heard from other sources the zoning officer has no interest in showing up to those and answ
A2_size3_off0_repeat,"City Council Meeting - August 26, 2025 [WImQYrQa0EM]",75,0,1,SPEAKER_03,4861.64,5,"Council President, if I may."
A2_size3_off0_repeat,"City Council Meeting - August 26, 2025 [WImQYrQa0EM]",77,1,0,SPEAKER_04,4866.22,324,"Just very briefly, wanted to thank our folks for coming out tonight to continue to advocate for how we want our community to be built in the future and sharing information. Also love the graphics that were also brought up here earlier, so thank you for all your hard work on that. One thing I do wann"
A2_size3_off0_repeat,"City Council Meeting - February 11, 2025 [JJbmuzCmd6s]_standard",55,1,0,SPEAKER_06,1522.2,319,miss geyser do you have anything to add yes thank you thanks for the summary uh the lengthy summary of our long amendments um this evening i just wanted to uh highlight two things um that we are recommending these changes presuming that we will get the 2025 cdbg funding for the city however with the
A2_size3_off0_repeat,"City Council Meeting - July 22, 2025 [Y4mI4udbAfM]",112,0,1,SPEAKER_04,9520.64,592,i'm from the 100 block of north mary and i didn't initially come to see all of the capital plan but i'm glad i did because a lot of it was actually really interesting and helpful and there also are parts of that that i think apply to the data center one of which is spending four hundred thousand dol
A2_size3_off0_repeat,"City Council Meeting - July 22, 2025 [Y4mI4udbAfM]",113,0,1,SPEAKER_16,9702.58,353,mitchell uh 400 block of east grant street um and i also wasn't planning on speaking today so i'm just gonna kind of go for it and say what's in my heart um i just hearing the report from president vacay uh with a lot of those really sort of nice comforting uh details about you know the cooling span
A2_size3_off0_repeat,"City Council Meeting - June 10, 2025 [PqPxK5dVghI]_standard",49,0,1,SPEAKER_11,2624.6,34,any comments on this uh this appointment um i was just very impressed with um christopher mr sloth overall um his view on life and um his experience and background thank you very much
A2_size3_off0_repeat,"City Council Meeting - May 27, 2025 [vexHgMfzvKE]_standard",9,0,1,SPEAKER_03,450.28,515,lappy's new avenge chair um i just want to give a little background on me so i'm originally from harrisburg pa actually i come from a really traditional vietnamese family and they both on both sides they settled in the u.s as refugees because of the war and so growing up in central pa the dichotomy 
A2_size3_off0_repeat,"City Council Meeting - May 27, 2025 [vexHgMfzvKE]_standard",31,1,0,SPEAKER_12,1787.1,95,have not I've been working on my schooling the last few years and before that we were running a business so this is kind of the first time I've had any of the free time if you will to engage in something like this and I feel like this would be a great place to do it because I love this community I l
A2_size3_off0_repeat,"City Council Meeting - May 27, 2025 [vexHgMfzvKE]_standard",34,0,1,SPEAKER_12,1841.33,120,Commission comes in I'm hoping like any good Commission that there are people from multiple different backgrounds a very diverse Commission of all different ages as well so then when we're looking at you know any policy we can engage with that from a lot of different perspectives and i feel like tha
A2_size3_off0_repeat,"City Council Meeting - May 27, 2025 [vexHgMfzvKE]_standard",35,0,1,SPEAKER_04,1878.46,39,"these policies are fully ethical good thank you that's all right thank you council president Thank you, Theodore, for your willingness to serve. How would you handle a situation where someone you know is subject to an ethics complaint?"
A2_size3_off0_repeat,"City Council Meeting - May 27, 2025 [vexHgMfzvKE]_standard",70,0,1,SPEAKER_02,4540.76,16,much hello hello if you have any questions regarding the sewage module i can um provide
A2_size3_off0_repeat,"City Council Meeting - May 27, 2025 [vexHgMfzvKE]_standard",71,0,1,SPEAKER_09,4546.52,69,sure i know we've done a bunch of these and just for purposes of anyone listening wondering what we're speaking about this uh certifies that this project there's a adequate sewage capacity to proceed with this project and it is the first of uh many uh sort of applications and permit processes that m
A2_size3_off0_repeat,"City Council Meeting - May 27, 2025 [vexHgMfzvKE]_standard",91,0,1,SPEAKER_06,5051.48,567,uh tonight i'd like to take a moment to recognize the school district of lancaster and its incredible students over the years sdol and the city have built a strong and meaningful partnership and i want to recognize a few pieces of sdl news so first i want to congratulate mccaskey's unified track and
A2_size3_off0_repeat,"City Council Meeting - May 27, 2025 [vexHgMfzvKE]_standard",93,1,0,SPEAKER_05,5303.12,73,council tonight council president if i may counselor i just wanted to make the other members of council aware that the home rule study transition committee did meet on may 6th and went over both the administrative code as well as the ethics code which will be which we are currently doing the intervi
A2_size3_off0_repeat,"City Council Meeting - September 9, 2025 [H5Gp_GuYYYg]_standard",32,0,1,SPEAKER_03,1714.88,84,on this resolution thank you very much councilor hirsch i appreciate you bringing this to our attention and the explanation that you provided both here and writing to counselors so we had a full understanding of what's been going on are there any additional council comments on the resolution from th
A2_size3_off0_repeat,"City Council Meeting - September 9, 2025 [H5Gp_GuYYYg]_standard",43,0,1,SPEAKER_12,3143.05,422,for sure is people just coming and enjoying the space it's a lot more open to people who are there to just relax and read or work with their ipads or their laptops it's just a much more open and lighting space we have more computer access than we did at the old building it's a much more open area al
A2_size3_off0_repeat,"City Council Meeting - September 9, 2025 [H5Gp_GuYYYg]_standard",44,0,1,SPEAKER_03,3293.51,72,the building thank you so much it's it's always nice to hear about opportunities for spaces where people can just exist without the expectation to spend any money because we don't have any of those besides the library and that's why it's so valuable so thank you for that counselors any questions or 
A2_size3_off0_repeat,"Planning Commission Meeting - September 3, 2025 [5PuBv9zFX3I]_standard",22,0,1,SPEAKER_11,1656.28,13,question you did give a timeline the project okay completion maybe okay thank
A2_size3_off0_repeat,"Planning Commission Meeting - September 3, 2025 [5PuBv9zFX3I]_standard",33,1,0,SPEAKER_07,2024.85,58,over the two-year period that's a great question i don't think that that is part of the minor plan but it is on their property and so they would i mean as just part of it being your own parcel you would have to you would have to maintain it right so what can the public expect if
A2_size3_off0_repeat,"Planning Commission Meeting - September 3, 2025 [5PuBv9zFX3I]_standard",41,1,0,SPEAKER_03,2187.9,83,this is this is just for remembering that the next meeting we will have a public hearing I wasn't sure if how frequently you guys have held public hearings and if you want some guidance on the process for that public hearing because there's different requirements that you would need to meet and beca
A2_size3_off0_repeat,"Planning Commission Meeting - September 3, 2025 [5PuBv9zFX3I]_standard",67,0,1,SPEAKER_13,3230.02,74,as well um agreed i don't think we need a public hearing but and especially because i think the public may be confused about our role but i do think we should keep it as an agenda item possibly on that october first meeting for having it um still just to allow for it to be part of the conversation a
A2_size3_off0_repeat,"Planning Commission Meeting - September 3, 2025 [5PuBv9zFX3I]_standard",68,0,1,SPEAKER_02,3260.53,310,i mean i think it needs to be something that we continue just again just just to be able to provide information to the public about what the city is doing i mean i think as uh lauren and as staff has already uh shared there there are irons in the fire um that the city is has responded to public inpu
B_size3_off1,"City Council Committee Meeting - February 3, 2025 [aHT_ba_YwG8]",21,0,1,SPEAKER_12,1344.78,77,because of it thank you for presentation director Campbell I'm sure we'll get more to this in the March meeting in the first and second reading but can you just talk a little bit about the timeline of some of these projects and compared to the distribution of some of the funds through the disburseme
B_size3_off1,"City Council Committee Meeting - February 3, 2025 [aHT_ba_YwG8]",32,1,0,SPEAKER_07,1783.13,89,well we're basically looking at the fact that this is we're looking at a debt and bond financing needs that's that's mostly what i'm looking at i know some of them are already we had already voted on that prior to or we're basically looking at in the future especially with the ep uh mandates that we
B_size3_off1,"City Council Committee Meeting - February 3, 2025 [aHT_ba_YwG8]",36,1,0,SPEAKER_07,1942.8,54,to be my last question in regards to um these projects do we have anything included that was already added in regards to the grants is there any grants that we had added into this because i'm just trying to figure out what the difference between the debt and also the minus the grants
B_size3_off1,"City Council Committee Meeting - February 3, 2025 [aHT_ba_YwG8]",42,1,0,SPEAKER_00,2110.33,208,know if you have anything you want to add yes thank you very very much this is this is to be able to do surface treatment of roadways that are shared by both Madheim Township and the city of Lancaster on Marshall Avenue between Lidditz Pike and and Juliet Avenue it's approximately 82% of the roadway
B_size3_off1,"City Council Committee Meeting - February 3, 2025 [aHT_ba_YwG8]",55,0,1,SPEAKER_01,2672.41,95,and i will pass it over to jen thank you hopefully i didn't push the button all right uh thank you madam mayor and student castle i'm pleased to speak to you tonight about the community development block grant substantial amendment process hopefully my screen will continue to glow up there okay befo
B_size3_off1,"City Council Committee Meeting - February 3, 2025 [aHT_ba_YwG8]",63,1,0,SPEAKER_12,3584.84,19,with the cdbg funds uh thank you and i look forward to working with you guys on the engagement
B_size3_off1,"City Council Committee Meeting - February 3, 2025 [aHT_ba_YwG8]",64,0,1,SPEAKER_02,3591.11,43,around the 2026 23rd plan wonderful just a quick comment I'll say from voting on this item just because the organization that I work for assets is listed as an organization in the action plans same from voting thank you are there any
B_size3_off1,"City Council Committee Meeting - February 3, 2025 [aHT_ba_YwG8]",66,1,0,SPEAKER_07,3623.64,20,is is that including some of the shelters does any of that funding go to any of the local shelters
B_size3_off1,"City Council Committee Meeting - March 3, 2025 [qEcut0Mpq30]",12,1,0,SPEAKER_04,616.43,45,i have to say my name yes okay susie gomez 100 block of north reservoir street um are you filling in the position on a legal standpoint or are you filling in the position on a board member standpoint board member position just the board
B_size3_off1,"City Council Committee Meeting - March 3, 2025 [qEcut0Mpq30]",28,0,1,SPEAKER_16,2157.1,61,point does that am I saying that accurately enough okay if you can talk a little bit about the budgetary impact in the individual funds and how from a budget from a financial planning and you know for the next five years how are these budgetary impacts also being looked at from a planning side yeah 
B_size3_off1,"City Council Committee Meeting - March 3, 2025 [qEcut0Mpq30]",33,0,1,SPEAKER_09,2332.9,157,question um could perhaps go to either director campbell although um it's just a very general question and it is some of the projects that are listed in this i know are are not maintenance but they're extending the useful life of the assets so they're almost like rehabilitation and not repair so to 
B_size3_off1,"City Council Committee Meeting - March 3, 2025 [qEcut0Mpq30]",36,1,0,SPEAKER_05,2591.29,109,director Stephen Campbell I want to kind of call back to something we've been talking about the last couple of years on council and it relates to what you were just mentioning as far as planning goes but I just could you just talk a little bit about the ways that we have been planning for like these
B_size3_off1,"City Council Committee Meeting - March 3, 2025 [qEcut0Mpq30]",41,0,1,SPEAKER_15,2871.65,31,"Can I just make one quick correction to Councilor Diaz's question earlier? We had said it was $372 million. It's actually $391 million, so it was closer to the number. Yes."
B_size3_off1,"City Council Committee Meeting - March 3, 2025 [qEcut0Mpq30]",57,1,0,SPEAKER_04,3200.48,15,weren't provided with the specifics just a list and they're asking those documents be destroyed
B_size3_off1,"City Council Committee Meeting - March 3, 2025 [qEcut0Mpq30]",61,0,1,SPEAKER_03,3341.19,197,good evening health members i'm pleased to be here today to share in updating you all as director campbell mentioned on lancaster's urban forestry program this is an effort that continues to grow in both impact and engagement at the heart of this work is our new urban forester mike meyer who in just
B_size3_off1,"City Council Committee Meeting - March 3, 2025 [qEcut0Mpq30]",65,1,0,SPEAKER_07,4011.4,490,in kind of two different ways uh the first one is process uh especially since i started i've been working with um various people within the city to make sure that we have a a good effective process for addressing these concerns like when a tree branch comes down or when someone needs to have assista
B_size3_off1,"City Council Committee Meeting - March 3, 2025 [qEcut0Mpq30]",66,1,0,SPEAKER_06,4176.38,95,good way any other question or comment from in regards to replacing some of trees do you have like specific trees that you might have found that they're disease that need removal is there any issues I mean I know one particular one that has not been removed and it's causing especially when the wind 
B_size3_off1,"City Council Committee Meeting - March 3, 2025 [qEcut0Mpq30]",72,1,0,SPEAKER_06,4389.29,69,"Is there any type of metrics or studies or any type of research that shows a particular tree or trees in general that have more susceptibility of becoming disease? I'm sure that there are particular ones, but I'm familiar only with a few trees. I'm not, I have allergies around this season, so trust "
B_size3_off1,"City Council Committee Meeting - March 3, 2025 [qEcut0Mpq30]",81,1,0,SPEAKER_13,4917.19,16,project thank you um this is for the construction of three new single family attached dwellings
B_size3_off1,"City Council Committee Meeting - March 3, 2025 [qEcut0Mpq30]",108,1,0,SPEAKER_06,5676.86,3,Puerto Rico citizen
B_size3_off1,"City Council Committee Meeting - September 2, 2025 [bNf9xj20-xg]_standard",30,1,0,SPEAKER_12,2169.41,39,reason why they want to demolish it is because they feel like it's not safe to try and pull two cars in there so i believe it's going to remain as a surface parking lot as far as i
B_size3_off1,"City Council Committee Meeting - September 2, 2025 [bNf9xj20-xg]_standard",38,0,1,SPEAKER_14,2316.07,80,question um if it were up to me i would probably you know if i could wave a magic wand me personally i would take uh traffic off of the west grant street portion by market but i do know that some box trucks do go through there every now and then are we OK with the height in light of that. I don't kn
B_size3_off1,"City Council Committee Meeting - September 2, 2025 [bNf9xj20-xg]_standard",61,0,1,SPEAKER_05,3249.77,362,"good evening council good evening mayor this is a culmination of a two-year project that I've been working on with the Lancaster County Emergency Management Agency and fellow municipal leaders in emergency management to update the county hazard mitigation plan. The original plan was written in 2019,"
B_size3_off1,"City Council Committee Meeting - September 2, 2025 [bNf9xj20-xg]_standard",62,1,0,SPEAKER_16,3417.3,38,thank you so much i do have a question for you would this be with the grants would that be in addition to the FEMA grants as well or is that all combined so there used to be
B_size3_off1,"City Council Committee Meeting - September 2, 2025 [bNf9xj20-xg]_standard",68,1,0,SPEAKER_05,3552.53,46,contracting with lebanon county and we actually had an incident since they took over that we've that we worked together on it went very seamless we don't see a difference so far but we're looking forward to the future thank you and that concludes my questions
B_size3_off1,"City Council Committee Meeting - September 2, 2025 [bNf9xj20-xg]_standard",69,1,0,SPEAKER_09,3572.8,38,was that the rotten eggs that was the rotten eggs yes just just so everybody knows there was an incident with the spill of rotten eggs so uh but that was our hazard incident it was nothing more
B_size3_off1,"City Council Committee Meeting - September 2, 2025 [bNf9xj20-xg]_standard",91,0,1,SPEAKER_02,4355.28,48,public why people can't do this already I mean like what about this bill makes this it people able to do it doesn't you know like why why do we need this bill so that people can do this is it federal federally not allowed state not allowed
B_size3_off1,"City Council Meeting - April 29, 2025 [5N3AIQLoNPU]_standard",5,0,1,SPEAKER_18,1072.88,484,um south queen street good evening good evening good evening to everyone and god bless everyone who is here today i'm uh reverend kevin polite the lead pastor of souls church incorporated of 415 south queen street lancaster city i want to thank you for the opportunity to address the board today in r
B_size3_off1,"City Council Meeting - April 29, 2025 [5N3AIQLoNPU]_standard",9,1,0,SPEAKER_10,1546.22,265,miss lopez good evening good evening jessica lopez manchester city first let me start by saying hi i hope everyone is having a good evening um i truly do appreciate the echo cause for the for council member diaz to resign and the outcry of accountability excuse you i'm talking Could we please have o
B_size3_off1,"City Council Meeting - April 29, 2025 [5N3AIQLoNPU]_standard",11,0,1,SPEAKER_10,1670.43,145,"Folks in the room, please. But where we do need that accountability from her, and yes, from our mayor, and from you, because you had your own issues like everybody else. So, where we do need accountability, let's not get lost in what actually brought us here. An attack on our youth, our black and br"
B_size3_off1,"City Council Meeting - April 29, 2025 [5N3AIQLoNPU]_standard",20,0,1,SPEAKER_14,1867.2,18,and i live on his in his property our polite estate in the 500 block of north street
B_size3_off1,"City Council Meeting - April 29, 2025 [5N3AIQLoNPU]_standard",36,1,0,SPEAKER_19,2525.5,240,i'm just finding my spot most recently counselor diaz attacked counselor ahmed's identity as a refugee and insinuated that he was incapable of holding out office because of his because of his background for racism xenophobia and islamophobia are not the representation that lincastrians deserve for t
B_size3_off1,"City Council Meeting - April 29, 2025 [5N3AIQLoNPU]_standard",38,0,1,SPEAKER_07,2650.47,479,"good evening good evening everyone hello good evening everyone my name is chandra damal thank Thank you for coming here today. I'm standing here today not just as a support of Janet Diaz, but as someone that knows her through her hard work and her lifelong commitment to this city and its people. Whe"
B_size3_off1,"City Council Meeting - April 29, 2025 [5N3AIQLoNPU]_standard",40,0,1,SPEAKER_07,2854.33,16,"She is a fighter, a servant, and a true leader for all of us. Thank you."
B_size3_off1,"City Council Meeting - April 29, 2025 [5N3AIQLoNPU]_standard",46,1,0,SPEAKER_14,3081.3,41,"Okay. I'll finish it up. Thank you. You are responsible for what you post on social media, so just be aware of that. think you do owe muslim women an apology thank you thank you mr harris our next speaker yes"
B_size3_off1,"City Council Meeting - April 29, 2025 [5N3AIQLoNPU]_standard",48,0,1,SPEAKER_13,3114.61,581,good evening thank you first of all i want to thank you council members i realize that you have a tough job some do it better than others some go out of their way some do not last year or the year before i believe it was a year before there was a situation going on in the city school district and i 
B_size3_off1,"City Council Meeting - April 29, 2025 [5N3AIQLoNPU]_standard",54,1,0,SPEAKER_09,3688.04,362,"Good evening. Thank you for giving me this opportunity to speak in front of you, and thank you for all that you do. This is my second or third time here. My apologies. I want to read something. Please do not disturb me. i don't know who you are but don't do that please continue your comments toward "
B_size3_off1,"City Council Meeting - April 29, 2025 [5N3AIQLoNPU]_standard",56,0,1,SPEAKER_10,3934.58,156,Jessica Lopez the felon with less felonies than our president huh so let me start by reminding you right that for the last five years I've been here more than every single one of yous in this room so we're user thick today I hope yous are thick in two weeks and I hope you're thick weeks after that b
B_size3_off1,"City Council Meeting - April 29, 2025 [5N3AIQLoNPU]_standard",73,1,0,SPEAKER_22,4596.88,345,thank you good evening daryl legacy 100 block of north mary again um i just want to make two points one i appreciate the statement of letting it happen at the ballot box and i i'm sure that counselor yes is not going to stand down so i think we're all going to have that so i think that's great that'
B_size3_off1,"City Council Meeting - April 29, 2025 [5N3AIQLoNPU]_standard",74,0,1,SPEAKER_03,4703.6,178,evening hello my name is taylor raymond i live on the 500 block of saint joseph street and i'm here for something not regarding ms diaz at all at previous meetings the administrative resolution 18 i was discussed regarding the disposition of certain police records we were told that it was just the p
B_size3_off1,"City Council Meeting - April 29, 2025 [5N3AIQLoNPU]_standard",75,1,0,SPEAKER_11,4782.93,54,thank you good evening good evening thank you for your time my name is ashley and i lived in lancaster for the past 16 years i'm here today to proudly support janet diaz i want to start by saying something important i hear your frustration i understand the pain ashley i'm sorry i don't
B_size3_off1,"City Council Meeting - April 29, 2025 [5N3AIQLoNPU]_standard",77,0,1,SPEAKER_11,4807.52,216,it thank you um i understand the pain especially from those in the muslim community who are hurting right now the injustice the discrimination it's real and your anger it's about it's valid but you're angry at the wrong person recently there have been hurtful and entirely false claims made against j
B_size3_off1,"City Council Meeting - April 29, 2025 [5N3AIQLoNPU]_standard",78,1,0,SPEAKER_14,4891.58,225,i'm sorry thank you for having me back i just want to address two things again my name is asia austin two things one um i keep hearing a lot of residents get up and discuss homelessness i just think for the record please please please please stop calling them homeless and please start calling them d
B_size3_off1,"City Council Meeting - April 29, 2025 [5N3AIQLoNPU]_standard",79,0,1,SPEAKER_07,4977.55,582,having thank you thank you good evening again um council members community of the members and my family that's here um lately people have been calling these meetings the janet show and i just heard of that some say with laughs some say with frustration but let's talk about what that really means bec
B_size3_off1,"City Council Meeting - April 29, 2025 [5N3AIQLoNPU]_standard",82,0,1,SPEAKER_01,5324.27,204,know how many times i have come here and told you guys that we need some upgrading at crystal park it hasn't been done we are going to open up the summer the west crystal volunteers are opening up the summer with mother's day i cannot secure safety in my neighborhood if the sockets are sticking out 
B_size3_off1,"City Council Meeting - April 29, 2025 [5N3AIQLoNPU]_standard",86,0,1,SPEAKER_23,5576.14,112,i did follow up with the administration um the mayor uh council president and director campbell uh director campbell did get back to me today and said that um he will get back to me on i did ask what was the status of the tickets um were there any um uh fines that were uh not waived but you know wer
B_size3_off1,"City Council Meeting - April 29, 2025 [5N3AIQLoNPU]_standard",90,1,0,SPEAKER_02,5727.06,100,"On Instagram. I mean, that's ludicrous. You're going by what somebody said or somebody posted, even if she didn't. Even if she didn't, let's say she did, right? Does that really matter? I mean, does that, excuse me, does that really matter to the point where, like the man said, the ballot box is goi"
B_size3_off1,"City Council Meeting - April 29, 2025 [5N3AIQLoNPU]_standard",92,0,1,SPEAKER_00,5918.18,5,"Council President, if I may."
B_size3_off1,"City Council Meeting - August 12, 2025 [Pg4nxjg-PUw]_standard",9,1,0,SPEAKER_27,1031.08,464,my name is brett stanley living in mountainville but working in lancaster at an aerospace lab adjacent to mccaskey i was born here and grew up watching the farms and fields turned into shopping centers and authorized housing developments i was too young and distracted to care to do much about that s
B_size3_off1,"City Council Meeting - August 12, 2025 [Pg4nxjg-PUw]_standard",18,1,0,SPEAKER_14,1583.76,555,good evening hi my name is sarah i'm from the 400 block of west frederick and like many people here i'm here to address the data center issue i spoke at the planning commission last week and mentioned that i hold a master's degree in international relations with an emphasis in sustainable developmen
B_size3_off1,"City Council Meeting - August 12, 2025 [Pg4nxjg-PUw]_standard",24,1,0,SPEAKER_24,2312.0,236,our next speaker mr harris is dan weigel good evening uh dan weigel uh clarendon drive um as you may have noticed there's a petition going around um there's a petition going around in our community about the data center we have hundreds of signatures on it it's been in the news obviously this is a b
B_size3_off1,"City Council Meeting - August 12, 2025 [Pg4nxjg-PUw]_standard",26,0,1,SPEAKER_24,2401.08,148,and storage they are not warehouses to mayor Sirachi and City Council must work with the public to pass a plan that insulates Lancaster residents from the negative effects of data centers for example price hikes for utilities low water pressure and rolling blackouts three city government must act wi
B_size3_off1,"City Council Meeting - August 12, 2025 [Pg4nxjg-PUw]_standard",28,0,1,SPEAKER_24,2460.98,38,to you sitting up front i turn the question on you do you hear us and are you with us please raise your hands a bit higher please everyone on city council mayor sirachi do you hear us
B_size3_off1,"City Council Meeting - August 12, 2025 [Pg4nxjg-PUw]_standard",31,1,0,SPEAKER_24,2557.46,16,and members of the city government thank you i look forward to your actions counselor craig
B_size3_off1,"City Council Meeting - August 12, 2025 [Pg4nxjg-PUw]_standard",32,0,1,SPEAKER_23,2569.61,64,thank you council president um i am very interested in everything that everyone has to say but it's really difficult when someone's at the speaker and and i know you want to applaud them because what they're saying is good but if we can't hear them you know then i'm getting half half of what they're
B_size3_off1,"City Council Meeting - August 12, 2025 [Pg4nxjg-PUw]_standard",38,0,1,SPEAKER_25,2771.21,596,speaker please our next speaker is jennifer siegel good evening hi my name is jennifer siegel but everyone here knows me as coral rights i live in marietta but i host events here in lancaster city and rely on people's willingness to travel to lancaster to pay my bills and most of my favorite people 
B_size3_off1,"City Council Meeting - August 12, 2025 [Pg4nxjg-PUw]_standard",41,0,1,SPEAKER_08,3160.88,420,name is Christine Kennedy I live in the first block of Market Street in Lancaster Pennsylvania and I come today to tell a little bit about what I've learned and where I was wrong with some of the comments I made at the prior City council meeting some of those were I've learned that data centers are 
B_size3_off1,"City Council Meeting - August 12, 2025 [Pg4nxjg-PUw]_standard",50,0,1,SPEAKER_29,3850.6,385,uh tony dash's 700 block in new holland avenue so what i signed up to talk about was actually parking um but i'm going to connect these two issues because you have some issues that web out over time the city has a parking issue it depends on how you look at it in what perspective that issue is maybe
B_size3_off1,"City Council Meeting - August 12, 2025 [Pg4nxjg-PUw]_standard",54,1,0,SPEAKER_20,4028.91,610,"Thank you. So I have a couple points, a couple questions, and a charge to the council. So first, I wanna say that for those of us that were here I think it was maybe two city council meetings ago we heard the budget and all of the information about where our money is being spent you may have remembe"
B_size3_off1,"City Council Meeting - August 12, 2025 [Pg4nxjg-PUw]_standard",58,0,1,SPEAKER_21,4377.06,14,you council president the economic development committee did not meet thank you finance committee
B_size3_off1,"City Council Meeting - August 12, 2025 [Pg4nxjg-PUw]_standard",76,0,1,SPEAKER_11,4844.02,107,involved the sunny side thank you very much counselor craig i know we have uh director delphs coming uh to to address us this evening i want to thank you for being here in addition to your notes i would also add i think i recall that there was a lot of work done about community benefit for this envi
B_size3_off1,"City Council Meeting - August 12, 2025 [Pg4nxjg-PUw]_standard",78,1,0,SPEAKER_11,5131.94,120,highlighting all of those all the pieces that it took to get us to this time I I know I am personally extremely excited for this development on Sunnyside a long dormant area in the city development has been difficult to crack and I am appreciative that this includes an element of preserving the natu
B_size3_off1,"City Council Meeting - August 12, 2025 [Pg4nxjg-PUw]_standard",79,0,1,SPEAKER_22,5181.02,115,i missed you when i looked that way no worries thank you council president just wanted to make a comment i'm also very excited about this project i had a chance to partake on the hike maybe a few weeks ago a month ago and was very excited for someone who grew up in the southeast i'd never step foot 
B_size3_off1,"City Council Meeting - August 12, 2025 [Pg4nxjg-PUw]_standard",81,1,0,SPEAKER_29,5227.17,254,forward to this project i think this is going to be a good investment in the environmental values our community is starting to stand behind but i also want to use this as an opportunity to kind of speak to when investment comes in one area we do have to be mindful of what occurs around it there's go
B_size3_off1,"City Council Meeting - August 12, 2025 [Pg4nxjg-PUw]_standard",82,0,1,SPEAKER_13,5319.18,526,good evening council mayor sirachi thank you chris for the setup earlier i'm diana martin i'm the executive director of partners for environmental stewardship i'm also a proud resident of the city of lancaster it's one of the reasons i'm really passionate about this project on behalf of our organiza
B_size3_off1,"City Council Meeting - August 12, 2025 [Pg4nxjg-PUw]_standard",105,1,0,SPEAKER_02,6080.55,125,"Thank you, Frank Arcolio, Old Trinity Place. I know I've been critical of the administration with respect to the data centers, but I believe in giving credit where credit is due and in order to be fair. I sat through a tremendously detailed presentation on the five-year plan for the Department of Pu"
B_size3_off1,"City Council Meeting - August 12, 2025 [Pg4nxjg-PUw]_standard",107,0,1,SPEAKER_18,6144.36,359,comments for this Alexander King 600 block of North Shippen so kind of to play up Tony Dastro's comments I'd like to say parking management in the city is an unmitigated disaster it seems to be a sort of grassroots sort of thing which seems to be the dumbest way to plan anything I've lived in a lot 
B_size3_off1,"City Council Meeting - August 12, 2025 [Pg4nxjg-PUw]_standard",108,1,0,SPEAKER_15,6278.43,299,good evening my name is Abby Haney I live on the 600 block of East Madison Street I didn't come here planning to speak I just wanted to listen I know I've been here talking about the data centers before and we had so many great people who showed up today to continue to advocate for action and so I r
B_size3_off1,"City Council Meeting - August 12, 2025 [Pg4nxjg-PUw]_standard",110,0,1,SPEAKER_06,6390.44,673,thank you council president i i want to just echo what we have heard at the last couple council meetings and in conversations that i've been having in the community related to the data centers and just to reaffirm that we hear your concerns about water utilization air quality noise the permitting th
B_size3_off1,"City Council Meeting - August 26, 2025 [WImQYrQa0EM]",9,0,1,SPEAKER_04,815.41,66,to thank you for making this motion i think as many folks are probably here tonight for i think it's probably long overdue that we start considering um our zoning and what does it mean and how does it reflect the community that we want to build here so i'm looking forward to hearing the recommendati
B_size3_off1,"City Council Meeting - August 26, 2025 [WImQYrQa0EM]",12,1,0,SPEAKER_08,895.14,35,that comes out of this action would there be anyone from the core i think it's called core war data company that's going to be available to speak or answer any questions to the public
B_size3_off1,"City Council Meeting - August 26, 2025 [WImQYrQa0EM]",14,0,1,SPEAKER_08,941.12,4,That's all I have.
B_size3_off1,"City Council Meeting - August 26, 2025 [WImQYrQa0EM]",33,1,0,SPEAKER_11,1987.41,342,the 400 block of west frederick i'm probably going to end up yielding most of my time because you guys address a lot of our concerns so i'll just boil it down to three things number one i want to express appreciation for some of the things you announced tonight specifically codifying that there won'
B_size3_off1,"City Council Meeting - August 26, 2025 [WImQYrQa0EM]",47,0,1,SPEAKER_18,2692.96,490,"Good evening, first and only block of Wise Ave. I had some I changed up what I had said a little bit because of the things that you had spoke about earlier. So thank you for addressing the need for dialogue and starting the meeting that way. Our communities are thriving, diverse and deeply community"
B_size3_off1,"City Council Meeting - August 26, 2025 [WImQYrQa0EM]",68,0,1,SPEAKER_20,4249.42,282,good evening adjust that as needed uh brett stanley i live in mountville but i work in lancaster i spoke last last last meeting i've been here for all of them um i spoke on job creation and lack thereof possibly with the work in creating you know catalysts for the data centers sw at my employer in w
B_size3_off1,"City Council Meeting - August 26, 2025 [WImQYrQa0EM]",71,0,1,SPEAKER_09,4567.32,103,outside the city on the columbia app um i just wanted to request the council's help in pressuring the zoning officer and the mayor and showing up to any of the hearing hearings that are being proposed as i've heard from other sources the zoning officer has no interest in showing up to those and answ
B_size3_off1,"City Council Meeting - August 26, 2025 [WImQYrQa0EM]",77,1,0,SPEAKER_04,4866.22,324,"Just very briefly, wanted to thank our folks for coming out tonight to continue to advocate for how we want our community to be built in the future and sharing information. Also love the graphics that were also brought up here earlier, so thank you for all your hard work on that. One thing I do wann"
B_size3_off1,"City Council Meeting - February 11, 2025 [JJbmuzCmd6s]_standard",33,1,0,SPEAKER_01,974.99,185,resolution is essentially uh entering the city into a cost-sharing agreement with maynham township as many of you may know marshall avenue is along the northern border and southern of the city and the southern border of man i'm township um and it zigzags pretty chaotically and so this kind of allows
B_size3_off1,"City Council Meeting - February 11, 2025 [JJbmuzCmd6s]_standard",49,0,1,SPEAKER_04,1318.33,124,is a resolution that is brought before council on an annual basis it is done because the city tracks water and sewers sewer usage as city properties mostly to detect leaks or unusual usage we don't bill ourselves for this usage the charges are exonerated annually to clear them from the financial acc
B_size3_off1,"City Council Meeting - February 11, 2025 [JJbmuzCmd6s]_standard",55,1,0,SPEAKER_06,1522.2,319,miss geyser do you have anything to add yes thank you thanks for the summary uh the lengthy summary of our long amendments um this evening i just wanted to uh highlight two things um that we are recommending these changes presuming that we will get the 2025 cdbg funding for the city however with the
B_size3_off1,"City Council Meeting - February 11, 2025 [JJbmuzCmd6s]_standard",59,0,1,SPEAKER_08,1740.54,46,"And that is government funding, correct? Yes. OK. The other question would be, you had mentioned increased funding. The $305,000 is being allocated, is that correct? Reallocated. Reallocated. So you're going from 2020 to 2024 to show rejected funds? Can you explain that a little better?"
B_size3_off1,"City Council Meeting - February 11, 2025 [JJbmuzCmd6s]_standard",77,0,1,SPEAKER_01,2097.74,51,"Yes, pretty much the same thing. It's just entering into an agreement with Railway Auditing and Management Services in this case as opposed to Norfolk Southern, which is previous resolution. um yeah just paying the permit fee to allow right of uh use to um replace or to conduct work there"
B_size3_off1,"City Council Meeting - February 11, 2025 [JJbmuzCmd6s]_standard",83,0,1,SPEAKER_03,2325.55,111,i just wanted to report back to the members of council that the government study transition committee did meet on january 29th and went over the purview of our work which is to make sure and ensure the transition to a homework charter moves in a timely manner with both the administrative code and th
B_size3_off1,"City Council Meeting - July 22, 2025 [Y4mI4udbAfM]",9,1,0,SPEAKER_17,1633.73,439,just you're already doing it please begin with your block thank you right into the mic and I know that the one is going to be cooled by air instead of water but air cooling could mean significant noise pollution for anyone living within a quarter mile of it the decibels reach well over those conside
B_size3_off1,"City Council Meeting - July 22, 2025 [Y4mI4udbAfM]",12,0,1,SPEAKER_26,1854.22,16,evening we will move our next speaker is Amy Ernst good evening my name is Amy
B_size3_off1,"City Council Meeting - July 22, 2025 [Y4mI4udbAfM]",15,1,0,SPEAKER_29,2017.86,324,good evening good evening uh john tell tolan first and only block of uh wise app um i don't come here often when i'm here you usually know there's a problem uh there's tons of people here uh counselor bakey i heard what you said and thank you for saying that at the beginning but i still think that m
B_size3_off1,"City Council Meeting - July 22, 2025 [Y4mI4udbAfM]",17,0,1,SPEAKER_32,2217.95,304,nelson i live on the 100 block of east lemon and um i wanted to talk about the planned data center as well i think that i have an issue with two major corporations telling us what will and will not be good for our citizens i think that's not for us to decide and i think that we have these data cente
B_size3_off1,"City Council Meeting - July 22, 2025 [Y4mI4udbAfM]",22,0,1,SPEAKER_24,2606.54,566,is abby haney good evening good evening my name is abby haney i live on the 600 block of east madison street and i am like so many others here about the ai data centers i have some major concerns um so i want to talk a little bit about electrical usage but so many of you have already made really gre
B_size3_off1,"City Council Meeting - July 22, 2025 [Y4mI4udbAfM]",24,1,0,SPEAKER_31,2785.31,258,400 block of east grand street um a lot of people said a lot of things better than i could they did a lot more research than i had time to but i'll just say i'm here to ask you to put our community ahead of outside business interests and to deny this in any way possible these data centers The link b
B_size3_off1,"City Council Meeting - July 22, 2025 [Y4mI4udbAfM]",30,1,0,SPEAKER_12,3059.76,526,rachel kruger and i'll admit that while i do live outside of the city itself i do live on greenfield road about a half mile from the proposed data center i appreciate you with providing me a moment to discuss proposed data centers to provide you a little bit of background so you know where i'm comin
B_size3_off1,"City Council Meeting - July 22, 2025 [Y4mI4udbAfM]",31,0,1,SPEAKER_25,3220.95,522,next speaker next speaker is Ann Torres good evening hi my name is Ann Torres I live in lettuce but I work in Lancaster years back my friend had a baby through IVF they finally had their baby but over time they noticed that he was having issues breathing in and out of hospitals extensive stays but n
B_size3_off1,"City Council Meeting - July 22, 2025 [Y4mI4udbAfM]",38,0,1,SPEAKER_13,3704.84,50,council while uh council president if i may while we're getting the technology situated mayor srachi um i i want to just acknowledge the work of the department of public works in preparing for council the first ever capital plan to be presented this is one of the requirements that
B_size3_off1,"City Council Meeting - July 22, 2025 [Y4mI4udbAfM]",40,0,1,SPEAKER_13,3760.16,159,this capital plan which director Campbell and his team are going to discuss tonight is part of is an outcome of the adoption of the home rule charter that requires council to be presented on an annual basis the capital plan in its totality and so you will hear tonight uh related to our storm water o
B_size3_off1,"City Council Meeting - July 22, 2025 [Y4mI4udbAfM]",84,1,0,SPEAKER_26,7763.36,16,are things that get delayed thank you so now I'd like to talk about our water
B_size3_off1,"City Council Meeting - July 22, 2025 [Y4mI4udbAfM]",93,1,0,SPEAKER_07,8785.04,25,plan specifically good evening good evening Taylor Raymond 500 block of st. Joseph Street is this presentation going to be available on the website that's
B_size3_off1,"City Council Meeting - July 22, 2025 [Y4mI4udbAfM]",112,0,1,SPEAKER_04,9520.64,592,i'm from the 100 block of north mary and i didn't initially come to see all of the capital plan but i'm glad i did because a lot of it was actually really interesting and helpful and there also are parts of that that i think apply to the data center one of which is spending four hundred thousand dol
B_size3_off1,"City Council Meeting - July 22, 2025 [Y4mI4udbAfM]",117,1,0,SPEAKER_06,9868.24,338,you'll say that you'll do though much concern but not involved with decisions that are made by you but we are sick and tired of hearing your song telling how you are gonna change right from wrong cuz if you really want to hear our views you haven't done nothing and that's the case here we have an op
B_size3_off1,"City Council Meeting - July 22, 2025 [Y4mI4udbAfM]",119,1,0,SPEAKER_07,10207.4,308,thank you good evening good evening taylor raymond 500 block of saint joseph street um i'd like to first start by saying that i agree with several community members who have come up and requested a change in our zoning laws to exclude the data center as the wholesale trade and storage. Some place li
B_size3_off1,"City Council Meeting - July 22, 2025 [Y4mI4udbAfM]",120,1,0,SPEAKER_09,10382.48,374,Ellen Sloan I live in the first block of North Lyme Street I'm not going to talk about the data center I'm going to talk about something I talked about two weeks ago and I'll keep talking about it until I get some kind of response I'm here once again to speak about ice as you may be aware the budget
B_size3_off1,"City Council Meeting - July 22, 2025 [Y4mI4udbAfM]",122,0,1,SPEAKER_19,10551.35,240,"My name is Robert McLean, 123 South Christian. And I'm here, basically, I have a little sign I've been showing around. It's called democracynow.org. You can get that on your computer. What you're talking about, as far as this AI in this area, is the tip of the iceberg. You don't have any idea, and n"
B_size3_off1,"City Council Meeting - June 10, 2025 [PqPxK5dVghI]_standard",13,1,0,SPEAKER_18,801.33,622,"This is a change. So thank you, Ramocho, for the insights of the many challenges that are being faced by our refugee and immigrant community. I am here to provide a small update on how the Office of Language Services supports our refugee and immigrant community, especially our neighbors who might be"
B_size3_off1,"City Council Meeting - June 10, 2025 [PqPxK5dVghI]_standard",18,1,0,SPEAKER_07,1330.41,30,june 19 2025 as juneteenth in the city of lancaster and calling upon all lancastrians to honor the dignity culture and contributions of african americans to the history and life
B_size3_off1,"City Council Meeting - June 10, 2025 [PqPxK5dVghI]_standard",49,0,1,SPEAKER_11,2624.6,34,any comments on this uh this appointment um i was just very impressed with um christopher mr sloth overall um his view on life and um his experience and background thank you very much
B_size3_off1,"City Council Meeting - June 10, 2025 [PqPxK5dVghI]_standard",68,1,0,SPEAKER_14,2966.87,16,"I will hear a motion. Council President, if I may, I'd like to nominate Erica Molina-Potter."
B_size3_off1,"City Council Meeting - June 10, 2025 [PqPxK5dVghI]_standard",70,1,0,SPEAKER_14,2987.77,182,motioning and seconding counselor Hirsch I was you know impressed with Erica's background in the legal world and this particularly I was impressed by a story she told him which she talked about a time where she kind of had to admit that she made a mistake but felt better about bringing that to light
B_size3_off1,"City Council Meeting - June 10, 2025 [PqPxK5dVghI]_standard",73,0,1,SPEAKER_13,3170.42,86,good evening good evening grant sprunger 500 block of st joseph's street thank you i just want to say i'm very happy to be considered but also hearing the background of all the candidates that were interviewed i am happy that there are people that were chosen that were of vapor's backgrounds that ha
B_size3_off1,"City Council Meeting - June 10, 2025 [PqPxK5dVghI]_standard",110,0,1,SPEAKER_17,3939.08,148,to respond to your questions yes um i have applied for the lab program numerous times not me my tenants have and they've been ignored delayed or denied these grants are supposedly available none have been available to me or my tenants yet my property still remains condemned in four years so where ar
B_size3_off1,"City Council Meeting - June 10, 2025 [PqPxK5dVghI]_standard",119,0,1,SPEAKER_03,4396.64,254,comment period and I just wanted to add the Spanish interpreter that was here for a translation should have been translating via is this being recorded I'm not sure if it's if it's being recorded she should have been used because she was asked to come for the spanish-speaking people in Lancaster cit
B_size3_off1,"City Council Meeting - June 10, 2025 [PqPxK5dVghI]_standard",122,1,0,SPEAKER_04,4655.35,57,thank you mayor um and can i ask just a clarifying question because i know that people may have this question it comes up often there's also an addition to street uh improvements uh ugi work going on across the city could you talk a little bit about that and who is doing that and how we
B_size3_off1,"City Council Meeting - June 10, 2025 [PqPxK5dVghI]_standard",123,1,0,SPEAKER_02,4672.63,179,know they're doing yes so ugi is an independent contractor you'll often see trucks for miller pipeline that are working in neighborhoods that information is also available on the construction page they are responsible not only for trench repair after they dig holes in the street to replace the gas l
B_size3_off1,"City Council Meeting - June 10, 2025 [PqPxK5dVghI]_standard",125,0,1,SPEAKER_11,4864.35,77,to piggyback on what mr daschle said about um for anybody that has not seen the reenactment of living experience at bethlehem church i went in december and i used to play lydia hamilton smith in that reenactment 25 years ago when they first started it it has grown so much since then and it is so goo
B_size3_off1,"City Council Meeting - May 27, 2025 [vexHgMfzvKE]_standard",11,1,0,SPEAKER_10,742.28,295,"us thank you hi everyone my name is Maya McCully I am honored to be here to be part of this amazing event that I never thought would ever happen so I was born and raised in Lancaster I am a graduate of McCaskey my family we came over in 1975 to Fort Indiantown gap. And just thinking about it, like e"
B_size3_off1,"City Council Meeting - May 27, 2025 [vexHgMfzvKE]_standard",21,0,1,SPEAKER_12,1444.22,16,thank you for having me sorry about me being the one conflict we make it work
B_size3_off1,"City Council Meeting - May 27, 2025 [vexHgMfzvKE]_standard",27,1,0,SPEAKER_13,1692.38,14,important now more than ever absolutely thank you theodore counselor craig thank you council
B_size3_off1,"City Council Meeting - May 27, 2025 [vexHgMfzvKE]_standard",33,1,0,SPEAKER_00,1821.23,48,madam president and thank you for your willingness to serve and how would you ensure that the Commission's decisions are applied fairly and consistently under the Home Rule Charter regardless of the position status or political connections of the individuals involved so I think that's where the enti
B_size3_off1,"City Council Meeting - May 27, 2025 [vexHgMfzvKE]_standard",34,0,1,SPEAKER_12,1841.33,120,Commission comes in I'm hoping like any good Commission that there are people from multiple different backgrounds a very diverse Commission of all different ages as well so then when we're looking at you know any policy we can engage with that from a lot of different perspectives and i feel like tha
B_size3_off1,"City Council Meeting - May 27, 2025 [vexHgMfzvKE]_standard",36,1,0,SPEAKER_12,1894.72,126,"Well, in that case, in a situation like this, I have my friends, I have my family, but at the end of the day, I was raised by a Marine, and it's all about the good of the entire community. It's about the good of your entire platoon, and unfortunately sometimes that means that you have to turn your b"
B_size3_off1,"City Council Meeting - May 27, 2025 [vexHgMfzvKE]_standard",37,0,1,SPEAKER_05,1937.22,30,council president and thank you theodore for your uh willingness to serve and answering our questions this evening how do you believe that integrity and honesty and elected officials can
B_size3_off1,"City Council Meeting - May 27, 2025 [vexHgMfzvKE]_standard",44,0,1,SPEAKER_09,2385.78,97,to be clear is that coming our way via email or what is the plan okay okay got it so am i the only one who's able to bring it up or can i forward this now to everyone or because i can't download from this file and try to share it with everybody does it exist in a pdf format okay great thank you it d
B_size3_off1,"City Council Meeting - May 27, 2025 [vexHgMfzvKE]_standard",56,0,1,SPEAKER_13,4048.15,58,and just to say thank you thanks for all you do I just the only thing I wanted to add is I loved the innovative partnerships that were seen particularly at the City Housing Authority I just thought that was brilliant and the ways you guys did that to get more out of it I thought that was
B_size3_off1,"City Council Meeting - May 27, 2025 [vexHgMfzvKE]_standard",57,1,0,SPEAKER_06,4070.22,83,really excellent so thank you mayor's Raji thank thank you I just want to when we receive the award in 2019 we are one of the high-impact HUD recipients which made us one of a handful on par with Detroit and Baltimore the state of Rhode Island and Houston and I don't mean to put you on the spot but 
B_size3_off1,"City Council Meeting - May 27, 2025 [vexHgMfzvKE]_standard",58,0,1,SPEAKER_07,4101.13,225,bragging rights thank you mayor and i just appreciate so much your support and how much you've talked us up because it has helped in a lot of different a lot of different areas and the resources that we've received we are one of the top performing we actually um you know as i mentioned we decreased 
B_size3_off1,"City Council Meeting - May 27, 2025 [vexHgMfzvKE]_standard",81,1,0,SPEAKER_05,4726.77,22,councilor med uh the time of the flag raising i believe it is 10 a.m i would have to get back to
B_size3_off1,"City Council Meeting - September 9, 2025 [H5Gp_GuYYYg]_standard",43,0,1,SPEAKER_12,3143.05,422,for sure is people just coming and enjoying the space it's a lot more open to people who are there to just relax and read or work with their ipads or their laptops it's just a much more open and lighting space we have more computer access than we did at the old building it's a much more open area al
B_size3_off1,"City Council Meeting - September 9, 2025 [H5Gp_GuYYYg]_standard",44,0,1,SPEAKER_03,3293.51,72,the building thank you so much it's it's always nice to hear about opportunities for spaces where people can just exist without the expectation to spend any money because we don't have any of those besides the library and that's why it's so valuable so thank you for that counselors any questions or 
B_size3_off1,"City Council Meeting - September 9, 2025 [H5Gp_GuYYYg]_standard",45,1,0,SPEAKER_08,3321.46,173,one other piece in answer to that question too uh is that i think being on ewell plaza and all of the community events that are happening in ewell plaza and bins park is growing awareness in the community of the library because it's right there and other than a couple i started with the library less
B_size3_off1,"City Council Meeting - September 9, 2025 [H5Gp_GuYYYg]_standard",47,0,1,SPEAKER_10,3382.93,146,remember we had a little incident last march with uh story hour and i want to say that although it was horrible as we went through it it has brought the staff together the silver lining is we all realized what the mission and vision were and work very hard now to stay within that and to be welcoming
B_size3_off1,"City Council Meeting - September 9, 2025 [H5Gp_GuYYYg]_standard",67,1,0,SPEAKER_01,3799.62,81,craig anything additional on those two items honestly nothing more than what was said in the resolution um the 344 west chestnut street is i think one of the things that we should point out is that the west elevation facing north it's going to be mounted on the west elevation point facing north char
B_size3_off1,"City Council Meeting - September 9, 2025 [H5Gp_GuYYYg]_standard",74,0,1,SPEAKER_00,3957.49,35,no this one should be approved at the next meeting um the the water main financing will be the first reading will be next meeting so that one confusing all the financing ones thank you
B_size3_off1,"City Council Meeting - September 9, 2025 [H5Gp_GuYYYg]_standard",75,1,0,SPEAKER_03,3972.78,203,director campbell thank you and i just want to say to director campbell and director stephen campbell as well because i know they've worked closely together on this that i'm incredibly proud that we have this capital budget in front of us it's really it's kind of a momentous thing and i'm glad that 
B_size3_off1,"City Council Meeting - September 9, 2025 [H5Gp_GuYYYg]_standard",103,1,0,SPEAKER_10,4903.37,43,I would also say that increase in donor support to if we weren't doing something that they wanted. I don't think we would get the amount of money that we got in the in 2024 for the support of the work we do.
B_size3_off1,"Planning Commission Meeting - September 3, 2025 [5PuBv9zFX3I]_standard",22,0,1,SPEAKER_11,1656.28,13,question you did give a timeline the project okay completion maybe okay thank
B_size3_off1,"Planning Commission Meeting - September 3, 2025 [5PuBv9zFX3I]_standard",30,0,1,SPEAKER_11,1814.88,17,appreciate that number four staff report to planning commission um so i was just going to give
B_size3_off1,"Planning Commission Meeting - September 3, 2025 [5PuBv9zFX3I]_standard",32,0,1,SPEAKER_02,2014.11,31,there's a 18th century building that's part of their project as part of that minor plan does that include making sure that they're maintaining that structure to ensure it doesn't deteriorate
B_size3_off1,"Planning Commission Meeting - September 3, 2025 [5PuBv9zFX3I]_standard",33,1,0,SPEAKER_07,2024.85,58,over the two-year period that's a great question i don't think that that is part of the minor plan but it is on their property and so they would i mean as just part of it being your own parcel you would have to you would have to maintain it right so what can the public expect if
B_size3_off1,"Planning Commission Meeting - September 3, 2025 [5PuBv9zFX3I]_standard",34,0,1,SPEAKER_09,2047.47,21,it were to come to be that mosaic never builds on the site um i'm not entirely sure they still own
B_size3_off1,"Planning Commission Meeting - September 3, 2025 [5PuBv9zFX3I]_standard",40,0,1,SPEAKER_10,2165.39,31,thank you other business a public hearing sycamore ridge a public hearing to discuss the tentative plan for sycamore ridge is scheduled for september the 17th 2025 starting at 5 30.
B_size3_off1,"Planning Commission Meeting - September 3, 2025 [5PuBv9zFX3I]_standard",41,1,0,SPEAKER_03,2187.9,83,this is this is just for remembering that the next meeting we will have a public hearing I wasn't sure if how frequently you guys have held public hearings and if you want some guidance on the process for that public hearing because there's different requirements that you would need to meet and beca
B_size3_off1,"Planning Commission Meeting - September 3, 2025 [5PuBv9zFX3I]_standard",54,0,1,SPEAKER_11,2542.9,20,a public hearing a data center pretty much the same so um today uh we received a memo from chris
B_size3_off1,"Planning Commission Meeting - September 3, 2025 [5PuBv9zFX3I]_standard",66,1,0,SPEAKER_08,3098.26,330,stolzbus and mr stevens over here um i'm open to the idea of not having a public hearing if we're not going to get the participation of the administration which i also think is a disappointment uh disservice to the residents of the city of lancaster who want transparency i feel like what we were doi
B_size3_off1,"Planning Commission Meeting - September 3, 2025 [5PuBv9zFX3I]_standard",67,0,1,SPEAKER_13,3230.02,74,as well um agreed i don't think we need a public hearing but and especially because i think the public may be confused about our role but i do think we should keep it as an agenda item possibly on that october first meeting for having it um still just to allow for it to be part of the conversation a
B_size3_off1,"Planning Commission Meeting - September 3, 2025 [5PuBv9zFX3I]_standard",68,0,1,SPEAKER_02,3260.53,310,i mean i think it needs to be something that we continue just again just just to be able to provide information to the public about what the city is doing i mean i think as uh lauren and as staff has already uh shared there there are irons in the fire um that the city is has responded to public inpu
B_size3_off1,"Planning Commission Meeting - September 3, 2025 [5PuBv9zFX3I]_standard",70,0,1,SPEAKER_05,3391.8,66,forward in light of transparency are we able to put this schedule that's on the bullet on the faq page just so it's easily accessible by the public to be able to see when these milestones are being met and to know when um key participation opportunities will present themselves what does it mean you 
B_size3_off1,"Planning Commission Meeting - September 3, 2025 [5PuBv9zFX3I]_standard",78,0,1,SPEAKER_02,3671.31,57,it as a body i would i would say just receive in memo form a written summary of the process that was used to make the determination by the zoning officer is that is that like kind of a level because i can appreciate that there needs to be a level of specificity to make our request
B_size3_off1,"Planning Commission Meeting - September 3, 2025 [5PuBv9zFX3I]_standard",86,0,1,SPEAKER_13,4075.6,23,can this memo be made public or is that not do we have a motion on the floor okay mr chair i would
B_size3_off1,"Planning Commission Meeting - September 3, 2025 [5PuBv9zFX3I]_standard",94,0,1,SPEAKER_12,4378.31,86,understand the background information to that decision i want to echo commissioner dastra and maybe request like can we just have a standing agenda item where it's an update on where we're at with updating the zoning code because i feel like we go kind of months without hearing and i think it's real
B_size3_off1,"Planning Commission Meeting - September 3, 2025 [5PuBv9zFX3I]_standard",96,1,0,SPEAKER_04,4444.37,17,a timeline perspective and remind me when your proposals are due and when is the decision being
B_size3_off1,"Planning Commission Meeting - September 3, 2025 [5PuBv9zFX3I]_standard",97,0,1,SPEAKER_05,4459.8,269,made and then following the awarding of that project will it kick off immediately or is that pending the schedules that the consultants have do you think the speed of the like ability of the consultant to get to work would influence that decision at all or is that decision solely going to be made ba
B_size3_off1,"Planning Commission Meeting - September 3, 2025 [5PuBv9zFX3I]_standard",100,0,1,SPEAKER_12,4654.39,207,"All right, and I also have my final statement. I do, I wanna just, you know, I think it's good that we're holding off on the hearing. I think it's good that we're keeping the data center as an agenda item, and I think we should revisit the idea of requesting a memo. mean i don't think it is i don't "
C_size1,"City Council Committee Meeting - February 3, 2025 [aHT_ba_YwG8]",21,0,1,SPEAKER_12,1344.78,77,because of it thank you for presentation director Campbell I'm sure we'll get more to this in the March meeting in the first and second reading but can you just talk a little bit about the timeline of some of these projects and compared to the distribution of some of the funds through the disburseme
C_size1,"City Council Committee Meeting - February 3, 2025 [aHT_ba_YwG8]",37,0,1,SPEAKER_04,1966.69,90,yeah um so the one that i will point out is the vision zero work um so that is uh most of that that i believe it's 2.1 of the 2.7 million um is actually for matching funds for the grant that we received for the safe streets for all um we're currently unclear if we'll receive all of that federal fund
C_size1,"City Council Committee Meeting - February 3, 2025 [aHT_ba_YwG8]",55,0,1,SPEAKER_01,2672.41,95,and i will pass it over to jen thank you hopefully i didn't push the button all right uh thank you madam mayor and student castle i'm pleased to speak to you tonight about the community development block grant substantial amendment process hopefully my screen will continue to glow up there okay befo
C_size1,"City Council Committee Meeting - February 3, 2025 [aHT_ba_YwG8]",59,0,1,SPEAKER_12,3414.85,106,presentation just a question about some of the moves that were made due to staffing levels not being filled such as Department engagement or city program administration and future plans you know these positions are restaffed you know will we go after those dollars to cover you know those positions b
C_size1,"City Council Committee Meeting - February 3, 2025 [aHT_ba_YwG8]",64,0,1,SPEAKER_02,3591.11,43,around the 2026 23rd plan wonderful just a quick comment I'll say from voting on this item just because the organization that I work for assets is listed as an organization in the action plans same from voting thank you are there any
C_size1,"City Council Committee Meeting - February 3, 2025 [aHT_ba_YwG8]",65,0,1,SPEAKER_05,3612.06,15,further comments or questions in regards to the funding for the CBD G and housing
C_size1,"City Council Committee Meeting - February 3, 2025 [aHT_ba_YwG8]",67,0,1,SPEAKER_01,3631.16,20,that we have good question the only funding that i saw that went to the shelters was from 2021 that
C_size1,"City Council Committee Meeting - March 3, 2025 [qEcut0Mpq30]",11,0,1,SPEAKER_12,541.73,189,"Well, I think you've already been doing it. You know, like I said, just the way that Lancaster City has changed just in the last few years and certainly over the last 10 or 15 years or 20 years, I mean, it looks completely different than when I grew up. There's always a new coffee shop opening up, a"
C_size1,"City Council Committee Meeting - March 3, 2025 [qEcut0Mpq30]",19,0,1,SPEAKER_08,1230.89,1037,Thank You Tina Good afternoon. I'm sorry. Good evening members of council. Thank you for being let me be here tonight to work with you the presentation I handed out to you and is Will look similar for those of you who might have been here about three years ago when the last you know multi-purpose fi
C_size1,"City Council Committee Meeting - March 3, 2025 [qEcut0Mpq30]",23,0,1,SPEAKER_08,1671.05,864,yep so the the box at the top again is the is the bond issue or the or the budgetary impact as Tina indicated the water transmission line is kind of right around the corner if you will so we wanted to you know kind of show you what's right around the corner so for the in the water fund only that wat
C_size1,"City Council Committee Meeting - March 3, 2025 [qEcut0Mpq30]",28,0,1,SPEAKER_16,2157.1,61,point does that am I saying that accurately enough okay if you can talk a little bit about the budgetary impact in the individual funds and how from a budget from a financial planning and you know for the next five years how are these budgetary impacts also being looked at from a planning side yeah 
C_size1,"City Council Committee Meeting - March 3, 2025 [qEcut0Mpq30]",36,1,0,SPEAKER_05,2591.29,109,director Stephen Campbell I want to kind of call back to something we've been talking about the last couple of years on council and it relates to what you were just mentioning as far as planning goes but I just could you just talk a little bit about the ways that we have been planning for like these
C_size1,"City Council Committee Meeting - March 3, 2025 [qEcut0Mpq30]",46,0,1,SPEAKER_02,2930.35,32,as well thank you thank you council please thank you director campbell director campbell and mr peck for the thorough presentations um any questions from the public sorry can i just mention
C_size1,"City Council Committee Meeting - March 3, 2025 [qEcut0Mpq30]",53,1,0,SPEAKER_04,3123.36,7,"Question, do we know how far back?"
C_size1,"City Council Committee Meeting - March 3, 2025 [qEcut0Mpq30]",56,0,1,SPEAKER_05,3166.69,55,protests against the police officers around 2020 so you said from 2018 there's a category of citations animal complaints abandoned vehicles and permits and related applications on this list so public as well isn't there public citations meaning traffic and non-traffic it says i don't beyond that i d
C_size1,"City Council Committee Meeting - March 3, 2025 [qEcut0Mpq30]",61,0,1,SPEAKER_03,3341.19,197,good evening health members i'm pleased to be here today to share in updating you all as director campbell mentioned on lancaster's urban forestry program this is an effort that continues to grow in both impact and engagement at the heart of this work is our new urban forester mike meyer who in just
C_size1,"City Council Committee Meeting - March 3, 2025 [qEcut0Mpq30]",70,0,1,SPEAKER_06,4329.64,13,I will let the residents know in that area. Thank you. Thank you.
C_size1,"City Council Committee Meeting - March 3, 2025 [qEcut0Mpq30]",74,0,1,SPEAKER_06,4535.43,35,remember which tree i really like the albavita tree no but the geometry is very once it starts getting larger it's really hard to maintain but thank you so much for that information no problem
C_size1,"City Council Committee Meeting - March 3, 2025 [qEcut0Mpq30]",77,0,1,SPEAKER_10,4761.47,17,questions from the public thank you so much it was wonderful thank you thank you very much
C_size1,"City Council Committee Meeting - March 3, 2025 [qEcut0Mpq30]",89,0,1,SPEAKER_11,5318.6,107,"on this for quite a while now, the three parties like CEREC, SDOL, and the city. The main purpose here is ensuring that we are creating a holistic campus at this particular site around Brandon Park so that we're able to provide the park amenities, recreation services, and a new school to serve the g"
C_size1,"City Council Committee Meeting - March 3, 2025 [qEcut0Mpq30]",108,1,0,SPEAKER_06,5676.86,3,Puerto Rico citizen
C_size1,"City Council Committee Meeting - September 2, 2025 [bNf9xj20-xg]_standard",9,1,0,SPEAKER_14,758.69,51,"Councillor Kleeks. Just also want to add, many of you know Keisha through her work as an artist here in Lancaster City. And as someone that serves on that board, I think it's really important that we have local artists on that board. So I'm really glad that we're reappointing Keisha."
C_size1,"City Council Committee Meeting - September 2, 2025 [bNf9xj20-xg]_standard",14,0,1,SPEAKER_11,1685.05,193,me entertain those can i just add quickly too i don't don't think anybody from dpw is here from public works but i did just want to say the timeline might seem a bit aggressive and we did talk to them about that quite a bit so it sounds like we will have three different contractors doing the work be
C_size1,"City Council Committee Meeting - September 2, 2025 [bNf9xj20-xg]_standard",20,0,1,SPEAKER_14,1945.78,72,and this might not be the question for you this might actually be more of a question for public works but i just see that there's an estimated four to six month delivery for the materials how solid do we feel about that given i mean i don't know what if anything is being sourced from overseas but wi
C_size1,"City Council Committee Meeting - September 2, 2025 [bNf9xj20-xg]_standard",38,0,1,SPEAKER_14,2316.07,80,question um if it were up to me i would probably you know if i could wave a magic wand me personally i would take uh traffic off of the west grant street portion by market but i do know that some box trucks do go through there every now and then are we OK with the height in light of that. I don't kn
C_size1,"City Council Committee Meeting - September 2, 2025 [bNf9xj20-xg]_standard",55,0,1,SPEAKER_10,3082.38,47,two and a half to three million yes for the day center alone to to put the wall up and lower the ceiling a little bit and put in the unit for heating and cooling is about a hundred and forty thousand thank you are there any
C_size1,"City Council Committee Meeting - September 2, 2025 [bNf9xj20-xg]_standard",61,0,1,SPEAKER_05,3249.77,362,"good evening council good evening mayor this is a culmination of a two-year project that I've been working on with the Lancaster County Emergency Management Agency and fellow municipal leaders in emergency management to update the county hazard mitigation plan. The original plan was written in 2019,"
C_size1,"City Council Committee Meeting - September 2, 2025 [bNf9xj20-xg]_standard",63,0,1,SPEAKER_05,3430.73,86,two FEMA grants that we were eligible for one of the grant one of the grants is no longer active the grant that is still active is the hazard mitigation grant program it's centered around natural hazard resistance which is like earthquakes floods winter storms summer storms that kind of stuff so not
C_size1,"City Council Committee Meeting - September 2, 2025 [bNf9xj20-xg]_standard",72,1,0,SPEAKER_09,3631.79,19,chief mendez and i uh to have a discussion um per your comments at the last meeting i haven't
C_size1,"City Council Committee Meeting - September 2, 2025 [bNf9xj20-xg]_standard",83,0,1,SPEAKER_16,3760.7,33,when committee well is it september excuse me october i'm skipping a month here all right well that would be the first committee meeting then in october and hopefully i'll get a response
C_size1,"City Council Committee Meeting - September 2, 2025 [bNf9xj20-xg]_standard",91,0,1,SPEAKER_02,4355.28,48,public why people can't do this already I mean like what about this bill makes this it people able to do it doesn't you know like why why do we need this bill so that people can do this is it federal federally not allowed state not allowed
C_size1,"City Council Committee Meeting - September 2, 2025 [bNf9xj20-xg]_standard",92,0,1,SPEAKER_14,4389.5,134,yeah I think we should do this and I'll just I was just gonna quickly add just from the research that I had been doing a lot of it is just about setting up a like I mean I hate to use the word framework because that sounds very I don't know I don't know what the other word would be but just kind of 
C_size1,"City Council Meeting - April 29, 2025 [5N3AIQLoNPU]_standard",5,0,1,SPEAKER_18,1072.88,484,um south queen street good evening good evening good evening to everyone and god bless everyone who is here today i'm uh reverend kevin polite the lead pastor of souls church incorporated of 415 south queen street lancaster city i want to thank you for the opportunity to address the board today in r
C_size1,"City Council Meeting - April 29, 2025 [5N3AIQLoNPU]_standard",11,0,1,SPEAKER_10,1670.43,145,"Folks in the room, please. But where we do need that accountability from her, and yes, from our mayor, and from you, because you had your own issues like everybody else. So, where we do need accountability, let's not get lost in what actually brought us here. An attack on our youth, our black and br"
C_size1,"City Council Meeting - April 29, 2025 [5N3AIQLoNPU]_standard",20,0,1,SPEAKER_14,1867.2,18,and i live on his in his property our polite estate in the 500 block of north street
C_size1,"City Council Meeting - April 29, 2025 [5N3AIQLoNPU]_standard",25,0,1,SPEAKER_04,2150.52,18,speaker is clarita cruz of laporte drive miss cruz no okay next is john cardi of ebony township
C_size1,"City Council Meeting - April 29, 2025 [5N3AIQLoNPU]_standard",38,0,1,SPEAKER_07,2650.47,479,"good evening good evening everyone hello good evening everyone my name is chandra damal thank Thank you for coming here today. I'm standing here today not just as a support of Janet Diaz, but as someone that knows her through her hard work and her lifelong commitment to this city and its people. Whe"
C_size1,"City Council Meeting - April 29, 2025 [5N3AIQLoNPU]_standard",40,0,1,SPEAKER_07,2854.33,16,"She is a fighter, a servant, and a true leader for all of us. Thank you."
C_size1,"City Council Meeting - April 29, 2025 [5N3AIQLoNPU]_standard",48,0,1,SPEAKER_13,3114.61,581,good evening thank you first of all i want to thank you council members i realize that you have a tough job some do it better than others some go out of their way some do not last year or the year before i believe it was a year before there was a situation going on in the city school district and i 
C_size1,"City Council Meeting - April 29, 2025 [5N3AIQLoNPU]_standard",56,0,1,SPEAKER_10,3934.58,156,Jessica Lopez the felon with less felonies than our president huh so let me start by reminding you right that for the last five years I've been here more than every single one of yous in this room so we're user thick today I hope yous are thick in two weeks and I hope you're thick weeks after that b
C_size1,"City Council Meeting - April 29, 2025 [5N3AIQLoNPU]_standard",71,0,1,SPEAKER_17,4457.75,109,thank you mr dastra uh just to interject really quickly to answer a question i will also agree that this is an unusual situation um the charter which you helped to draft does require two meetings per month so we needed to hold this meeting and also just personally even if it didn't um i would have w
C_size1,"City Council Meeting - April 29, 2025 [5N3AIQLoNPU]_standard",74,0,1,SPEAKER_03,4703.6,178,evening hello my name is taylor raymond i live on the 500 block of saint joseph street and i'm here for something not regarding ms diaz at all at previous meetings the administrative resolution 18 i was discussed regarding the disposition of certain police records we were told that it was just the p
C_size1,"City Council Meeting - April 29, 2025 [5N3AIQLoNPU]_standard",76,0,1,SPEAKER_17,4803.6,18,know your last name can you just say your full name oh yeah ashley martinez thank you appreciate
C_size1,"City Council Meeting - April 29, 2025 [5N3AIQLoNPU]_standard",77,0,1,SPEAKER_11,4807.52,216,it thank you um i understand the pain especially from those in the muslim community who are hurting right now the injustice the discrimination it's real and your anger it's about it's valid but you're angry at the wrong person recently there have been hurtful and entirely false claims made against j
C_size1,"City Council Meeting - April 29, 2025 [5N3AIQLoNPU]_standard",79,0,1,SPEAKER_07,4977.55,582,having thank you thank you good evening again um council members community of the members and my family that's here um lately people have been calling these meetings the janet show and i just heard of that some say with laughs some say with frustration but let's talk about what that really means bec
C_size1,"City Council Meeting - April 29, 2025 [5N3AIQLoNPU]_standard",82,0,1,SPEAKER_01,5324.27,204,know how many times i have come here and told you guys that we need some upgrading at crystal park it hasn't been done we are going to open up the summer the west crystal volunteers are opening up the summer with mother's day i cannot secure safety in my neighborhood if the sockets are sticking out 
C_size1,"City Council Meeting - April 29, 2025 [5N3AIQLoNPU]_standard",86,0,1,SPEAKER_23,5576.14,112,i did follow up with the administration um the mayor uh council president and director campbell uh director campbell did get back to me today and said that um he will get back to me on i did ask what was the status of the tickets um were there any um uh fines that were uh not waived but you know wer
C_size1,"City Council Meeting - August 12, 2025 [Pg4nxjg-PUw]_standard",10,0,1,SPEAKER_07,1214.88,19,please next is alexander king mr king good evening good evening i live on the 600 block of north
C_size1,"City Council Meeting - August 12, 2025 [Pg4nxjg-PUw]_standard",12,0,1,SPEAKER_03,1317.58,5,They're not from the community.
C_size1,"City Council Meeting - August 12, 2025 [Pg4nxjg-PUw]_standard",21,0,1,SPEAKER_11,2115.65,18,thank you mr harris our next speaker please next is shauna yordy good evening hi i'm shauna yordy
C_size1,"City Council Meeting - August 12, 2025 [Pg4nxjg-PUw]_standard",25,0,1,SPEAKER_29,2395.98,12,zone the Harrisburg Pike and Greenfield Road data centers as wholesale trade
C_size1,"City Council Meeting - August 12, 2025 [Pg4nxjg-PUw]_standard",26,0,1,SPEAKER_24,2401.08,148,and storage they are not warehouses to mayor Sirachi and City Council must work with the public to pass a plan that insulates Lancaster residents from the negative effects of data centers for example price hikes for utilities low water pressure and rolling blackouts three city government must act wi
C_size1,"City Council Meeting - August 12, 2025 [Pg4nxjg-PUw]_standard",28,0,1,SPEAKER_24,2460.98,38,to you sitting up front i turn the question on you do you hear us and are you with us please raise your hands a bit higher please everyone on city council mayor sirachi do you hear us
C_size1,"City Council Meeting - August 12, 2025 [Pg4nxjg-PUw]_standard",31,1,0,SPEAKER_24,2557.46,16,and members of the city government thank you i look forward to your actions counselor craig
C_size1,"City Council Meeting - August 12, 2025 [Pg4nxjg-PUw]_standard",32,0,1,SPEAKER_23,2569.61,64,thank you council president um i am very interested in everything that everyone has to say but it's really difficult when someone's at the speaker and and i know you want to applaud them because what they're saying is good but if we can't hear them you know then i'm getting half half of what they're
C_size1,"City Council Meeting - August 12, 2025 [Pg4nxjg-PUw]_standard",38,0,1,SPEAKER_25,2771.21,596,speaker please our next speaker is jennifer siegel good evening hi my name is jennifer siegel but everyone here knows me as coral rights i live in marietta but i host events here in lancaster city and rely on people's willingness to travel to lancaster to pay my bills and most of my favorite people 
C_size1,"City Council Meeting - August 12, 2025 [Pg4nxjg-PUw]_standard",41,0,1,SPEAKER_08,3160.88,420,name is Christine Kennedy I live in the first block of Market Street in Lancaster Pennsylvania and I come today to tell a little bit about what I've learned and where I was wrong with some of the comments I made at the prior City council meeting some of those were I've learned that data centers are 
C_size1,"City Council Meeting - August 12, 2025 [Pg4nxjg-PUw]_standard",43,0,1,SPEAKER_07,3354.46,18,next is i'm sorry lindsay fitting good evening hello my name is lindsay fitting i live on the
C_size1,"City Council Meeting - August 12, 2025 [Pg4nxjg-PUw]_standard",50,0,1,SPEAKER_29,3850.6,385,uh tony dash's 700 block in new holland avenue so what i signed up to talk about was actually parking um but i'm going to connect these two issues because you have some issues that web out over time the city has a parking issue it depends on how you look at it in what perspective that issue is maybe
C_size1,"City Council Meeting - August 12, 2025 [Pg4nxjg-PUw]_standard",53,0,1,SPEAKER_11,4023.93,27,"and then may I also have you start with your block of residence? Thank you, oh, I'm sorry. So I'm in the 100 block of North Main."
C_size1,"City Council Meeting - August 12, 2025 [Pg4nxjg-PUw]_standard",58,0,1,SPEAKER_21,4377.06,14,you council president the economic development committee did not meet thank you finance committee
C_size1,"City Council Meeting - August 12, 2025 [Pg4nxjg-PUw]_standard",76,0,1,SPEAKER_11,4844.02,107,involved the sunny side thank you very much counselor craig i know we have uh director delphs coming uh to to address us this evening i want to thank you for being here in addition to your notes i would also add i think i recall that there was a lot of work done about community benefit for this envi
C_size1,"City Council Meeting - August 12, 2025 [Pg4nxjg-PUw]_standard",77,0,1,SPEAKER_03,4877.94,619,to it but otherwise okay good evening council is that okay yeah that's perfect thank you uh very good and uh thank you councillor craig and president baquet for the questions i'm so pleased to be here to talk about this action and this project here tonight as you know this has been a long time in th
C_size1,"City Council Meeting - August 12, 2025 [Pg4nxjg-PUw]_standard",79,0,1,SPEAKER_22,5181.02,115,i missed you when i looked that way no worries thank you council president just wanted to make a comment i'm also very excited about this project i had a chance to partake on the hike maybe a few weeks ago a month ago and was very excited for someone who grew up in the southeast i'd never step foot 
C_size1,"City Council Meeting - August 12, 2025 [Pg4nxjg-PUw]_standard",80,0,1,SPEAKER_27,5212.38,18,comments from the public thank you tony diastra 700 block of new holland avenue i am also looking
C_size1,"City Council Meeting - August 12, 2025 [Pg4nxjg-PUw]_standard",82,0,1,SPEAKER_13,5319.18,526,good evening council mayor sirachi thank you chris for the setup earlier i'm diana martin i'm the executive director of partners for environmental stewardship i'm also a proud resident of the city of lancaster it's one of the reasons i'm really passionate about this project on behalf of our organiza
C_size1,"City Council Meeting - August 12, 2025 [Pg4nxjg-PUw]_standard",95,0,1,SPEAKER_23,5760.19,34,mentioning too that the building sat for a long period of time over well close to nine years and now it's being revitalized to bring you know to add some beautification to the area
C_size1,"City Council Meeting - August 12, 2025 [Pg4nxjg-PUw]_standard",102,0,1,SPEAKER_20,5956.92,14,data center how amazing is that we're getting something that preserves our environment and
C_size1,"City Council Meeting - August 12, 2025 [Pg4nxjg-PUw]_standard",106,0,1,SPEAKER_11,6133.25,29,it was very well done so thank you thank you mr arcolio and yes it is hard to make spreadsheets visibly appealing but they are interesting any additional public
C_size1,"City Council Meeting - August 12, 2025 [Pg4nxjg-PUw]_standard",107,0,1,SPEAKER_18,6144.36,359,comments for this Alexander King 600 block of North Shippen so kind of to play up Tony Dastro's comments I'd like to say parking management in the city is an unmitigated disaster it seems to be a sort of grassroots sort of thing which seems to be the dumbest way to plan anything I've lived in a lot 
C_size1,"City Council Meeting - August 12, 2025 [Pg4nxjg-PUw]_standard",110,0,1,SPEAKER_06,6390.44,673,thank you council president i i want to just echo what we have heard at the last couple council meetings and in conversations that i've been having in the community related to the data centers and just to reaffirm that we hear your concerns about water utilization air quality noise the permitting th
C_size1,"City Council Meeting - August 26, 2025 [WImQYrQa0EM]",9,0,1,SPEAKER_04,815.41,66,to thank you for making this motion i think as many folks are probably here tonight for i think it's probably long overdue that we start considering um our zoning and what does it mean and how does it reflect the community that we want to build here so i'm looking forward to hearing the recommendati
C_size1,"City Council Meeting - August 26, 2025 [WImQYrQa0EM]",14,0,1,SPEAKER_08,941.12,4,That's all I have.
C_size1,"City Council Meeting - August 26, 2025 [WImQYrQa0EM]",47,0,1,SPEAKER_18,2692.96,490,"Good evening, first and only block of Wise Ave. I had some I changed up what I had said a little bit because of the things that you had spoke about earlier. So thank you for addressing the need for dialogue and starting the meeting that way. Our communities are thriving, diverse and deeply community"
C_size1,"City Council Meeting - August 26, 2025 [WImQYrQa0EM]",68,0,1,SPEAKER_20,4249.42,282,good evening adjust that as needed uh brett stanley i live in mountville but i work in lancaster i spoke last last last meeting i've been here for all of them um i spoke on job creation and lack thereof possibly with the work in creating you know catalysts for the data centers sw at my employer in w
C_size1,"City Council Meeting - August 26, 2025 [WImQYrQa0EM]",70,0,1,SPEAKER_15,4554.42,18,are there any other commenters for this period good evening my name is mick widrick i live just
C_size1,"City Council Meeting - August 26, 2025 [WImQYrQa0EM]",71,0,1,SPEAKER_09,4567.32,103,outside the city on the columbia app um i just wanted to request the council's help in pressuring the zoning officer and the mayor and showing up to any of the hearing hearings that are being proposed as i've heard from other sources the zoning officer has no interest in showing up to those and answ
C_size1,"City Council Meeting - August 26, 2025 [WImQYrQa0EM]",77,1,0,SPEAKER_04,4866.22,324,"Just very briefly, wanted to thank our folks for coming out tonight to continue to advocate for how we want our community to be built in the future and sharing information. Also love the graphics that were also brought up here earlier, so thank you for all your hard work on that. One thing I do wann"
C_size1,"City Council Meeting - February 11, 2025 [JJbmuzCmd6s]_standard",16,0,1,SPEAKER_03,695.13,10,council president the Economic Development Committee did not meet thank
C_size1,"City Council Meeting - February 11, 2025 [JJbmuzCmd6s]_standard",34,0,1,SPEAKER_09,1045.73,43,with with this room thank you very much council Hirsch I'll just say whoever figured out that we owned 82% specifically of the road at kudos to them spent a lot of time in GIS I bet yeah any additional council comments on
C_size1,"City Council Meeting - February 11, 2025 [JJbmuzCmd6s]_standard",37,0,1,SPEAKER_05,1090.1,27,of the city of Lancaster approving the pride flag raising to acknowledge the start of Pride Month in June 2025 as brought forth by the Lancaster pride
C_size1,"City Council Meeting - February 11, 2025 [JJbmuzCmd6s]_standard",49,0,1,SPEAKER_04,1318.33,124,is a resolution that is brought before council on an annual basis it is done because the city tracks water and sewers sewer usage as city properties mostly to detect leaks or unusual usage we don't bill ourselves for this usage the charges are exonerated annually to clear them from the financial acc
C_size1,"City Council Meeting - February 11, 2025 [JJbmuzCmd6s]_standard",59,0,1,SPEAKER_08,1740.54,46,"And that is government funding, correct? Yes. OK. The other question would be, you had mentioned increased funding. The $305,000 is being allocated, is that correct? Reallocated. Reallocated. So you're going from 2020 to 2024 to show rejected funds? Can you explain that a little better?"
C_size1,"City Council Meeting - February 11, 2025 [JJbmuzCmd6s]_standard",65,0,1,SPEAKER_08,1859.33,39,this measure yeah but you're turning it in you're you're also really doing the annual action plan right you're taking all that into consideration without so meaning that there is funds available for housing and that's what these fun
C_size1,"City Council Meeting - February 11, 2025 [JJbmuzCmd6s]_standard",67,0,1,SPEAKER_09,1901.68,14,costs and into the actual affordable housing yes so my point very quickly was
C_size1,"City Council Meeting - February 11, 2025 [JJbmuzCmd6s]_standard",77,0,1,SPEAKER_01,2097.74,51,"Yes, pretty much the same thing. It's just entering into an agreement with Railway Auditing and Management Services in this case as opposed to Norfolk Southern, which is previous resolution. um yeah just paying the permit fee to allow right of uh use to um replace or to conduct work there"
C_size1,"City Council Meeting - February 11, 2025 [JJbmuzCmd6s]_standard",83,0,1,SPEAKER_03,2325.55,111,i just wanted to report back to the members of council that the government study transition committee did meet on january 29th and went over the purview of our work which is to make sure and ensure the transition to a homework charter moves in a timely manner with both the administrative code and th
C_size1,"City Council Meeting - July 22, 2025 [Y4mI4udbAfM]",12,0,1,SPEAKER_26,1854.22,16,evening we will move our next speaker is Amy Ernst good evening my name is Amy
C_size1,"City Council Meeting - July 22, 2025 [Y4mI4udbAfM]",17,0,1,SPEAKER_32,2217.95,304,nelson i live on the 100 block of east lemon and um i wanted to talk about the planned data center as well i think that i have an issue with two major corporations telling us what will and will not be good for our citizens i think that's not for us to decide and i think that we have these data cente
C_size1,"City Council Meeting - July 22, 2025 [Y4mI4udbAfM]",22,0,1,SPEAKER_24,2606.54,566,is abby haney good evening good evening my name is abby haney i live on the 600 block of east madison street and i am like so many others here about the ai data centers i have some major concerns um so i want to talk a little bit about electrical usage but so many of you have already made really gre
C_size1,"City Council Meeting - July 22, 2025 [Y4mI4udbAfM]",31,0,1,SPEAKER_25,3220.95,522,next speaker next speaker is Ann Torres good evening hi my name is Ann Torres I live in lettuce but I work in Lancaster years back my friend had a baby through IVF they finally had their baby but over time they noticed that he was having issues breathing in and out of hospitals extensive stays but n
C_size1,"City Council Meeting - July 22, 2025 [Y4mI4udbAfM]",38,0,1,SPEAKER_13,3704.84,50,council while uh council president if i may while we're getting the technology situated mayor srachi um i i want to just acknowledge the work of the department of public works in preparing for council the first ever capital plan to be presented this is one of the requirements that
C_size1,"City Council Meeting - July 22, 2025 [Y4mI4udbAfM]",40,0,1,SPEAKER_13,3760.16,159,this capital plan which director Campbell and his team are going to discuss tonight is part of is an outcome of the adoption of the home rule charter that requires council to be presented on an annual basis the capital plan in its totality and so you will hear tonight uh related to our storm water o
C_size1,"City Council Meeting - July 22, 2025 [Y4mI4udbAfM]",50,0,1,SPEAKER_21,4929.16,30,that we would be at risk of losing at this point all the grants that are shown there we're under contract for so I don't anticipate any change there thank
C_size1,"City Council Meeting - July 22, 2025 [Y4mI4udbAfM]",74,0,1,SPEAKER_26,7307.76,121,there as well thank you for that context that's exactly the kind of kind of connection i was hoping to make with that question and then my second question is um the last line on the first uh slide the last one on the list annual escrow special and emergency improvements so obviously we have to put s
C_size1,"City Council Meeting - July 22, 2025 [Y4mI4udbAfM]",79,0,1,SPEAKER_30,7480.94,14,unforeseen circumstance thank you thank you madam president thank you council royal maybe this
C_size1,"City Council Meeting - July 22, 2025 [Y4mI4udbAfM]",92,0,1,SPEAKER_26,8779.22,12,You mr. Dastra any additional comment excuse me on the capital improvement
C_size1,"City Council Meeting - July 22, 2025 [Y4mI4udbAfM]",99,0,1,SPEAKER_26,8847.82,151,comment Thank You public officials thank you it's it's not all sexy but I mean I think the wastewater stuff is fascinating so that whatever that says about me but thank you for that any additional comments on the hearing I'm sorry yes so the the rest of our agenda will proceed including our legislat
C_size1,"City Council Meeting - July 22, 2025 [Y4mI4udbAfM]",112,0,1,SPEAKER_04,9520.64,592,i'm from the 100 block of north mary and i didn't initially come to see all of the capital plan but i'm glad i did because a lot of it was actually really interesting and helpful and there also are parts of that that i think apply to the data center one of which is spending four hundred thousand dol
C_size1,"City Council Meeting - July 22, 2025 [Y4mI4udbAfM]",113,0,1,SPEAKER_16,9702.58,353,mitchell uh 400 block of east grant street um and i also wasn't planning on speaking today so i'm just gonna kind of go for it and say what's in my heart um i just hearing the report from president vacay uh with a lot of those really sort of nice comforting uh details about you know the cooling span
C_size1,"City Council Meeting - July 22, 2025 [Y4mI4udbAfM]",116,0,1,SPEAKER_07,9861.11,16,first eight lines go like this we are amazed but not amused by all the things
C_size1,"City Council Meeting - July 22, 2025 [Y4mI4udbAfM]",122,0,1,SPEAKER_19,10551.35,240,"My name is Robert McLean, 123 South Christian. And I'm here, basically, I have a little sign I've been showing around. It's called democracynow.org. You can get that on your computer. What you're talking about, as far as this AI in this area, is the tip of the iceberg. You don't have any idea, and n"
C_size1,"City Council Meeting - June 10, 2025 [PqPxK5dVghI]_standard",13,1,0,SPEAKER_18,801.33,622,"This is a change. So thank you, Ramocho, for the insights of the many challenges that are being faced by our refugee and immigrant community. I am here to provide a small update on how the Office of Language Services supports our refugee and immigrant community, especially our neighbors who might be"
C_size1,"City Council Meeting - June 10, 2025 [PqPxK5dVghI]_standard",20,0,1,SPEAKER_11,1355.13,455,great honor to be able to introduce this um resolution of june king for the last few years um so i'm going to read the resolution as it's as it is has been written the road road to freedom has been arduous for africans and the important work of equality continues today and historically historically 
C_size1,"City Council Meeting - June 10, 2025 [PqPxK5dVghI]_standard",49,0,1,SPEAKER_11,2624.6,34,any comments on this uh this appointment um i was just very impressed with um christopher mr sloth overall um his view on life and um his experience and background thank you very much
C_size1,"City Council Meeting - June 10, 2025 [PqPxK5dVghI]_standard",50,0,1,SPEAKER_04,2645.1,122,um counselor craig i would agree with you i thought mr salt was uh particularly well well suited for this position um and he was also among all the applicants affirmed um that they are residents of the city that they had not held any political position uh political action committee position uh in th
C_size1,"City Council Meeting - June 10, 2025 [PqPxK5dVghI]_standard",53,0,1,SPEAKER_11,2719.98,93,yeah i just i just wanted to hear her counselor craig if you wish sure um his work with um fair trade and his work with the 10 000 villages and what he does what i mean he's been a ton of places where he has been in control of and in charge of helping people sell different products in their own coun
C_size1,"City Council Meeting - June 10, 2025 [PqPxK5dVghI]_standard",68,1,0,SPEAKER_14,2966.87,16,"I will hear a motion. Council President, if I may, I'd like to nominate Erica Molina-Potter."
C_size1,"City Council Meeting - June 10, 2025 [PqPxK5dVghI]_standard",70,1,0,SPEAKER_14,2987.77,182,motioning and seconding counselor Hirsch I was you know impressed with Erica's background in the legal world and this particularly I was impressed by a story she told him which she talked about a time where she kind of had to admit that she made a mistake but felt better about bringing that to light
C_size1,"City Council Meeting - June 10, 2025 [PqPxK5dVghI]_standard",71,0,1,SPEAKER_04,3055.55,110,are really valuable thank you very much council hirsch i would also add that i i want to say that all five of the the folks that came in before council i was very impressed with and i think that we had a number of great nominees and so the selection of three is by nature of what we're required to do
C_size1,"City Council Meeting - June 10, 2025 [PqPxK5dVghI]_standard",73,0,1,SPEAKER_13,3170.42,86,good evening good evening grant sprunger 500 block of st joseph's street thank you i just want to say i'm very happy to be considered but also hearing the background of all the candidates that were interviewed i am happy that there are people that were chosen that were of vapor's backgrounds that ha
C_size1,"City Council Meeting - June 10, 2025 [PqPxK5dVghI]_standard",83,0,1,SPEAKER_11,3457.46,69,c is pretty straightforward they're going to replace they need to replace windows and a front door entry as well as a third third floor rear addition and 101 south queen is development of the swan the old swan hotel that is going to be developed into a airbnb with 11 10 or 11 units and i i don't thi
C_size1,"City Council Meeting - June 10, 2025 [PqPxK5dVghI]_standard",84,0,1,SPEAKER_04,3494.8,37,thank you counselor craig to clarify i think the architects and the firm was here they mentioned airbnb but it was an airbnb style hotel yes thank you so not a licensed airbnb no correct and and
C_size1,"City Council Meeting - June 10, 2025 [PqPxK5dVghI]_standard",95,0,1,SPEAKER_07,3657.94,29,the city of lancaster approving the juneteenth flag raising on june 19 2026 to acknowledge the emancipation of african americans brought forth by the national association for the advancement
C_size1,"City Council Meeting - June 10, 2025 [PqPxK5dVghI]_standard",105,0,1,SPEAKER_04,3803.5,88,very much any additional council comments on the action plan i'll just say rebecca you and your team have put together it always amazes me how your team puts together this plan with a little less every year but still manages to do just as much if not more every single year so your creativity and you
C_size1,"City Council Meeting - June 10, 2025 [PqPxK5dVghI]_standard",109,0,1,SPEAKER_04,3935.32,21,additional comments i want to make sure you use your time if you need it and then i would be happy
C_size1,"City Council Meeting - June 10, 2025 [PqPxK5dVghI]_standard",110,0,1,SPEAKER_17,3939.08,148,to respond to your questions yes um i have applied for the lab program numerous times not me my tenants have and they've been ignored delayed or denied these grants are supposedly available none have been available to me or my tenants yet my property still remains condemned in four years so where ar
C_size1,"City Council Meeting - June 10, 2025 [PqPxK5dVghI]_standard",119,0,1,SPEAKER_03,4396.64,254,comment period and I just wanted to add the Spanish interpreter that was here for a translation should have been translating via is this being recorded I'm not sure if it's if it's being recorded she should have been used because she was asked to come for the spanish-speaking people in Lancaster cit
C_size1,"City Council Meeting - June 10, 2025 [PqPxK5dVghI]_standard",125,0,1,SPEAKER_11,4864.35,77,to piggyback on what mr daschle said about um for anybody that has not seen the reenactment of living experience at bethlehem church i went in december and i used to play lydia hamilton smith in that reenactment 25 years ago when they first started it it has grown so much since then and it is so goo
C_size1,"City Council Meeting - June 10, 2025 [PqPxK5dVghI]_standard",126,0,1,SPEAKER_04,4905.94,13,definitely living the experience thank you very much counselor craig any additional council
C_size1,"City Council Meeting - May 27, 2025 [vexHgMfzvKE]_standard",9,0,1,SPEAKER_03,450.28,515,lappy's new avenge chair um i just want to give a little background on me so i'm originally from harrisburg pa actually i come from a really traditional vietnamese family and they both on both sides they settled in the u.s as refugees because of the war and so growing up in central pa the dichotomy 
C_size1,"City Council Meeting - May 27, 2025 [vexHgMfzvKE]_standard",21,0,1,SPEAKER_12,1444.22,16,thank you for having me sorry about me being the one conflict we make it work
C_size1,"City Council Meeting - May 27, 2025 [vexHgMfzvKE]_standard",26,0,1,SPEAKER_12,1645.96,159,understand that at the end of the day we we all have biases but those do need to be kept at home and that's the same same thing at work as well so for instance I don't believe in any like you know any form of censorship as a librarian that is in our entire code of ethics it's it's you know it's a fo
C_size1,"City Council Meeting - May 27, 2025 [vexHgMfzvKE]_standard",29,0,1,SPEAKER_12,1713.85,143,"I would say, actually, it came down, my previous job, I worked at another library before this one, I was out at E-Town, and we had a lot of books that were propaganda, you might say, anti-trans, with dubious medical information in them, but they were circulating, some of the patrons in that area wer"
C_size1,"City Council Meeting - May 27, 2025 [vexHgMfzvKE]_standard",34,0,1,SPEAKER_12,1841.33,120,Commission comes in I'm hoping like any good Commission that there are people from multiple different backgrounds a very diverse Commission of all different ages as well so then when we're looking at you know any policy we can engage with that from a lot of different perspectives and i feel like tha
C_size1,"City Council Meeting - May 27, 2025 [vexHgMfzvKE]_standard",35,0,1,SPEAKER_04,1878.46,39,"these policies are fully ethical good thank you that's all right thank you council president Thank you, Theodore, for your willingness to serve. How would you handle a situation where someone you know is subject to an ethics complaint?"
C_size1,"City Council Meeting - May 27, 2025 [vexHgMfzvKE]_standard",37,0,1,SPEAKER_05,1937.22,30,council president and thank you theodore for your uh willingness to serve and answering our questions this evening how do you believe that integrity and honesty and elected officials can
C_size1,"City Council Meeting - May 27, 2025 [vexHgMfzvKE]_standard",38,0,1,SPEAKER_12,1946.84,176,build trust in the community I think it's everything I I think if you see you know the people that you voted for if you see them engaging in things that are that are dishonest if you see them kind of not standing up for the little guy sometimes not that I'm saying anyone's doing that by the way that
C_size1,"City Council Meeting - May 27, 2025 [vexHgMfzvKE]_standard",45,0,1,SPEAKER_11,2535.83,569,thank you so much thank you all for your patience we discussed this and i said the technology will be fine i should have known try again okay game on we do lead remediation and healthy homes programming way better than we do technologies i'm here presenting this evening good evening with good evenin
C_size1,"City Council Meeting - May 27, 2025 [vexHgMfzvKE]_standard",46,0,1,SPEAKER_07,2779.52,464,lapash and programs manager for the team and i'm i'm very happy to be with you tonight and be able to share our programming and some of the things some of the goals that we've reached over the last several years and what we have to look forward to if we can leave one thing with you tonight it's that
C_size1,"City Council Meeting - May 27, 2025 [vexHgMfzvKE]_standard",53,0,1,SPEAKER_09,3945.58,164,"Thank you very much to all of you for all of your amazing work. Yes, a huge round of applause to you and your entire team and tell Craig thank you as well. I just wanted to say that I remember I was just coming on to council when the grant came to us in 2019. I remember us, if I remember correctly, "
C_size1,"City Council Meeting - May 27, 2025 [vexHgMfzvKE]_standard",55,0,1,SPEAKER_17,4039.46,15,that's a Craig yeah I just want to say piggyback on what councillor has said
C_size1,"City Council Meeting - May 27, 2025 [vexHgMfzvKE]_standard",56,0,1,SPEAKER_13,4048.15,58,and just to say thank you thanks for all you do I just the only thing I wanted to add is I loved the innovative partnerships that were seen particularly at the City Housing Authority I just thought that was brilliant and the ways you guys did that to get more out of it I thought that was
C_size1,"City Council Meeting - May 27, 2025 [vexHgMfzvKE]_standard",58,0,1,SPEAKER_07,4101.13,225,bragging rights thank you mayor and i just appreciate so much your support and how much you've talked us up because it has helped in a lot of different a lot of different areas and the resources that we've received we are one of the top performing we actually um you know as i mentioned we decreased 
C_size1,"City Council Meeting - May 27, 2025 [vexHgMfzvKE]_standard",91,0,1,SPEAKER_06,5051.48,567,uh tonight i'd like to take a moment to recognize the school district of lancaster and its incredible students over the years sdol and the city have built a strong and meaningful partnership and i want to recognize a few pieces of sdl news so first i want to congratulate mccaskey's unified track and
C_size1,"City Council Meeting - September 9, 2025 [H5Gp_GuYYYg]_standard",38,0,1,SPEAKER_09,2121.08,20,this period we do have a president next is irene bravis thank you good evening um i am here again
C_size1,"City Council Meeting - September 9, 2025 [H5Gp_GuYYYg]_standard",41,0,1,SPEAKER_08,2336.87,2090,leave some hard copies of this presentation for any counselors or community members that would like i left it with mr harris so counselors mayor sirachi president and community members thank you for this chance to share on behalf of lancaster public library we value this partnership and we so apprec
C_size1,"City Council Meeting - September 9, 2025 [H5Gp_GuYYYg]_standard",43,0,1,SPEAKER_12,3143.05,422,for sure is people just coming and enjoying the space it's a lot more open to people who are there to just relax and read or work with their ipads or their laptops it's just a much more open and lighting space we have more computer access than we did at the old building it's a much more open area al
C_size1,"City Council Meeting - September 9, 2025 [H5Gp_GuYYYg]_standard",44,0,1,SPEAKER_03,3293.51,72,the building thank you so much it's it's always nice to hear about opportunities for spaces where people can just exist without the expectation to spend any money because we don't have any of those besides the library and that's why it's so valuable so thank you for that counselors any questions or 
C_size1,"City Council Meeting - September 9, 2025 [H5Gp_GuYYYg]_standard",47,0,1,SPEAKER_10,3382.93,146,remember we had a little incident last march with uh story hour and i want to say that although it was horrible as we went through it it has brought the staff together the silver lining is we all realized what the mission and vision were and work very hard now to stay within that and to be welcoming
C_size1,"City Council Meeting - September 9, 2025 [H5Gp_GuYYYg]_standard",54,0,1,SPEAKER_04,3528.79,12,economic development committee did not meet finance committee council royal thank you
C_size1,"City Council Meeting - September 9, 2025 [H5Gp_GuYYYg]_standard",74,0,1,SPEAKER_00,3957.49,35,no this one should be approved at the next meeting um the the water main financing will be the first reading will be next meeting so that one confusing all the financing ones thank you
C_size1,"City Council Meeting - September 9, 2025 [H5Gp_GuYYYg]_standard",92,0,1,SPEAKER_03,4511.74,54,very much a question for you uh one first thank you for answering the important question was that is the horse and still the native park there so thank you um and two i guess i did not realize that the facility wasn't already owned by the library so who are the owners currently
C_size1,"City Council Meeting - September 9, 2025 [H5Gp_GuYYYg]_standard",93,0,1,SPEAKER_08,4526.78,82,if you would not mind disclosing yeah al med bed uh and he uh he has expressed the desire for the library and for horse in both of which are uh have a long history with the the family uh the desire for both the library and uh horse end to continue to be able to have uh those facilities um and the fa
C_size1,"City Council Meeting - September 9, 2025 [H5Gp_GuYYYg]_standard",100,0,1,SPEAKER_10,4757.08,223,"IN A VARIETY OF WAYS. AGAIN, COMING IN AND USING TECHNOLOGY FOR FREE. WHEN WE WERE IN THE BUILDING THAT WAS ACROSS THE STREET, WE HAD 12 PUBLIC COMPUTERS AND MAYBE IN THE LAST YEAR that we were there there were people one or two people at them immediately upon moving we have 16 that are always alway"
C_size1,"City Council Meeting - September 9, 2025 [H5Gp_GuYYYg]_standard",103,1,0,SPEAKER_10,4903.37,43,I would also say that increase in donor support to if we weren't doing something that they wanted. I don't think we would get the amount of money that we got in the in 2024 for the support of the work we do.
C_size1,"Planning Commission Meeting - September 3, 2025 [5PuBv9zFX3I]_standard",11,0,1,SPEAKER_01,1379.67,45,"Free air pump to Yes, there'll be two free air machines on the on the site. That's important. Yeah. They try to get to anywhere they can i don't i think this one has one now it might have two but yeah they'll do two"
C_size1,"Planning Commission Meeting - September 3, 2025 [5PuBv9zFX3I]_standard",14,0,1,SPEAKER_05,1432.97,20,that's the one store i can get the good ice at right okay well if we have no further comments
C_size1,"Planning Commission Meeting - September 3, 2025 [5PuBv9zFX3I]_standard",19,0,1,SPEAKER_07,1599.42,87,with where this is proceeding yes again um the they were at the shade i will i will speak for terry and say that they actually went to the shade tree commission twice and so they went through once and then they had to go back so um they have they've done their their best to really um to try to meet 
C_size1,"Planning Commission Meeting - September 3, 2025 [5PuBv9zFX3I]_standard",22,0,1,SPEAKER_11,1656.28,13,question you did give a timeline the project okay completion maybe okay thank
C_size1,"Planning Commission Meeting - September 3, 2025 [5PuBv9zFX3I]_standard",32,0,1,SPEAKER_02,2014.11,31,there's a 18th century building that's part of their project as part of that minor plan does that include making sure that they're maintaining that structure to ensure it doesn't deteriorate
C_size1,"Planning Commission Meeting - September 3, 2025 [5PuBv9zFX3I]_standard",33,1,0,SPEAKER_07,2024.85,58,over the two-year period that's a great question i don't think that that is part of the minor plan but it is on their property and so they would i mean as just part of it being your own parcel you would have to you would have to maintain it right so what can the public expect if
C_size1,"Planning Commission Meeting - September 3, 2025 [5PuBv9zFX3I]_standard",34,0,1,SPEAKER_09,2047.47,21,it were to come to be that mosaic never builds on the site um i'm not entirely sure they still own
C_size1,"Planning Commission Meeting - September 3, 2025 [5PuBv9zFX3I]_standard",35,0,1,SPEAKER_07,2055.31,72,the land and so it would be you know for them to determine what was going to happen with the land because whether or not the mosaic land development goes there willow valley owns the land right and so it it would just be kind of a redetermination they probably my guess is that they would either resu
C_size1,"Planning Commission Meeting - September 3, 2025 [5PuBv9zFX3I]_standard",37,0,1,SPEAKER_07,2093.97,42,the minor the minor plan they're in they have to abide by that for the two years and at the end they have to either tell us when they're going to build or provide us with a new plan okay thank you
C_size1,"Planning Commission Meeting - September 3, 2025 [5PuBv9zFX3I]_standard",41,1,0,SPEAKER_03,2187.9,83,this is this is just for remembering that the next meeting we will have a public hearing I wasn't sure if how frequently you guys have held public hearings and if you want some guidance on the process for that public hearing because there's different requirements that you would need to meet and beca
C_size1,"Planning Commission Meeting - September 3, 2025 [5PuBv9zFX3I]_standard",56,0,1,SPEAKER_13,2631.51,17,opportunity to attend the hearings at city council for other places correct yes and it's also going
C_size1,"Planning Commission Meeting - September 3, 2025 [5PuBv9zFX3I]_standard",62,0,1,SPEAKER_02,2749.96,255,I mean as I recall when we were talking about setting up public hearing really wasn't done with the intention that we would actually impact or change the zoning decision I recall it really being that we just needed to learn more about how the decision was made so I don't think there was any disillus
C_size1,"Planning Commission Meeting - September 3, 2025 [5PuBv9zFX3I]_standard",65,0,1,SPEAKER_09,3091.54,19,you know we need to find other ways to get at that information i'm also gonna agree with mr
C_size1,"Planning Commission Meeting - September 3, 2025 [5PuBv9zFX3I]_standard",67,0,1,SPEAKER_13,3230.02,74,as well um agreed i don't think we need a public hearing but and especially because i think the public may be confused about our role but i do think we should keep it as an agenda item possibly on that october first meeting for having it um still just to allow for it to be part of the conversation a
C_size1,"Planning Commission Meeting - September 3, 2025 [5PuBv9zFX3I]_standard",70,0,1,SPEAKER_05,3391.8,66,forward in light of transparency are we able to put this schedule that's on the bullet on the faq page just so it's easily accessible by the public to be able to see when these milestones are being met and to know when um key participation opportunities will present themselves what does it mean you 
C_size1,"Planning Commission Meeting - September 3, 2025 [5PuBv9zFX3I]_standard",78,0,1,SPEAKER_02,3671.31,57,it as a body i would i would say just receive in memo form a written summary of the process that was used to make the determination by the zoning officer is that is that like kind of a level because i can appreciate that there needs to be a level of specificity to make our request
C_size1,"Planning Commission Meeting - September 3, 2025 [5PuBv9zFX3I]_standard",83,0,1,SPEAKER_05,3992.67,105,reporter and all of this are we able to add um an exception to that that the dates with it that are noted within this memo will be clearly communicated to the public so their opportunity to participate is easy enough for everybody to understand like i want everybody who was here two weeks ago to kno
C_size1,"Planning Commission Meeting - September 3, 2025 [5PuBv9zFX3I]_standard",94,0,1,SPEAKER_12,4378.31,86,understand the background information to that decision i want to echo commissioner dastra and maybe request like can we just have a standing agenda item where it's an update on where we're at with updating the zoning code because i feel like we go kind of months without hearing and i think it's real
C_size1,"Planning Commission Meeting - September 3, 2025 [5PuBv9zFX3I]_standard",96,1,0,SPEAKER_04,4444.37,17,a timeline perspective and remind me when your proposals are due and when is the decision being
C_size1,"Planning Commission Meeting - September 3, 2025 [5PuBv9zFX3I]_standard",98,0,1,SPEAKER_07,4560.23,114,occur I would also add to that that we have residences online that are not filling and so I think that there's also right and so right so but it's kind of like a circular domino effect right because if they're they're not filling so they're not building more it depends on what the builder wants to b
C_size1,"Planning Commission Meeting - September 3, 2025 [5PuBv9zFX3I]_standard",99,0,1,SPEAKER_05,4624.22,96,"waiting game yeah and I'll close with one final statement I think it would be great as a group to kind of come back and maybe huddle up I don't know what you want to call it on the comprehensive plan it's just been a while since I I think we've kind of discussed the goals, objectives, and I think ju"
C_size1,"Planning Commission Meeting - September 3, 2025 [5PuBv9zFX3I]_standard",100,0,1,SPEAKER_12,4654.39,207,"All right, and I also have my final statement. I do, I wanna just, you know, I think it's good that we're holding off on the hearing. I think it's good that we're keeping the data center as an agenda item, and I think we should revisit the idea of requesting a memo. mean i don't think it is i don't "
D_size5,"City Council Committee Meeting - February 3, 2025 [aHT_ba_YwG8]",42,1,0,SPEAKER_00,2110.33,208,know if you have anything you want to add yes thank you very very much this is this is to be able to do surface treatment of roadways that are shared by both Madheim Township and the city of Lancaster on Marshall Avenue between Lidditz Pike and and Juliet Avenue it's approximately 82% of the roadway
D_size5,"City Council Committee Meeting - February 3, 2025 [aHT_ba_YwG8]",43,0,1,SPEAKER_08,2203.7,159,much now I understand you know when I read the amounts in the resolution I don't think it came up in our conversation this morning but in the resolution it said something to the effect of like the city is paying 82% of that roughly sixty to seventy thousand dollar cost now you just said that that's 
D_size5,"City Council Committee Meeting - February 3, 2025 [aHT_ba_YwG8]",59,0,1,SPEAKER_12,3414.85,106,presentation just a question about some of the moves that were made due to staffing levels not being filled such as Department engagement or city program administration and future plans you know these positions are restaffed you know will we go after those dollars to cover you know those positions b
D_size5,"City Council Committee Meeting - February 3, 2025 [aHT_ba_YwG8]",64,0,1,SPEAKER_02,3591.11,43,around the 2026 23rd plan wonderful just a quick comment I'll say from voting on this item just because the organization that I work for assets is listed as an organization in the action plans same from voting thank you are there any
D_size5,"City Council Committee Meeting - February 3, 2025 [aHT_ba_YwG8]",65,0,1,SPEAKER_05,3612.06,15,further comments or questions in regards to the funding for the CBD G and housing
D_size5,"City Council Committee Meeting - March 3, 2025 [qEcut0Mpq30]",14,0,1,SPEAKER_05,691.22,34,committee from council council colleagues thank you um i just wanted to thank jessica for wanting to continue to serve on this board it is active and we appreciate her service thank you madam
D_size5,"City Council Committee Meeting - March 3, 2025 [qEcut0Mpq30]",19,0,1,SPEAKER_08,1230.89,1037,Thank You Tina Good afternoon. I'm sorry. Good evening members of council. Thank you for being let me be here tonight to work with you the presentation I handed out to you and is Will look similar for those of you who might have been here about three years ago when the last you know multi-purpose fi
D_size5,"City Council Committee Meeting - March 3, 2025 [qEcut0Mpq30]",28,0,1,SPEAKER_16,2157.1,61,point does that am I saying that accurately enough okay if you can talk a little bit about the budgetary impact in the individual funds and how from a budget from a financial planning and you know for the next five years how are these budgetary impacts also being looked at from a planning side yeah 
D_size5,"City Council Committee Meeting - March 3, 2025 [qEcut0Mpq30]",33,0,1,SPEAKER_09,2332.9,157,question um could perhaps go to either director campbell although um it's just a very general question and it is some of the projects that are listed in this i know are are not maintenance but they're extending the useful life of the assets so they're almost like rehabilitation and not repair so to 
D_size5,"City Council Committee Meeting - March 3, 2025 [qEcut0Mpq30]",36,1,0,SPEAKER_05,2591.29,109,director Stephen Campbell I want to kind of call back to something we've been talking about the last couple of years on council and it relates to what you were just mentioning as far as planning goes but I just could you just talk a little bit about the ways that we have been planning for like these
D_size5,"City Council Committee Meeting - March 3, 2025 [qEcut0Mpq30]",57,1,0,SPEAKER_04,3200.48,15,weren't provided with the specifics just a list and they're asking those documents be destroyed
D_size5,"City Council Committee Meeting - March 3, 2025 [qEcut0Mpq30]",65,1,0,SPEAKER_07,4011.4,490,in kind of two different ways uh the first one is process uh especially since i started i've been working with um various people within the city to make sure that we have a a good effective process for addressing these concerns like when a tree branch comes down or when someone needs to have assista
D_size5,"City Council Committee Meeting - March 3, 2025 [qEcut0Mpq30]",66,1,0,SPEAKER_06,4176.38,95,good way any other question or comment from in regards to replacing some of trees do you have like specific trees that you might have found that they're disease that need removal is there any issues I mean I know one particular one that has not been removed and it's causing especially when the wind 
D_size5,"City Council Committee Meeting - March 3, 2025 [qEcut0Mpq30]",72,1,0,SPEAKER_06,4389.29,69,"Is there any type of metrics or studies or any type of research that shows a particular tree or trees in general that have more susceptibility of becoming disease? I'm sure that there are particular ones, but I'm familiar only with a few trees. I'm not, I have allergies around this season, so trust "
D_size5,"City Council Committee Meeting - March 3, 2025 [qEcut0Mpq30]",108,1,0,SPEAKER_06,5676.86,3,Puerto Rico citizen
D_size5,"City Council Committee Meeting - September 2, 2025 [bNf9xj20-xg]_standard",38,0,1,SPEAKER_14,2316.07,80,question um if it were up to me i would probably you know if i could wave a magic wand me personally i would take uh traffic off of the west grant street portion by market but i do know that some box trucks do go through there every now and then are we OK with the height in light of that. I don't kn
D_size5,"City Council Committee Meeting - September 2, 2025 [bNf9xj20-xg]_standard",53,0,1,SPEAKER_07,3059.2,26,know it's a passionate subject in our community today so the more that we can help invest our resources into organizations like yours I think it's
D_size5,"City Council Committee Meeting - September 2, 2025 [bNf9xj20-xg]_standard",54,0,1,SPEAKER_11,3066.84,48,worth mentioning thank you thank you can I just add to you I believe the total project is about 1.6 million is that is that correct at least that's what my notes are saying so a little bit more is what I'm saying no it is it's actually
D_size5,"City Council Committee Meeting - September 2, 2025 [bNf9xj20-xg]_standard",61,0,1,SPEAKER_05,3249.77,362,"good evening council good evening mayor this is a culmination of a two-year project that I've been working on with the Lancaster County Emergency Management Agency and fellow municipal leaders in emergency management to update the county hazard mitigation plan. The original plan was written in 2019,"
D_size5,"City Council Committee Meeting - September 2, 2025 [bNf9xj20-xg]_standard",62,1,0,SPEAKER_16,3417.3,38,thank you so much i do have a question for you would this be with the grants would that be in addition to the FEMA grants as well or is that all combined so there used to be
D_size5,"City Council Committee Meeting - September 2, 2025 [bNf9xj20-xg]_standard",68,1,0,SPEAKER_05,3552.53,46,contracting with lebanon county and we actually had an incident since they took over that we've that we worked together on it went very seamless we don't see a difference so far but we're looking forward to the future thank you and that concludes my questions
D_size5,"City Council Meeting - April 29, 2025 [5N3AIQLoNPU]_standard",5,0,1,SPEAKER_18,1072.88,484,um south queen street good evening good evening good evening to everyone and god bless everyone who is here today i'm uh reverend kevin polite the lead pastor of souls church incorporated of 415 south queen street lancaster city i want to thank you for the opportunity to address the board today in r
D_size5,"City Council Meeting - April 29, 2025 [5N3AIQLoNPU]_standard",7,1,0,SPEAKER_20,1311.37,633,so my name is Fabian Martinez a local youth pastor and a children's pastor with souls Church in Lancaster City the southern side of Lancaster City at 415 south queen street first and foremost i want to look at all you guys all of you on the panel and say thank you for all you all you do i've been a 
D_size5,"City Council Meeting - April 29, 2025 [5N3AIQLoNPU]_standard",9,1,0,SPEAKER_10,1546.22,265,miss lopez good evening good evening jessica lopez manchester city first let me start by saying hi i hope everyone is having a good evening um i truly do appreciate the echo cause for the for council member diaz to resign and the outcry of accountability excuse you i'm talking Could we please have o
D_size5,"City Council Meeting - April 29, 2025 [5N3AIQLoNPU]_standard",11,0,1,SPEAKER_10,1670.43,145,"Folks in the room, please. But where we do need that accountability from her, and yes, from our mayor, and from you, because you had your own issues like everybody else. So, where we do need accountability, let's not get lost in what actually brought us here. An attack on our youth, our black and br"
D_size5,"City Council Meeting - April 29, 2025 [5N3AIQLoNPU]_standard",14,0,1,SPEAKER_17,1778.6,108,i just want to remind everybody in the room that we we will have decorum in council chambers it's called the polite council chambers it's named after someone who used to serve in this room but i would also like to think that it it also echoes the respect that we all deserve everyone sitting out here
D_size5,"City Council Meeting - April 29, 2025 [5N3AIQLoNPU]_standard",38,0,1,SPEAKER_07,2650.47,479,"good evening good evening everyone hello good evening everyone my name is chandra damal thank Thank you for coming here today. I'm standing here today not just as a support of Janet Diaz, but as someone that knows her through her hard work and her lifelong commitment to this city and its people. Whe"
D_size5,"City Council Meeting - April 29, 2025 [5N3AIQLoNPU]_standard",46,1,0,SPEAKER_14,3081.3,41,"Okay. I'll finish it up. Thank you. You are responsible for what you post on social media, so just be aware of that. think you do owe muslim women an apology thank you thank you mr harris our next speaker yes"
D_size5,"City Council Meeting - April 29, 2025 [5N3AIQLoNPU]_standard",48,0,1,SPEAKER_13,3114.61,581,good evening thank you first of all i want to thank you council members i realize that you have a tough job some do it better than others some go out of their way some do not last year or the year before i believe it was a year before there was a situation going on in the city school district and i 
D_size5,"City Council Meeting - April 29, 2025 [5N3AIQLoNPU]_standard",52,1,0,SPEAKER_12,3511.7,487,evening good evening god bless you all and i hope i'm not insulting you by saying god bless um you see me all like that i just had surgery so i'm really here because i do care um i've been accused of this too because sometimes i say what i need to say and i've spoken to you lots of times and debates
D_size5,"City Council Meeting - April 29, 2025 [5N3AIQLoNPU]_standard",54,1,0,SPEAKER_09,3688.04,362,"Good evening. Thank you for giving me this opportunity to speak in front of you, and thank you for all that you do. This is my second or third time here. My apologies. I want to read something. Please do not disturb me. i don't know who you are but don't do that please continue your comments toward "
D_size5,"City Council Meeting - April 29, 2025 [5N3AIQLoNPU]_standard",56,0,1,SPEAKER_10,3934.58,156,Jessica Lopez the felon with less felonies than our president huh so let me start by reminding you right that for the last five years I've been here more than every single one of yous in this room so we're user thick today I hope yous are thick in two weeks and I hope you're thick weeks after that b
D_size5,"City Council Meeting - April 29, 2025 [5N3AIQLoNPU]_standard",58,1,0,SPEAKER_10,3989.51,218,will have order in the room now this is the problem because comments that she made opened the door for a white man to sit here and tell a black woman to take off her headdress so i'm the problem i'm the problem apparently and not the person who took an oath to stand for every single body not just th
D_size5,"City Council Meeting - April 29, 2025 [5N3AIQLoNPU]_standard",71,0,1,SPEAKER_17,4457.75,109,thank you mr dastra uh just to interject really quickly to answer a question i will also agree that this is an unusual situation um the charter which you helped to draft does require two meetings per month so we needed to hold this meeting and also just personally even if it didn't um i would have w
D_size5,"City Council Meeting - April 29, 2025 [5N3AIQLoNPU]_standard",74,0,1,SPEAKER_03,4703.6,178,evening hello my name is taylor raymond i live on the 500 block of saint joseph street and i'm here for something not regarding ms diaz at all at previous meetings the administrative resolution 18 i was discussed regarding the disposition of certain police records we were told that it was just the p
D_size5,"City Council Meeting - April 29, 2025 [5N3AIQLoNPU]_standard",77,0,1,SPEAKER_11,4807.52,216,it thank you um i understand the pain especially from those in the muslim community who are hurting right now the injustice the discrimination it's real and your anger it's about it's valid but you're angry at the wrong person recently there have been hurtful and entirely false claims made against j
D_size5,"City Council Meeting - April 29, 2025 [5N3AIQLoNPU]_standard",79,0,1,SPEAKER_07,4977.55,582,having thank you thank you good evening again um council members community of the members and my family that's here um lately people have been calling these meetings the janet show and i just heard of that some say with laughs some say with frustration but let's talk about what that really means bec
D_size5,"City Council Meeting - April 29, 2025 [5N3AIQLoNPU]_standard",82,0,1,SPEAKER_01,5324.27,204,know how many times i have come here and told you guys that we need some upgrading at crystal park it hasn't been done we are going to open up the summer the west crystal volunteers are opening up the summer with mother's day i cannot secure safety in my neighborhood if the sockets are sticking out 
D_size5,"City Council Meeting - April 29, 2025 [5N3AIQLoNPU]_standard",86,0,1,SPEAKER_23,5576.14,112,i did follow up with the administration um the mayor uh council president and director campbell uh director campbell did get back to me today and said that um he will get back to me on i did ask what was the status of the tickets um were there any um uh fines that were uh not waived but you know wer
D_size5,"City Council Meeting - April 29, 2025 [5N3AIQLoNPU]_standard",94,1,0,SPEAKER_00,5922.82,160,"In regards to the meeting tonight and what was discussed here, I'm disappointed and I'm frustrated by what I saw, and that's all I'm gonna say, because I think it does come down to whether the individuals of the public respect each other enough to let each other speak. And I am frustrated that that "
D_size5,"City Council Meeting - August 12, 2025 [Pg4nxjg-PUw]_standard",9,1,0,SPEAKER_27,1031.08,464,my name is brett stanley living in mountainville but working in lancaster at an aerospace lab adjacent to mccaskey i was born here and grew up watching the farms and fields turned into shopping centers and authorized housing developments i was too young and distracted to care to do much about that s
D_size5,"City Council Meeting - August 12, 2025 [Pg4nxjg-PUw]_standard",19,1,0,SPEAKER_05,1758.07,524,please next speaker is patricia eckman good evening i'm from this lampeter township i've been reading the articles in the lexington newspaper concerning the proposed data centers at greenfield road and harrisburg pike preliminary construction has already begun at the greenfield road site prior to th
D_size5,"City Council Meeting - August 12, 2025 [Pg4nxjg-PUw]_standard",26,0,1,SPEAKER_24,2401.08,148,and storage they are not warehouses to mayor Sirachi and City Council must work with the public to pass a plan that insulates Lancaster residents from the negative effects of data centers for example price hikes for utilities low water pressure and rolling blackouts three city government must act wi
D_size5,"City Council Meeting - August 12, 2025 [Pg4nxjg-PUw]_standard",29,1,0,SPEAKER_06,2478.41,155,are you with us this is a conversation that i want to continue to have because there are some of the things that you're demanding that i can't i can't respond to most especially around the public utility commission and the regulation of electricity and so i i hear you on the air quality water use ut
D_size5,"City Council Meeting - August 12, 2025 [Pg4nxjg-PUw]_standard",39,1,0,SPEAKER_28,2953.36,685,speaker please next speaker is Samuel Pollack good evening hello it's Samuel Pollack from a hundred block of Euclid Avenue behind Regal Cinemas thanks everybody for coming out I'm here to speak about two things it's gonna be the data center and I think the civilian police review board I saw was late
D_size5,"City Council Meeting - August 12, 2025 [Pg4nxjg-PUw]_standard",41,0,1,SPEAKER_08,3160.88,420,name is Christine Kennedy I live in the first block of Market Street in Lancaster Pennsylvania and I come today to tell a little bit about what I've learned and where I was wrong with some of the comments I made at the prior City council meeting some of those were I've learned that data centers are 
D_size5,"City Council Meeting - August 12, 2025 [Pg4nxjg-PUw]_standard",48,1,0,SPEAKER_02,3672.96,362,"Next speaker is Frank Arcoglio. Good evening. Arcoglio. Frank Arcoglio, Old Trinity Place. So at the last council meeting, I asked the great Watergate question, which is, what did you know, and when did you know it? Well, I think I've got some answers. The planning commission had no idea. They had t"
D_size5,"City Council Meeting - August 12, 2025 [Pg4nxjg-PUw]_standard",50,0,1,SPEAKER_29,3850.6,385,uh tony dash's 700 block in new holland avenue so what i signed up to talk about was actually parking um but i'm going to connect these two issues because you have some issues that web out over time the city has a parking issue it depends on how you look at it in what perspective that issue is maybe
D_size5,"City Council Meeting - August 12, 2025 [Pg4nxjg-PUw]_standard",78,1,0,SPEAKER_11,5131.94,120,highlighting all of those all the pieces that it took to get us to this time I I know I am personally extremely excited for this development on Sunnyside a long dormant area in the city development has been difficult to crack and I am appreciative that this includes an element of preserving the natu
D_size5,"City Council Meeting - August 12, 2025 [Pg4nxjg-PUw]_standard",79,0,1,SPEAKER_22,5181.02,115,i missed you when i looked that way no worries thank you council president just wanted to make a comment i'm also very excited about this project i had a chance to partake on the hike maybe a few weeks ago a month ago and was very excited for someone who grew up in the southeast i'd never step foot 
D_size5,"City Council Meeting - August 12, 2025 [Pg4nxjg-PUw]_standard",80,0,1,SPEAKER_27,5212.38,18,comments from the public thank you tony diastra 700 block of new holland avenue i am also looking
D_size5,"City Council Meeting - August 12, 2025 [Pg4nxjg-PUw]_standard",81,1,0,SPEAKER_29,5227.17,254,forward to this project i think this is going to be a good investment in the environmental values our community is starting to stand behind but i also want to use this as an opportunity to kind of speak to when investment comes in one area we do have to be mindful of what occurs around it there's go
D_size5,"City Council Meeting - August 12, 2025 [Pg4nxjg-PUw]_standard",107,0,1,SPEAKER_18,6144.36,359,comments for this Alexander King 600 block of North Shippen so kind of to play up Tony Dastro's comments I'd like to say parking management in the city is an unmitigated disaster it seems to be a sort of grassroots sort of thing which seems to be the dumbest way to plan anything I've lived in a lot 
D_size5,"City Council Meeting - August 12, 2025 [Pg4nxjg-PUw]_standard",110,0,1,SPEAKER_06,6390.44,673,thank you council president i i want to just echo what we have heard at the last couple council meetings and in conversations that i've been having in the community related to the data centers and just to reaffirm that we hear your concerns about water utilization air quality noise the permitting th
D_size5,"City Council Meeting - August 26, 2025 [WImQYrQa0EM]",9,0,1,SPEAKER_04,815.41,66,to thank you for making this motion i think as many folks are probably here tonight for i think it's probably long overdue that we start considering um our zoning and what does it mean and how does it reflect the community that we want to build here so i'm looking forward to hearing the recommendati
D_size5,"City Council Meeting - August 26, 2025 [WImQYrQa0EM]",14,0,1,SPEAKER_08,941.12,4,That's all I have.
D_size5,"City Council Meeting - August 26, 2025 [WImQYrQa0EM]",28,1,0,SPEAKER_05,1767.62,605,uh emma burgess 600 block of vine street um so before i start i would like to make it clear council that i know you don't regulate electric utilities my three minutes today only serve to highlight the impacts of building this data center and to further reinforce the urgency of our demands if i could
D_size5,"City Council Meeting - August 26, 2025 [WImQYrQa0EM]",42,1,0,SPEAKER_03,2468.35,211,come across as very polished i'm changing some of my comment on the fly here based on what was said earlier i feel a mixture of emotion tonight i was angered by the lack of transparency around the ai data center center but on the other hand i'm heartened to see that council is considering looking at
D_size5,"City Council Meeting - August 26, 2025 [WImQYrQa0EM]",47,0,1,SPEAKER_18,2692.96,490,"Good evening, first and only block of Wise Ave. I had some I changed up what I had said a little bit because of the things that you had spoke about earlier. So thank you for addressing the need for dialogue and starting the meeting that way. Our communities are thriving, diverse and deeply community"
D_size5,"City Council Meeting - August 26, 2025 [WImQYrQa0EM]",68,0,1,SPEAKER_20,4249.42,282,good evening adjust that as needed uh brett stanley i live in mountville but i work in lancaster i spoke last last last meeting i've been here for all of them um i spoke on job creation and lack thereof possibly with the work in creating you know catalysts for the data centers sw at my employer in w
D_size5,"City Council Meeting - August 26, 2025 [WImQYrQa0EM]",71,0,1,SPEAKER_09,4567.32,103,outside the city on the columbia app um i just wanted to request the council's help in pressuring the zoning officer and the mayor and showing up to any of the hearing hearings that are being proposed as i've heard from other sources the zoning officer has no interest in showing up to those and answ
D_size5,"City Council Meeting - February 11, 2025 [JJbmuzCmd6s]_standard",43,0,1,SPEAKER_04,1210.02,126,through this resolution during our last finance committee meeting we are amending the city of lancaster supplemental pension plan to reflect the correct amount of matching contribution for police officers hired on or after january 1 of 2011. the plan currently incorrectly states that this is a 25 th
D_size5,"City Council Meeting - February 11, 2025 [JJbmuzCmd6s]_standard",49,0,1,SPEAKER_04,1318.33,124,is a resolution that is brought before council on an annual basis it is done because the city tracks water and sewers sewer usage as city properties mostly to detect leaks or unusual usage we don't bill ourselves for this usage the charges are exonerated annually to clear them from the financial acc
D_size5,"City Council Meeting - February 11, 2025 [JJbmuzCmd6s]_standard",55,1,0,SPEAKER_06,1522.2,319,miss geyser do you have anything to add yes thank you thanks for the summary uh the lengthy summary of our long amendments um this evening i just wanted to uh highlight two things um that we are recommending these changes presuming that we will get the 2025 cdbg funding for the city however with the
D_size5,"City Council Meeting - February 11, 2025 [JJbmuzCmd6s]_standard",63,1,0,SPEAKER_08,1834.58,14,um you want to reassess and make changes for what for what you're reassessing
D_size5,"City Council Meeting - February 11, 2025 [JJbmuzCmd6s]_standard",65,0,1,SPEAKER_08,1859.33,39,this measure yeah but you're turning it in you're you're also really doing the annual action plan right you're taking all that into consideration without so meaning that there is funds available for housing and that's what these fun
D_size5,"City Council Meeting - February 11, 2025 [JJbmuzCmd6s]_standard",66,0,1,SPEAKER_06,1878.76,45,and and we are reallocating unspent funds from staffing vacancies over the past four years into affordable housing and lead hazard control and critical repair projects so they're getting more money the affordable housing and critical repair projects are receiving more funding out of administrative
D_size5,"City Council Meeting - February 11, 2025 [JJbmuzCmd6s]_standard",67,0,1,SPEAKER_09,1901.68,14,costs and into the actual affordable housing yes so my point very quickly was
D_size5,"City Council Meeting - February 11, 2025 [JJbmuzCmd6s]_standard",77,0,1,SPEAKER_01,2097.74,51,"Yes, pretty much the same thing. It's just entering into an agreement with Railway Auditing and Management Services in this case as opposed to Norfolk Southern, which is previous resolution. um yeah just paying the permit fee to allow right of uh use to um replace or to conduct work there"
D_size5,"City Council Meeting - July 22, 2025 [Y4mI4udbAfM]",22,0,1,SPEAKER_24,2606.54,566,is abby haney good evening good evening my name is abby haney i live on the 600 block of east madison street and i am like so many others here about the ai data centers i have some major concerns um so i want to talk a little bit about electrical usage but so many of you have already made really gre
D_size5,"City Council Meeting - July 22, 2025 [Y4mI4udbAfM]",74,0,1,SPEAKER_26,7307.76,121,there as well thank you for that context that's exactly the kind of kind of connection i was hoping to make with that question and then my second question is um the last line on the first uh slide the last one on the list annual escrow special and emergency improvements so obviously we have to put s
D_size5,"City Council Meeting - July 22, 2025 [Y4mI4udbAfM]",84,1,0,SPEAKER_26,7763.36,16,are things that get delayed thank you so now I'd like to talk about our water
D_size5,"City Council Meeting - July 22, 2025 [Y4mI4udbAfM]",93,1,0,SPEAKER_07,8785.04,25,plan specifically good evening good evening Taylor Raymond 500 block of st. Joseph Street is this presentation going to be available on the website that's
D_size5,"City Council Meeting - July 22, 2025 [Y4mI4udbAfM]",112,0,1,SPEAKER_04,9520.64,592,i'm from the 100 block of north mary and i didn't initially come to see all of the capital plan but i'm glad i did because a lot of it was actually really interesting and helpful and there also are parts of that that i think apply to the data center one of which is spending four hundred thousand dol
D_size5,"City Council Meeting - July 22, 2025 [Y4mI4udbAfM]",113,0,1,SPEAKER_16,9702.58,353,mitchell uh 400 block of east grant street um and i also wasn't planning on speaking today so i'm just gonna kind of go for it and say what's in my heart um i just hearing the report from president vacay uh with a lot of those really sort of nice comforting uh details about you know the cooling span
D_size5,"City Council Meeting - July 22, 2025 [Y4mI4udbAfM]",124,1,0,SPEAKER_10,10733.29,82,counselor ahmed thank you council president and as this is an ongoing issue where we are learning more each day i would hope that council can receive a report on what options council does have what are the current situation regarding the data centers to help make sure that council knows what we can 
D_size5,"City Council Meeting - June 10, 2025 [PqPxK5dVghI]_standard",14,0,1,SPEAKER_04,1108.41,123,"Thank you very much, Zaira. Are there any additional public comments on the resolution? I did that backwards, but any council comments on the resolution? Thank you, I'll just say again, thank you so much for being here and highlighting the fact that we need to be continually affirming of our desire "
D_size5,"City Council Meeting - June 10, 2025 [PqPxK5dVghI]_standard",18,1,0,SPEAKER_07,1330.41,30,june 19 2025 as juneteenth in the city of lancaster and calling upon all lancastrians to honor the dignity culture and contributions of african americans to the history and life
D_size5,"City Council Meeting - June 10, 2025 [PqPxK5dVghI]_standard",49,0,1,SPEAKER_11,2624.6,34,any comments on this uh this appointment um i was just very impressed with um christopher mr sloth overall um his view on life and um his experience and background thank you very much
D_size5,"City Council Meeting - June 10, 2025 [PqPxK5dVghI]_standard",50,0,1,SPEAKER_04,2645.1,122,um counselor craig i would agree with you i thought mr salt was uh particularly well well suited for this position um and he was also among all the applicants affirmed um that they are residents of the city that they had not held any political position uh political action committee position uh in th
D_size5,"City Council Meeting - June 10, 2025 [PqPxK5dVghI]_standard",70,1,0,SPEAKER_14,2987.77,182,motioning and seconding counselor Hirsch I was you know impressed with Erica's background in the legal world and this particularly I was impressed by a story she told him which she talked about a time where she kind of had to admit that she made a mistake but felt better about bringing that to light
D_size5,"City Council Meeting - June 10, 2025 [PqPxK5dVghI]_standard",73,0,1,SPEAKER_13,3170.42,86,good evening good evening grant sprunger 500 block of st joseph's street thank you i just want to say i'm very happy to be considered but also hearing the background of all the candidates that were interviewed i am happy that there are people that were chosen that were of vapor's backgrounds that ha
D_size5,"City Council Meeting - June 10, 2025 [PqPxK5dVghI]_standard",110,0,1,SPEAKER_17,3939.08,148,to respond to your questions yes um i have applied for the lab program numerous times not me my tenants have and they've been ignored delayed or denied these grants are supposedly available none have been available to me or my tenants yet my property still remains condemned in four years so where ar
D_size5,"City Council Meeting - June 10, 2025 [PqPxK5dVghI]_standard",123,1,0,SPEAKER_02,4672.63,179,know they're doing yes so ugi is an independent contractor you'll often see trucks for miller pipeline that are working in neighborhoods that information is also available on the construction page they are responsible not only for trench repair after they dig holes in the street to replace the gas l
D_size5,"City Council Meeting - June 10, 2025 [PqPxK5dVghI]_standard",125,0,1,SPEAKER_11,4864.35,77,to piggyback on what mr daschle said about um for anybody that has not seen the reenactment of living experience at bethlehem church i went in december and i used to play lydia hamilton smith in that reenactment 25 years ago when they first started it it has grown so much since then and it is so goo
D_size5,"City Council Meeting - May 27, 2025 [vexHgMfzvKE]_standard",9,0,1,SPEAKER_03,450.28,515,lappy's new avenge chair um i just want to give a little background on me so i'm originally from harrisburg pa actually i come from a really traditional vietnamese family and they both on both sides they settled in the u.s as refugees because of the war and so growing up in central pa the dichotomy 
D_size5,"City Council Meeting - May 27, 2025 [vexHgMfzvKE]_standard",21,0,1,SPEAKER_12,1444.22,16,thank you for having me sorry about me being the one conflict we make it work
D_size5,"City Council Meeting - May 27, 2025 [vexHgMfzvKE]_standard",27,1,0,SPEAKER_13,1692.38,14,important now more than ever absolutely thank you theodore counselor craig thank you council
D_size5,"City Council Meeting - May 27, 2025 [vexHgMfzvKE]_standard",28,0,1,SPEAKER_17,1699.6,37,president and hello good evening it's very nice to see you again could you tell us about a time when you had an ethical dilemma and how you solved it yeah so um let me think here
D_size5,"City Council Meeting - May 27, 2025 [vexHgMfzvKE]_standard",31,1,0,SPEAKER_12,1787.1,95,have not I've been working on my schooling the last few years and before that we were running a business so this is kind of the first time I've had any of the free time if you will to engage in something like this and I feel like this would be a great place to do it because I love this community I l
D_size5,"City Council Meeting - May 27, 2025 [vexHgMfzvKE]_standard",35,0,1,SPEAKER_04,1878.46,39,"these policies are fully ethical good thank you that's all right thank you council president Thank you, Theodore, for your willingness to serve. How would you handle a situation where someone you know is subject to an ethics complaint?"
D_size5,"City Council Meeting - May 27, 2025 [vexHgMfzvKE]_standard",37,0,1,SPEAKER_05,1937.22,30,council president and thank you theodore for your uh willingness to serve and answering our questions this evening how do you believe that integrity and honesty and elected officials can
D_size5,"City Council Meeting - May 27, 2025 [vexHgMfzvKE]_standard",38,0,1,SPEAKER_12,1946.84,176,build trust in the community I think it's everything I I think if you see you know the people that you voted for if you see them engaging in things that are that are dishonest if you see them kind of not standing up for the little guy sometimes not that I'm saying anyone's doing that by the way that
D_size5,"City Council Meeting - May 27, 2025 [vexHgMfzvKE]_standard",55,0,1,SPEAKER_17,4039.46,15,that's a Craig yeah I just want to say piggyback on what councillor has said
D_size5,"City Council Meeting - May 27, 2025 [vexHgMfzvKE]_standard",56,0,1,SPEAKER_13,4048.15,58,and just to say thank you thanks for all you do I just the only thing I wanted to add is I loved the innovative partnerships that were seen particularly at the City Housing Authority I just thought that was brilliant and the ways you guys did that to get more out of it I thought that was
D_size5,"City Council Meeting - May 27, 2025 [vexHgMfzvKE]_standard",58,0,1,SPEAKER_07,4101.13,225,bragging rights thank you mayor and i just appreciate so much your support and how much you've talked us up because it has helped in a lot of different a lot of different areas and the resources that we've received we are one of the top performing we actually um you know as i mentioned we decreased 
D_size5,"City Council Meeting - May 27, 2025 [vexHgMfzvKE]_standard",64,0,1,SPEAKER_16,4364.18,167,reviewed this at committee and at our previous meeting uh good evening city council mayor members of the public um thank you councillor craig i i think that was an excellent summary i i really don't have very much to add i know as a bill this is the second reading before council we also addressed it
D_size5,"City Council Meeting - May 27, 2025 [vexHgMfzvKE]_standard",81,1,0,SPEAKER_05,4726.77,22,councilor med uh the time of the flag raising i believe it is 10 a.m i would have to get back to
D_size5,"City Council Meeting - September 9, 2025 [H5Gp_GuYYYg]_standard",17,0,1,SPEAKER_06,1236.72,129,time to thank you all thank you other council comments that's president thank you zyra for the presentation um thank you for all of the tremendous work that you and your department are doing it's really important I if I understood the one statistic on the one slide correctly you said that 34.8 perce
D_size5,"City Council Meeting - September 9, 2025 [H5Gp_GuYYYg]_standard",43,0,1,SPEAKER_12,3143.05,422,for sure is people just coming and enjoying the space it's a lot more open to people who are there to just relax and read or work with their ipads or their laptops it's just a much more open and lighting space we have more computer access than we did at the old building it's a much more open area al
D_size5,"City Council Meeting - September 9, 2025 [H5Gp_GuYYYg]_standard",44,0,1,SPEAKER_03,3293.51,72,the building thank you so much it's it's always nice to hear about opportunities for spaces where people can just exist without the expectation to spend any money because we don't have any of those besides the library and that's why it's so valuable so thank you for that counselors any questions or 
D_size5,"City Council Meeting - September 9, 2025 [H5Gp_GuYYYg]_standard",83,0,1,SPEAKER_01,4185.27,57,a second counselor craig thank you council president um um was originally um the original resolution we went over in may the amendment is because of a of an incorrectly listed height measurement from 15 feet to 13 feet 6 inches which complies with the city's ordinances so just a slight error in meas
D_size5,"City Council Meeting - September 9, 2025 [H5Gp_GuYYYg]_standard",102,0,1,SPEAKER_15,4901.08,6,Thank you. Thank you so much.
D_size5,"City Council Meeting - September 9, 2025 [H5Gp_GuYYYg]_standard",103,1,0,SPEAKER_10,4903.37,43,I would also say that increase in donor support to if we weren't doing something that they wanted. I don't think we would get the amount of money that we got in the in 2024 for the support of the work we do.
D_size5,"Planning Commission Meeting - September 3, 2025 [5PuBv9zFX3I]_standard",22,0,1,SPEAKER_11,1656.28,13,question you did give a timeline the project okay completion maybe okay thank
D_size5,"Planning Commission Meeting - September 3, 2025 [5PuBv9zFX3I]_standard",30,0,1,SPEAKER_11,1814.88,17,appreciate that number four staff report to planning commission um so i was just going to give
D_size5,"Planning Commission Meeting - September 3, 2025 [5PuBv9zFX3I]_standard",33,1,0,SPEAKER_07,2024.85,58,over the two-year period that's a great question i don't think that that is part of the minor plan but it is on their property and so they would i mean as just part of it being your own parcel you would have to you would have to maintain it right so what can the public expect if
D_size5,"Planning Commission Meeting - September 3, 2025 [5PuBv9zFX3I]_standard",35,0,1,SPEAKER_07,2055.31,72,the land and so it would be you know for them to determine what was going to happen with the land because whether or not the mosaic land development goes there willow valley owns the land right and so it it would just be kind of a redetermination they probably my guess is that they would either resu
D_size5,"Planning Commission Meeting - September 3, 2025 [5PuBv9zFX3I]_standard",40,0,1,SPEAKER_10,2165.39,31,thank you other business a public hearing sycamore ridge a public hearing to discuss the tentative plan for sycamore ridge is scheduled for september the 17th 2025 starting at 5 30.
D_size5,"Planning Commission Meeting - September 3, 2025 [5PuBv9zFX3I]_standard",41,1,0,SPEAKER_03,2187.9,83,this is this is just for remembering that the next meeting we will have a public hearing I wasn't sure if how frequently you guys have held public hearings and if you want some guidance on the process for that public hearing because there's different requirements that you would need to meet and beca
D_size5,"Planning Commission Meeting - September 3, 2025 [5PuBv9zFX3I]_standard",67,0,1,SPEAKER_13,3230.02,74,as well um agreed i don't think we need a public hearing but and especially because i think the public may be confused about our role but i do think we should keep it as an agenda item possibly on that october first meeting for having it um still just to allow for it to be part of the conversation a
D_size5,"Planning Commission Meeting - September 3, 2025 [5PuBv9zFX3I]_standard",68,0,1,SPEAKER_02,3260.53,310,i mean i think it needs to be something that we continue just again just just to be able to provide information to the public about what the city is doing i mean i think as uh lauren and as staff has already uh shared there there are irons in the fire um that the city is has responded to public inpu
D_size5,"Planning Commission Meeting - September 3, 2025 [5PuBv9zFX3I]_standard",70,0,1,SPEAKER_05,3391.8,66,forward in light of transparency are we able to put this schedule that's on the bullet on the faq page just so it's easily accessible by the public to be able to see when these milestones are being met and to know when um key participation opportunities will present themselves what does it mean you 
D_size5,"Planning Commission Meeting - September 3, 2025 [5PuBv9zFX3I]_standard",86,0,1,SPEAKER_13,4075.6,23,can this memo be made public or is that not do we have a motion on the floor okay mr chair i would
D_size5,"Planning Commission Meeting - September 3, 2025 [5PuBv9zFX3I]_standard",87,0,1,SPEAKER_00,4100.03,55,like okay mr i didn't mean to say it that way but i would like to make a motion then to cancel the public hearing portion of our october 1st meeting but to still leave as an agenda item open to the discussion of what we have talked about today I just like to speak
D_size5,"Planning Commission Meeting - September 3, 2025 [5PuBv9zFX3I]_standard",89,0,1,SPEAKER_11,4210.44,20,let it know by saying aye aye aye aye aye aye opposed ayes have it motion carried i would like
D_size5,"Planning Commission Meeting - September 3, 2025 [5PuBv9zFX3I]_standard",94,0,1,SPEAKER_12,4378.31,86,understand the background information to that decision i want to echo commissioner dastra and maybe request like can we just have a standing agenda item where it's an update on where we're at with updating the zoning code because i feel like we go kind of months without hearing and i think it's real
D_size5,"Planning Commission Meeting - September 3, 2025 [5PuBv9zFX3I]_standard",95,0,1,SPEAKER_05,4438.85,21,is there a goal that the city has in order to get some of this um you know work underway from
D_size5,"Planning Commission Meeting - September 3, 2025 [5PuBv9zFX3I]_standard",97,0,1,SPEAKER_05,4459.8,269,made and then following the awarding of that project will it kick off immediately or is that pending the schedules that the consultants have do you think the speed of the like ability of the consultant to get to work would influence that decision at all or is that decision solely going to be made ba
D_size5,"Planning Commission Meeting - September 3, 2025 [5PuBv9zFX3I]_standard",98,0,1,SPEAKER_07,4560.23,114,occur I would also add to that that we have residences online that are not filling and so I think that there's also right and so right so but it's kind of like a circular domino effect right because if they're they're not filling so they're not building more it depends on what the builder wants to b
D_size5,"Planning Commission Meeting - September 3, 2025 [5PuBv9zFX3I]_standard",99,0,1,SPEAKER_05,4624.22,96,"waiting game yeah and I'll close with one final statement I think it would be great as a group to kind of come back and maybe huddle up I don't know what you want to call it on the comprehensive plan it's just been a while since I I think we've kind of discussed the goals, objectives, and I think ju"
