model,meeting,bucket,block_id_standard,block_id_exclusive,flagged_standard,flagged_exclusive,start,speaker_standard,speaker_exclusive,text_standard,text_exclusive
deepseek-r1-7b,"City Council Committee Meeting - April 1, 2025 [kplLo-BL1w0]",chunk_identical,142,139,1,0,6875.74,SPEAKER_09,SPEAKER_09,"Yes, it will. Both internal and external rate payers.","Yes, it will. Both internal and external rate payers."
deepseek-r1-7b,"City Council Committee Meeting - April 1, 2025 [kplLo-BL1w0]",chunk_identical,147,144,1,0,6934.42,SPEAKER_09,SPEAKER_09,"Yes, please, because it's a good calculator.","Yes, please, because it's a good calculator."
deepseek-r1-7b,"City Council Committee Meeting - April 1, 2025 [kplLo-BL1w0]",chunk_identical,156,153,1,0,7346.84,SPEAKER_06,SPEAKER_06,Thank you.,Thank you.
deepseek-r1-7b,"City Council Committee Meeting - April 1, 2025 [kplLo-BL1w0]",chunk_shifted,243,238,0,1,10744.88,SPEAKER_14,SPEAKER_14,Second.,Second.
gemma-4-4b,"City Council Committee Meeting - April 1, 2025 [kplLo-BL1w0]",chunk_identical,196,193,0,1,9224.53,SPEAKER_16,SPEAKER_16,"Thank you, Council President. Community planning has one item on the agenda this evening. It's administration bill number 3-2025 authorizing the sale of real property. And that's me,","Thank you, Council President. Community planning has one item on the agenda this evening. It's administration bill number 3-2025 authorizing the sale of real property. And that's me,"
gemma-4-4b,"City Council Committee Meeting - April 1, 2025 [kplLo-BL1w0]",chunk_shifted,225,220,1,0,10073.87,SPEAKER_00,SPEAKER_00,um in reference even when we talked about the redevelopment authority when we're um they're taking people's homes they don't just give it to the they have a realtor that comes out to sell it and different people get to bid on it so keep that in mind so this is city property that we own,um in reference even when we talked about the redevelopment authority when we're um they're taking people's homes they don't just give it to the they have a realtor that comes out to sell it and different people get to bid on it so keep that in mind so this is city property that we own
gemma-4-4b,"City Council Committee Meeting - April 1, 2025 [kplLo-BL1w0]",chunk_shifted,227,222,0,1,10160.0,SPEAKER_01,SPEAKER_01,"Holland Avenue. So this is concerning to me because the way I see this is as creating a method of private sale for public goods. There is a reason I think the bidding process is in place and there is, as far as I understand, there's nothing prohibiting us from being more open about our advertising. ","Holland Avenue. So this is concerning to me because the way I see this is as creating a method of private sale for public goods. There is a reason I think the bidding process is in place and there is, as far as I understand, there's nothing prohibiting us from being more open about our advertising. "
gemma-4-4b,"City Council Committee Meeting - April 1, 2025 [kplLo-BL1w0]",chunk_shifted,234,229,1,0,10485.53,SPEAKER_07,SPEAKER_07,and the city is in desperate need of a low-income subsidized housing and I don't think that HUD or the Housing Authority would be more than happy to grab this to put some housing for the people in the city of Lancaster they are desperate there's more and more homeless people out there so I don't thi,and the city is in desperate need of a low-income subsidized housing and I don't think that HUD or the Housing Authority would be more than happy to grab this to put some housing for the people in the city of Lancaster they are desperate there's more and more homeless people out there so I don't thi
gemma-4-4b,"City Council Committee Meeting - April 1, 2025 [kplLo-BL1w0]",chunk_shifted,239,234,0,1,10714.3,SPEAKER_13,SPEAKER_13,"Councilor Arroyo, this date was chosen for a particular reason?","Councilor Arroyo, this date was chosen for a particular reason?"
ministral-8b,"City Council Committee Meeting - April 1, 2025 [kplLo-BL1w0]",chunk_identical,141,138,1,0,6870.76,SPEAKER_17,SPEAKER_17,"It will raise for the residents anyway, right?","It will raise for the residents anyway, right?"
ministral-8b,"City Council Committee Meeting - April 1, 2025 [kplLo-BL1w0]",text_differs,178,175,0,1,8048.11,SPEAKER_07,SPEAKER_07,we're not talking about that one yet okay okay yeah so I could just mention you had mentioned that people's ideas are in order to cut waste or cut funding or try to save as much are you using city residents workers skilled workers Thaddeus Stevens you know people that are actually and you know in th,"you had mentioned that people's ideas are in order to cut waste or cut funding or try to save as much are you using city residents workers skilled workers Thaddeus Stevens you know people that are actually and you know in the city that can do these for less costs in terms of looking for contractors,"
ministral-8b,"City Council Committee Meeting - April 1, 2025 [kplLo-BL1w0]",chunk_shifted,225,220,1,0,10073.87,SPEAKER_00,SPEAKER_00,um in reference even when we talked about the redevelopment authority when we're um they're taking people's homes they don't just give it to the they have a realtor that comes out to sell it and different people get to bid on it so keep that in mind so this is city property that we own,um in reference even when we talked about the redevelopment authority when we're um they're taking people's homes they don't just give it to the they have a realtor that comes out to sell it and different people get to bid on it so keep that in mind so this is city property that we own
ministral-8b,"City Council Committee Meeting - April 1, 2025 [kplLo-BL1w0]",chunk_shifted,226,221,1,0,10092.4,SPEAKER_07,SPEAKER_07,so I would keep that in mind yes and it is a competitive market um and there are a lot of programs not being used for first-time homebuyers and there are a lot of families that could use properties across the city that is being taken by bidders there's a reason why the city precluded this from or fr,so I would keep that in mind yes and it is a competitive market um and there are a lot of programs not being used for first-time homebuyers and there are a lot of families that could use properties across the city that is being taken by bidders there's a reason why the city precluded this from or fr
ministral-8b,"City Council Committee Meeting - April 1, 2025 [kplLo-BL1w0]",chunk_shifted,238,233,1,0,10695.66,SPEAKER_07,SPEAKER_07,"Just one quick question. November 18th through the 19th, is that like a marked date representing anything in the history of Puerto Rico that we can raise it on that date, or can you accept a more historical date?","Just one quick question. November 18th through the 19th, is that like a marked date representing anything in the history of Puerto Rico that we can raise it on that date, or can you accept a more historical date?"
phi-4,"City Council Committee Meeting - April 1, 2025 [kplLo-BL1w0]",chunk_identical,95,95,0,1,5403.16,SPEAKER_00,SPEAKER_00,understands everything that's going on but as I come to these meetings and I hear about these resolutions it makes me want to ask more questions at the last council meeting we are approved to go for pen best I think for nine million dollars is that correct no okay yeah it was nine point one thank yo,understands everything that's going on but as I come to these meetings and I hear about these resolutions it makes me want to ask more questions at the last council meeting we are approved to go for pen best I think for nine million dollars is that correct no okay yeah it was nine point one thank yo
phi-4,"City Council Committee Meeting - April 1, 2025 [kplLo-BL1w0]",chunk_shifted,109,107,1,0,5853.18,SPEAKER_06,SPEAKER_06,director campbell just to clarify my point there the the funds that we use to pay for our water property tax our property tax bill that's our water bill is that correct,director campbell just to clarify my point there the the funds that we use to pay for our water property tax our property tax bill that's our water bill is that correct
phi-4,"City Council Committee Meeting - April 1, 2025 [kplLo-BL1w0]",chunk_shifted,110,108,0,1,5863.66,SPEAKER_09,SPEAKER_09,the funds we pay for our water are rate payers right here so including those non-city residents so the the debt service that for funds that are borrowed to do capital work in the in the water,the funds we pay for our water are rate payers right here so including those non-city residents so the the debt service that for funds that are borrowed to do capital work in the in the water
phi-4,"City Council Committee Meeting - April 1, 2025 [kplLo-BL1w0]",chunk_shifted,111,109,0,1,5875.34,SPEAKER_14,SPEAKER_14,fund or the wastewater fund is paid for by those rates just for clarification,fund or the wastewater fund is paid for by those rates just for clarification
phi-4,"City Council Committee Meeting - April 1, 2025 [kplLo-BL1w0]",chunk_identical,118,115,1,0,6005.46,SPEAKER_14,SPEAKER_14,different and this is for the internal water service line inventory which is still the inventory is still taking place there hasn't been any replacement yet of the internal service line,different and this is for the internal water service line inventory which is still the inventory is still taking place there hasn't been any replacement yet of the internal service line
phi-4,"City Council Committee Meeting - April 1, 2025 [kplLo-BL1w0]",chunk_identical,119,116,1,0,6017.22,SPEAKER_09,SPEAKER_09,correct thank you just just as a reference one may want to look on at the list of projects because it's very easy to confuse one penvest application request with another there is a list of projects i believe it's currently on the the project the list of projects for which the capital budget is suppo,correct thank you just just as a reference one may want to look on at the list of projects because it's very easy to confuse one penvest application request with another there is a list of projects i believe it's currently on the the project the list of projects for which the capital budget is suppo
phi-4,"City Council Committee Meeting - April 1, 2025 [kplLo-BL1w0]",chunk_identical,122,119,1,0,6246.74,SPEAKER_14,SPEAKER_14,"Thank you, Director Campbell. Just a quick question. So the interim financing, is that being pursued due to the urgency of this particular project?","Thank you, Director Campbell. Just a quick question. So the interim financing, is that being pursued due to the urgency of this particular project?"
phi-4,"City Council Committee Meeting - April 1, 2025 [kplLo-BL1w0]",text_differs,178,175,1,0,8048.11,SPEAKER_07,SPEAKER_07,we're not talking about that one yet okay okay yeah so I could just mention you had mentioned that people's ideas are in order to cut waste or cut funding or try to save as much are you using city residents workers skilled workers Thaddeus Stevens you know people that are actually and you know in th,"you had mentioned that people's ideas are in order to cut waste or cut funding or try to save as much are you using city residents workers skilled workers Thaddeus Stevens you know people that are actually and you know in the city that can do these for less costs in terms of looking for contractors,"
phi-4,"City Council Committee Meeting - April 1, 2025 [kplLo-BL1w0]",chunk_identical,186,183,0,1,8539.35,SPEAKER_14,SPEAKER_14,and recreation master plan I just want to agree with mr. Campbell when he said,and recreation master plan I just want to agree with mr. Campbell when he said
phi-4,"City Council Committee Meeting - April 1, 2025 [kplLo-BL1w0]",chunk_identical,203,200,0,1,9454.6,SPEAKER_02,SPEAKER_02,great just for the next meeting if we could just have that yeah i think it's in the ordinance if,great just for the next meeting if we could just have that yeah i think it's in the ordinance if
phi-4,"City Council Committee Meeting - April 1, 2025 [kplLo-BL1w0]",chunk_shifted,219,214,1,0,9769.23,SPEAKER_03,SPEAKER_03,i guess i would just hope that we would still have the ability of the intention of what that property,i guess i would just hope that we would still have the ability of the intention of what that property
phi-4,"City Council Committee Meeting - April 1, 2025 [kplLo-BL1w0]",chunk_shifted,220,215,1,0,9774.27,SPEAKER_08,SPEAKER_08,becomes that's also through a whole zoning process and so um and that information that we've collected related to zoning uh for that particular parcel would be part of the sale and typically sales of properties in the city of langley lancaster are contingent have contingencies related to them gettin,becomes that's also through a whole zoning process and so um and that information that we've collected related to zoning uh for that particular parcel would be part of the sale and typically sales of properties in the city of langley lancaster are contingent have contingencies related to them gettin
phi-4,"City Council Committee Meeting - April 1, 2025 [kplLo-BL1w0]",chunk_shifted,221,216,1,0,9816.19,SPEAKER_03,SPEAKER_03,that is a very standard practice thank you and that answers some of my questions but i look,that is a very standard practice thank you and that answers some of my questions but i look
phi-4,"City Council Committee Meeting - April 1, 2025 [kplLo-BL1w0]",chunk_shifted,225,220,1,0,10073.87,SPEAKER_00,SPEAKER_00,um in reference even when we talked about the redevelopment authority when we're um they're taking people's homes they don't just give it to the they have a realtor that comes out to sell it and different people get to bid on it so keep that in mind so this is city property that we own,um in reference even when we talked about the redevelopment authority when we're um they're taking people's homes they don't just give it to the they have a realtor that comes out to sell it and different people get to bid on it so keep that in mind so this is city property that we own
phi-4,"City Council Committee Meeting - April 1, 2025 [kplLo-BL1w0]",chunk_shifted,226,221,1,0,10092.4,SPEAKER_07,SPEAKER_07,so I would keep that in mind yes and it is a competitive market um and there are a lot of programs not being used for first-time homebuyers and there are a lot of families that could use properties across the city that is being taken by bidders there's a reason why the city precluded this from or fr,so I would keep that in mind yes and it is a competitive market um and there are a lot of programs not being used for first-time homebuyers and there are a lot of families that could use properties across the city that is being taken by bidders there's a reason why the city precluded this from or fr
phi-4,"City Council Committee Meeting - April 1, 2025 [kplLo-BL1w0]",chunk_shifted,230,225,1,0,10321.48,SPEAKER_08,SPEAKER_08,weren't made aware of that at Planning Commission okay I will just say that you know we are planning to bring the first tranche and I think Councillor Mead reported on this as part of his transition committee report that we're going to plan to bring the first tranche if an admin code changes to coun,weren't made aware of that at Planning Commission okay I will just say that you know we are planning to bring the first tranche and I think Councillor Mead reported on this as part of his transition committee report that we're going to plan to bring the first tranche if an admin code changes to coun
phi-4,"City Council Committee Meeting - April 1, 2025 [kplLo-BL1w0]",chunk_shifted,231,226,1,0,10366.34,SPEAKER_01,SPEAKER_01,change the process just yet and pausing this three months we we need to have bigger community community conversation about the idea of changing these public processes thank you that's what we're,change the process just yet and pausing this three months we we need to have bigger community community conversation about the idea of changing these public processes thank you that's what we're
phi-4,"City Council Committee Meeting - April 1, 2025 [kplLo-BL1w0]",chunk_shifted,232,227,1,0,10378.57,SPEAKER_07,SPEAKER_07,"we're here for. Thank you. I just want to add, I just want to add real quickly, there are non-profit organizations such as churches, multiple, a substantial amount of churches throughout the city of Lancaster that could use that. That is true. And we could, and they're not being, I work with multipl","we're here for. Thank you. I just want to add, I just want to add real quickly, there are non-profit organizations such as churches, multiple, a substantial amount of churches throughout the city of Lancaster that could use that. That is true. And we could, and they're not being, I work with multipl"
phi-4,"City Council Committee Meeting - April 1, 2025 [kplLo-BL1w0]",chunk_shifted,239,234,0,1,10714.3,SPEAKER_13,SPEAKER_13,"Councilor Arroyo, this date was chosen for a particular reason?","Councilor Arroyo, this date was chosen for a particular reason?"
qwen3.5-9b-q6,"City Council Committee Meeting - April 1, 2025 [kplLo-BL1w0]",chunk_identical,29,29,1,0,1578.37,SPEAKER_02,SPEAKER_02,and I think we could present these as well I think these are presented on the website prior to council meetings and prepared for public availability hi I'm,and I think we could present these as well I think these are presented on the website prior to council meetings and prepared for public availability hi I'm
qwen3.5-9b-q6,"City Council Committee Meeting - April 1, 2025 [kplLo-BL1w0]",chunk_shifted,223,218,0,1,9839.89,SPEAKER_00,SPEAKER_00,"Yes, Darlene Bird. I think council needs to be very cautious in what they're doing. I think this goes under an administration code. I think to once you put that in place as one of the things you would be deciding is who has the authority to make those decisions. So if it becomes the administration, ","Yes, Darlene Bird. I think council needs to be very cautious in what they're doing. I think this goes under an administration code. I think to once you put that in place as one of the things you would be deciding is who has the authority to make those decisions. So if it becomes the administration, "
qwen3.5-9b-q6,"City Council Committee Meeting - April 1, 2025 [kplLo-BL1w0]",chunk_shifted,225,220,1,0,10073.87,SPEAKER_00,SPEAKER_00,um in reference even when we talked about the redevelopment authority when we're um they're taking people's homes they don't just give it to the they have a realtor that comes out to sell it and different people get to bid on it so keep that in mind so this is city property that we own,um in reference even when we talked about the redevelopment authority when we're um they're taking people's homes they don't just give it to the they have a realtor that comes out to sell it and different people get to bid on it so keep that in mind so this is city property that we own
qwen3.5-9b-q6,"City Council Committee Meeting - April 1, 2025 [kplLo-BL1w0]",chunk_shifted,226,221,1,0,10092.4,SPEAKER_07,SPEAKER_07,so I would keep that in mind yes and it is a competitive market um and there are a lot of programs not being used for first-time homebuyers and there are a lot of families that could use properties across the city that is being taken by bidders there's a reason why the city precluded this from or fr,so I would keep that in mind yes and it is a competitive market um and there are a lot of programs not being used for first-time homebuyers and there are a lot of families that could use properties across the city that is being taken by bidders there's a reason why the city precluded this from or fr
qwen3.5-9b-q6,"City Council Committee Meeting - April 1, 2025 [kplLo-BL1w0]",chunk_shifted,230,225,1,0,10321.48,SPEAKER_08,SPEAKER_08,weren't made aware of that at Planning Commission okay I will just say that you know we are planning to bring the first tranche and I think Councillor Mead reported on this as part of his transition committee report that we're going to plan to bring the first tranche if an admin code changes to coun,weren't made aware of that at Planning Commission okay I will just say that you know we are planning to bring the first tranche and I think Councillor Mead reported on this as part of his transition committee report that we're going to plan to bring the first tranche if an admin code changes to coun
qwen3.5-9b-q6,"City Council Committee Meeting - April 1, 2025 [kplLo-BL1w0]",chunk_shifted,231,226,1,0,10366.34,SPEAKER_01,SPEAKER_01,change the process just yet and pausing this three months we we need to have bigger community community conversation about the idea of changing these public processes thank you that's what we're,change the process just yet and pausing this three months we we need to have bigger community community conversation about the idea of changing these public processes thank you that's what we're
qwen3.5-9b-q6,"City Council Committee Meeting - April 1, 2025 [kplLo-BL1w0]",chunk_shifted,232,227,1,0,10378.57,SPEAKER_07,SPEAKER_07,"we're here for. Thank you. I just want to add, I just want to add real quickly, there are non-profit organizations such as churches, multiple, a substantial amount of churches throughout the city of Lancaster that could use that. That is true. And we could, and they're not being, I work with multipl","we're here for. Thank you. I just want to add, I just want to add real quickly, there are non-profit organizations such as churches, multiple, a substantial amount of churches throughout the city of Lancaster that could use that. That is true. And we could, and they're not being, I work with multipl"
qwen3.5-9b-q8,"City Council Committee Meeting - April 1, 2025 [kplLo-BL1w0]",chunk_identical,8,8,1,0,865.44,SPEAKER_05,SPEAKER_05,questions from the committee if I may come 30s I have just one question there was a I believe ten million dollar grants for cities that may want if they're struggling in some area and that was by governor Shapiro are you aware that are you looking into that grant at all yeah i'm not sure which grant,questions from the committee if I may come 30s I have just one question there was a I believe ten million dollar grants for cities that may want if they're struggling in some area and that was by governor Shapiro are you aware that are you looking into that grant at all yeah i'm not sure which grant
qwen3.5-9b-q8,"City Council Committee Meeting - April 1, 2025 [kplLo-BL1w0]",chunk_identical,29,29,1,0,1578.37,SPEAKER_02,SPEAKER_02,and I think we could present these as well I think these are presented on the website prior to council meetings and prepared for public availability hi I'm,and I think we could present these as well I think these are presented on the website prior to council meetings and prepared for public availability hi I'm
qwen3.5-9b-q8,"City Council Committee Meeting - April 1, 2025 [kplLo-BL1w0]",chunk_shifted,225,220,1,0,10073.87,SPEAKER_00,SPEAKER_00,um in reference even when we talked about the redevelopment authority when we're um they're taking people's homes they don't just give it to the they have a realtor that comes out to sell it and different people get to bid on it so keep that in mind so this is city property that we own,um in reference even when we talked about the redevelopment authority when we're um they're taking people's homes they don't just give it to the they have a realtor that comes out to sell it and different people get to bid on it so keep that in mind so this is city property that we own
qwen3.5-9b-q8,"City Council Committee Meeting - April 1, 2025 [kplLo-BL1w0]",chunk_shifted,226,221,1,0,10092.4,SPEAKER_07,SPEAKER_07,so I would keep that in mind yes and it is a competitive market um and there are a lot of programs not being used for first-time homebuyers and there are a lot of families that could use properties across the city that is being taken by bidders there's a reason why the city precluded this from or fr,so I would keep that in mind yes and it is a competitive market um and there are a lot of programs not being used for first-time homebuyers and there are a lot of families that could use properties across the city that is being taken by bidders there's a reason why the city precluded this from or fr
qwen3.5-9b-q8,"City Council Committee Meeting - April 1, 2025 [kplLo-BL1w0]",chunk_shifted,231,226,1,0,10366.34,SPEAKER_01,SPEAKER_01,change the process just yet and pausing this three months we we need to have bigger community community conversation about the idea of changing these public processes thank you that's what we're,change the process just yet and pausing this three months we we need to have bigger community community conversation about the idea of changing these public processes thank you that's what we're
qwen3.5-9b-q8,"City Council Committee Meeting - April 1, 2025 [kplLo-BL1w0]",chunk_shifted,232,227,1,0,10378.57,SPEAKER_07,SPEAKER_07,"we're here for. Thank you. I just want to add, I just want to add real quickly, there are non-profit organizations such as churches, multiple, a substantial amount of churches throughout the city of Lancaster that could use that. That is true. And we could, and they're not being, I work with multipl","we're here for. Thank you. I just want to add, I just want to add real quickly, there are non-profit organizations such as churches, multiple, a substantial amount of churches throughout the city of Lancaster that could use that. That is true. And we could, and they're not being, I work with multipl"
qwen3.5-9b-q8,"City Council Committee Meeting - April 1, 2025 [kplLo-BL1w0]",chunk_shifted,233,228,1,0,10405.31,SPEAKER_08,SPEAKER_08,away and at the same time I would say that we're also trying to pay for a lot of things this is a conversation about the future use of this parcel there there was no we sent it out to every housing organization in the city that had been doing work there were no proposals that came from any housing n,away and at the same time I would say that we're also trying to pay for a lot of things this is a conversation about the future use of this parcel there there was no we sent it out to every housing organization in the city that had been doing work there were no proposals that came from any housing n
qwen3.5-9b-q8,"City Council Committee Meeting - April 1, 2025 [kplLo-BL1w0]",chunk_shifted,234,229,1,0,10485.53,SPEAKER_07,SPEAKER_07,and the city is in desperate need of a low-income subsidized housing and I don't think that HUD or the Housing Authority would be more than happy to grab this to put some housing for the people in the city of Lancaster they are desperate there's more and more homeless people out there so I don't thi,and the city is in desperate need of a low-income subsidized housing and I don't think that HUD or the Housing Authority would be more than happy to grab this to put some housing for the people in the city of Lancaster they are desperate there's more and more homeless people out there so I don't thi
gemma-4-4b,"City Council Committee Meeting - August 11, 2025 [6DXgO59xzeU]",text_differs,28,28,1,0,1928.68,SPEAKER_15,SPEAKER_15,prepared for what i'm supposed to speak about that's okay oh yeah you can sit here see his eyeball on me back there hi i'm not here that often um the parking as you know the parking authority runs the violation parking program under a contract with the city parking authority is basically like a mana,eyeball on me back there hi i'm not here that often um the parking as you know the parking authority runs the violation parking program under a contract with the city parking authority is basically like a management company during the enforcement for meters street sweeping and residential permit par
ministral-8b,"City Council Committee Meeting - August 11, 2025 [6DXgO59xzeU]",text_differs,27,27,1,0,1911.51,SPEAKER_04,SPEAKER_04,would you mind coming to the mic so the public can who might be watching at home can um i'm not,would you mind coming to the mic so the public can who might be watching at home can um i'm not prepared for what i'm supposed to speak about that's okay oh yeah you can sit here see his
ministral-8b,"City Council Committee Meeting - August 11, 2025 [6DXgO59xzeU]",text_differs,28,28,0,1,1928.68,SPEAKER_15,SPEAKER_15,prepared for what i'm supposed to speak about that's okay oh yeah you can sit here see his eyeball on me back there hi i'm not here that often um the parking as you know the parking authority runs the violation parking program under a contract with the city parking authority is basically like a mana,eyeball on me back there hi i'm not here that often um the parking as you know the parking authority runs the violation parking program under a contract with the city parking authority is basically like a management company during the enforcement for meters street sweeping and residential permit par
phi-4,"City Council Committee Meeting - August 11, 2025 [6DXgO59xzeU]",text_differs,28,28,1,0,1928.68,SPEAKER_15,SPEAKER_15,prepared for what i'm supposed to speak about that's okay oh yeah you can sit here see his eyeball on me back there hi i'm not here that often um the parking as you know the parking authority runs the violation parking program under a contract with the city parking authority is basically like a mana,eyeball on me back there hi i'm not here that often um the parking as you know the parking authority runs the violation parking program under a contract with the city parking authority is basically like a management company during the enforcement for meters street sweeping and residential permit par
qwen3.5-9b-q6,"City Council Committee Meeting - August 11, 2025 [6DXgO59xzeU]",text_differs,28,28,0,1,1928.68,SPEAKER_15,SPEAKER_15,prepared for what i'm supposed to speak about that's okay oh yeah you can sit here see his eyeball on me back there hi i'm not here that often um the parking as you know the parking authority runs the violation parking program under a contract with the city parking authority is basically like a mana,eyeball on me back there hi i'm not here that often um the parking as you know the parking authority runs the violation parking program under a contract with the city parking authority is basically like a management company during the enforcement for meters street sweeping and residential permit par
qwen3.5-9b-q8,"City Council Committee Meeting - August 11, 2025 [6DXgO59xzeU]",text_differs,28,28,0,1,1928.68,SPEAKER_15,SPEAKER_15,prepared for what i'm supposed to speak about that's okay oh yeah you can sit here see his eyeball on me back there hi i'm not here that often um the parking as you know the parking authority runs the violation parking program under a contract with the city parking authority is basically like a mana,eyeball on me back there hi i'm not here that often um the parking as you know the parking authority runs the violation parking program under a contract with the city parking authority is basically like a management company during the enforcement for meters street sweeping and residential permit par
deepseek-r1-7b,"City Council Committee Meeting - July 15, 2025 [z0C4LoiIcxE]",chunk_shifted,45,47,1,0,1806.06,SPEAKER_08,SPEAKER_08,So it will be a part of what this body votes to approve.,So it will be a part of what this body votes to approve.
gemma-4-4b,"City Council Committee Meeting - July 15, 2025 [z0C4LoiIcxE]",chunk_shifted,48,50,0,1,1859.28,SPEAKER_07,SPEAKER_07,seated for a new mayor is seated i think it's extremely important so thank you for that are,seated for a new mayor is seated i think it's extremely important so thank you for that are
ministral-8b,"City Council Committee Meeting - July 15, 2025 [z0C4LoiIcxE]",chunk_shifted,48,50,1,0,1859.28,SPEAKER_07,SPEAKER_07,seated for a new mayor is seated i think it's extremely important so thank you for that are,seated for a new mayor is seated i think it's extremely important so thank you for that are
phi-4,"City Council Committee Meeting - July 15, 2025 [z0C4LoiIcxE]",chunk_shifted,11,11,0,1,929.6,SPEAKER_04,SPEAKER_04,question and I know I had either the section wrong or the article wrong yeah,question and I know I had either the section wrong or the article wrong yeah
phi-4,"City Council Committee Meeting - July 15, 2025 [z0C4LoiIcxE]",chunk_shifted,48,50,1,0,1859.28,SPEAKER_07,SPEAKER_07,seated for a new mayor is seated i think it's extremely important so thank you for that are,seated for a new mayor is seated i think it's extremely important so thank you for that are
qwen3.5-9b-q6,"City Council Committee Meeting - July 15, 2025 [z0C4LoiIcxE]",chunk_identical,38,38,0,1,1679.24,SPEAKER_01,SPEAKER_01,but to some earlier points made by people up on the day or rather at the table the charter is the bible and let me actually look up something in my three minutes. I could be wrong but I do believe that the charter can be amended through referendums so long as it's not affecting the government struct,but to some earlier points made by people up on the day or rather at the table the charter is the bible and let me actually look up something in my three minutes. I could be wrong but I do believe that the charter can be amended through referendums so long as it's not affecting the government struct
qwen3.5-9b-q8,"City Council Committee Meeting - July 15, 2025 [z0C4LoiIcxE]",chunk_identical,30,30,1,0,1436.78,SPEAKER_05,SPEAKER_05,that's that was that was really the basis of my question was kind of from like the policy side and like can we set policies that would affect future,that's that was that was really the basis of my question was kind of from like the policy side and like can we set policies that would affect future
qwen3.5-9b-q8,"City Council Committee Meeting - July 15, 2025 [z0C4LoiIcxE]",chunk_identical,31,31,1,0,1444.82,SPEAKER_03,SPEAKER_03,budgets yeah and I think the answer there is really you can't you can't directly control the subsequent budget you can only control the current one that being said you want to put policies in place that keep it that direct the administration on how to administer the budget ordinance on an annual bas,budgets yeah and I think the answer there is really you can't you can't directly control the subsequent budget you can only control the current one that being said you want to put policies in place that keep it that direct the administration on how to administer the budget ordinance on an annual bas
qwen3.5-9b-q8,"City Council Committee Meeting - July 15, 2025 [z0C4LoiIcxE]",chunk_identical,32,32,1,0,1502.68,SPEAKER_05,SPEAKER_05,"and and uh just my like my final piece of kind of where like my thought process was going on this You know, there's been a lot of talks about tax exemptions for low-income earners, and a question that did come into my mind was, you know, through the admin code, would we be able to exempt any future ","and and uh just my like my final piece of kind of where like my thought process was going on this You know, there's been a lot of talks about tax exemptions for low-income earners, and a question that did come into my mind was, you know, through the admin code, would we be able to exempt any future "
deepseek-r1-7b,"City Council Committee Meeting - June 2, 2025 [gyhG_Bp4bV4]",chunk_shifted,13,11,0,1,958.92,SPEAKER_03,SPEAKER_03,Thank you.,Thank you.
deepseek-r1-7b,"City Council Committee Meeting - June 2, 2025 [gyhG_Bp4bV4]",chunk_shifted,53,51,1,0,3013.18,SPEAKER_04,SPEAKER_04,All right. Please.,All right. Please.
deepseek-r1-7b,"City Council Committee Meeting - June 2, 2025 [gyhG_Bp4bV4]",chunk_shifted,87,85,0,1,5545.56,SPEAKER_03,SPEAKER_03,my report great thank you so much for doing that um and counselor med uh do you have a motion on,my report great thank you so much for doing that um and counselor med uh do you have a motion on
deepseek-r1-7b,"City Council Committee Meeting - June 2, 2025 [gyhG_Bp4bV4]",chunk_shifted,89,87,0,1,5560.52,SPEAKER_03,SPEAKER_03,second motion and a second any council comments on the resolution oh i'm so sorry oh this is committee the whole sorry i'm we're doing it first so we're all backwards um okay uh all those in favor of moving that to our next meeting any opposed thank you very much um our next resolution number 42 is ,second motion and a second any council comments on the resolution oh i'm so sorry oh this is committee the whole sorry i'm we're doing it first so we're all backwards um okay uh all those in favor of moving that to our next meeting any opposed thank you very much um our next resolution number 42 is 
deepseek-r1-7b,"City Council Committee Meeting - June 2, 2025 [gyhG_Bp4bV4]",chunk_shifted,94,92,0,1,5934.63,SPEAKER_12,SPEAKER_12,are there any questions from other members of the committee comments uh thank you marlisa for,are there any questions from other members of the committee comments uh thank you marlisa for
deepseek-r1-7b,"City Council Committee Meeting - June 2, 2025 [gyhG_Bp4bV4]",chunk_shifted,101,99,1,0,6127.45,SPEAKER_07,SPEAKER_07,I was going to say the only comment I would make is I think it might make sense to move all of these,I was going to say the only comment I would make is I think it might make sense to move all of these
deepseek-r1-7b,"City Council Committee Meeting - June 2, 2025 [gyhG_Bp4bV4]",chunk_shifted,102,100,1,0,6133.03,SPEAKER_12,SPEAKER_12,yeah at once. Okay so I'll make a motion to move those three nominations to our next council,yeah at once. Okay so I'll make a motion to move those three nominations to our next council
deepseek-r1-7b,"City Council Committee Meeting - June 2, 2025 [gyhG_Bp4bV4]",chunk_shifted,103,101,1,0,6140.4,SPEAKER_15,SPEAKER_15,meeting on June 10th. All in favor? Aye. I just wanted to add if I may counselor colleagues that we're very fortunate to have Lloyd Henry because he has a long time he's a retired firefighter Donald Palmer is a retired police chief and appreciation for Ms. Darby who regularly attends the civil servi,meeting on June 10th. All in favor? Aye. I just wanted to add if I may counselor colleagues that we're very fortunate to have Lloyd Henry because he has a long time he's a retired firefighter Donald Palmer is a retired police chief and appreciation for Ms. Darby who regularly attends the civil servi
deepseek-r1-7b,"City Council Committee Meeting - June 2, 2025 [gyhG_Bp4bV4]",chunk_shifted,106,104,0,1,6217.71,SPEAKER_05,SPEAKER_05,on our on we have two items on the agenda this evening the first being the review of the historical commission recommendation for 101 south queen is there anybody from the historical,on our on we have two items on the agenda this evening the first being the review of the historical commission recommendation for 101 south queen is there anybody from the historical
deepseek-r1-7b,"City Council Committee Meeting - June 2, 2025 [gyhG_Bp4bV4]",chunk_shifted,113,111,0,1,6529.08,SPEAKER_11,SPEAKER_11,there yeah i think there's i think that they're still waiting on land development and then we'll be working towards uh permit submission yes uh building permit submission in the next month,there yeah i think there's i think that they're still waiting on land development and then we'll be working towards uh permit submission yes uh building permit submission in the next month
deepseek-r1-7b,"City Council Committee Meeting - June 2, 2025 [gyhG_Bp4bV4]",chunk_shifted,132,130,0,1,6807.45,SPEAKER_03,SPEAKER_03,whole just to put a fine point on it director delfs the demolition and construction that we have before us were both deemed appropriate and meeting all the standards for the historical commission is that right yes that's correct make sure we all have that i'll have seen that in our,whole just to put a fine point on it director delfs the demolition and construction that we have before us were both deemed appropriate and meeting all the standards for the historical commission is that right yes that's correct make sure we all have that i'll have seen that in our
deepseek-r1-7b,"City Council Committee Meeting - June 2, 2025 [gyhG_Bp4bV4]",chunk_shifted,135,133,1,0,6873.63,SPEAKER_02,SPEAKER_02,in your inbox let's see madam mayor i think we send it to two ways and paper copies okay,in your inbox let's see madam mayor i think we send it to two ways and paper copies okay
deepseek-r1-7b,"City Council Committee Meeting - June 2, 2025 [gyhG_Bp4bV4]",chunk_shifted,136,134,1,0,6881.77,SPEAKER_05,SPEAKER_05,i haven't covered it all but we have the headlock paper technical difficulties will not hold us,i haven't covered it all but we have the headlock paper technical difficulties will not hold us
deepseek-r1-7b,"City Council Committee Meeting - June 2, 2025 [gyhG_Bp4bV4]",chunk_shifted,138,136,0,1,6897.93,SPEAKER_05,SPEAKER_05,it's also going to be up on the oh yeah like did you know i can also share there's more,it's also going to be up on the oh yeah like did you know i can also share there's more
deepseek-r1-7b,"City Council Committee Meeting - June 2, 2025 [gyhG_Bp4bV4]",chunk_shifted,139,137,0,1,6911.45,SPEAKER_03,SPEAKER_03,would you like a paper copy oh they got one great great thank you,would you like a paper copy oh they got one great great thank you
deepseek-r1-7b,"City Council Committee Meeting - June 2, 2025 [gyhG_Bp4bV4]",chunk_shifted,152,150,1,0,8109.02,SPEAKER_03,SPEAKER_03,agenda is the clerk's report confirming that you've submitted that in writing to all members council yes okay thank you very much then having reached the end of our agenda i will hear a motion to adjourn all in favor aye we're adjourned thank you everybody,agenda is the clerk's report confirming that you've submitted that in writing to all members council yes okay thank you very much then having reached the end of our agenda i will hear a motion to adjourn all in favor aye we're adjourned thank you everybody
gemma-4-4b,"City Council Committee Meeting - June 2, 2025 [gyhG_Bp4bV4]",chunk_shifted,10,8,1,0,844.32,SPEAKER_10,SPEAKER_10,"of being neutral okay that was sorry that's a little more concise yeah um during my tenure at Thaddeus Stevens, I ran and orchestrated or organized a program where we had to bring a lot of folks in to check out their ability to be biased in some of the decision-making pertaining to the college itsel","of being neutral okay that was sorry that's a little more concise yeah um during my tenure at Thaddeus Stevens, I ran and orchestrated or organized a program where we had to bring a lot of folks in to check out their ability to be biased in some of the decision-making pertaining to the college itsel"
gemma-4-4b,"City Council Committee Meeting - June 2, 2025 [gyhG_Bp4bV4]",chunk_shifted,14,12,0,1,962.76,SPEAKER_06,SPEAKER_06,"Thank you, Mr. Colbert, for being here with us this evening. How do you believe that integrity and honesty and elected officials can build community engagement and trust?","Thank you, Mr. Colbert, for being here with us this evening. How do you believe that integrity and honesty and elected officials can build community engagement and trust?"
gemma-4-4b,"City Council Committee Meeting - June 2, 2025 [gyhG_Bp4bV4]",chunk_shifted,24,22,1,0,1935.68,SPEAKER_01,SPEAKER_01,"yes currently i serve on the personnel committee of the odc or occupational development center of of Lancaster. I've learned a lot from them. I've learned that running a small nonprofit is not easy, and that you really do have to work with the community and build your, your base your resources in or","yes currently i serve on the personnel committee of the odc or occupational development center of of Lancaster. I've learned a lot from them. I've learned that running a small nonprofit is not easy, and that you really do have to work with the community and build your, your base your resources in or"
gemma-4-4b,"City Council Committee Meeting - June 2, 2025 [gyhG_Bp4bV4]",chunk_shifted,26,24,0,1,1969.96,SPEAKER_06,SPEAKER_06,Thank you for being here. Thank you. How do you believe that integrity and honesty and elected officials can help build trust and engagement in the community,Thank you for being here. Thank you. How do you believe that integrity and honesty and elected officials can help build trust and engagement in the community
gemma-4-4b,"City Council Committee Meeting - June 2, 2025 [gyhG_Bp4bV4]",chunk_shifted,29,27,1,0,2041.32,SPEAKER_01,SPEAKER_01,"So we can be commission regardless of a person's political power or connections. Oh, yeah, I think it comes from listening. Ultimately, we are a bunch of people with different opinions in a room. If it ever came to the point of needing to recuse myself, I would do that, but listening to different op","So we can be commission regardless of a person's political power or connections. Oh, yeah, I think it comes from listening. Ultimately, we are a bunch of people with different opinions in a room. If it ever came to the point of needing to recuse myself, I would do that, but listening to different op"
gemma-4-4b,"City Council Committee Meeting - June 2, 2025 [gyhG_Bp4bV4]",chunk_shifted,35,33,0,1,2303.01,SPEAKER_04,SPEAKER_04,Okay. Councilor Diaz. Thank you for coming. How do you see yourself holding accountability to the checks and balance needed for the city and fairness to our residents?,Okay. Councilor Diaz. Thank you for coming. How do you see yourself holding accountability to the checks and balance needed for the city and fairness to our residents?
gemma-4-4b,"City Council Committee Meeting - June 2, 2025 [gyhG_Bp4bV4]",chunk_shifted,36,34,1,0,2315.68,SPEAKER_00,SPEAKER_00,"Yeah. Well, as you could probably tell, like being in the fair trade world, the fairness is something that is something is very passionate i'm very passionate about um and uh kind of interestingly in my organization now we have a code of practice that we hold 200 uh small businesses to the united st","Yeah. Well, as you could probably tell, like being in the fair trade world, the fairness is something that is something is very passionate i'm very passionate about um and uh kind of interestingly in my organization now we have a code of practice that we hold 200 uh small businesses to the united st"
gemma-4-4b,"City Council Committee Meeting - June 2, 2025 [gyhG_Bp4bV4]",chunk_shifted,47,45,1,0,2634.92,SPEAKER_00,SPEAKER_00,yeah it's such a great question and it's also a very very difficult one to ensure but is the right question to be asking um i think certainly from my own individual standpoint um being very very mindful about my own presentation of my own power and privilege and white male you know old i've got gray,yeah it's such a great question and it's also a very very difficult one to ensure but is the right question to be asking um i think certainly from my own individual standpoint um being very very mindful about my own presentation of my own power and privilege and white male you know old i've got gray
gemma-4-4b,"City Council Committee Meeting - June 2, 2025 [gyhG_Bp4bV4]",chunk_shifted,63,61,1,0,4698.28,SPEAKER_08,SPEAKER_08,changed again nothing here is ever written in stone the only thing that's really written in stone is that you can't make any significant changes to the structure of government right within five years without doing another going through the same process we just went through correct that's that's writ,changed again nothing here is ever written in stone the only thing that's really written in stone is that you can't make any significant changes to the structure of government right within five years without doing another going through the same process we just went through correct that's that's writ
gemma-4-4b,"City Council Committee Meeting - June 2, 2025 [gyhG_Bp4bV4]",chunk_shifted,64,62,0,1,4723.68,SPEAKER_04,SPEAKER_04,on that topic counselors anything to add i have a question if i may for those that don't read english will there be translations for this group here no for anything that's going to be well i,on that topic counselors anything to add i have a question if i may for those that don't read english will there be translations for this group here no for anything that's going to be well i
gemma-4-4b,"City Council Committee Meeting - June 2, 2025 [gyhG_Bp4bV4]",chunk_shifted,67,65,0,1,4820.56,SPEAKER_04,SPEAKER_04,different language this just in case anybody comes forward and says why hasn't this been translated i will just direct them to you because you would be the one that would be responsible answering and being transparent to them because i'm sure it will come up yeah and and obviously we would,different language this just in case anybody comes forward and says why hasn't this been translated i will just direct them to you because you would be the one that would be responsible answering and being transparent to them because i'm sure it will come up yeah and and obviously we would
gemma-4-4b,"City Council Committee Meeting - June 2, 2025 [gyhG_Bp4bV4]",chunk_shifted,82,80,0,1,5323.1,SPEAKER_04,SPEAKER_04,"They're always different. I try, because I have a friend that she's a city council person in Minnesota, and we talk back and forth about the charter, and she goes, oh, my God, your charter is really crazy, and she would give me her feedback. So they're all different.","They're always different. I try, because I have a friend that she's a city council person in Minnesota, and we talk back and forth about the charter, and she goes, oh, my God, your charter is really crazy, and she would give me her feedback. So they're all different."
gemma-4-4b,"City Council Committee Meeting - June 2, 2025 [gyhG_Bp4bV4]",chunk_shifted,96,94,1,0,5946.9,SPEAKER_07,SPEAKER_07,there things that you feel like as far as what the city is doing and getting us both the street trees and shade trees but also just its overall tree canopy things of the city should do better or what maybe things that are that are going well yeah I,there things that you feel like as far as what the city is doing and getting us both the street trees and shade trees but also just its overall tree canopy things of the city should do better or what maybe things that are that are going well yeah I
gemma-4-4b,"City Council Committee Meeting - June 2, 2025 [gyhG_Bp4bV4]",chunk_shifted,99,97,1,0,6036.5,SPEAKER_03,SPEAKER_03,committee from council and the whole council thank you marley so thank you for being here i just wanted to make mention are you a nurse also thank you i appreciate that and thank you for being doing that what you do and then also being interested in chantries i just think that's,committee from council and the whole council thank you marley so thank you for being here i just wanted to make mention are you a nurse also thank you i appreciate that and thank you for being doing that what you do and then also being interested in chantries i just think that's
gemma-4-4b,"City Council Committee Meeting - June 2, 2025 [gyhG_Bp4bV4]",chunk_shifted,101,99,0,1,6127.45,SPEAKER_07,SPEAKER_07,I was going to say the only comment I would make is I think it might make sense to move all of these,I was going to say the only comment I would make is I think it might make sense to move all of these
gemma-4-4b,"City Council Committee Meeting - June 2, 2025 [gyhG_Bp4bV4]",chunk_shifted,107,105,1,0,6229.79,SPEAKER_09,SPEAKER_09,commission here to address that yes yes craig i'm happy to uh come and speak for a moment i also think uh it's ryan correct representing as a project architect too okay so you can both just,commission here to address that yes yes craig i'm happy to uh come and speak for a moment i also think uh it's ryan correct representing as a project architect too okay so you can both just
gemma-4-4b,"City Council Committee Meeting - June 2, 2025 [gyhG_Bp4bV4]",chunk_shifted,110,108,0,1,6417.04,SPEAKER_09,SPEAKER_09,so how are we going to get 21 munich's community in there i think um ryan if i might jump in i've got a few notes here and if i uh misstate it please uh correct me um you're right council craig it's not a particularly large uh property this has been one of the challenges for the redevelopment of the,so how are we going to get 21 munich's community in there i think um ryan if i might jump in i've got a few notes here and if i uh misstate it please uh correct me um you're right council craig it's not a particularly large uh property this has been one of the challenges for the redevelopment of the
ministral-8b,"City Council Committee Meeting - June 2, 2025 [gyhG_Bp4bV4]",chunk_shifted,10,8,1,0,844.32,SPEAKER_10,SPEAKER_10,"of being neutral okay that was sorry that's a little more concise yeah um during my tenure at Thaddeus Stevens, I ran and orchestrated or organized a program where we had to bring a lot of folks in to check out their ability to be biased in some of the decision-making pertaining to the college itsel","of being neutral okay that was sorry that's a little more concise yeah um during my tenure at Thaddeus Stevens, I ran and orchestrated or organized a program where we had to bring a lot of folks in to check out their ability to be biased in some of the decision-making pertaining to the college itsel"
ministral-8b,"City Council Committee Meeting - June 2, 2025 [gyhG_Bp4bV4]",chunk_shifted,12,10,0,1,923.38,SPEAKER_10,SPEAKER_10,"I served, I did a stint here in Lancaster on the Human Relations Commission. I think I served probably about one term on there. I think that was during, I would date myself, but it was early. And I was introduced to a lot of the things that will be impacting the city and some of the things that the ","I served, I did a stint here in Lancaster on the Human Relations Commission. I think I served probably about one term on there. I think that was during, I would date myself, but it was early. And I was introduced to a lot of the things that will be impacting the city and some of the things that the "
ministral-8b,"City Council Committee Meeting - June 2, 2025 [gyhG_Bp4bV4]",chunk_shifted,14,12,1,0,962.76,SPEAKER_06,SPEAKER_06,"Thank you, Mr. Colbert, for being here with us this evening. How do you believe that integrity and honesty and elected officials can build community engagement and trust?","Thank you, Mr. Colbert, for being here with us this evening. How do you believe that integrity and honesty and elected officials can build community engagement and trust?"
ministral-8b,"City Council Committee Meeting - June 2, 2025 [gyhG_Bp4bV4]",chunk_shifted,15,13,1,0,975.22,SPEAKER_10,SPEAKER_10,"It's paramount to building the trust, especially with the community. If you don't have integrity, you can't really accomplish anything. integrity uh will lead to you know holding the city administration city folks and everybody accountable to uh to the issues at hand or the ethical issues that may b","It's paramount to building the trust, especially with the community. If you don't have integrity, you can't really accomplish anything. integrity uh will lead to you know holding the city administration city folks and everybody accountable to uh to the issues at hand or the ethical issues that may b"
ministral-8b,"City Council Committee Meeting - June 2, 2025 [gyhG_Bp4bV4]",chunk_shifted,20,18,0,1,1800.33,SPEAKER_01,SPEAKER_01,fairness of to the residents good question um i think when it comes to accountability especially through an ethics commission it really comes through transparency and making sure that the ethics commission is transparent in the work it does whether it is reporting at a city council or publishing the,fairness of to the residents good question um i think when it comes to accountability especially through an ethics commission it really comes through transparency and making sure that the ethics commission is transparent in the work it does whether it is reporting at a city council or publishing the
ministral-8b,"City Council Committee Meeting - June 2, 2025 [gyhG_Bp4bV4]",chunk_shifted,27,25,1,0,1977.56,SPEAKER_01,SPEAKER_01,yeah um integrity um i think people like to think of it as you know making the right decision when nobody's looking um and i think that the ethical code of conduct or an ethical framework would help um develop trust uh with the community uh knowing that there is guidelines for decision making in the,yeah um integrity um i think people like to think of it as you know making the right decision when nobody's looking um and i think that the ethical code of conduct or an ethical framework would help um develop trust uh with the community uh knowing that there is guidelines for decision making in the
ministral-8b,"City Council Committee Meeting - June 2, 2025 [gyhG_Bp4bV4]",chunk_shifted,31,29,1,0,2075.35,SPEAKER_01,SPEAKER_01,"Absolutely. So in a former position that I held, I did hold a POA with the IRS, and once that position was done um ethically i had responsibility to end that poa and no longer represent the company so in that regard the ethics dilemma was resolved um i think there's other ethics dilemmas that i've n","Absolutely. So in a former position that I held, I did hold a POA with the IRS, and once that position was done um ethically i had responsibility to end that poa and no longer represent the company so in that regard the ethics dilemma was resolved um i think there's other ethics dilemmas that i've n"
ministral-8b,"City Council Committee Meeting - June 2, 2025 [gyhG_Bp4bV4]",chunk_shifted,36,34,1,0,2315.68,SPEAKER_00,SPEAKER_00,"Yeah. Well, as you could probably tell, like being in the fair trade world, the fairness is something that is something is very passionate i'm very passionate about um and uh kind of interestingly in my organization now we have a code of practice that we hold 200 uh small businesses to the united st","Yeah. Well, as you could probably tell, like being in the fair trade world, the fairness is something that is something is very passionate i'm very passionate about um and uh kind of interestingly in my organization now we have a code of practice that we hold 200 uh small businesses to the united st"
ministral-8b,"City Council Committee Meeting - June 2, 2025 [gyhG_Bp4bV4]",chunk_shifted,44,42,0,1,2556.09,SPEAKER_06,SPEAKER_06,council president thank you for being here this evening how do you believe that integrity and honesty and elected officials can build trust and engagement in the community yeah but um someone,council president thank you for being here this evening how do you believe that integrity and honesty and elected officials can build trust and engagement in the community yeah but um someone
ministral-8b,"City Council Committee Meeting - June 2, 2025 [gyhG_Bp4bV4]",chunk_shifted,45,43,1,0,2567.53,SPEAKER_00,SPEAKER_00,else just mentioned our current um political dialogue and um you know the tone right now is is really stark i think that in lancaster city um especially we have an opportunity to control what we have going in our community the integrity and trust that you all have and and lancaster elected officials,else just mentioned our current um political dialogue and um you know the tone right now is is really stark i think that in lancaster city um especially we have an opportunity to control what we have going in our community the integrity and trust that you all have and and lancaster elected officials
ministral-8b,"City Council Committee Meeting - June 2, 2025 [gyhG_Bp4bV4]",chunk_shifted,48,46,1,0,2734.73,SPEAKER_05,SPEAKER_05,thank you thank you that's okay hello hello could you tell us about a client when you had enough of a dilemma and i'm sorry oh my goodness i have so many and that i could share publicly,thank you thank you that's okay hello hello could you tell us about a client when you had enough of a dilemma and i'm sorry oh my goodness i have so many and that i could share publicly
ministral-8b,"City Council Committee Meeting - June 2, 2025 [gyhG_Bp4bV4]",chunk_shifted,49,47,1,0,2748.49,SPEAKER_00,SPEAKER_00,um yeah so yeah i've i've been in hr and training for a long time so i have lots of of examples where there were was a complaint an ethics complaint and then there was another a reaction to someone who was a part of that and oftentimes you know those conflicts which have a lot of experience unfortun,um yeah so yeah i've i've been in hr and training for a long time so i have lots of of examples where there were was a complaint an ethics complaint and then there was another a reaction to someone who was a part of that and oftentimes you know those conflicts which have a lot of experience unfortun
ministral-8b,"City Council Committee Meeting - June 2, 2025 [gyhG_Bp4bV4]",chunk_shifted,64,62,0,1,4723.68,SPEAKER_04,SPEAKER_04,on that topic counselors anything to add i have a question if i may for those that don't read english will there be translations for this group here no for anything that's going to be well i,on that topic counselors anything to add i have a question if i may for those that don't read english will there be translations for this group here no for anything that's going to be well i
ministral-8b,"City Council Committee Meeting - June 2, 2025 [gyhG_Bp4bV4]",chunk_shifted,67,65,1,0,4820.56,SPEAKER_04,SPEAKER_04,different language this just in case anybody comes forward and says why hasn't this been translated i will just direct them to you because you would be the one that would be responsible answering and being transparent to them because i'm sure it will come up yeah and and obviously we would,different language this just in case anybody comes forward and says why hasn't this been translated i will just direct them to you because you would be the one that would be responsible answering and being transparent to them because i'm sure it will come up yeah and and obviously we would
ministral-8b,"City Council Committee Meeting - June 2, 2025 [gyhG_Bp4bV4]",chunk_shifted,86,84,0,1,5519.88,SPEAKER_06,SPEAKER_06,uh yes um thank you council president um this is an annual resolution to recognize world refugee day of an immigrant heritage month which is june of 2025 and world refugee day is on june 20th and this resolution is just going to honor and recognize the contributions made by both our immigrant commun,uh yes um thank you council president um this is an annual resolution to recognize world refugee day of an immigrant heritage month which is june of 2025 and world refugee day is on june 20th and this resolution is just going to honor and recognize the contributions made by both our immigrant commun
ministral-8b,"City Council Committee Meeting - June 2, 2025 [gyhG_Bp4bV4]",chunk_shifted,97,95,1,0,5966.06,SPEAKER_13,SPEAKER_13,think that we could do change the traditional approach of just putting a single sidewalk street tree in to doing planting strips to doing cluster planting in areas where we're off the sidewalk a little bit uh and in that way create more habitat and more storm water reduction um i think that there co,think that we could do change the traditional approach of just putting a single sidewalk street tree in to doing planting strips to doing cluster planting in areas where we're off the sidewalk a little bit uh and in that way create more habitat and more storm water reduction um i think that there co
ministral-8b,"City Council Committee Meeting - June 2, 2025 [gyhG_Bp4bV4]",chunk_shifted,109,107,0,1,6258.48,SPEAKER_11,SPEAKER_11,just a little bit about the project um my name is ryan griffith i'm the president of cornerstone design architects we are working with brentwood builders with our client and the developer for the property um this was the property was a it was a it's a historic hotel um but it was a blighted property,just a little bit about the project um my name is ryan griffith i'm the president of cornerstone design architects we are working with brentwood builders with our client and the developer for the property um this was the property was a it was a it's a historic hotel um but it was a blighted property
ministral-8b,"City Council Committee Meeting - June 2, 2025 [gyhG_Bp4bV4]",chunk_shifted,112,110,1,0,6486.98,SPEAKER_09,SPEAKER_09,okay great yes uh and i thought ryan described very well that there's just a small portion of the building that requires demolition but as a whole this historic asset is being preserved the historical commission did recommend approval I don't believe it was controversial in any way that's why we don,okay great yes uh and i thought ryan described very well that there's just a small portion of the building that requires demolition but as a whole this historic asset is being preserved the historical commission did recommend approval I don't believe it was controversial in any way that's why we don
phi-4,"City Council Committee Meeting - June 2, 2025 [gyhG_Bp4bV4]",chunk_shifted,14,12,1,0,962.76,SPEAKER_06,SPEAKER_06,"Thank you, Mr. Colbert, for being here with us this evening. How do you believe that integrity and honesty and elected officials can build community engagement and trust?","Thank you, Mr. Colbert, for being here with us this evening. How do you believe that integrity and honesty and elected officials can build community engagement and trust?"
phi-4,"City Council Committee Meeting - June 2, 2025 [gyhG_Bp4bV4]",chunk_shifted,19,17,1,0,1794.65,SPEAKER_04,SPEAKER_04,so how do you see yourself holding accountability to checks and balance needed for the city and the,so how do you see yourself holding accountability to checks and balance needed for the city and the
phi-4,"City Council Committee Meeting - June 2, 2025 [gyhG_Bp4bV4]",chunk_shifted,29,27,1,0,2041.32,SPEAKER_01,SPEAKER_01,"So we can be commission regardless of a person's political power or connections. Oh, yeah, I think it comes from listening. Ultimately, we are a bunch of people with different opinions in a room. If it ever came to the point of needing to recuse myself, I would do that, but listening to different op","So we can be commission regardless of a person's political power or connections. Oh, yeah, I think it comes from listening. Ultimately, we are a bunch of people with different opinions in a room. If it ever came to the point of needing to recuse myself, I would do that, but listening to different op"
phi-4,"City Council Committee Meeting - June 2, 2025 [gyhG_Bp4bV4]",chunk_shifted,31,29,1,0,2075.35,SPEAKER_01,SPEAKER_01,"Absolutely. So in a former position that I held, I did hold a POA with the IRS, and once that position was done um ethically i had responsibility to end that poa and no longer represent the company so in that regard the ethics dilemma was resolved um i think there's other ethics dilemmas that i've n","Absolutely. So in a former position that I held, I did hold a POA with the IRS, and once that position was done um ethically i had responsibility to end that poa and no longer represent the company so in that regard the ethics dilemma was resolved um i think there's other ethics dilemmas that i've n"
phi-4,"City Council Committee Meeting - June 2, 2025 [gyhG_Bp4bV4]",chunk_shifted,33,31,0,1,2213.42,SPEAKER_00,SPEAKER_00,"Mayor, Madam President, Council Members, I'm really honored to be here and also really enjoyed hearing the interviews of the other candidates. My name is Chris Solt. I was born and raised in Vermont. I actually grew up in Burlington, Vermont, which I'll get back to next very quickly. Then I moved to","Mayor, Madam President, Council Members, I'm really honored to be here and also really enjoyed hearing the interviews of the other candidates. My name is Chris Solt. I was born and raised in Vermont. I actually grew up in Burlington, Vermont, which I'll get back to next very quickly. Then I moved to"
phi-4,"City Council Committee Meeting - June 2, 2025 [gyhG_Bp4bV4]",chunk_shifted,36,34,1,0,2315.68,SPEAKER_00,SPEAKER_00,"Yeah. Well, as you could probably tell, like being in the fair trade world, the fairness is something that is something is very passionate i'm very passionate about um and uh kind of interestingly in my organization now we have a code of practice that we hold 200 uh small businesses to the united st","Yeah. Well, as you could probably tell, like being in the fair trade world, the fairness is something that is something is very passionate i'm very passionate about um and uh kind of interestingly in my organization now we have a code of practice that we hold 200 uh small businesses to the united st"
phi-4,"City Council Committee Meeting - June 2, 2025 [gyhG_Bp4bV4]",chunk_shifted,38,36,0,1,2390.56,SPEAKER_07,SPEAKER_07,"Thank you, Chris, for being here. I was going to ask how your personal beliefs, how do you avoid them interfering with your decision making? You kind of just spoke to that. So I'll ask, you know, how would you handle a situation where you know someone was the subject of an ethics complaint?","Thank you, Chris, for being here. I was going to ask how your personal beliefs, how do you avoid them interfering with your decision making? You kind of just spoke to that. So I'll ask, you know, how would you handle a situation where you know someone was the subject of an ethics complaint?"
phi-4,"City Council Committee Meeting - June 2, 2025 [gyhG_Bp4bV4]",chunk_shifted,47,45,1,0,2634.92,SPEAKER_00,SPEAKER_00,yeah it's such a great question and it's also a very very difficult one to ensure but is the right question to be asking um i think certainly from my own individual standpoint um being very very mindful about my own presentation of my own power and privilege and white male you know old i've got gray,yeah it's such a great question and it's also a very very difficult one to ensure but is the right question to be asking um i think certainly from my own individual standpoint um being very very mindful about my own presentation of my own power and privilege and white male you know old i've got gray
phi-4,"City Council Committee Meeting - June 2, 2025 [gyhG_Bp4bV4]",chunk_shifted,64,62,1,0,4723.68,SPEAKER_04,SPEAKER_04,on that topic counselors anything to add i have a question if i may for those that don't read english will there be translations for this group here no for anything that's going to be well i,on that topic counselors anything to add i have a question if i may for those that don't read english will there be translations for this group here no for anything that's going to be well i
phi-4,"City Council Committee Meeting - June 2, 2025 [gyhG_Bp4bV4]",chunk_shifted,73,71,0,1,5079.57,SPEAKER_06,SPEAKER_06,answered and i will say maybe even if we could um have some uh education to the public on the process and the timeline and if they could also ask questions in between directly to the administration so the meetings aren't getting bogged down with you know a question and answer,answered and i will say maybe even if we could um have some uh education to the public on the process and the timeline and if they could also ask questions in between directly to the administration so the meetings aren't getting bogged down with you know a question and answer
phi-4,"City Council Committee Meeting - June 2, 2025 [gyhG_Bp4bV4]",chunk_shifted,78,76,1,0,5213.25,SPEAKER_08,SPEAKER_08,in mind that you know i i don't like to sort of like say i need the time but in reality you're doing a lot of new things and you're under a new structure of government um and you may have a question that i literally don't have the answer to i will have to research and research doesn't happen in a da,in mind that you know i i don't like to sort of like say i need the time but in reality you're doing a lot of new things and you're under a new structure of government um and you may have a question that i literally don't have the answer to i will have to research and research doesn't happen in a da
phi-4,"City Council Committee Meeting - June 2, 2025 [gyhG_Bp4bV4]",chunk_shifted,79,77,1,0,5240.45,SPEAKER_03,SPEAKER_03,period to submit those questions also so that the public and members of council have time to,period to submit those questions also so that the public and members of council have time to
phi-4,"City Council Committee Meeting - June 2, 2025 [gyhG_Bp4bV4]",chunk_shifted,86,84,0,1,5519.88,SPEAKER_06,SPEAKER_06,uh yes um thank you council president um this is an annual resolution to recognize world refugee day of an immigrant heritage month which is june of 2025 and world refugee day is on june 20th and this resolution is just going to honor and recognize the contributions made by both our immigrant commun,uh yes um thank you council president um this is an annual resolution to recognize world refugee day of an immigrant heritage month which is june of 2025 and world refugee day is on june 20th and this resolution is just going to honor and recognize the contributions made by both our immigrant commun
phi-4,"City Council Committee Meeting - June 2, 2025 [gyhG_Bp4bV4]",chunk_shifted,90,88,1,0,5589.38,SPEAKER_05,SPEAKER_05,anything to share with us um not particularly um juneteenth is a relatively new holiday for most people but um in the african-american community it has been recognized for a very long time and um i'm just pleased that the city of lancaster has has um taken it upon themselves to recognize juneteenth ,anything to share with us um not particularly um juneteenth is a relatively new holiday for most people but um in the african-american community it has been recognized for a very long time and um i'm just pleased that the city of lancaster has has um taken it upon themselves to recognize juneteenth 
phi-4,"City Council Committee Meeting - June 2, 2025 [gyhG_Bp4bV4]",chunk_shifted,107,105,1,0,6229.79,SPEAKER_09,SPEAKER_09,commission here to address that yes yes craig i'm happy to uh come and speak for a moment i also think uh it's ryan correct representing as a project architect too okay so you can both just,commission here to address that yes yes craig i'm happy to uh come and speak for a moment i also think uh it's ryan correct representing as a project architect too okay so you can both just
phi-4,"City Council Committee Meeting - June 2, 2025 [gyhG_Bp4bV4]",chunk_shifted,109,107,1,0,6258.48,SPEAKER_11,SPEAKER_11,just a little bit about the project um my name is ryan griffith i'm the president of cornerstone design architects we are working with brentwood builders with our client and the developer for the property um this was the property was a it was a it's a historic hotel um but it was a blighted property,just a little bit about the project um my name is ryan griffith i'm the president of cornerstone design architects we are working with brentwood builders with our client and the developer for the property um this was the property was a it was a it's a historic hotel um but it was a blighted property
phi-4,"City Council Committee Meeting - June 2, 2025 [gyhG_Bp4bV4]",chunk_shifted,110,108,0,1,6417.04,SPEAKER_09,SPEAKER_09,so how are we going to get 21 munich's community in there i think um ryan if i might jump in i've got a few notes here and if i uh misstate it please uh correct me um you're right council craig it's not a particularly large uh property this has been one of the challenges for the redevelopment of the,so how are we going to get 21 munich's community in there i think um ryan if i might jump in i've got a few notes here and if i uh misstate it please uh correct me um you're right council craig it's not a particularly large uh property this has been one of the challenges for the redevelopment of the
phi-4,"City Council Committee Meeting - June 2, 2025 [gyhG_Bp4bV4]",chunk_shifted,116,114,0,1,6554.18,SPEAKER_11,SPEAKER_11,correct so the the original take on this or concept was that there would be nine units and a small speakeasy kind of bar restaurant um the reality was is that there wasn't a great way to fit that in and yeah still get units in there um and the bigger reality and the more important thing is that ther,correct so the the original take on this or concept was that there would be nine units and a small speakeasy kind of bar restaurant um the reality was is that there wasn't a great way to fit that in and yeah still get units in there um and the bigger reality and the more important thing is that ther
phi-4,"City Council Committee Meeting - June 2, 2025 [gyhG_Bp4bV4]",chunk_shifted,127,125,0,1,6706.01,SPEAKER_06,SPEAKER_06,these be like one to two bedroom layouts with you know diet kitchens and it is yeah yeah so,these be like one to two bedroom layouts with you know diet kitchens and it is yeah yeah so
phi-4,"City Council Committee Meeting - June 2, 2025 [gyhG_Bp4bV4]",chunk_shifted,128,126,0,1,6712.77,SPEAKER_11,SPEAKER_11,kitchenette light is kind of how it is and it is it is really it's someplace where if you could see yourself maybe visiting Lancaster for a week right and seeing the sights or being here on business or being here for a wedding or whatever that might be that it can be like kind of a touchdown space f,kitchenette light is kind of how it is and it is it is really it's someplace where if you could see yourself maybe visiting Lancaster for a week right and seeing the sights or being here on business or being here for a wedding or whatever that might be that it can be like kind of a touchdown space f
phi-4,"City Council Committee Meeting - June 2, 2025 [gyhG_Bp4bV4]",chunk_shifted,145,143,1,0,7906.8,SPEAKER_02,SPEAKER_02,"comment on that? Have we had to make compromises? Yeah, I think from year to year, if we have had vacancies in one year, then that money would carry forward. And as long as we are administering the programs this cut was not any greater in fact it's a little bit less than we were anticipating yeah so","comment on that? Have we had to make compromises? Yeah, I think from year to year, if we have had vacancies in one year, then that money would carry forward. And as long as we are administering the programs this cut was not any greater in fact it's a little bit less than we were anticipating yeah so"
qwen3.5-9b-q6,"City Council Committee Meeting - June 2, 2025 [gyhG_Bp4bV4]",chunk_shifted,12,10,1,0,923.38,SPEAKER_10,SPEAKER_10,"I served, I did a stint here in Lancaster on the Human Relations Commission. I think I served probably about one term on there. I think that was during, I would date myself, but it was early. And I was introduced to a lot of the things that will be impacting the city and some of the things that the ","I served, I did a stint here in Lancaster on the Human Relations Commission. I think I served probably about one term on there. I think that was during, I would date myself, but it was early. And I was introduced to a lot of the things that will be impacting the city and some of the things that the "
qwen3.5-9b-q6,"City Council Committee Meeting - June 2, 2025 [gyhG_Bp4bV4]",chunk_shifted,14,12,1,0,962.76,SPEAKER_06,SPEAKER_06,"Thank you, Mr. Colbert, for being here with us this evening. How do you believe that integrity and honesty and elected officials can build community engagement and trust?","Thank you, Mr. Colbert, for being here with us this evening. How do you believe that integrity and honesty and elected officials can build community engagement and trust?"
qwen3.5-9b-q6,"City Council Committee Meeting - June 2, 2025 [gyhG_Bp4bV4]",chunk_shifted,18,16,0,1,1763.71,SPEAKER_01,SPEAKER_01,proactively guide city officials on how to make good decisions that reflect the values of justice diversity transparency and community benefit considering both the intended and unintended impacts of the decisions we make and the desires that our residents have for their communities so that's what re,proactively guide city officials on how to make good decisions that reflect the values of justice diversity transparency and community benefit considering both the intended and unintended impacts of the decisions we make and the desires that our residents have for their communities so that's what re
qwen3.5-9b-q6,"City Council Committee Meeting - June 2, 2025 [gyhG_Bp4bV4]",chunk_shifted,24,22,1,0,1935.68,SPEAKER_01,SPEAKER_01,"yes currently i serve on the personnel committee of the odc or occupational development center of of Lancaster. I've learned a lot from them. I've learned that running a small nonprofit is not easy, and that you really do have to work with the community and build your, your base your resources in or","yes currently i serve on the personnel committee of the odc or occupational development center of of Lancaster. I've learned a lot from them. I've learned that running a small nonprofit is not easy, and that you really do have to work with the community and build your, your base your resources in or"
qwen3.5-9b-q6,"City Council Committee Meeting - June 2, 2025 [gyhG_Bp4bV4]",chunk_shifted,27,25,0,1,1977.56,SPEAKER_01,SPEAKER_01,yeah um integrity um i think people like to think of it as you know making the right decision when nobody's looking um and i think that the ethical code of conduct or an ethical framework would help um develop trust uh with the community uh knowing that there is guidelines for decision making in the,yeah um integrity um i think people like to think of it as you know making the right decision when nobody's looking um and i think that the ethical code of conduct or an ethical framework would help um develop trust uh with the community uh knowing that there is guidelines for decision making in the
qwen3.5-9b-q6,"City Council Committee Meeting - June 2, 2025 [gyhG_Bp4bV4]",chunk_shifted,28,26,0,1,2027.4,SPEAKER_12,SPEAKER_12,"Thank you. Thank you. Thank you for being here tonight. How will you ensure that your decisions, your decisions are consistent across cases?","Thank you. Thank you. Thank you for being here tonight. How will you ensure that your decisions, your decisions are consistent across cases?"
qwen3.5-9b-q6,"City Council Committee Meeting - June 2, 2025 [gyhG_Bp4bV4]",chunk_shifted,31,29,1,0,2075.35,SPEAKER_01,SPEAKER_01,"Absolutely. So in a former position that I held, I did hold a POA with the IRS, and once that position was done um ethically i had responsibility to end that poa and no longer represent the company so in that regard the ethics dilemma was resolved um i think there's other ethics dilemmas that i've n","Absolutely. So in a former position that I held, I did hold a POA with the IRS, and once that position was done um ethically i had responsibility to end that poa and no longer represent the company so in that regard the ethics dilemma was resolved um i think there's other ethics dilemmas that i've n"
qwen3.5-9b-q6,"City Council Committee Meeting - June 2, 2025 [gyhG_Bp4bV4]",chunk_shifted,35,33,0,1,2303.01,SPEAKER_04,SPEAKER_04,Okay. Councilor Diaz. Thank you for coming. How do you see yourself holding accountability to the checks and balance needed for the city and fairness to our residents?,Okay. Councilor Diaz. Thank you for coming. How do you see yourself holding accountability to the checks and balance needed for the city and fairness to our residents?
qwen3.5-9b-q6,"City Council Committee Meeting - June 2, 2025 [gyhG_Bp4bV4]",chunk_shifted,47,45,1,0,2634.92,SPEAKER_00,SPEAKER_00,yeah it's such a great question and it's also a very very difficult one to ensure but is the right question to be asking um i think certainly from my own individual standpoint um being very very mindful about my own presentation of my own power and privilege and white male you know old i've got gray,yeah it's such a great question and it's also a very very difficult one to ensure but is the right question to be asking um i think certainly from my own individual standpoint um being very very mindful about my own presentation of my own power and privilege and white male you know old i've got gray
qwen3.5-9b-q6,"City Council Committee Meeting - June 2, 2025 [gyhG_Bp4bV4]",chunk_shifted,109,107,1,0,6258.48,SPEAKER_11,SPEAKER_11,just a little bit about the project um my name is ryan griffith i'm the president of cornerstone design architects we are working with brentwood builders with our client and the developer for the property um this was the property was a it was a it's a historic hotel um but it was a blighted property,just a little bit about the project um my name is ryan griffith i'm the president of cornerstone design architects we are working with brentwood builders with our client and the developer for the property um this was the property was a it was a it's a historic hotel um but it was a blighted property
qwen3.5-9b-q8,"City Council Committee Meeting - June 2, 2025 [gyhG_Bp4bV4]",chunk_shifted,12,10,1,0,923.38,SPEAKER_10,SPEAKER_10,"I served, I did a stint here in Lancaster on the Human Relations Commission. I think I served probably about one term on there. I think that was during, I would date myself, but it was early. And I was introduced to a lot of the things that will be impacting the city and some of the things that the ","I served, I did a stint here in Lancaster on the Human Relations Commission. I think I served probably about one term on there. I think that was during, I would date myself, but it was early. And I was introduced to a lot of the things that will be impacting the city and some of the things that the "
qwen3.5-9b-q8,"City Council Committee Meeting - June 2, 2025 [gyhG_Bp4bV4]",chunk_shifted,14,12,1,0,962.76,SPEAKER_06,SPEAKER_06,"Thank you, Mr. Colbert, for being here with us this evening. How do you believe that integrity and honesty and elected officials can build community engagement and trust?","Thank you, Mr. Colbert, for being here with us this evening. How do you believe that integrity and honesty and elected officials can build community engagement and trust?"
qwen3.5-9b-q8,"City Council Committee Meeting - June 2, 2025 [gyhG_Bp4bV4]",chunk_shifted,15,13,1,0,975.22,SPEAKER_10,SPEAKER_10,"It's paramount to building the trust, especially with the community. If you don't have integrity, you can't really accomplish anything. integrity uh will lead to you know holding the city administration city folks and everybody accountable to uh to the issues at hand or the ethical issues that may b","It's paramount to building the trust, especially with the community. If you don't have integrity, you can't really accomplish anything. integrity uh will lead to you know holding the city administration city folks and everybody accountable to uh to the issues at hand or the ethical issues that may b"
qwen3.5-9b-q8,"City Council Committee Meeting - June 2, 2025 [gyhG_Bp4bV4]",chunk_shifted,16,14,1,0,1013.96,SPEAKER_12,SPEAKER_12,thank you madam president um good evening paul thank you for your willingness to serve uh how will you ensure that your decisions are consistent across cases within the commission regardless of the person's political power or connections uh well i think you have to,thank you madam president um good evening paul thank you for your willingness to serve uh how will you ensure that your decisions are consistent across cases within the commission regardless of the person's political power or connections uh well i think you have to
qwen3.5-9b-q8,"City Council Committee Meeting - June 2, 2025 [gyhG_Bp4bV4]",chunk_shifted,17,15,1,0,1036.57,SPEAKER_10,SPEAKER_10,really be comfortable with uh your ability to understand the issues and to really analyze the issue and then like you said make sure that your your personal opinions and things but also,really be comfortable with uh your ability to understand the issues and to really analyze the issue and then like you said make sure that your your personal opinions and things but also
qwen3.5-9b-q8,"City Council Committee Meeting - June 2, 2025 [gyhG_Bp4bV4]",chunk_shifted,18,16,0,1,1763.71,SPEAKER_01,SPEAKER_01,proactively guide city officials on how to make good decisions that reflect the values of justice diversity transparency and community benefit considering both the intended and unintended impacts of the decisions we make and the desires that our residents have for their communities so that's what re,proactively guide city officials on how to make good decisions that reflect the values of justice diversity transparency and community benefit considering both the intended and unintended impacts of the decisions we make and the desires that our residents have for their communities so that's what re
qwen3.5-9b-q8,"City Council Committee Meeting - June 2, 2025 [gyhG_Bp4bV4]",chunk_shifted,24,22,1,0,1935.68,SPEAKER_01,SPEAKER_01,"yes currently i serve on the personnel committee of the odc or occupational development center of of Lancaster. I've learned a lot from them. I've learned that running a small nonprofit is not easy, and that you really do have to work with the community and build your, your base your resources in or","yes currently i serve on the personnel committee of the odc or occupational development center of of Lancaster. I've learned a lot from them. I've learned that running a small nonprofit is not easy, and that you really do have to work with the community and build your, your base your resources in or"
qwen3.5-9b-q8,"City Council Committee Meeting - June 2, 2025 [gyhG_Bp4bV4]",chunk_shifted,27,25,0,1,1977.56,SPEAKER_01,SPEAKER_01,yeah um integrity um i think people like to think of it as you know making the right decision when nobody's looking um and i think that the ethical code of conduct or an ethical framework would help um develop trust uh with the community uh knowing that there is guidelines for decision making in the,yeah um integrity um i think people like to think of it as you know making the right decision when nobody's looking um and i think that the ethical code of conduct or an ethical framework would help um develop trust uh with the community uh knowing that there is guidelines for decision making in the
qwen3.5-9b-q8,"City Council Committee Meeting - June 2, 2025 [gyhG_Bp4bV4]",chunk_shifted,28,26,0,1,2027.4,SPEAKER_12,SPEAKER_12,"Thank you. Thank you. Thank you for being here tonight. How will you ensure that your decisions, your decisions are consistent across cases?","Thank you. Thank you. Thank you for being here tonight. How will you ensure that your decisions, your decisions are consistent across cases?"
qwen3.5-9b-q8,"City Council Committee Meeting - June 2, 2025 [gyhG_Bp4bV4]",chunk_shifted,33,31,0,1,2213.42,SPEAKER_00,SPEAKER_00,"Mayor, Madam President, Council Members, I'm really honored to be here and also really enjoyed hearing the interviews of the other candidates. My name is Chris Solt. I was born and raised in Vermont. I actually grew up in Burlington, Vermont, which I'll get back to next very quickly. Then I moved to","Mayor, Madam President, Council Members, I'm really honored to be here and also really enjoyed hearing the interviews of the other candidates. My name is Chris Solt. I was born and raised in Vermont. I actually grew up in Burlington, Vermont, which I'll get back to next very quickly. Then I moved to"
qwen3.5-9b-q8,"City Council Committee Meeting - June 2, 2025 [gyhG_Bp4bV4]",chunk_shifted,35,33,0,1,2303.01,SPEAKER_04,SPEAKER_04,Okay. Councilor Diaz. Thank you for coming. How do you see yourself holding accountability to the checks and balance needed for the city and fairness to our residents?,Okay. Councilor Diaz. Thank you for coming. How do you see yourself holding accountability to the checks and balance needed for the city and fairness to our residents?
qwen3.5-9b-q8,"City Council Committee Meeting - June 2, 2025 [gyhG_Bp4bV4]",chunk_shifted,37,35,0,1,2389.58,SPEAKER_03,SPEAKER_03,Councilor Hirsch.,Councilor Hirsch.
qwen3.5-9b-q8,"City Council Committee Meeting - June 2, 2025 [gyhG_Bp4bV4]",chunk_shifted,45,43,0,1,2567.53,SPEAKER_00,SPEAKER_00,else just mentioned our current um political dialogue and um you know the tone right now is is really stark i think that in lancaster city um especially we have an opportunity to control what we have going in our community the integrity and trust that you all have and and lancaster elected officials,else just mentioned our current um political dialogue and um you know the tone right now is is really stark i think that in lancaster city um especially we have an opportunity to control what we have going in our community the integrity and trust that you all have and and lancaster elected officials
qwen3.5-9b-q8,"City Council Committee Meeting - June 2, 2025 [gyhG_Bp4bV4]",chunk_shifted,46,44,0,1,2613.69,SPEAKER_12,SPEAKER_12,i mean it's really the biggest issue right thank you council clicks thank you council president thank you for being here tonight and uh how will you ensure that your decisions are consistently worst cases within the commission regardless of a person's political power or connections,i mean it's really the biggest issue right thank you council clicks thank you council president thank you for being here tonight and uh how will you ensure that your decisions are consistently worst cases within the commission regardless of a person's political power or connections
qwen3.5-9b-q6,"City Council Committee Meeting - May 5, 2025 [aG_PgLEdQ8s]",chunk_identical,39,39,0,1,2010.03,SPEAKER_06,SPEAKER_06,any questions from the public jose rivera honey block of corn my question is are we getting a new,any questions from the public jose rivera honey block of corn my question is are we getting a new
qwen3.5-9b-q6,"City Council Committee Meeting - May 5, 2025 [aG_PgLEdQ8s]",chunk_identical,40,40,0,1,2027.95,SPEAKER_11,SPEAKER_11,water station you know because that whole thing is like only 1800s for that particular um well yes all the tainted water and everything what they'll do is they'll expand the capacity for,water station you know because that whole thing is like only 1800s for that particular um well yes all the tainted water and everything what they'll do is they'll expand the capacity for
qwen3.5-9b-q6,"City Council Committee Meeting - May 5, 2025 [aG_PgLEdQ8s]",chunk_identical,41,41,0,1,2045.44,SPEAKER_06,SPEAKER_06,for that development but you're not fixing the main project the whole name,for that development but you're not fixing the main project the whole name
qwen3.5-9b-q6,"City Council Committee Meeting - May 5, 2025 [aG_PgLEdQ8s]",chunk_identical,66,66,0,1,2691.95,SPEAKER_09,SPEAKER_09,boards commissions or authorities they do not thank you and and just to be clear too the law already requires that a building inspector sit on the uh harb and on the historical commission,boards commissions or authorities they do not thank you and and just to be clear too the law already requires that a building inspector sit on the uh harb and on the historical commission
qwen3.5-9b-q6,"City Council Committee Meeting - May 5, 2025 [aG_PgLEdQ8s]",chunk_identical,67,67,0,1,2705.24,SPEAKER_06,SPEAKER_06,and is doing so currently correct thank you thank you jose rivera hundred block of corn now will you have decisions and making what if these historical buildings stay up or they come down just just for instance I mean I got what three minutes just like they're doing on what's that up here Prince Str,and is doing so currently correct thank you thank you jose rivera hundred block of corn now will you have decisions and making what if these historical buildings stay up or they come down just just for instance I mean I got what three minutes just like they're doing on what's that up here Prince Str
qwen3.5-9b-q6,"City Council Committee Meeting - May 5, 2025 [aG_PgLEdQ8s]",chunk_identical,68,68,0,1,2768.7,SPEAKER_02,SPEAKER_02,that's what i'm asking so this bill has nothing to do with specific or general decisions,that's what i'm asking so this bill has nothing to do with specific or general decisions
qwen3.5-9b-q6,"City Council Committee Meeting - October 6, 2025 [bubudvmIB_E]",chunk_identical,84,84,1,0,4830.45,SPEAKER_01,SPEAKER_01,one of the difficulties is we're done i would just go back to the comment why work continued work has not continued since we were notified of the issue so in august we were given permission to continue and carry on with interior work and non-visible work we have not done anything on that's front lem,one of the difficulties is we're done i would just go back to the comment why work continued work has not continued since we were notified of the issue so in august we were given permission to continue and carry on with interior work and non-visible work we have not done anything on that's front lem
qwen3.5-9b-q6,"City Council Committee Meeting - October 6, 2025 [bubudvmIB_E]",chunk_identical,85,85,1,0,4935.96,SPEAKER_30,SPEAKER_30,important to follow the historical commission's recommendations in order to preserve the historical,important to follow the historical commission's recommendations in order to preserve the historical
qwen3.5-9b-q6,"City Council Committee Meeting - October 6, 2025 [bubudvmIB_E]",chunk_identical,86,86,1,0,4944.84,SPEAKER_01,SPEAKER_01,aspects of the city's infrastructure and again i i do not dispute that i look at how we got to the eclectic block that this is where across the way we have distinctly different architecture on the bookends of the corner blocks it's an entirely different vernacular if you turn the corner uh we work o,aspects of the city's infrastructure and again i i do not dispute that i look at how we got to the eclectic block that this is where across the way we have distinctly different architecture on the bookends of the corner blocks it's an entirely different vernacular if you turn the corner uh we work o
qwen3.5-9b-q6,"City Council Committee Meeting - October 6, 2025 [bubudvmIB_E]",chunk_identical,114,114,1,0,6511.91,SPEAKER_11,SPEAKER_11,good evening everybody sorry for the delay i was looking for my speaker notes but we're going to go with plan b and use the hard copy instead um okay um well uh thank you for the opportunity uh to speak on this topic tonight i know there's been a lot of interest in data centers overall um and partic,good evening everybody sorry for the delay i was looking for my speaker notes but we're going to go with plan b and use the hard copy instead um okay um well uh thank you for the opportunity uh to speak on this topic tonight i know there's been a lot of interest in data centers overall um and partic
deepseek-r1-7b,"City Council Committee Meeting - September 2, 2025 [bNf9xj20-xg]",chunk_identical,61,61,1,0,3249.77,SPEAKER_05,SPEAKER_05,"good evening council good evening mayor this is a culmination of a two-year project that I've been working on with the Lancaster County Emergency Management Agency and fellow municipal leaders in emergency management to update the county hazard mitigation plan. The original plan was written in 2019,","good evening council good evening mayor this is a culmination of a two-year project that I've been working on with the Lancaster County Emergency Management Agency and fellow municipal leaders in emergency management to update the county hazard mitigation plan. The original plan was written in 2019,"
deepseek-r1-7b,"City Council Committee Meeting - September 2, 2025 [bNf9xj20-xg]",chunk_shifted,81,81,0,1,3739.63,SPEAKER_16,SPEAKER_16,counselor diaz to motions on the table to then which meeting to the second basically the meeting,counselor diaz to motions on the table to then which meeting to the second basically the meeting
gemma-4-4b,"City Council Committee Meeting - September 2, 2025 [bNf9xj20-xg]",chunk_identical,47,47,1,0,2972.26,SPEAKER_14,SPEAKER_14,council as a whole thank you council craig just also echoing so much gratitude for the work that anchor does and in particular the willingness to collaborate with other organizations in the city i think is really commendable and it shows you know that we can do a lot to meet a lot of need um and i t,council as a whole thank you council craig just also echoing so much gratitude for the work that anchor does and in particular the willingness to collaborate with other organizations in the city i think is really commendable and it shows you know that we can do a lot to meet a lot of need um and i t
gemma-4-4b,"City Council Committee Meeting - September 2, 2025 [bNf9xj20-xg]",chunk_identical,61,61,0,1,3249.77,SPEAKER_05,SPEAKER_05,"good evening council good evening mayor this is a culmination of a two-year project that I've been working on with the Lancaster County Emergency Management Agency and fellow municipal leaders in emergency management to update the county hazard mitigation plan. The original plan was written in 2019,","good evening council good evening mayor this is a culmination of a two-year project that I've been working on with the Lancaster County Emergency Management Agency and fellow municipal leaders in emergency management to update the county hazard mitigation plan. The original plan was written in 2019,"
gemma-4-4b,"City Council Committee Meeting - September 2, 2025 [bNf9xj20-xg]",chunk_identical,62,62,1,0,3417.3,SPEAKER_16,SPEAKER_16,thank you so much i do have a question for you would this be with the grants would that be in addition to the FEMA grants as well or is that all combined so there used to be,thank you so much i do have a question for you would this be with the grants would that be in addition to the FEMA grants as well or is that all combined so there used to be
ministral-8b,"City Council Committee Meeting - September 2, 2025 [bNf9xj20-xg]",chunk_identical,63,63,0,1,3430.73,SPEAKER_05,SPEAKER_05,two FEMA grants that we were eligible for one of the grant one of the grants is no longer active the grant that is still active is the hazard mitigation grant program it's centered around natural hazard resistance which is like earthquakes floods winter storms summer storms that kind of stuff so not,two FEMA grants that we were eligible for one of the grant one of the grants is no longer active the grant that is still active is the hazard mitigation grant program it's centered around natural hazard resistance which is like earthquakes floods winter storms summer storms that kind of stuff so not
ministral-8b,"City Council Committee Meeting - September 2, 2025 [bNf9xj20-xg]",chunk_identical,65,65,1,0,3476.84,SPEAKER_08,SPEAKER_08,presentation one question I had is what the county recently ending its partnership with the hazmat environmental fire rescue company does that have any thing to do with this proposal or is that going to affect the plan at all it's a good question so the,presentation one question I had is what the county recently ending its partnership with the hazmat environmental fire rescue company does that have any thing to do with this proposal or is that going to affect the plan at all it's a good question so the
ministral-8b,"City Council Committee Meeting - September 2, 2025 [bNf9xj20-xg]",chunk_identical,74,74,1,0,3645.31,SPEAKER_09,SPEAKER_09,feel free to forward me the email request that you sent to chief and i because i didn't receive it,feel free to forward me the email request that you sent to chief and i because i didn't receive it
ministral-8b,"City Council Committee Meeting - September 2, 2025 [bNf9xj20-xg]",chunk_identical,76,76,1,0,3659.46,SPEAKER_09,SPEAKER_09,chief mendez and and i would just qualify that if i may and until there's a meeting right you had requested a meeting with chief and i okay thank you thank you that would be all for public,chief mendez and and i would just qualify that if i may and until there's a meeting right you had requested a meeting with chief and i okay thank you thank you that would be all for public
phi-4,"City Council Committee Meeting - September 2, 2025 [bNf9xj20-xg]",chunk_identical,47,47,1,0,2972.26,SPEAKER_14,SPEAKER_14,council as a whole thank you council craig just also echoing so much gratitude for the work that anchor does and in particular the willingness to collaborate with other organizations in the city i think is really commendable and it shows you know that we can do a lot to meet a lot of need um and i t,council as a whole thank you council craig just also echoing so much gratitude for the work that anchor does and in particular the willingness to collaborate with other organizations in the city i think is really commendable and it shows you know that we can do a lot to meet a lot of need um and i t
phi-4,"City Council Committee Meeting - September 2, 2025 [bNf9xj20-xg]",chunk_identical,72,72,1,0,3631.79,SPEAKER_09,SPEAKER_09,chief mendez and i uh to have a discussion um per your comments at the last meeting i haven't,chief mendez and i uh to have a discussion um per your comments at the last meeting i haven't
phi-4,"City Council Committee Meeting - September 2, 2025 [bNf9xj20-xg]",chunk_identical,73,73,1,0,3637.87,SPEAKER_16,SPEAKER_16,received any response from you or or the chief but you're welcome to bring that forward uh please,received any response from you or or the chief but you're welcome to bring that forward uh please
phi-4,"City Council Committee Meeting - September 2, 2025 [bNf9xj20-xg]",chunk_identical,74,74,1,0,3645.31,SPEAKER_09,SPEAKER_09,feel free to forward me the email request that you sent to chief and i because i didn't receive it,feel free to forward me the email request that you sent to chief and i because i didn't receive it
phi-4,"City Council Committee Meeting - September 2, 2025 [bNf9xj20-xg]",chunk_identical,75,75,0,1,3650.27,SPEAKER_16,SPEAKER_16,thank you thank you then i will go ahead and hold this until we receive response from the mayor and,thank you thank you then i will go ahead and hold this until we receive response from the mayor and
qwen3.5-9b-q6,"City Council Committee Meeting - September 2, 2025 [bNf9xj20-xg]",chunk_identical,46,46,0,1,2941.41,SPEAKER_16,SPEAKER_16,committee i just want to thank you for your services for our community i know it's hard i've worked with a board of rescue mission i volunteer and to feed them that's about as far as i go but it's nice to talk to them and see where they're at in life and how they want to improve their life and these,committee i just want to thank you for your services for our community i know it's hard i've worked with a board of rescue mission i volunteer and to feed them that's about as far as i go but it's nice to talk to them and see where they're at in life and how they want to improve their life and these
qwen3.5-9b-q8,"City Council Committee Meeting - September 2, 2025 [bNf9xj20-xg]",chunk_identical,46,46,0,1,2941.41,SPEAKER_16,SPEAKER_16,committee i just want to thank you for your services for our community i know it's hard i've worked with a board of rescue mission i volunteer and to feed them that's about as far as i go but it's nice to talk to them and see where they're at in life and how they want to improve their life and these,committee i just want to thank you for your services for our community i know it's hard i've worked with a board of rescue mission i volunteer and to feed them that's about as far as i go but it's nice to talk to them and see where they're at in life and how they want to improve their life and these
deepseek-r1-14b,"City Council Meeting - April 29, 2025 [5N3AIQLoNPU]",text_differs,3,3,0,1,885.38,SPEAKER_08,SPEAKER_08,the 400 block of western avenue there has been a lot of outrage recently over the discrimination allegedly targeted a counselor diaz and let's be honest used as political propaganda to advance keller counselors oriel's memorial memorial campaign this outrage is not only hypocritical but completely c,a red light is what you're looking for thank you good evening my name is irene grievous on the 400 block of western avenue there has been a lot of outrage recently over the discrimination allegedly targeted a counselor diaz and let's be honest used as political propaganda to advance keller counselor
deepseek-r1-14b,"City Council Meeting - April 29, 2025 [5N3AIQLoNPU]",chunk_shifted,5,5,0,1,1072.88,SPEAKER_18,SPEAKER_18,um south queen street good evening good evening good evening to everyone and god bless everyone who is here today i'm uh reverend kevin polite the lead pastor of souls church incorporated of 415 south queen street lancaster city i want to thank you for the opportunity to address the board today in r,um south queen street good evening good evening good evening to everyone and god bless everyone who is here today i'm uh reverend kevin polite the lead pastor of souls church incorporated of 415 south queen street lancaster city i want to thank you for the opportunity to address the board today in r
deepseek-r1-14b,"City Council Meeting - April 29, 2025 [5N3AIQLoNPU]",chunk_identical,72,66,0,1,4490.0,SPEAKER_21,SPEAKER_21,south end street um i wasn't going to get up and speak but i think it's necessary i mean i've never been to a council meeting I've been coming to council meetings since 1989 and I've been here with a lot of mayors and a lot I've been here when we had split council democrats and republicans and this ,south end street um i wasn't going to get up and speak but i think it's necessary i mean i've never been to a council meeting I've been coming to council meetings since 1989 and I've been here with a lot of mayors and a lot I've been here when we had split council democrats and republicans and this 
deepseek-r1-14b,"City Council Meeting - April 29, 2025 [5N3AIQLoNPU]",chunk_identical,73,67,0,1,4596.88,SPEAKER_22,SPEAKER_22,thank you good evening daryl legacy 100 block of north mary again um i just want to make two points one i appreciate the statement of letting it happen at the ballot box and i i'm sure that counselor yes is not going to stand down so i think we're all going to have that so i think that's great that',thank you good evening daryl legacy 100 block of north mary again um i just want to make two points one i appreciate the statement of letting it happen at the ballot box and i i'm sure that counselor yes is not going to stand down so i think we're all going to have that so i think that's great that'
deepseek-r1-14b,"City Council Meeting - April 29, 2025 [5N3AIQLoNPU]",chunk_identical,74,68,0,1,4703.6,SPEAKER_03,SPEAKER_03,evening hello my name is taylor raymond i live on the 500 block of saint joseph street and i'm here for something not regarding ms diaz at all at previous meetings the administrative resolution 18 i was discussed regarding the disposition of certain police records we were told that it was just the p,evening hello my name is taylor raymond i live on the 500 block of saint joseph street and i'm here for something not regarding ms diaz at all at previous meetings the administrative resolution 18 i was discussed regarding the disposition of certain police records we were told that it was just the p
deepseek-r1-7b,"City Council Meeting - April 29, 2025 [5N3AIQLoNPU]",chunk_identical,66,60,1,0,4299.8,SPEAKER_16,SPEAKER_16,"While we know the bill given to me by Janet Diaz to adopt the Citizens Review Board, it has been opposed again by this mayor, along with other important issues Janet presented where none of you seconded.","While we know the bill given to me by Janet Diaz to adopt the Citizens Review Board, it has been opposed again by this mayor, along with other important issues Janet presented where none of you seconded."
deepseek-r1-7b,"City Council Meeting - April 29, 2025 [5N3AIQLoNPU]",chunk_identical,67,61,1,0,4317.84,SPEAKER_17,SPEAKER_17,Thank you.,Thank you.
deepseek-r1-7b,"City Council Meeting - April 29, 2025 [5N3AIQLoNPU]",chunk_identical,68,62,1,0,4318.7,SPEAKER_16,SPEAKER_16,"This is our reality. Ms. Gomez, thank you. Good night.","This is our reality. Ms. Gomez, thank you. Good night."
deepseek-r1-7b,"City Council Meeting - April 29, 2025 [5N3AIQLoNPU]",chunk_identical,76,70,0,1,4803.6,SPEAKER_17,SPEAKER_17,know your last name can you just say your full name oh yeah ashley martinez thank you appreciate,know your last name can you just say your full name oh yeah ashley martinez thank you appreciate
deepseek-r1-7b,"City Council Meeting - April 29, 2025 [5N3AIQLoNPU]",chunk_identical,85,79,1,0,5571.34,SPEAKER_17,SPEAKER_17,copied on these messages so you can go ahead and respond to ms jones okay thank you ms jones and,copied on these messages so you can go ahead and respond to ms jones okay thank you ms jones and
deepseek-r1-7b,"City Council Meeting - April 29, 2025 [5N3AIQLoNPU]",chunk_shifted,93,87,1,0,5919.34,SPEAKER_17,SPEAKER_17,Councilor Hirsch.,Councilor Hirsch.
deepseek-r1-7b,"City Council Meeting - April 29, 2025 [5N3AIQLoNPU]",text_differs,95,89,1,0,5988.57,SPEAKER_17,SPEAKER_17,additional council comments hearing done and having concluded the business of our meeting i'll hear a motion to adjourn motion to adjourn second give a motion and a second all in favor Aye. We're adjourned. Thank you.,additional council comments hearing done and having concluded the business of our meeting i'll hear a motion to adjourn motion to adjourn second give a motion and a second all in favor
ministral-8b,"City Council Meeting - April 29, 2025 [5N3AIQLoNPU]",chunk_shifted,5,5,0,1,1072.88,SPEAKER_18,SPEAKER_18,um south queen street good evening good evening good evening to everyone and god bless everyone who is here today i'm uh reverend kevin polite the lead pastor of souls church incorporated of 415 south queen street lancaster city i want to thank you for the opportunity to address the board today in r,um south queen street good evening good evening good evening to everyone and god bless everyone who is here today i'm uh reverend kevin polite the lead pastor of souls church incorporated of 415 south queen street lancaster city i want to thank you for the opportunity to address the board today in r
ministral-8b,"City Council Meeting - April 29, 2025 [5N3AIQLoNPU]",chunk_identical,86,80,1,0,5576.14,SPEAKER_23,SPEAKER_23,i did follow up with the administration um the mayor uh council president and director campbell uh director campbell did get back to me today and said that um he will get back to me on i did ask what was the status of the tickets um were there any um uh fines that were uh not waived but you know wer,i did follow up with the administration um the mayor uh council president and director campbell uh director campbell did get back to me today and said that um he will get back to me on i did ask what was the status of the tickets um were there any um uh fines that were uh not waived but you know wer
qwen3.5-9b-q6,"City Council Meeting - April 29, 2025 [5N3AIQLoNPU]",chunk_shifted,62,58,1,0,4107.89,SPEAKER_16,SPEAKER_16,"All right, okay. Go ahead. Good evening. I'm just gonna get right in and ask to, anyway. This country was based on lies, deception, and racism, my people especially, for over 400 years. And those in position are still looking down at us fortunate people to fill their deep pockets. So excuse me, guys","All right, okay. Go ahead. Good evening. I'm just gonna get right in and ask to, anyway. This country was based on lies, deception, and racism, my people especially, for over 400 years. And those in position are still looking down at us fortunate people to fill their deep pockets. So excuse me, guys"
deepseek-r1-14b,"City Council Meeting - April 8, 2025 [JNe8AGFZlIA]",chunk_shifted,86,87,0,1,3794.23,SPEAKER_07,SPEAKER_07,"Darlene Bird, Anne Street. Is this my understanding that this is bonds that we got and we didn't need them for projects that were completed, so this money is left over and now Council has the power to say where that money is spent?","Darlene Bird, Anne Street. Is this my understanding that this is bonds that we got and we didn't need them for projects that were completed, so this money is left over and now Council has the power to say where that money is spent?"
deepseek-r1-14b,"City Council Meeting - April 8, 2025 [JNe8AGFZlIA]",chunk_shifted,87,88,0,1,3814.49,SPEAKER_19,SPEAKER_19,so these are the 2018 general bonds yeah and some projects when they were completed may have some funds left over we are required them required to move them to other projects in the fund but they must stay for their stated use of the bond so they don't go anywhere else with the projects,so these are the 2018 general bonds yeah and some projects when they were completed may have some funds left over we are required them required to move them to other projects in the fund but they must stay for their stated use of the bond so they don't go anywhere else with the projects
deepseek-r1-14b,"City Council Meeting - April 8, 2025 [JNe8AGFZlIA]",chunk_shifted,88,89,0,1,3831.53,SPEAKER_07,SPEAKER_07,that were on the list that was already on the list correct thank you any additional comments,that were on the list that was already on the list correct thank you any additional comments
deepseek-r1-14b,"City Council Meeting - April 8, 2025 [JNe8AGFZlIA]",chunk_identical,186,183,1,0,6937.36,SPEAKER_18,SPEAKER_18,"results thank you yeah it's shameful to be up here at this podium when we didn't select this job, we ask that you represent the people for this position. It's shameful that we have to be looked at on a psychological standpoint, because you're used to psychologically digesting a patient. And things a","results thank you yeah it's shameful to be up here at this podium when we didn't select this job, we ask that you represent the people for this position. It's shameful that we have to be looked at on a psychological standpoint, because you're used to psychologically digesting a patient. And things a"
deepseek-r1-14b,"City Council Meeting - April 8, 2025 [JNe8AGFZlIA]",chunk_identical,187,184,1,0,6977.82,SPEAKER_19,SPEAKER_19,"I've been communicating with Ms. Berg and Director Campbell,","I've been communicating with Ms. Berg and Director Campbell,"
deepseek-r1-14b,"City Council Meeting - April 8, 2025 [JNe8AGFZlIA]",chunk_identical,188,185,1,0,6981.12,SPEAKER_18,SPEAKER_18,"Okay, well it's my time, so I wish Art Morris was here so I can just clearly state that has anyone ever seen the one-wheel bikers that are cross, go throughout our streets, that basically interfere with traffic, they run in and out of cars, I know you all seen them, it's one-wheel bike and there's a","Okay, well it's my time, so I wish Art Morris was here so I can just clearly state that has anyone ever seen the one-wheel bikers that are cross, go throughout our streets, that basically interfere with traffic, they run in and out of cars, I know you all seen them, it's one-wheel bike and there's a"
deepseek-r1-7b,"City Council Meeting - April 8, 2025 [JNe8AGFZlIA]",chunk_shifted,80,81,1,0,3693.34,SPEAKER_18,SPEAKER_18,Councilor President. Thank you very much.,Councilor President. Thank you very much.
deepseek-r1-7b,"City Council Meeting - April 8, 2025 [JNe8AGFZlIA]",chunk_shifted,83,84,1,0,3740.45,SPEAKER_20,SPEAKER_20,the City of Lancaster approving an amended capital project list to be funded by the proceeds of the City of Lancaster general obligation bonds,the City of Lancaster approving an amended capital project list to be funded by the proceeds of the City of Lancaster general obligation bonds
deepseek-r1-7b,"City Council Meeting - April 8, 2025 [JNe8AGFZlIA]",chunk_shifted,85,86,1,0,3785.09,SPEAKER_19,SPEAKER_19,Thank you very much. Any additional comments from Council? Comments from the public on the resolution?,Thank you very much. Any additional comments from Council? Comments from the public on the resolution?
deepseek-r1-7b,"City Council Meeting - April 8, 2025 [JNe8AGFZlIA]",chunk_shifted,97,98,0,1,3961.47,SPEAKER_20,SPEAKER_20,all right mr. Hirsch all right resolution number 26 2025 approving an amended capital project list to be funded by the proceeds of the city of Leicester general obligation bond series 2022 motion to approve second we have a,all right mr. Hirsch all right resolution number 26 2025 approving an amended capital project list to be funded by the proceeds of the city of Leicester general obligation bond series 2022 motion to approve second we have a
deepseek-r1-7b,"City Council Meeting - April 8, 2025 [JNe8AGFZlIA]",chunk_shifted,106,107,0,1,4222.27,SPEAKER_21,SPEAKER_21,hearing none mr harris mr mann aye mr roya aye mr cleese aye mr craig aye mr hirsch aye,hearing none mr harris mr mann aye mr roya aye mr cleese aye mr craig aye mr hirsch aye
deepseek-r1-7b,"City Council Meeting - April 8, 2025 [JNe8AGFZlIA]",chunk_shifted,117,118,1,0,4506.64,SPEAKER_19,SPEAKER_19,okay yes our rate payers may see an impact if this is a loan on a grant,okay yes our rate payers may see an impact if this is a loan on a grant
deepseek-r1-7b,"City Council Meeting - April 8, 2025 [JNe8AGFZlIA]",chunk_shifted,118,119,1,0,4513.56,SPEAKER_07,SPEAKER_07,let me just this question so I don't have to get up again and so the purpose of applying for two separate applications that reason is because I know we have an application fee why can't we not combine them both for one application for Penn Vest? I think it's just because of the nature of these two,let me just this question so I don't have to get up again and so the purpose of applying for two separate applications that reason is because I know we have an application fee why can't we not combine them both for one application for Penn Vest? I think it's just because of the nature of these two
deepseek-r1-7b,"City Council Meeting - April 8, 2025 [JNe8AGFZlIA]",chunk_shifted,147,146,0,1,5076.44,SPEAKER_19,SPEAKER_19,We talked about it at that time.,We talked about it at that time.
deepseek-r1-7b,"City Council Meeting - April 8, 2025 [JNe8AGFZlIA]",chunk_shifted,148,147,0,1,5077.46,SPEAKER_07,SPEAKER_07,So we're talking about maybe $90 million we will be borrowing and taxpayers will be footing that bill?,So we're talking about maybe $90 million we will be borrowing and taxpayers will be footing that bill?
deepseek-r1-7b,"City Council Meeting - April 8, 2025 [JNe8AGFZlIA]",chunk_shifted,149,148,0,1,5085.15,SPEAKER_19,SPEAKER_19,Rate payers in the water system?,Rate payers in the water system?
deepseek-r1-7b,"City Council Meeting - April 8, 2025 [JNe8AGFZlIA]",chunk_shifted,153,152,0,1,5231.94,SPEAKER_18,SPEAKER_18,mayor i'm listening to what you're saying you're talking about three different things but we are also talking about um funding that was uh available from to that to 2018 to 2022 that is being moved over into administrative projects or other other you know projects that could be used for purposes suc,mayor i'm listening to what you're saying you're talking about three different things but we are also talking about um funding that was uh available from to that to 2018 to 2022 that is being moved over into administrative projects or other other you know projects that could be used for purposes suc
deepseek-r1-7b,"City Council Meeting - April 8, 2025 [JNe8AGFZlIA]",chunk_shifted,154,153,0,1,5272.52,SPEAKER_19,SPEAKER_19,for that are you speaking about the what as far as the bonds yeah which you're gonna get her a copy of where that's going to we can't change the bond at the,for that are you speaking about the what as far as the bonds yeah which you're gonna get her a copy of where that's going to we can't change the bond at the
deepseek-r1-7b,"City Council Meeting - April 8, 2025 [JNe8AGFZlIA]",chunk_shifted,155,154,0,1,5286.36,SPEAKER_18,SPEAKER_18,allocations of those funds ministry but you could use it for some of that so,allocations of those funds ministry but you could use it for some of that so
deepseek-r1-7b,"City Council Meeting - April 8, 2025 [JNe8AGFZlIA]",chunk_identical,187,184,0,1,6977.82,SPEAKER_19,SPEAKER_19,"I've been communicating with Ms. Berg and Director Campbell,","I've been communicating with Ms. Berg and Director Campbell,"
deepseek-r1-7b,"City Council Meeting - April 8, 2025 [JNe8AGFZlIA]",chunk_identical,189,186,1,0,7169.8,SPEAKER_19,SPEAKER_19,much this is too much,much this is too much
gemma-4-4b,"City Council Meeting - April 8, 2025 [JNe8AGFZlIA]",chunk_shifted,82,83,0,1,3723.4,SPEAKER_21,SPEAKER_21,"Mr. Mayor, ah I say resolution number 25 2025 mr. Harris a resolution of the Council of","Mr. Mayor, ah I say resolution number 25 2025 mr. Harris a resolution of the Council of"
gemma-4-4b,"City Council Meeting - April 8, 2025 [JNe8AGFZlIA]",chunk_shifted,92,93,0,1,3902.53,SPEAKER_22,SPEAKER_22,project so that bond approved a series of projects within that right and which where are you going to,project so that bond approved a series of projects within that right and which where are you going to
gemma-4-4b,"City Council Meeting - April 8, 2025 [JNe8AGFZlIA]",chunk_shifted,93,94,1,0,3908.05,SPEAKER_07,SPEAKER_07,apply that 2 million point what was it 2 million point 3 or something and I'm asking what are those projects are they sewer and water projects or what projects are they they are sewer projects thank you there's a difference,apply that 2 million point what was it 2 million point 3 or something and I'm asking what are those projects are they sewer and water projects or what projects are they they are sewer projects thank you there's a difference
gemma-4-4b,"City Council Meeting - April 8, 2025 [JNe8AGFZlIA]",chunk_shifted,98,99,1,0,3986.74,SPEAKER_22,SPEAKER_22,motion and a second that's all right thank you this resolution for 20 or excuse me this resolution is similar to resolution number 25 um except this is for uh this pertains to the 2022 water fund um the adjustments total 5.3 million dollars thank you very much council,motion and a second that's all right thank you this resolution for 20 or excuse me this resolution is similar to resolution number 25 um except this is for uh this pertains to the 2022 water fund um the adjustments total 5.3 million dollars thank you very much council
gemma-4-4b,"City Council Meeting - April 8, 2025 [JNe8AGFZlIA]",chunk_shifted,100,101,0,1,4035.81,SPEAKER_07,SPEAKER_07,um so when when were these projects due to be completed because we're looking at 2018 bonds in 2022 so what project in 2018 was completed and we have money left over but we didn't use that money toward the 2022 when we took out bonds in the 2018 bond issue that we just addressed then on the 2022 lis,um so when when were these projects due to be completed because we're looking at 2018 bonds in 2022 so what project in 2018 was completed and we have money left over but we didn't use that money toward the 2022 when we took out bonds in the 2018 bond issue that we just addressed then on the 2022 lis
gemma-4-4b,"City Council Meeting - April 8, 2025 [JNe8AGFZlIA]",chunk_shifted,102,103,1,0,4090.38,SPEAKER_07,SPEAKER_07,just got completed in now in 2024 and we found out that this money is left over yes projects do take several years right and now okay let me ask you a little bit differently right i don't think you're following me so in 2018 we had projects that were we took out bonds for the sewer and those project,just got completed in now in 2024 and we found out that this money is left over yes projects do take several years right and now okay let me ask you a little bit differently right i don't think you're following me so in 2018 we had projects that were we took out bonds for the sewer and those project
gemma-4-4b,"City Council Meeting - April 8, 2025 [JNe8AGFZlIA]",chunk_shifted,116,117,1,0,4496.76,SPEAKER_07,SPEAKER_07,right so I mean I just want to clarify that because if we're getting a loan there is going to be a cost to the taxpayer I was going to pay right and,right so I mean I just want to clarify that because if we're getting a loan there is going to be a cost to the taxpayer I was going to pay right and
gemma-4-4b,"City Council Meeting - April 8, 2025 [JNe8AGFZlIA]",chunk_shifted,123,124,1,0,4577.04,SPEAKER_05,SPEAKER_05,"think that's the city is trying to do that because by focusing on specific neighborhoods where there's a high number of known service lines that need to be replaced, that those could be lumped together to exactly what you're saying, like reduce that amount of fees so we don't have to pay each time a","think that's the city is trying to do that because by focusing on specific neighborhoods where there's a high number of known service lines that need to be replaced, that those could be lumped together to exactly what you're saying, like reduce that amount of fees so we don't have to pay each time a"
gemma-4-4b,"City Council Meeting - April 8, 2025 [JNe8AGFZlIA]",chunk_shifted,132,131,1,0,4716.54,SPEAKER_17,SPEAKER_17,"Mr. Rauch just to say the city has been replacing lead laterals off the water lines for decades which is why we have so few the the new law that has been passed both accelerates the remaining replacement of those lead lines those laterals of which there are less than 1% out of the 50,000 lines that ","Mr. Rauch just to say the city has been replacing lead laterals off the water lines for decades which is why we have so few the the new law that has been passed both accelerates the remaining replacement of those lead lines those laterals of which there are less than 1% out of the 50,000 lines that "
gemma-4-4b,"City Council Meeting - April 8, 2025 [JNe8AGFZlIA]",chunk_shifted,150,149,1,0,5088.29,SPEAKER_07,SPEAKER_07,"Tax payers. Oh, rate payers will pay? The $90 million utility? Yes. Even for the PennVest loan? Correct. Okay, very good. Infrastructure is extremely expensive. I have learned this. It really is. And since we do have 10 years, and I did attend a water meeting that the Public Works Department put on,","Tax payers. Oh, rate payers will pay? The $90 million utility? Yes. Even for the PennVest loan? Correct. Okay, very good. Infrastructure is extremely expensive. I have learned this. It really is. And since we do have 10 years, and I did attend a water meeting that the Public Works Department put on,"
gemma-4-4b,"City Council Meeting - April 8, 2025 [JNe8AGFZlIA]",chunk_shifted,151,150,0,1,5186.98,SPEAKER_17,SPEAKER_17,talking about two different things i am so appreciative that you went to the combined sewer overflow meeting which i'm going to actually give in my talk about my mayor's report that is different than the 10-year timeline for the lead and copper rule so we're talking about three different things toni,talking about two different things i am so appreciative that you went to the combined sewer overflow meeting which i'm going to actually give in my talk about my mayor's report that is different than the 10-year timeline for the lead and copper rule so we're talking about three different things toni
gemma-4-4b,"City Council Meeting - April 8, 2025 [JNe8AGFZlIA]",chunk_shifted,153,152,1,0,5231.94,SPEAKER_18,SPEAKER_18,mayor i'm listening to what you're saying you're talking about three different things but we are also talking about um funding that was uh available from to that to 2018 to 2022 that is being moved over into administrative projects or other other you know projects that could be used for purposes suc,mayor i'm listening to what you're saying you're talking about three different things but we are also talking about um funding that was uh available from to that to 2018 to 2022 that is being moved over into administrative projects or other other you know projects that could be used for purposes suc
ministral-8b,"City Council Meeting - April 8, 2025 [JNe8AGFZlIA]",chunk_shifted,89,90,0,1,3838.03,SPEAKER_18,SPEAKER_18,from the public on the resolution so those um those funds are going into the sewer is that,from the public on the resolution so those um those funds are going into the sewer is that
ministral-8b,"City Council Meeting - April 8, 2025 [JNe8AGFZlIA]",chunk_shifted,90,91,0,1,3853.55,SPEAKER_22,SPEAKER_22,"that what you said? Sewer funds? 1.3 million? Yeah, these funds are specific to the sewer fund. So that's going to go on top of the 1.4 surplus and the 3.9 million? This is pertaining to the bond that was funding projects for the 2018 bond, which is separate than what was stated before in the budget","that what you said? Sewer funds? 1.3 million? Yeah, these funds are specific to the sewer fund. So that's going to go on top of the 1.4 surplus and the 3.9 million? This is pertaining to the bond that was funding projects for the 2018 bond, which is separate than what was stated before in the budget"
ministral-8b,"City Council Meeting - April 8, 2025 [JNe8AGFZlIA]",chunk_shifted,91,92,0,1,3883.57,SPEAKER_07,SPEAKER_07,clarification did you say that the funds are going to be used toward the sewer projects because that's what she asked and i didn't hear that that were approved in the 2018 we know and now that there are funds that are left over and you're going to put them where and what capital,clarification did you say that the funds are going to be used toward the sewer projects because that's what she asked and i didn't hear that that were approved in the 2018 we know and now that there are funds that are left over and you're going to put them where and what capital
ministral-8b,"City Council Meeting - April 8, 2025 [JNe8AGFZlIA]",chunk_shifted,116,117,0,1,4496.76,SPEAKER_07,SPEAKER_07,right so I mean I just want to clarify that because if we're getting a loan there is going to be a cost to the taxpayer I was going to pay right and,right so I mean I just want to clarify that because if we're getting a loan there is going to be a cost to the taxpayer I was going to pay right and
ministral-8b,"City Council Meeting - April 8, 2025 [JNe8AGFZlIA]",chunk_shifted,123,124,1,0,4577.04,SPEAKER_05,SPEAKER_05,"think that's the city is trying to do that because by focusing on specific neighborhoods where there's a high number of known service lines that need to be replaced, that those could be lumped together to exactly what you're saying, like reduce that amount of fees so we don't have to pay each time a","think that's the city is trying to do that because by focusing on specific neighborhoods where there's a high number of known service lines that need to be replaced, that those could be lumped together to exactly what you're saying, like reduce that amount of fees so we don't have to pay each time a"
ministral-8b,"City Council Meeting - April 8, 2025 [JNe8AGFZlIA]",chunk_shifted,133,132,0,1,4796.43,SPEAKER_18,SPEAKER_18,problem it's always been a problem and it's I'm sorry once it then when when is the deadline hearse no the deadline that you have we're already at the 10th year then no it's from now it starts any years from now yeah thank you miss,problem it's always been a problem and it's I'm sorry once it then when when is the deadline hearse no the deadline that you have we're already at the 10th year then no it's from now it starts any years from now yeah thank you miss
ministral-8b,"City Council Meeting - April 8, 2025 [JNe8AGFZlIA]",chunk_shifted,139,138,1,0,4969.45,SPEAKER_24,SPEAKER_24,"number 28 Thank you, Council President. I just want, maybe just questions for Director Campbell. The interim financing as well as the PennVest loan, we've looked at the budgetary impact it would have, and it is aligned with our projections.","number 28 Thank you, Council President. I just want, maybe just questions for Director Campbell. The interim financing as well as the PennVest loan, we've looked at the budgetary impact it would have, and it is aligned with our projections."
ministral-8b,"City Council Meeting - April 8, 2025 [JNe8AGFZlIA]",chunk_shifted,148,147,0,1,5077.46,SPEAKER_07,SPEAKER_07,So we're talking about maybe $90 million we will be borrowing and taxpayers will be footing that bill?,So we're talking about maybe $90 million we will be borrowing and taxpayers will be footing that bill?
ministral-8b,"City Council Meeting - April 8, 2025 [JNe8AGFZlIA]",chunk_shifted,149,148,0,1,5085.15,SPEAKER_19,SPEAKER_19,Rate payers in the water system?,Rate payers in the water system?
ministral-8b,"City Council Meeting - April 8, 2025 [JNe8AGFZlIA]",chunk_shifted,150,149,0,1,5088.29,SPEAKER_07,SPEAKER_07,"Tax payers. Oh, rate payers will pay? The $90 million utility? Yes. Even for the PennVest loan? Correct. Okay, very good. Infrastructure is extremely expensive. I have learned this. It really is. And since we do have 10 years, and I did attend a water meeting that the Public Works Department put on,","Tax payers. Oh, rate payers will pay? The $90 million utility? Yes. Even for the PennVest loan? Correct. Okay, very good. Infrastructure is extremely expensive. I have learned this. It really is. And since we do have 10 years, and I did attend a water meeting that the Public Works Department put on,"
ministral-8b,"City Council Meeting - April 8, 2025 [JNe8AGFZlIA]",chunk_shifted,156,155,1,0,5290.12,SPEAKER_17,SPEAKER_17,that the bond can decrease no that's not true you can't I think mr. Harris just mentioned that it's available on the website with the materials for the meeting. It lists the projects from 2018. That was for the sewer fund. Then there's the water fund. Those were projects from 2022. Those are project,that the bond can decrease no that's not true you can't I think mr. Harris just mentioned that it's available on the website with the materials for the meeting. It lists the projects from 2018. That was for the sewer fund. Then there's the water fund. Those were projects from 2022. Those are project
ministral-8b,"City Council Meeting - April 8, 2025 [JNe8AGFZlIA]",chunk_shifted,161,160,0,1,5420.2,SPEAKER_21,SPEAKER_21,mr. Harris,mr. Harris
ministral-8b,"City Council Meeting - April 8, 2025 [JNe8AGFZlIA]",chunk_identical,195,192,1,0,7355.4,SPEAKER_19,SPEAKER_19,chair because she don't belong there i would like to have a longer conversation about this but diana's just speaking generalities that i know it's very difficult to remove a municipal government member in the state of pennsylvania it's a state matter but um yes that's my short version of that answer,chair because she don't belong there i would like to have a longer conversation about this but diana's just speaking generalities that i know it's very difficult to remove a municipal government member in the state of pennsylvania it's a state matter but um yes that's my short version of that answer
ministral-8b,"City Council Meeting - April 8, 2025 [JNe8AGFZlIA]",chunk_identical,196,193,1,0,7377.08,SPEAKER_14,SPEAKER_14,say much more but that speaks to the people watching on live to really really pay attention of who we're putting in these seats that we can't remove once they get there thank you,say much more but that speaks to the people watching on live to really really pay attention of who we're putting in these seats that we can't remove once they get there thank you
phi-4,"City Council Meeting - April 8, 2025 [JNe8AGFZlIA]",chunk_shifted,75,76,1,0,3564.71,SPEAKER_19,SPEAKER_19,"Thank you. I can somewhat address that, although it lies a little bit out of my technical expertise, but the resolution specifically references record retention and disposition schedules um and it is um that is set by um pardon i'm just going through and reading here records of pennsylvania municipa","Thank you. I can somewhat address that, although it lies a little bit out of my technical expertise, but the resolution specifically references record retention and disposition schedules um and it is um that is set by um pardon i'm just going through and reading here records of pennsylvania municipa"
phi-4,"City Council Meeting - April 8, 2025 [JNe8AGFZlIA]",chunk_shifted,84,85,0,1,3748.55,SPEAKER_22,SPEAKER_22,"Series of 2018. Motion to approve. Second. We have a motion and a second. Councilor Arroyo. Thank you, Council President. Resolution number 25 pertains to capital projects. As they move forward, funding adjustments are needed as expenses for some projects increase and decrease for others. These adju","Series of 2018. Motion to approve. Second. We have a motion and a second. Councilor Arroyo. Thank you, Council President. Resolution number 25 pertains to capital projects. As they move forward, funding adjustments are needed as expenses for some projects increase and decrease for others. These adju"
phi-4,"City Council Meeting - April 8, 2025 [JNe8AGFZlIA]",chunk_shifted,90,91,0,1,3853.55,SPEAKER_22,SPEAKER_22,"that what you said? Sewer funds? 1.3 million? Yeah, these funds are specific to the sewer fund. So that's going to go on top of the 1.4 surplus and the 3.9 million? This is pertaining to the bond that was funding projects for the 2018 bond, which is separate than what was stated before in the budget","that what you said? Sewer funds? 1.3 million? Yeah, these funds are specific to the sewer fund. So that's going to go on top of the 1.4 surplus and the 3.9 million? This is pertaining to the bond that was funding projects for the 2018 bond, which is separate than what was stated before in the budget"
phi-4,"City Council Meeting - April 8, 2025 [JNe8AGFZlIA]",chunk_shifted,98,99,1,0,3986.74,SPEAKER_22,SPEAKER_22,motion and a second that's all right thank you this resolution for 20 or excuse me this resolution is similar to resolution number 25 um except this is for uh this pertains to the 2022 water fund um the adjustments total 5.3 million dollars thank you very much council,motion and a second that's all right thank you this resolution for 20 or excuse me this resolution is similar to resolution number 25 um except this is for uh this pertains to the 2022 water fund um the adjustments total 5.3 million dollars thank you very much council
phi-4,"City Council Meeting - April 8, 2025 [JNe8AGFZlIA]",chunk_shifted,102,103,1,0,4090.38,SPEAKER_07,SPEAKER_07,just got completed in now in 2024 and we found out that this money is left over yes projects do take several years right and now okay let me ask you a little bit differently right i don't think you're following me so in 2018 we had projects that were we took out bonds for the sewer and those project,just got completed in now in 2024 and we found out that this money is left over yes projects do take several years right and now okay let me ask you a little bit differently right i don't think you're following me so in 2018 we had projects that were we took out bonds for the sewer and those project
phi-4,"City Council Meeting - April 8, 2025 [JNe8AGFZlIA]",chunk_shifted,103,104,0,1,4167.06,SPEAKER_19,SPEAKER_19,thank you thank you and I do think I don't see director Campbell either actually but there's your Tina Campbell I believe you had presented these with uh could you just speak very briefly if these are available uh online as well,thank you thank you and I do think I don't see director Campbell either actually but there's your Tina Campbell I believe you had presented these with uh could you just speak very briefly if these are available uh online as well
phi-4,"City Council Meeting - April 8, 2025 [JNe8AGFZlIA]",chunk_shifted,105,106,1,0,4202.97,SPEAKER_19,SPEAKER_19,that are online okay all right so attached directly to the council agenda thank you okay appreciate that but still happy to send them might have them in my email once i can get to it i will have tabs open any additional comments from the public on resolution number 26.,that are online okay all right so attached directly to the council agenda thank you okay appreciate that but still happy to send them might have them in my email once i can get to it i will have tabs open any additional comments from the public on resolution number 26.
phi-4,"City Council Meeting - April 8, 2025 [JNe8AGFZlIA]",chunk_shifted,110,111,0,1,4363.2,SPEAKER_19,SPEAKER_19,"Thank you very much, Councillor Hirsch. Just a question for you, because you mentioned it, and I want to put a fine point on it. The point of this funding application, this application for funding, is to complete lead line replacement at no cost to residents.","Thank you very much, Councillor Hirsch. Just a question for you, because you mentioned it, and I want to put a fine point on it. The point of this funding application, this application for funding, is to complete lead line replacement at no cost to residents."
phi-4,"City Council Meeting - April 8, 2025 [JNe8AGFZlIA]",chunk_shifted,111,112,0,1,4380.48,SPEAKER_05,SPEAKER_05,"Correct. Thank you. And that could range depending on, my understanding is, it could range depending on what the nature of that, because there's the pot-bullying procedure, which a more expensive way of figuring out what the what the material is um and then there's you know from that to the full rep","Correct. Thank you. And that could range depending on, my understanding is, it could range depending on what the nature of that, because there's the pot-bullying procedure, which a more expensive way of figuring out what the what the material is um and then there's you know from that to the full rep"
phi-4,"City Council Meeting - April 8, 2025 [JNe8AGFZlIA]",chunk_shifted,112,113,0,1,4411.54,SPEAKER_07,SPEAKER_07,on the resolution from the public you say there's going to be no call starting bird and street no cost to the residents but if it's a loan because right now you're applying for a loan it's not a grant so if we don't get a grant where there be other action by council to vote on if it's a loan because,on the resolution from the public you say there's going to be no call starting bird and street no cost to the residents but if it's a loan because right now you're applying for a loan it's not a grant so if we don't get a grant where there be other action by council to vote on if it's a loan because
phi-4,"City Council Meeting - April 8, 2025 [JNe8AGFZlIA]",chunk_shifted,116,117,0,1,4496.76,SPEAKER_07,SPEAKER_07,right so I mean I just want to clarify that because if we're getting a loan there is going to be a cost to the taxpayer I was going to pay right and,right so I mean I just want to clarify that because if we're getting a loan there is going to be a cost to the taxpayer I was going to pay right and
phi-4,"City Council Meeting - April 8, 2025 [JNe8AGFZlIA]",chunk_shifted,119,120,1,0,4533.86,SPEAKER_05,SPEAKER_05,"projects are totally different. Like one is related to the interior service line and then the other is for the water main that is going from Susquehanna to the treatment plant, from the treatment plant to the distribution network. So it's not a","projects are totally different. Like one is related to the interior service line and then the other is for the water main that is going from Susquehanna to the treatment plant, from the treatment plant to the distribution network. So it's not a"
phi-4,"City Council Meeting - April 8, 2025 [JNe8AGFZlIA]",chunk_shifted,120,121,1,0,4550.74,SPEAKER_07,SPEAKER_07,guideline through Penn Vest that we can apply for one and get and only pay one application fee instead of applying for two separate applications and paying two,guideline through Penn Vest that we can apply for one and get and only pay one application fee instead of applying for two separate applications and paying two
phi-4,"City Council Meeting - April 8, 2025 [JNe8AGFZlIA]",chunk_shifted,121,122,1,0,4561.28,SPEAKER_17,SPEAKER_17,separate application fees okay that's what I was asking if there was a way we,separate application fees okay that's what I was asking if there was a way we
phi-4,"City Council Meeting - April 8, 2025 [JNe8AGFZlIA]",chunk_shifted,132,131,1,0,4716.54,SPEAKER_17,SPEAKER_17,"Mr. Rauch just to say the city has been replacing lead laterals off the water lines for decades which is why we have so few the the new law that has been passed both accelerates the remaining replacement of those lead lines those laterals of which there are less than 1% out of the 50,000 lines that ","Mr. Rauch just to say the city has been replacing lead laterals off the water lines for decades which is why we have so few the the new law that has been passed both accelerates the remaining replacement of those lead lines those laterals of which there are less than 1% out of the 50,000 lines that "
phi-4,"City Council Meeting - April 8, 2025 [JNe8AGFZlIA]",chunk_shifted,133,132,0,1,4796.43,SPEAKER_18,SPEAKER_18,problem it's always been a problem and it's I'm sorry once it then when when is the deadline hearse no the deadline that you have we're already at the 10th year then no it's from now it starts any years from now yeah thank you miss,problem it's always been a problem and it's I'm sorry once it then when when is the deadline hearse no the deadline that you have we're already at the 10th year then no it's from now it starts any years from now yeah thank you miss
phi-4,"City Council Meeting - April 8, 2025 [JNe8AGFZlIA]",chunk_shifted,139,138,1,0,4969.45,SPEAKER_24,SPEAKER_24,"number 28 Thank you, Council President. I just want, maybe just questions for Director Campbell. The interim financing as well as the PennVest loan, we've looked at the budgetary impact it would have, and it is aligned with our projections.","number 28 Thank you, Council President. I just want, maybe just questions for Director Campbell. The interim financing as well as the PennVest loan, we've looked at the budgetary impact it would have, and it is aligned with our projections."
qwen3.5-9b-q6,"City Council Meeting - April 8, 2025 [JNe8AGFZlIA]",chunk_shifted,73,74,1,0,3444.0,SPEAKER_14,SPEAKER_14,jessica lopez link sdpa um thank you for clarifying that um may i suggest next time that we have something like this we know these things in advance so when these questions come up you're not getting the response that you're getting from the community if you would have have known in advance that the,jessica lopez link sdpa um thank you for clarifying that um may i suggest next time that we have something like this we know these things in advance so when these questions come up you're not getting the response that you're getting from the community if you would have have known in advance that the
qwen3.5-9b-q6,"City Council Meeting - April 8, 2025 [JNe8AGFZlIA]",chunk_shifted,92,93,0,1,3902.53,SPEAKER_22,SPEAKER_22,project so that bond approved a series of projects within that right and which where are you going to,project so that bond approved a series of projects within that right and which where are you going to
qwen3.5-9b-q6,"City Council Meeting - April 8, 2025 [JNe8AGFZlIA]",chunk_shifted,93,94,0,1,3908.05,SPEAKER_07,SPEAKER_07,apply that 2 million point what was it 2 million point 3 or something and I'm asking what are those projects are they sewer and water projects or what projects are they they are sewer projects thank you there's a difference,apply that 2 million point what was it 2 million point 3 or something and I'm asking what are those projects are they sewer and water projects or what projects are they they are sewer projects thank you there's a difference
qwen3.5-9b-q6,"City Council Meeting - April 8, 2025 [JNe8AGFZlIA]",chunk_shifted,94,95,0,1,3928.55,SPEAKER_17,SPEAKER_17,between capital thank you was referencing was our operating budget capital projects are separate from our operating budget there's a capital budget and operating budget right these are capital costs in the store in this,between capital thank you was referencing was our operating budget capital projects are separate from our operating budget there's a capital budget and operating budget right these are capital costs in the store in this
qwen3.5-9b-q6,"City Council Meeting - April 8, 2025 [JNe8AGFZlIA]",chunk_shifted,117,118,1,0,4506.64,SPEAKER_19,SPEAKER_19,okay yes our rate payers may see an impact if this is a loan on a grant,okay yes our rate payers may see an impact if this is a loan on a grant
qwen3.5-9b-q6,"City Council Meeting - April 8, 2025 [JNe8AGFZlIA]",chunk_shifted,118,119,1,0,4513.56,SPEAKER_07,SPEAKER_07,let me just this question so I don't have to get up again and so the purpose of applying for two separate applications that reason is because I know we have an application fee why can't we not combine them both for one application for Penn Vest? I think it's just because of the nature of these two,let me just this question so I don't have to get up again and so the purpose of applying for two separate applications that reason is because I know we have an application fee why can't we not combine them both for one application for Penn Vest? I think it's just because of the nature of these two
qwen3.5-9b-q6,"City Council Meeting - April 8, 2025 [JNe8AGFZlIA]",chunk_shifted,119,120,1,0,4533.86,SPEAKER_05,SPEAKER_05,"projects are totally different. Like one is related to the interior service line and then the other is for the water main that is going from Susquehanna to the treatment plant, from the treatment plant to the distribution network. So it's not a","projects are totally different. Like one is related to the interior service line and then the other is for the water main that is going from Susquehanna to the treatment plant, from the treatment plant to the distribution network. So it's not a"
qwen3.5-9b-q6,"City Council Meeting - April 8, 2025 [JNe8AGFZlIA]",chunk_shifted,131,130,0,1,4706.36,SPEAKER_05,SPEAKER_05,basically accelerated the timeline on this process mm-hmm and out of the interior lines as well I didn't know I don't know if you want to speak to that,basically accelerated the timeline on this process mm-hmm and out of the interior lines as well I didn't know I don't know if you want to speak to that
qwen3.5-9b-q6,"City Council Meeting - April 8, 2025 [JNe8AGFZlIA]",chunk_shifted,132,131,0,1,4716.54,SPEAKER_17,SPEAKER_17,"Mr. Rauch just to say the city has been replacing lead laterals off the water lines for decades which is why we have so few the the new law that has been passed both accelerates the remaining replacement of those lead lines those laterals of which there are less than 1% out of the 50,000 lines that ","Mr. Rauch just to say the city has been replacing lead laterals off the water lines for decades which is why we have so few the the new law that has been passed both accelerates the remaining replacement of those lead lines those laterals of which there are less than 1% out of the 50,000 lines that "
qwen3.5-9b-q6,"City Council Meeting - April 8, 2025 [JNe8AGFZlIA]",chunk_shifted,148,147,0,1,5077.46,SPEAKER_07,SPEAKER_07,So we're talking about maybe $90 million we will be borrowing and taxpayers will be footing that bill?,So we're talking about maybe $90 million we will be borrowing and taxpayers will be footing that bill?
qwen3.5-9b-q6,"City Council Meeting - April 8, 2025 [JNe8AGFZlIA]",chunk_shifted,149,148,0,1,5085.15,SPEAKER_19,SPEAKER_19,Rate payers in the water system?,Rate payers in the water system?
qwen3.5-9b-q6,"City Council Meeting - April 8, 2025 [JNe8AGFZlIA]",chunk_shifted,150,149,0,1,5088.29,SPEAKER_07,SPEAKER_07,"Tax payers. Oh, rate payers will pay? The $90 million utility? Yes. Even for the PennVest loan? Correct. Okay, very good. Infrastructure is extremely expensive. I have learned this. It really is. And since we do have 10 years, and I did attend a water meeting that the Public Works Department put on,","Tax payers. Oh, rate payers will pay? The $90 million utility? Yes. Even for the PennVest loan? Correct. Okay, very good. Infrastructure is extremely expensive. I have learned this. It really is. And since we do have 10 years, and I did attend a water meeting that the Public Works Department put on,"
qwen3.5-9b-q6,"City Council Meeting - April 8, 2025 [JNe8AGFZlIA]",chunk_shifted,154,153,0,1,5272.52,SPEAKER_19,SPEAKER_19,for that are you speaking about the what as far as the bonds yeah which you're gonna get her a copy of where that's going to we can't change the bond at the,for that are you speaking about the what as far as the bonds yeah which you're gonna get her a copy of where that's going to we can't change the bond at the
qwen3.5-9b-q6,"City Council Meeting - April 8, 2025 [JNe8AGFZlIA]",chunk_shifted,155,154,0,1,5286.36,SPEAKER_18,SPEAKER_18,allocations of those funds ministry but you could use it for some of that so,allocations of those funds ministry but you could use it for some of that so
qwen3.5-9b-q6,"City Council Meeting - April 8, 2025 [JNe8AGFZlIA]",chunk_shifted,156,155,0,1,5290.12,SPEAKER_17,SPEAKER_17,that the bond can decrease no that's not true you can't I think mr. Harris just mentioned that it's available on the website with the materials for the meeting. It lists the projects from 2018. That was for the sewer fund. Then there's the water fund. Those were projects from 2022. Those are project,that the bond can decrease no that's not true you can't I think mr. Harris just mentioned that it's available on the website with the materials for the meeting. It lists the projects from 2018. That was for the sewer fund. Then there's the water fund. Those were projects from 2022. Those are project
qwen3.5-9b-q8,"City Council Meeting - April 8, 2025 [JNe8AGFZlIA]",chunk_shifted,73,74,1,0,3444.0,SPEAKER_14,SPEAKER_14,jessica lopez link sdpa um thank you for clarifying that um may i suggest next time that we have something like this we know these things in advance so when these questions come up you're not getting the response that you're getting from the community if you would have have known in advance that the,jessica lopez link sdpa um thank you for clarifying that um may i suggest next time that we have something like this we know these things in advance so when these questions come up you're not getting the response that you're getting from the community if you would have have known in advance that the
qwen3.5-9b-q8,"City Council Meeting - April 8, 2025 [JNe8AGFZlIA]",chunk_shifted,92,93,0,1,3902.53,SPEAKER_22,SPEAKER_22,project so that bond approved a series of projects within that right and which where are you going to,project so that bond approved a series of projects within that right and which where are you going to
qwen3.5-9b-q8,"City Council Meeting - April 8, 2025 [JNe8AGFZlIA]",chunk_shifted,93,94,0,1,3908.05,SPEAKER_07,SPEAKER_07,apply that 2 million point what was it 2 million point 3 or something and I'm asking what are those projects are they sewer and water projects or what projects are they they are sewer projects thank you there's a difference,apply that 2 million point what was it 2 million point 3 or something and I'm asking what are those projects are they sewer and water projects or what projects are they they are sewer projects thank you there's a difference
qwen3.5-9b-q8,"City Council Meeting - April 8, 2025 [JNe8AGFZlIA]",chunk_shifted,94,95,0,1,3928.55,SPEAKER_17,SPEAKER_17,between capital thank you was referencing was our operating budget capital projects are separate from our operating budget there's a capital budget and operating budget right these are capital costs in the store in this,between capital thank you was referencing was our operating budget capital projects are separate from our operating budget there's a capital budget and operating budget right these are capital costs in the store in this
qwen3.5-9b-q8,"City Council Meeting - April 8, 2025 [JNe8AGFZlIA]",chunk_shifted,117,118,1,0,4506.64,SPEAKER_19,SPEAKER_19,okay yes our rate payers may see an impact if this is a loan on a grant,okay yes our rate payers may see an impact if this is a loan on a grant
qwen3.5-9b-q8,"City Council Meeting - April 8, 2025 [JNe8AGFZlIA]",chunk_shifted,118,119,1,0,4513.56,SPEAKER_07,SPEAKER_07,let me just this question so I don't have to get up again and so the purpose of applying for two separate applications that reason is because I know we have an application fee why can't we not combine them both for one application for Penn Vest? I think it's just because of the nature of these two,let me just this question so I don't have to get up again and so the purpose of applying for two separate applications that reason is because I know we have an application fee why can't we not combine them both for one application for Penn Vest? I think it's just because of the nature of these two
qwen3.5-9b-q8,"City Council Meeting - April 8, 2025 [JNe8AGFZlIA]",chunk_shifted,119,120,1,0,4533.86,SPEAKER_05,SPEAKER_05,"projects are totally different. Like one is related to the interior service line and then the other is for the water main that is going from Susquehanna to the treatment plant, from the treatment plant to the distribution network. So it's not a","projects are totally different. Like one is related to the interior service line and then the other is for the water main that is going from Susquehanna to the treatment plant, from the treatment plant to the distribution network. So it's not a"
qwen3.5-9b-q8,"City Council Meeting - April 8, 2025 [JNe8AGFZlIA]",chunk_shifted,131,130,0,1,4706.36,SPEAKER_05,SPEAKER_05,basically accelerated the timeline on this process mm-hmm and out of the interior lines as well I didn't know I don't know if you want to speak to that,basically accelerated the timeline on this process mm-hmm and out of the interior lines as well I didn't know I don't know if you want to speak to that
qwen3.5-9b-q8,"City Council Meeting - April 8, 2025 [JNe8AGFZlIA]",chunk_shifted,132,131,0,1,4716.54,SPEAKER_17,SPEAKER_17,"Mr. Rauch just to say the city has been replacing lead laterals off the water lines for decades which is why we have so few the the new law that has been passed both accelerates the remaining replacement of those lead lines those laterals of which there are less than 1% out of the 50,000 lines that ","Mr. Rauch just to say the city has been replacing lead laterals off the water lines for decades which is why we have so few the the new law that has been passed both accelerates the remaining replacement of those lead lines those laterals of which there are less than 1% out of the 50,000 lines that "
qwen3.5-9b-q8,"City Council Meeting - April 8, 2025 [JNe8AGFZlIA]",chunk_shifted,148,147,0,1,5077.46,SPEAKER_07,SPEAKER_07,So we're talking about maybe $90 million we will be borrowing and taxpayers will be footing that bill?,So we're talking about maybe $90 million we will be borrowing and taxpayers will be footing that bill?
qwen3.5-9b-q8,"City Council Meeting - April 8, 2025 [JNe8AGFZlIA]",chunk_shifted,149,148,0,1,5085.15,SPEAKER_19,SPEAKER_19,Rate payers in the water system?,Rate payers in the water system?
qwen3.5-9b-q8,"City Council Meeting - April 8, 2025 [JNe8AGFZlIA]",chunk_shifted,150,149,0,1,5088.29,SPEAKER_07,SPEAKER_07,"Tax payers. Oh, rate payers will pay? The $90 million utility? Yes. Even for the PennVest loan? Correct. Okay, very good. Infrastructure is extremely expensive. I have learned this. It really is. And since we do have 10 years, and I did attend a water meeting that the Public Works Department put on,","Tax payers. Oh, rate payers will pay? The $90 million utility? Yes. Even for the PennVest loan? Correct. Okay, very good. Infrastructure is extremely expensive. I have learned this. It really is. And since we do have 10 years, and I did attend a water meeting that the Public Works Department put on,"
qwen3.5-9b-q8,"City Council Meeting - April 8, 2025 [JNe8AGFZlIA]",chunk_identical,199,196,1,0,7558.68,SPEAKER_09,SPEAKER_09,"It is a very brief question, and I appreciate that. Thank you so much. Last week, I did have a question about the water rates and how we're going to be impacted as residents the percentage that we might anticipate of the water rates going up as a result of the improvement projects I found myself so ","It is a very brief question, and I appreciate that. Thank you so much. Last week, I did have a question about the water rates and how we're going to be impacted as residents the percentage that we might anticipate of the water rates going up as a result of the improvement projects I found myself so "
qwen3.5-9b-q6,"City Council Meeting - August 12, 2025 [Pg4nxjg-PUw]",chunk_shifted,52,52,1,0,4014.69,SPEAKER_20,SPEAKER_20,"Good evening. Thank you, sorry. I came here directly from a meeting with my family about end-of-life care for my father, so I hope that that shows how important this is to me. I'm very sorry to hear that,","Good evening. Thank you, sorry. I came here directly from a meeting with my family about end-of-life care for my father, so I hope that that shows how important this is to me. I'm very sorry to hear that,"
deepseek-r1-14b,"City Council Meeting - June 10, 2025 [PqPxK5dVghI]",chunk_shifted,32,33,1,0,1917.93,SPEAKER_01,SPEAKER_01,good evening i'm scott white kettle and i reside at 462 fremont street directly behind colleton park i have been living at this address for a year and four months and it has been nothing but a nightmare when i walk up fremont street on my way home from work there are always a dozen or so individuals,good evening i'm scott white kettle and i reside at 462 fremont street directly behind colleton park i have been living at this address for a year and four months and it has been nothing but a nightmare when i walk up fremont street on my way home from work there are always a dozen or so individuals
deepseek-r1-14b,"City Council Meeting - June 10, 2025 [PqPxK5dVghI]",chunk_shifted,127,128,1,0,4911.58,SPEAKER_05,SPEAKER_05,comments council president if i may counselor ahmed i just want to thank the gentleman who came out and spoke about the importance of pedestrian and uh bikeless uh safety as i spent my afternoon uh visiting a dear friend who's in the trauma unit an lgh who was hit by a vehicle riding his bike this p,comments council president if i may counselor ahmed i just want to thank the gentleman who came out and spoke about the importance of pedestrian and uh bikeless uh safety as i spent my afternoon uh visiting a dear friend who's in the trauma unit an lgh who was hit by a vehicle riding his bike this p
deepseek-r1-7b,"City Council Meeting - June 10, 2025 [PqPxK5dVghI]",chunk_shifted,15,16,1,0,1162.86,SPEAKER_07,SPEAKER_07,Mr. Mead. Aye. Mr. Arroyo. Aye. Mr. Glees. Aye. aye mr hirsch aye the president pickett aye thank you council president we do have a resolution,Mr. Mead. Aye. Mr. Arroyo. Aye. Mr. Glees. Aye. aye mr hirsch aye the president pickett aye thank you council president we do have a resolution
deepseek-r1-7b,"City Council Meeting - June 10, 2025 [PqPxK5dVghI]",chunk_shifted,22,23,0,1,1613.3,SPEAKER_10,SPEAKER_10,good evening uh tony dash 700 block new holland avenue um juneteenth is a important holiday to celebrate uh lancaster does have a lot of great abolitionists and just if anybody in the room or watching uh wants to learn more about the history of lancaster's involvement in the underground railroad bet,good evening uh tony dash 700 block new holland avenue um juneteenth is a important holiday to celebrate uh lancaster does have a lot of great abolitionists and just if anybody in the room or watching uh wants to learn more about the history of lancaster's involvement in the underground railroad bet
deepseek-r1-7b,"City Council Meeting - June 10, 2025 [PqPxK5dVghI]",chunk_shifted,23,24,0,1,1648.1,SPEAKER_04,SPEAKER_04,um yeah thank you thank you very much any additional comments from the public on the,um yeah thank you thank you very much any additional comments from the public on the
deepseek-r1-7b,"City Council Meeting - June 10, 2025 [PqPxK5dVghI]",chunk_shifted,29,30,1,0,1852.12,SPEAKER_07,SPEAKER_07,public comment on the resolution hearing none mr harris mr minn aye mr arroyo aye mr police aye miss craig aye miss diaz mr hirsch aye president baker aye thank you we will now move into the,public comment on the resolution hearing none mr harris mr minn aye mr arroyo aye mr police aye miss craig aye miss diaz mr hirsch aye president baker aye thank you we will now move into the
deepseek-r1-7b,"City Council Meeting - June 10, 2025 [PqPxK5dVghI]",chunk_shifted,39,40,1,0,2420.52,SPEAKER_04,SPEAKER_04,um just to clarify and we'll have the appointments of members of the ethics commission later on in our agenda um the the nominees were selected for interviews uh by a ranked choice voting system of members of council so members of council reviewed all submissions and nominations and then submitted t,um just to clarify and we'll have the appointments of members of the ethics commission later on in our agenda um the the nominees were selected for interviews uh by a ranked choice voting system of members of council so members of council reviewed all submissions and nominations and then submitted t
deepseek-r1-7b,"City Council Meeting - June 10, 2025 [PqPxK5dVghI]",chunk_shifted,57,58,0,1,2853.31,SPEAKER_07,SPEAKER_07,"Hearing none, Mr. Harris. Mr. Med. Aye. Mr. Arroyo. Aye. Mr. Cleese. Aye. Ms. Craig. Aye.","Hearing none, Mr. Harris. Mr. Med. Aye. Mr. Arroyo. Aye. Mr. Cleese. Aye. Ms. Craig. Aye."
deepseek-r1-7b,"City Council Meeting - June 10, 2025 [PqPxK5dVghI]",chunk_shifted,58,59,0,1,2862.66,SPEAKER_04,SPEAKER_04,"Ms. Diaz. Aye. Mr. Hirsch. Aye. Ms. Baker. Aye. We have two additional appointments to make and I will hear another motion. Mr. Councillor Ahmed, you had motioned. I will give you","Ms. Diaz. Aye. Mr. Hirsch. Aye. Ms. Baker. Aye. We have two additional appointments to make and I will hear another motion. Mr. Councillor Ahmed, you had motioned. I will give you"
deepseek-r1-7b,"City Council Meeting - June 10, 2025 [PqPxK5dVghI]",chunk_shifted,59,60,0,1,2878.55,SPEAKER_05,SPEAKER_05,"preference. Thank You, Council President. I motion to appoint Paul Colbreth to the","preference. Thank You, Council President. I motion to appoint Paul Colbreth to the"
deepseek-r1-7b,"City Council Meeting - June 10, 2025 [PqPxK5dVghI]",chunk_shifted,60,61,0,1,2883.49,SPEAKER_04,SPEAKER_04,ethics commission second we have a motion and a second councillor med any,ethics commission second we have a motion and a second councillor med any
deepseek-r1-7b,"City Council Meeting - June 10, 2025 [PqPxK5dVghI]",chunk_shifted,62,63,0,1,2906.99,SPEAKER_04,SPEAKER_04,Thank You councillor med any additional council comments on that motion from the,Thank You councillor med any additional council comments on that motion from the
deepseek-r1-7b,"City Council Meeting - June 10, 2025 [PqPxK5dVghI]",chunk_shifted,71,72,0,1,3055.55,SPEAKER_04,SPEAKER_04,are really valuable thank you very much council hirsch i would also add that i i want to say that all five of the the folks that came in before council i was very impressed with and i think that we had a number of great nominees and so the selection of three is by nature of what we're required to do,are really valuable thank you very much council hirsch i would also add that i i want to say that all five of the the folks that came in before council i was very impressed with and i think that we had a number of great nominees and so the selection of three is by nature of what we're required to do
deepseek-r1-7b,"City Council Meeting - June 10, 2025 [PqPxK5dVghI]",chunk_shifted,81,82,0,1,3371.88,SPEAKER_07,SPEAKER_07,and recommendations from the historical commission and historical architectural review board for improvements to properties within the heritage conservation and historic districts first is the lancaster county convention center authority swan property holdings llc owners of 101 north with 101 South ,and recommendations from the historical commission and historical architectural review board for improvements to properties within the heritage conservation and historic districts first is the lancaster county convention center authority swan property holdings llc owners of 101 north with 101 South 
deepseek-r1-7b,"City Council Meeting - June 10, 2025 [PqPxK5dVghI]",chunk_shifted,82,83,0,1,3436.21,SPEAKER_04,SPEAKER_04,a motion and a second uh was that council arroyo yes to clarify is your motion to approve items a b and c correct okay and the second was also to do that thank you very much all right um counselor craig any additional notes on these items um not anything to add the,a motion and a second uh was that council arroyo yes to clarify is your motion to approve items a b and c correct okay and the second was also to do that thank you very much all right um counselor craig any additional notes on these items um not anything to add the
deepseek-r1-7b,"City Council Meeting - June 10, 2025 [PqPxK5dVghI]",chunk_shifted,83,84,0,1,3457.46,SPEAKER_11,SPEAKER_11,c is pretty straightforward they're going to replace they need to replace windows and a front door entry as well as a third third floor rear addition and 101 south queen is development of the swan the old swan hotel that is going to be developed into a airbnb with 11 10 or 11 units and i i don't thi,c is pretty straightforward they're going to replace they need to replace windows and a front door entry as well as a third third floor rear addition and 101 south queen is development of the swan the old swan hotel that is going to be developed into a airbnb with 11 10 or 11 units and i i don't thi
deepseek-r1-7b,"City Council Meeting - June 10, 2025 [PqPxK5dVghI]",chunk_shifted,89,90,1,0,3566.14,SPEAKER_07,SPEAKER_07,Mr. Med. Aye. Mr. Arroyo. Aye. Mr. Glees. Aye.,Mr. Med. Aye. Mr. Arroyo. Aye. Mr. Glees. Aye.
deepseek-r1-7b,"City Council Meeting - June 10, 2025 [PqPxK5dVghI]",chunk_shifted,92,93,1,0,3607.22,SPEAKER_04,SPEAKER_04,"We have a motion and a second. Councillors, what we have before us is an approval for a flag-raising well in advance. We love an organization that plans ahead. the NAACP Lancaster branch has requested to have a flag raising at City Hall to mark Black History Month in February of 2026 any additional ","We have a motion and a second. Councillors, what we have before us is an approval for a flag-raising well in advance. We love an organization that plans ahead. the NAACP Lancaster branch has requested to have a flag raising at City Hall to mark Black History Month in February of 2026 any additional "
deepseek-r1-7b,"City Council Meeting - June 10, 2025 [PqPxK5dVghI]",chunk_shifted,93,94,1,0,3627.26,SPEAKER_07,SPEAKER_07,the resolution from the public hearing none Mr. Harris Mr. Mudd aye Mr. Arroyo aye Mr. Cleese aye Ms. Gregg aye Ms. Diaz aye Mr. Hirsch aye and President Baker aye that will,the resolution from the public hearing none Mr. Harris Mr. Mudd aye Mr. Arroyo aye Mr. Cleese aye Ms. Gregg aye Ms. Diaz aye Mr. Hirsch aye and President Baker aye that will
deepseek-r1-7b,"City Council Meeting - June 10, 2025 [PqPxK5dVghI]",chunk_shifted,94,95,1,0,3650.9,SPEAKER_04,SPEAKER_04,take us to our next resolution resolution 45 2025 mr harris a resolution of the council of,take us to our next resolution resolution 45 2025 mr harris a resolution of the council of
deepseek-r1-7b,"City Council Meeting - June 10, 2025 [PqPxK5dVghI]",chunk_shifted,109,110,0,1,3935.32,SPEAKER_04,SPEAKER_04,additional comments i want to make sure you use your time if you need it and then i would be happy,additional comments i want to make sure you use your time if you need it and then i would be happy
deepseek-r1-7b,"City Council Meeting - June 10, 2025 [PqPxK5dVghI]",chunk_shifted,114,115,1,0,4203.88,SPEAKER_04,SPEAKER_04,submitted thank you thank you any additional comments from the public,submitted thank you thank you any additional comments from the public
deepseek-r1-7b,"City Council Meeting - June 10, 2025 [PqPxK5dVghI]",chunk_shifted,115,116,1,0,4209.9,SPEAKER_07,SPEAKER_07,hearing none mr. Harris mr. Mudd aye mr. Arroyo abstain mr. Glees aye miss Craig aye miss Diaz mr. Hirsch aye president Baker aye thank you we will,hearing none mr. Harris mr. Mudd aye mr. Arroyo abstain mr. Glees aye miss Craig aye miss Diaz mr. Hirsch aye president Baker aye thank you we will
deepseek-r1-7b,"City Council Meeting - June 10, 2025 [PqPxK5dVghI]",chunk_shifted,118,119,0,1,4390.1,SPEAKER_04,SPEAKER_04,Thank you. Any additional speakers for the second public,Thank you. Any additional speakers for the second public
deepseek-r1-7b,"City Council Meeting - June 10, 2025 [PqPxK5dVghI]",chunk_shifted,120,121,1,0,4519.0,SPEAKER_04,SPEAKER_04,there any additional speakers for the second public comment period hearing none I will close it we will move to our next item on the agenda which is the,there any additional speakers for the second public comment period hearing none I will close it we will move to our next item on the agenda which is the
deepseek-r1-7b,"City Council Meeting - June 10, 2025 [PqPxK5dVghI]",chunk_shifted,126,127,0,1,4905.94,SPEAKER_04,SPEAKER_04,definitely living the experience thank you very much counselor craig any additional council,definitely living the experience thank you very much counselor craig any additional council
gemma-4-4b,"City Council Meeting - June 10, 2025 [PqPxK5dVghI]",chunk_shifted,13,14,1,0,801.33,SPEAKER_18,SPEAKER_18,"This is a change. So thank you, Ramocho, for the insights of the many challenges that are being faced by our refugee and immigrant community. I am here to provide a small update on how the Office of Language Services supports our refugee and immigrant community, especially our neighbors who might be","This is a change. So thank you, Ramocho, for the insights of the many challenges that are being faced by our refugee and immigrant community. I am here to provide a small update on how the Office of Language Services supports our refugee and immigrant community, especially our neighbors who might be"
gemma-4-4b,"City Council Meeting - June 10, 2025 [PqPxK5dVghI]",chunk_shifted,18,19,1,0,1330.41,SPEAKER_07,SPEAKER_07,june 19 2025 as juneteenth in the city of lancaster and calling upon all lancastrians to honor the dignity culture and contributions of african americans to the history and life,june 19 2025 as juneteenth in the city of lancaster and calling upon all lancastrians to honor the dignity culture and contributions of african americans to the history and life
gemma-4-4b,"City Council Meeting - June 10, 2025 [PqPxK5dVghI]",chunk_shifted,34,35,1,0,2079.62,SPEAKER_09,SPEAKER_09,good evening city council members my name is michael hess and i live at the 500 block of fairview avenue in lancaster pa i've been a resident here for five and a half years and during this time i've grown increasingly concerned about public safety due to the heavy volume of traffic on the section of,good evening city council members my name is michael hess and i live at the 500 block of fairview avenue in lancaster pa i've been a resident here for five and a half years and during this time i've grown increasingly concerned about public safety due to the heavy volume of traffic on the section of
gemma-4-4b,"City Council Meeting - June 10, 2025 [PqPxK5dVghI]",chunk_shifted,61,62,1,0,2887.99,SPEAKER_05,SPEAKER_05,additional words you'd like to say I was very impressed with mr. Colbert's extensive volunteer and professional capacities in which he served at the Boys and Girls Club as well as Thaddeus Stevens and I feel that he will bring a unique and diverse perspective to the ethics Commission which is import,additional words you'd like to say I was very impressed with mr. Colbert's extensive volunteer and professional capacities in which he served at the Boys and Girls Club as well as Thaddeus Stevens and I feel that he will bring a unique and diverse perspective to the ethics Commission which is import
gemma-4-4b,"City Council Meeting - June 10, 2025 [PqPxK5dVghI]",chunk_shifted,68,69,1,0,2966.87,SPEAKER_14,SPEAKER_14,"I will hear a motion. Council President, if I may, I'd like to nominate Erica Molina-Potter.","I will hear a motion. Council President, if I may, I'd like to nominate Erica Molina-Potter."
gemma-4-4b,"City Council Meeting - June 10, 2025 [PqPxK5dVghI]",chunk_shifted,73,74,0,1,3170.42,SPEAKER_13,SPEAKER_13,good evening good evening grant sprunger 500 block of st joseph's street thank you i just want to say i'm very happy to be considered but also hearing the background of all the candidates that were interviewed i am happy that there are people that were chosen that were of vapor's backgrounds that ha,good evening good evening grant sprunger 500 block of st joseph's street thank you i just want to say i'm very happy to be considered but also hearing the background of all the candidates that were interviewed i am happy that there are people that were chosen that were of vapor's backgrounds that ha
gemma-4-4b,"City Council Meeting - June 10, 2025 [PqPxK5dVghI]",chunk_shifted,83,84,0,1,3457.46,SPEAKER_11,SPEAKER_11,c is pretty straightforward they're going to replace they need to replace windows and a front door entry as well as a third third floor rear addition and 101 south queen is development of the swan the old swan hotel that is going to be developed into a airbnb with 11 10 or 11 units and i i don't thi,c is pretty straightforward they're going to replace they need to replace windows and a front door entry as well as a third third floor rear addition and 101 south queen is development of the swan the old swan hotel that is going to be developed into a airbnb with 11 10 or 11 units and i i don't thi
gemma-4-4b,"City Council Meeting - June 10, 2025 [PqPxK5dVghI]",chunk_shifted,87,88,1,0,3537.64,SPEAKER_05,SPEAKER_05,"Council President, thank you. After hearing the presentation at our committee meeting, I do think this will be a great addition to the tourism industry here in Lancaster and also complement the Convention Center, which is right next door.","Council President, thank you. After hearing the presentation at our committee meeting, I do think this will be a great addition to the tourism industry here in Lancaster and also complement the Convention Center, which is right next door."
gemma-4-4b,"City Council Meeting - June 10, 2025 [PqPxK5dVghI]",chunk_shifted,103,104,0,1,3784.41,SPEAKER_15,SPEAKER_15,tonight certainly i have nothing additional to add but glad to take any questions members of,tonight certainly i have nothing additional to add but glad to take any questions members of
gemma-4-4b,"City Council Meeting - June 10, 2025 [PqPxK5dVghI]",chunk_shifted,105,106,0,1,3803.5,SPEAKER_04,SPEAKER_04,very much any additional council comments on the action plan i'll just say rebecca you and your team have put together it always amazes me how your team puts together this plan with a little less every year but still manages to do just as much if not more every single year so your creativity and you,very much any additional council comments on the action plan i'll just say rebecca you and your team have put together it always amazes me how your team puts together this plan with a little less every year but still manages to do just as much if not more every single year so your creativity and you
gemma-4-4b,"City Council Meeting - June 10, 2025 [PqPxK5dVghI]",chunk_shifted,106,107,0,1,3833.9,SPEAKER_11,SPEAKER_11,to add the thoroughness of the presentation i mean thorough to the point where there is hardly any questions afterwards because you i mean you crossed every t and dotted every eye thank you,to add the thoroughness of the presentation i mean thorough to the point where there is hardly any questions afterwards because you i mean you crossed every t and dotted every eye thank you
gemma-4-4b,"City Council Meeting - June 10, 2025 [PqPxK5dVghI]",chunk_shifted,110,111,0,1,3939.08,SPEAKER_17,SPEAKER_17,to respond to your questions yes um i have applied for the lab program numerous times not me my tenants have and they've been ignored delayed or denied these grants are supposedly available none have been available to me or my tenants yet my property still remains condemned in four years so where ar,to respond to your questions yes um i have applied for the lab program numerous times not me my tenants have and they've been ignored delayed or denied these grants are supposedly available none have been available to me or my tenants yet my property still remains condemned in four years so where ar
gemma-4-4b,"City Council Meeting - June 10, 2025 [PqPxK5dVghI]",chunk_shifted,112,113,1,0,4042.1,SPEAKER_03,SPEAKER_03,the resolution there's Gomez I just want to piggyback on what Irene said yes there's lots of residents being delayed ignored and denied my father in particularly who is an owner-occupant and me myself we are not given the opportunity nor irene but several of her issues and no she did not say that it,the resolution there's Gomez I just want to piggyback on what Irene said yes there's lots of residents being delayed ignored and denied my father in particularly who is an owner-occupant and me myself we are not given the opportunity nor irene but several of her issues and no she did not say that it
gemma-4-4b,"City Council Meeting - June 10, 2025 [PqPxK5dVghI]",chunk_shifted,119,120,0,1,4396.64,SPEAKER_03,SPEAKER_03,comment period and I just wanted to add the Spanish interpreter that was here for a translation should have been translating via is this being recorded I'm not sure if it's if it's being recorded she should have been used because she was asked to come for the spanish-speaking people in Lancaster cit,comment period and I just wanted to add the Spanish interpreter that was here for a translation should have been translating via is this being recorded I'm not sure if it's if it's being recorded she should have been used because she was asked to come for the spanish-speaking people in Lancaster cit
gemma-4-4b,"City Council Meeting - June 10, 2025 [PqPxK5dVghI]",chunk_shifted,123,124,1,0,4672.63,SPEAKER_02,SPEAKER_02,know they're doing yes so ugi is an independent contractor you'll often see trucks for miller pipeline that are working in neighborhoods that information is also available on the construction page they are responsible not only for trench repair after they dig holes in the street to replace the gas l,know they're doing yes so ugi is an independent contractor you'll often see trucks for miller pipeline that are working in neighborhoods that information is also available on the construction page they are responsible not only for trench repair after they dig holes in the street to replace the gas l
gemma-4-4b,"City Council Meeting - June 10, 2025 [PqPxK5dVghI]",chunk_shifted,125,126,0,1,4864.35,SPEAKER_11,SPEAKER_11,to piggyback on what mr daschle said about um for anybody that has not seen the reenactment of living experience at bethlehem church i went in december and i used to play lydia hamilton smith in that reenactment 25 years ago when they first started it it has grown so much since then and it is so goo,to piggyback on what mr daschle said about um for anybody that has not seen the reenactment of living experience at bethlehem church i went in december and i used to play lydia hamilton smith in that reenactment 25 years ago when they first started it it has grown so much since then and it is so goo
ministral-8b,"City Council Meeting - June 10, 2025 [PqPxK5dVghI]",chunk_shifted,13,14,0,1,801.33,SPEAKER_18,SPEAKER_18,"This is a change. So thank you, Ramocho, for the insights of the many challenges that are being faced by our refugee and immigrant community. I am here to provide a small update on how the Office of Language Services supports our refugee and immigrant community, especially our neighbors who might be","This is a change. So thank you, Ramocho, for the insights of the many challenges that are being faced by our refugee and immigrant community. I am here to provide a small update on how the Office of Language Services supports our refugee and immigrant community, especially our neighbors who might be"
ministral-8b,"City Council Meeting - June 10, 2025 [PqPxK5dVghI]",chunk_shifted,55,56,1,0,2798.06,SPEAKER_10,SPEAKER_10,tony dastra 700 block new holland avenue um i also think this result will be a great addition to the ethics commission but i do request that for the record it stated whereabouts in the city these residents do live ms bird and i when we were on the ethics subcommittee for the home rule study commissi,tony dastra 700 block new holland avenue um i also think this result will be a great addition to the ethics commission but i do request that for the record it stated whereabouts in the city these residents do live ms bird and i when we were on the ethics subcommittee for the home rule study commissi
ministral-8b,"City Council Meeting - June 10, 2025 [PqPxK5dVghI]",chunk_shifted,70,71,1,0,2987.77,SPEAKER_14,SPEAKER_14,motioning and seconding counselor Hirsch I was you know impressed with Erica's background in the legal world and this particularly I was impressed by a story she told him which she talked about a time where she kind of had to admit that she made a mistake but felt better about bringing that to light,motioning and seconding counselor Hirsch I was you know impressed with Erica's background in the legal world and this particularly I was impressed by a story she told him which she talked about a time where she kind of had to admit that she made a mistake but felt better about bringing that to light
ministral-8b,"City Council Meeting - June 10, 2025 [PqPxK5dVghI]",chunk_shifted,107,108,1,0,3848.57,SPEAKER_14,SPEAKER_14,counselor any additional council comments council president thank you um just want to echo my comment that i made at the committee meeting which is that um this pot of money can be allocated to a lot of different things um you know know this from my background uh working at the county level with the,counselor any additional council comments council president thank you um just want to echo my comment that i made at the committee meeting which is that um this pot of money can be allocated to a lot of different things um you know know this from my background uh working at the county level with the
ministral-8b,"City Council Meeting - June 10, 2025 [PqPxK5dVghI]",chunk_shifted,111,112,1,0,4005.4,SPEAKER_04,SPEAKER_04,questions thank you miss Grievous to answer your question a couple things the critical repair program isn't comprised of millions of dollars it's a few hundred thousand dollars the many of the programs within this budget are for owner-occupied dwellings and if there is a tenant the landlord is requi,questions thank you miss Grievous to answer your question a couple things the critical repair program isn't comprised of millions of dollars it's a few hundred thousand dollars the many of the programs within this budget are for owner-occupied dwellings and if there is a tenant the landlord is requi
ministral-8b,"City Council Meeting - June 10, 2025 [PqPxK5dVghI]",chunk_shifted,112,113,1,0,4042.1,SPEAKER_03,SPEAKER_03,the resolution there's Gomez I just want to piggyback on what Irene said yes there's lots of residents being delayed ignored and denied my father in particularly who is an owner-occupant and me myself we are not given the opportunity nor irene but several of her issues and no she did not say that it,the resolution there's Gomez I just want to piggyback on what Irene said yes there's lots of residents being delayed ignored and denied my father in particularly who is an owner-occupant and me myself we are not given the opportunity nor irene but several of her issues and no she did not say that it
ministral-8b,"City Council Meeting - June 10, 2025 [PqPxK5dVghI]",chunk_shifted,119,120,0,1,4396.64,SPEAKER_03,SPEAKER_03,comment period and I just wanted to add the Spanish interpreter that was here for a translation should have been translating via is this being recorded I'm not sure if it's if it's being recorded she should have been used because she was asked to come for the spanish-speaking people in Lancaster cit,comment period and I just wanted to add the Spanish interpreter that was here for a translation should have been translating via is this being recorded I'm not sure if it's if it's being recorded she should have been used because she was asked to come for the spanish-speaking people in Lancaster cit
ministral-8b,"City Council Meeting - June 10, 2025 [PqPxK5dVghI]",chunk_shifted,122,123,0,1,4655.35,SPEAKER_04,SPEAKER_04,thank you mayor um and can i ask just a clarifying question because i know that people may have this question it comes up often there's also an addition to street uh improvements uh ugi work going on across the city could you talk a little bit about that and who is doing that and how we,thank you mayor um and can i ask just a clarifying question because i know that people may have this question it comes up often there's also an addition to street uh improvements uh ugi work going on across the city could you talk a little bit about that and who is doing that and how we
ministral-8b,"City Council Meeting - June 10, 2025 [PqPxK5dVghI]",chunk_shifted,123,124,1,0,4672.63,SPEAKER_02,SPEAKER_02,know they're doing yes so ugi is an independent contractor you'll often see trucks for miller pipeline that are working in neighborhoods that information is also available on the construction page they are responsible not only for trench repair after they dig holes in the street to replace the gas l,know they're doing yes so ugi is an independent contractor you'll often see trucks for miller pipeline that are working in neighborhoods that information is also available on the construction page they are responsible not only for trench repair after they dig holes in the street to replace the gas l
ministral-8b,"City Council Meeting - June 10, 2025 [PqPxK5dVghI]",chunk_shifted,125,126,0,1,4864.35,SPEAKER_11,SPEAKER_11,to piggyback on what mr daschle said about um for anybody that has not seen the reenactment of living experience at bethlehem church i went in december and i used to play lydia hamilton smith in that reenactment 25 years ago when they first started it it has grown so much since then and it is so goo,to piggyback on what mr daschle said about um for anybody that has not seen the reenactment of living experience at bethlehem church i went in december and i used to play lydia hamilton smith in that reenactment 25 years ago when they first started it it has grown so much since then and it is so goo
ministral-8b,"City Council Meeting - June 10, 2025 [PqPxK5dVghI]",chunk_shifted,127,128,1,0,4911.58,SPEAKER_05,SPEAKER_05,comments council president if i may counselor ahmed i just want to thank the gentleman who came out and spoke about the importance of pedestrian and uh bikeless uh safety as i spent my afternoon uh visiting a dear friend who's in the trauma unit an lgh who was hit by a vehicle riding his bike this p,comments council president if i may counselor ahmed i just want to thank the gentleman who came out and spoke about the importance of pedestrian and uh bikeless uh safety as i spent my afternoon uh visiting a dear friend who's in the trauma unit an lgh who was hit by a vehicle riding his bike this p
phi-4,"City Council Meeting - June 10, 2025 [PqPxK5dVghI]",chunk_shifted,22,23,1,0,1613.3,SPEAKER_10,SPEAKER_10,good evening uh tony dash 700 block new holland avenue um juneteenth is a important holiday to celebrate uh lancaster does have a lot of great abolitionists and just if anybody in the room or watching uh wants to learn more about the history of lancaster's involvement in the underground railroad bet,good evening uh tony dash 700 block new holland avenue um juneteenth is a important holiday to celebrate uh lancaster does have a lot of great abolitionists and just if anybody in the room or watching uh wants to learn more about the history of lancaster's involvement in the underground railroad bet
phi-4,"City Council Meeting - June 10, 2025 [PqPxK5dVghI]",chunk_shifted,28,29,0,1,1826.26,SPEAKER_10,SPEAKER_10,to see tony dash's 700 block new holland avenue i'm also glad to see this uh because i mean this can be said about the first resolution as well with the net with the federal government turning over everything trying to erase people from our country removing transgender individuals from the military ,to see tony dash's 700 block new holland avenue i'm also glad to see this uh because i mean this can be said about the first resolution as well with the net with the federal government turning over everything trying to erase people from our country removing transgender individuals from the military 
phi-4,"City Council Meeting - June 10, 2025 [PqPxK5dVghI]",chunk_shifted,53,54,0,1,2719.98,SPEAKER_11,SPEAKER_11,yeah i just i just wanted to hear her counselor craig if you wish sure um his work with um fair trade and his work with the 10 000 villages and what he does what i mean he's been a ton of places where he has been in control of and in charge of helping people sell different products in their own coun,yeah i just i just wanted to hear her counselor craig if you wish sure um his work with um fair trade and his work with the 10 000 villages and what he does what i mean he's been a ton of places where he has been in control of and in charge of helping people sell different products in their own coun
phi-4,"City Council Meeting - June 10, 2025 [PqPxK5dVghI]",chunk_shifted,54,55,0,1,2769.34,SPEAKER_04,SPEAKER_04,thank you council craig i'll also add that um and then the commission or the committee meeting is online and available for anyone to review but mr salt also actually formed an ethics commission essentially in the fair trade organization so he has a background in forming an ethics commission which is,thank you council craig i'll also add that um and then the commission or the committee meeting is online and available for anyone to review but mr salt also actually formed an ethics commission essentially in the fair trade organization so he has a background in forming an ethics commission which is
phi-4,"City Council Meeting - June 10, 2025 [PqPxK5dVghI]",chunk_shifted,55,56,0,1,2798.06,SPEAKER_10,SPEAKER_10,tony dastra 700 block new holland avenue um i also think this result will be a great addition to the ethics commission but i do request that for the record it stated whereabouts in the city these residents do live ms bird and i when we were on the ethics subcommittee for the home rule study commissi,tony dastra 700 block new holland avenue um i also think this result will be a great addition to the ethics commission but i do request that for the record it stated whereabouts in the city these residents do live ms bird and i when we were on the ethics subcommittee for the home rule study commissi
phi-4,"City Council Meeting - June 10, 2025 [PqPxK5dVghI]",chunk_shifted,70,71,1,0,2987.77,SPEAKER_14,SPEAKER_14,motioning and seconding counselor Hirsch I was you know impressed with Erica's background in the legal world and this particularly I was impressed by a story she told him which she talked about a time where she kind of had to admit that she made a mistake but felt better about bringing that to light,motioning and seconding counselor Hirsch I was you know impressed with Erica's background in the legal world and this particularly I was impressed by a story she told him which she talked about a time where she kind of had to admit that she made a mistake but felt better about bringing that to light
phi-4,"City Council Meeting - June 10, 2025 [PqPxK5dVghI]",chunk_shifted,104,105,1,0,3791.14,SPEAKER_06,SPEAKER_06,council council president counselor arroyo just an fyi i'll be abstaining from the vote just because my employer is mentioned in the action plan but fully support it otherwise thank you,council council president counselor arroyo just an fyi i'll be abstaining from the vote just because my employer is mentioned in the action plan but fully support it otherwise thank you
phi-4,"City Council Meeting - June 10, 2025 [PqPxK5dVghI]",chunk_shifted,107,108,1,0,3848.57,SPEAKER_14,SPEAKER_14,counselor any additional council comments council president thank you um just want to echo my comment that i made at the committee meeting which is that um this pot of money can be allocated to a lot of different things um you know know this from my background uh working at the county level with the,counselor any additional council comments council president thank you um just want to echo my comment that i made at the committee meeting which is that um this pot of money can be allocated to a lot of different things um you know know this from my background uh working at the county level with the
phi-4,"City Council Meeting - June 10, 2025 [PqPxK5dVghI]",chunk_shifted,112,113,1,0,4042.1,SPEAKER_03,SPEAKER_03,the resolution there's Gomez I just want to piggyback on what Irene said yes there's lots of residents being delayed ignored and denied my father in particularly who is an owner-occupant and me myself we are not given the opportunity nor irene but several of her issues and no she did not say that it,the resolution there's Gomez I just want to piggyback on what Irene said yes there's lots of residents being delayed ignored and denied my father in particularly who is an owner-occupant and me myself we are not given the opportunity nor irene but several of her issues and no she did not say that it
phi-4,"City Council Meeting - June 10, 2025 [PqPxK5dVghI]",chunk_shifted,113,114,0,1,4188.98,SPEAKER_10,SPEAKER_10,resolution mr. Dastra 700 block New Holland Avenue I just want to thank mr. Arroyo for being transparent about the refusal and I look forward to seeing the,resolution mr. Dastra 700 block New Holland Avenue I just want to thank mr. Arroyo for being transparent about the refusal and I look forward to seeing the
phi-4,"City Council Meeting - June 10, 2025 [PqPxK5dVghI]",chunk_shifted,119,120,0,1,4396.64,SPEAKER_03,SPEAKER_03,comment period and I just wanted to add the Spanish interpreter that was here for a translation should have been translating via is this being recorded I'm not sure if it's if it's being recorded she should have been used because she was asked to come for the spanish-speaking people in Lancaster cit,comment period and I just wanted to add the Spanish interpreter that was here for a translation should have been translating via is this being recorded I'm not sure if it's if it's being recorded she should have been used because she was asked to come for the spanish-speaking people in Lancaster cit
phi-4,"City Council Meeting - June 10, 2025 [PqPxK5dVghI]",chunk_shifted,127,128,1,0,4911.58,SPEAKER_05,SPEAKER_05,comments council president if i may counselor ahmed i just want to thank the gentleman who came out and spoke about the importance of pedestrian and uh bikeless uh safety as i spent my afternoon uh visiting a dear friend who's in the trauma unit an lgh who was hit by a vehicle riding his bike this p,comments council president if i may counselor ahmed i just want to thank the gentleman who came out and spoke about the importance of pedestrian and uh bikeless uh safety as i spent my afternoon uh visiting a dear friend who's in the trauma unit an lgh who was hit by a vehicle riding his bike this p
qwen3.5-9b-q6,"City Council Meeting - June 10, 2025 [PqPxK5dVghI]",chunk_shifted,18,19,1,0,1330.41,SPEAKER_07,SPEAKER_07,june 19 2025 as juneteenth in the city of lancaster and calling upon all lancastrians to honor the dignity culture and contributions of african americans to the history and life,june 19 2025 as juneteenth in the city of lancaster and calling upon all lancastrians to honor the dignity culture and contributions of african americans to the history and life
qwen3.5-9b-q6,"City Council Meeting - June 10, 2025 [PqPxK5dVghI]",chunk_shifted,55,56,0,1,2798.06,SPEAKER_10,SPEAKER_10,tony dastra 700 block new holland avenue um i also think this result will be a great addition to the ethics commission but i do request that for the record it stated whereabouts in the city these residents do live ms bird and i when we were on the ethics subcommittee for the home rule study commissi,tony dastra 700 block new holland avenue um i also think this result will be a great addition to the ethics commission but i do request that for the record it stated whereabouts in the city these residents do live ms bird and i when we were on the ethics subcommittee for the home rule study commissi
qwen3.5-9b-q6,"City Council Meeting - June 10, 2025 [PqPxK5dVghI]",chunk_shifted,83,84,0,1,3457.46,SPEAKER_11,SPEAKER_11,c is pretty straightforward they're going to replace they need to replace windows and a front door entry as well as a third third floor rear addition and 101 south queen is development of the swan the old swan hotel that is going to be developed into a airbnb with 11 10 or 11 units and i i don't thi,c is pretty straightforward they're going to replace they need to replace windows and a front door entry as well as a third third floor rear addition and 101 south queen is development of the swan the old swan hotel that is going to be developed into a airbnb with 11 10 or 11 units and i i don't thi
qwen3.5-9b-q6,"City Council Meeting - June 10, 2025 [PqPxK5dVghI]",chunk_shifted,84,85,0,1,3494.8,SPEAKER_04,SPEAKER_04,thank you counselor craig to clarify i think the architects and the firm was here they mentioned airbnb but it was an airbnb style hotel yes thank you so not a licensed airbnb no correct and and,thank you counselor craig to clarify i think the architects and the firm was here they mentioned airbnb but it was an airbnb style hotel yes thank you so not a licensed airbnb no correct and and
qwen3.5-9b-q6,"City Council Meeting - June 10, 2025 [PqPxK5dVghI]",chunk_shifted,85,86,0,1,3510.8,SPEAKER_02,SPEAKER_02,betsy is here um a senior planner great for any right i was looking for the gentleman that was,betsy is here um a senior planner great for any right i was looking for the gentleman that was
qwen3.5-9b-q6,"City Council Meeting - June 10, 2025 [PqPxK5dVghI]",chunk_shifted,111,112,1,0,4005.4,SPEAKER_04,SPEAKER_04,questions thank you miss Grievous to answer your question a couple things the critical repair program isn't comprised of millions of dollars it's a few hundred thousand dollars the many of the programs within this budget are for owner-occupied dwellings and if there is a tenant the landlord is requi,questions thank you miss Grievous to answer your question a couple things the critical repair program isn't comprised of millions of dollars it's a few hundred thousand dollars the many of the programs within this budget are for owner-occupied dwellings and if there is a tenant the landlord is requi
qwen3.5-9b-q6,"City Council Meeting - June 10, 2025 [PqPxK5dVghI]",chunk_shifted,113,114,1,0,4188.98,SPEAKER_10,SPEAKER_10,resolution mr. Dastra 700 block New Holland Avenue I just want to thank mr. Arroyo for being transparent about the refusal and I look forward to seeing the,resolution mr. Dastra 700 block New Holland Avenue I just want to thank mr. Arroyo for being transparent about the refusal and I look forward to seeing the
qwen3.5-9b-q6,"City Council Meeting - June 10, 2025 [PqPxK5dVghI]",chunk_shifted,125,126,0,1,4864.35,SPEAKER_11,SPEAKER_11,to piggyback on what mr daschle said about um for anybody that has not seen the reenactment of living experience at bethlehem church i went in december and i used to play lydia hamilton smith in that reenactment 25 years ago when they first started it it has grown so much since then and it is so goo,to piggyback on what mr daschle said about um for anybody that has not seen the reenactment of living experience at bethlehem church i went in december and i used to play lydia hamilton smith in that reenactment 25 years ago when they first started it it has grown so much since then and it is so goo
qwen3.5-9b-q6,"City Council Meeting - June 10, 2025 [PqPxK5dVghI]",chunk_shifted,126,127,0,1,4905.94,SPEAKER_04,SPEAKER_04,definitely living the experience thank you very much counselor craig any additional council,definitely living the experience thank you very much counselor craig any additional council
qwen3.5-9b-q6,"City Council Meeting - June 10, 2025 [PqPxK5dVghI]",chunk_shifted,127,128,0,1,4911.58,SPEAKER_05,SPEAKER_05,comments council president if i may counselor ahmed i just want to thank the gentleman who came out and spoke about the importance of pedestrian and uh bikeless uh safety as i spent my afternoon uh visiting a dear friend who's in the trauma unit an lgh who was hit by a vehicle riding his bike this p,comments council president if i may counselor ahmed i just want to thank the gentleman who came out and spoke about the importance of pedestrian and uh bikeless uh safety as i spent my afternoon uh visiting a dear friend who's in the trauma unit an lgh who was hit by a vehicle riding his bike this p
qwen3.5-9b-q8,"City Council Meeting - June 10, 2025 [PqPxK5dVghI]",chunk_shifted,18,19,1,0,1330.41,SPEAKER_07,SPEAKER_07,june 19 2025 as juneteenth in the city of lancaster and calling upon all lancastrians to honor the dignity culture and contributions of african americans to the history and life,june 19 2025 as juneteenth in the city of lancaster and calling upon all lancastrians to honor the dignity culture and contributions of african americans to the history and life
qwen3.5-9b-q8,"City Council Meeting - June 10, 2025 [PqPxK5dVghI]",chunk_shifted,55,56,0,1,2798.06,SPEAKER_10,SPEAKER_10,tony dastra 700 block new holland avenue um i also think this result will be a great addition to the ethics commission but i do request that for the record it stated whereabouts in the city these residents do live ms bird and i when we were on the ethics subcommittee for the home rule study commissi,tony dastra 700 block new holland avenue um i also think this result will be a great addition to the ethics commission but i do request that for the record it stated whereabouts in the city these residents do live ms bird and i when we were on the ethics subcommittee for the home rule study commissi
qwen3.5-9b-q8,"City Council Meeting - June 10, 2025 [PqPxK5dVghI]",chunk_shifted,83,84,0,1,3457.46,SPEAKER_11,SPEAKER_11,c is pretty straightforward they're going to replace they need to replace windows and a front door entry as well as a third third floor rear addition and 101 south queen is development of the swan the old swan hotel that is going to be developed into a airbnb with 11 10 or 11 units and i i don't thi,c is pretty straightforward they're going to replace they need to replace windows and a front door entry as well as a third third floor rear addition and 101 south queen is development of the swan the old swan hotel that is going to be developed into a airbnb with 11 10 or 11 units and i i don't thi
qwen3.5-9b-q8,"City Council Meeting - June 10, 2025 [PqPxK5dVghI]",chunk_shifted,84,85,0,1,3494.8,SPEAKER_04,SPEAKER_04,thank you counselor craig to clarify i think the architects and the firm was here they mentioned airbnb but it was an airbnb style hotel yes thank you so not a licensed airbnb no correct and and,thank you counselor craig to clarify i think the architects and the firm was here they mentioned airbnb but it was an airbnb style hotel yes thank you so not a licensed airbnb no correct and and
qwen3.5-9b-q8,"City Council Meeting - June 10, 2025 [PqPxK5dVghI]",chunk_shifted,85,86,0,1,3510.8,SPEAKER_02,SPEAKER_02,betsy is here um a senior planner great for any right i was looking for the gentleman that was,betsy is here um a senior planner great for any right i was looking for the gentleman that was
qwen3.5-9b-q8,"City Council Meeting - June 10, 2025 [PqPxK5dVghI]",chunk_shifted,112,113,0,1,4042.1,SPEAKER_03,SPEAKER_03,the resolution there's Gomez I just want to piggyback on what Irene said yes there's lots of residents being delayed ignored and denied my father in particularly who is an owner-occupant and me myself we are not given the opportunity nor irene but several of her issues and no she did not say that it,the resolution there's Gomez I just want to piggyback on what Irene said yes there's lots of residents being delayed ignored and denied my father in particularly who is an owner-occupant and me myself we are not given the opportunity nor irene but several of her issues and no she did not say that it
qwen3.5-9b-q8,"City Council Meeting - June 10, 2025 [PqPxK5dVghI]",chunk_shifted,125,126,0,1,4864.35,SPEAKER_11,SPEAKER_11,to piggyback on what mr daschle said about um for anybody that has not seen the reenactment of living experience at bethlehem church i went in december and i used to play lydia hamilton smith in that reenactment 25 years ago when they first started it it has grown so much since then and it is so goo,to piggyback on what mr daschle said about um for anybody that has not seen the reenactment of living experience at bethlehem church i went in december and i used to play lydia hamilton smith in that reenactment 25 years ago when they first started it it has grown so much since then and it is so goo
qwen3.5-9b-q8,"City Council Meeting - June 10, 2025 [PqPxK5dVghI]",chunk_shifted,126,127,0,1,4905.94,SPEAKER_04,SPEAKER_04,definitely living the experience thank you very much counselor craig any additional council,definitely living the experience thank you very much counselor craig any additional council
qwen3.5-9b-q8,"City Council Meeting - June 10, 2025 [PqPxK5dVghI]",chunk_shifted,127,128,0,1,4911.58,SPEAKER_05,SPEAKER_05,comments council president if i may counselor ahmed i just want to thank the gentleman who came out and spoke about the importance of pedestrian and uh bikeless uh safety as i spent my afternoon uh visiting a dear friend who's in the trauma unit an lgh who was hit by a vehicle riding his bike this p,comments council president if i may counselor ahmed i just want to thank the gentleman who came out and spoke about the importance of pedestrian and uh bikeless uh safety as i spent my afternoon uh visiting a dear friend who's in the trauma unit an lgh who was hit by a vehicle riding his bike this p
deepseek-r1-7b,"City Council Meeting - March 11, 2025 [fWjyrXs1ebs]",chunk_shifted,168,166,1,0,8785.39,SPEAKER_29,SPEAKER_29,I would like to say that it was very disturbing watching the video and just like Amanda says,I would like to say that it was very disturbing watching the video and just like Amanda says
deepseek-r1-7b,"City Council Meeting - March 11, 2025 [fWjyrXs1ebs]",chunk_shifted,174,172,0,1,9125.5,SPEAKER_25,SPEAKER_25,We don't have additional comments from the public,We don't have additional comments from the public
deepseek-r1-7b,"City Council Meeting - March 11, 2025 [fWjyrXs1ebs]",chunk_shifted,176,174,1,0,9167.56,SPEAKER_18,SPEAKER_18,Motion to adjourn. Second.,Motion to adjourn. Second.
gemma-4-4b,"City Council Meeting - March 11, 2025 [fWjyrXs1ebs]",text_differs,167,165,0,1,8694.22,SPEAKER_08,SPEAKER_08,petition to assemble and to protest and it's your right to yell at us and we have to listen so that's that's part of the job i really don't have a lot to say i don't want to say all that much about the incident because all i'm going to say is that there needs to be a thorough a thorough investigatio,because i do want to address the the very full room that we have here tonight and i want to say thank you all for coming exercising your first amendment right to petition to assemble and to protest and it's your right to yell at us and we have to listen so that's that's part of the job i really don'
gemma-4-4b,"City Council Meeting - March 11, 2025 [fWjyrXs1ebs]",chunk_shifted,168,166,1,0,8785.39,SPEAKER_29,SPEAKER_29,I would like to say that it was very disturbing watching the video and just like Amanda says,I would like to say that it was very disturbing watching the video and just like Amanda says
gemma-4-4b,"City Council Meeting - March 11, 2025 [fWjyrXs1ebs]",chunk_shifted,169,167,1,0,8806.6,SPEAKER_15,SPEAKER_15,just because I don't have children it doesn't mean I don't understand. I lost I lost a nephew who I was going to adopt at the age of 17 because he had cancer and he was bullied because he was So I also understand that. I have worked with the police. I have worked very hard to find ways to make it be,just because I don't have children it doesn't mean I don't understand. I lost I lost a nephew who I was going to adopt at the age of 17 because he had cancer and he was bullied because he was So I also understand that. I have worked with the police. I have worked very hard to find ways to make it be
gemma-4-4b,"City Council Meeting - March 11, 2025 [fWjyrXs1ebs]",chunk_shifted,170,168,0,1,8847.92,SPEAKER_31,SPEAKER_31,care and I just want to thank everybody who came out and spoke tonight and I was disturbed by the videos as well and you know some of the comments that are made today what is the power of counsel in these matters I have one of the powers council is reports requested for council and that's why i have,care and I just want to thank everybody who came out and spoke tonight and I was disturbed by the videos as well and you know some of the comments that are made today what is the power of counsel in these matters I have one of the powers council is reports requested for council and that's why i have
gemma-4-4b,"City Council Meeting - March 11, 2025 [fWjyrXs1ebs]",chunk_shifted,173,171,0,1,9091.56,SPEAKER_02,SPEAKER_02,"i'm sorry sir yes since council members you've seen the decision yes make sure this office at least put on administrative fees for the next 40, 24 years.","i'm sorry sir yes since council members you've seen the decision yes make sure this office at least put on administrative fees for the next 40, 24 years."
ministral-8b,"City Council Meeting - March 11, 2025 [fWjyrXs1ebs]",chunk_shifted,168,166,1,0,8785.39,SPEAKER_29,SPEAKER_29,I would like to say that it was very disturbing watching the video and just like Amanda says,I would like to say that it was very disturbing watching the video and just like Amanda says
phi-4,"City Council Meeting - March 11, 2025 [fWjyrXs1ebs]",chunk_shifted,171,169,0,1,8939.38,SPEAKER_30,SPEAKER_30,thank you council president uh just wanted to address the crowd that's here this evening um first thank you for coming this evening to share your thoughts your concerns your ideas um you know as my colleagues have mentioned you know part of the process whenever we're trying to find solutions is comi,thank you council president uh just wanted to address the crowd that's here this evening um first thank you for coming this evening to share your thoughts your concerns your ideas um you know as my colleagues have mentioned you know part of the process whenever we're trying to find solutions is comi
phi-4,"City Council Meeting - March 11, 2025 [fWjyrXs1ebs]",chunk_shifted,173,171,0,1,9091.56,SPEAKER_02,SPEAKER_02,"i'm sorry sir yes since council members you've seen the decision yes make sure this office at least put on administrative fees for the next 40, 24 years.","i'm sorry sir yes since council members you've seen the decision yes make sure this office at least put on administrative fees for the next 40, 24 years."
deepseek-r1-14b,"City Council Meeting - March 25, 2025 [Ifn8fwwBK0I]",chunk_shifted,96,95,1,0,5195.58,SPEAKER_03,SPEAKER_03,of course is about what we all really came here for so let me start by saying i echo the members of the community that are already approached and spoke today but trust and believe we expected the reaction that we got at that press conference we expected them to gaslight we expected them to lie and o,of course is about what we all really came here for so let me start by saying i echo the members of the community that are already approached and spoke today but trust and believe we expected the reaction that we got at that press conference we expected them to gaslight we expected them to lie and o
deepseek-r1-14b,"City Council Meeting - March 25, 2025 [Ifn8fwwBK0I]",chunk_shifted,97,96,1,0,5386.01,SPEAKER_20,SPEAKER_20,Hatfield's been an issue it's not new it's not new these are 20 year plus,Hatfield's been an issue it's not new it's not new these are 20 year plus
deepseek-r1-14b,"City Council Meeting - March 25, 2025 [Ifn8fwwBK0I]",chunk_shifted,98,97,1,0,5395.51,SPEAKER_03,SPEAKER_03,senior officers that were taught racist policing ways and are embedded in them this is conditioning we all know about racist conditioning so as you continue to perpetuate this cycle and capitalize on us instead of protecting us and I have to say use because user who I talk to and until y'all change ,senior officers that were taught racist policing ways and are embedded in them this is conditioning we all know about racist conditioning so as you continue to perpetuate this cycle and capitalize on us instead of protecting us and I have to say use because user who I talk to and until y'all change 
deepseek-r1-14b,"City Council Meeting - March 25, 2025 [Ifn8fwwBK0I]",chunk_shifted,115,114,0,1,6236.99,SPEAKER_09,SPEAKER_09,the city i never received it in the southwest and neither did any of the people living in my apartment building um and i just need to know why that is that's all absolutely um you should have,the city i never received it in the southwest and neither did any of the people living in my apartment building um and i just need to know why that is that's all absolutely um you should have
deepseek-r1-14b,"City Council Meeting - March 25, 2025 [Ifn8fwwBK0I]",chunk_shifted,117,116,0,1,6272.75,SPEAKER_00,SPEAKER_00,renter um he went to both the landlord and the renters yes okay and uh this and also if you can,renter um he went to both the landlord and the renters yes okay and uh this and also if you can
deepseek-r1-7b,"City Council Meeting - March 25, 2025 [Ifn8fwwBK0I]",chunk_shifted,45,45,0,1,3493.96,SPEAKER_20,SPEAKER_20,"Thank you, Ms. Burton. Just one point of reference. We did receive a presentation when this was initially introduced regarding the projects that this will fund from the general fund, water fund, as well as sewer fund. Also, the debt service was included in the projections when we were doing forecast","Thank you, Ms. Burton. Just one point of reference. We did receive a presentation when this was initially introduced regarding the projects that this will fund from the general fund, water fund, as well as sewer fund. Also, the debt service was included in the projections when we were doing forecast"
deepseek-r1-7b,"City Council Meeting - March 25, 2025 [Ifn8fwwBK0I]",chunk_shifted,48,47,0,1,3536.9,SPEAKER_20,SPEAKER_20,If you could just say your name and address.,If you could just say your name and address.
deepseek-r1-7b,"City Council Meeting - March 25, 2025 [Ifn8fwwBK0I]",chunk_shifted,50,49,0,1,3598.72,SPEAKER_24,SPEAKER_24,"Yeah, there's a there's a process that goes through the bond auction we don't typically review the policies for for banks and it's typically","Yeah, there's a there's a process that goes through the bond auction we don't typically review the policies for for banks and it's typically"
deepseek-r1-7b,"City Council Meeting - March 25, 2025 [Ifn8fwwBK0I]",chunk_shifted,56,55,1,0,3830.93,SPEAKER_20,SPEAKER_20,your futures shameful any additional questions or comments from the public excuse me patrick,your futures shameful any additional questions or comments from the public excuse me patrick
deepseek-r1-7b,"City Council Meeting - March 25, 2025 [Ifn8fwwBK0I]",chunk_shifted,66,65,0,1,4221.37,SPEAKER_22,SPEAKER_22,bill Mr. Matthews aye Mr. Rowe aye Mr. Flicks aye Mr. Kerr aye Mr. Tietz nay Mr. Hirsh aye,bill Mr. Matthews aye Mr. Rowe aye Mr. Flicks aye Mr. Kerr aye Mr. Tietz nay Mr. Hirsh aye
deepseek-r1-7b,"City Council Meeting - March 25, 2025 [Ifn8fwwBK0I]",chunk_shifted,69,68,1,0,4272.37,SPEAKER_20,SPEAKER_20,have a motion in a second councillor Diaz yes Lancaster introduced a,have a motion in a second councillor Diaz yes Lancaster introduced a
deepseek-r1-7b,"City Council Meeting - March 25, 2025 [Ifn8fwwBK0I]",chunk_shifted,72,71,0,1,4484.44,SPEAKER_20,SPEAKER_20,Mr. President.,Mr. President.
deepseek-r1-7b,"City Council Meeting - March 25, 2025 [Ifn8fwwBK0I]",chunk_shifted,76,75,1,0,4662.73,SPEAKER_17,SPEAKER_17,this council creates Commission of black and brown affairs related to police brutality this was related to police brutality you're telling me that in 2020 you had established this Commission why are we here then why are we here are you lying to us Jamie now in regards to these records being thrown a,this council creates Commission of black and brown affairs related to police brutality this was related to police brutality you're telling me that in 2020 you had established this Commission why are we here then why are we here are you lying to us Jamie now in regards to these records being thrown a
deepseek-r1-7b,"City Council Meeting - March 25, 2025 [Ifn8fwwBK0I]",chunk_shifted,77,76,1,0,4710.91,SPEAKER_20,SPEAKER_20,can't get justice crazy counselor Diaz would you like to reiterate the explanation around the resolution and what it entails and disposing or what Records is disposing of just for clarity for the public for clarity as Jessica,can't get justice crazy counselor Diaz would you like to reiterate the explanation around the resolution and what it entails and disposing or what Records is disposing of just for clarity for the public for clarity as Jessica
deepseek-r1-7b,"City Council Meeting - March 25, 2025 [Ifn8fwwBK0I]",chunk_shifted,78,77,1,0,4732.28,SPEAKER_11,SPEAKER_11,said we would need to speak to the mayor because she is the one that authorizes,said we would need to speak to the mayor because she is the one that authorizes
deepseek-r1-7b,"City Council Meeting - March 25, 2025 [Ifn8fwwBK0I]",chunk_shifted,88,87,1,0,5056.86,SPEAKER_20,SPEAKER_20,to be reintroduced introduced and we have a second any questions comments on the motion to table,to be reintroduced introduced and we have a second any questions comments on the motion to table
deepseek-r1-7b,"City Council Meeting - March 25, 2025 [Ifn8fwwBK0I]",chunk_shifted,121,120,1,0,6414.1,SPEAKER_20,SPEAKER_20,"Councilor Diaz, just to wrap up a public comment, can you hold your comments until council","Councilor Diaz, just to wrap up a public comment, can you hold your comments until council"
deepseek-r1-7b,"City Council Meeting - March 25, 2025 [Ifn8fwwBK0I]",chunk_shifted,125,124,1,0,6672.09,SPEAKER_26,SPEAKER_26,Thank you.,Thank you.
deepseek-r1-7b,"City Council Meeting - March 25, 2025 [Ifn8fwwBK0I]",chunk_shifted,127,126,1,0,6687.39,SPEAKER_17,SPEAKER_17,"And I just want to say for the end, lead paint is the job of housing. Lead pipes are the job of the city. If you would face, if you would focus on the area, because it was already known before, Deneen, you took office that the sewer plant was compromised. 30 years ago, we were in our last 10 years, ","And I just want to say for the end, lead paint is the job of housing. Lead pipes are the job of the city. If you would face, if you would focus on the area, because it was already known before, Deneen, you took office that the sewer plant was compromised. 30 years ago, we were in our last 10 years, "
deepseek-r1-7b,"City Council Meeting - March 25, 2025 [Ifn8fwwBK0I]",chunk_shifted,129,128,1,0,7002.56,SPEAKER_24,SPEAKER_24,thank you,thank you
deepseek-r1-7b,"City Council Meeting - March 25, 2025 [Ifn8fwwBK0I]",chunk_shifted,155,154,1,0,8114.72,SPEAKER_20,SPEAKER_20,"tonight. Thank you, Mayor Sirachi. We'll move on to the reporter president of council. Council president did not have a report for this evening. Moving on to council comments. I'll open it up","tonight. Thank you, Mayor Sirachi. We'll move on to the reporter president of council. Council president did not have a report for this evening. Moving on to council comments. I'll open it up"
deepseek-r1-7b,"City Council Meeting - March 25, 2025 [Ifn8fwwBK0I]",chunk_shifted,157,156,0,1,8163.02,SPEAKER_20,SPEAKER_20,"Thank you, Councilor Diaz. Any additional Council comments? Councilor Cleese?","Thank you, Councilor Diaz. Any additional Council comments? Councilor Cleese?"
deepseek-r1-7b,"City Council Meeting - March 25, 2025 [Ifn8fwwBK0I]",chunk_shifted,163,162,0,1,8381.66,SPEAKER_19,SPEAKER_19,everyone's questions one of the things that I what I'm hearing from the,everyone's questions one of the things that I what I'm hearing from the
gemma-4-4b,"City Council Meeting - March 25, 2025 [Ifn8fwwBK0I]",chunk_shifted,57,56,1,0,3853.38,SPEAKER_06,SPEAKER_06,I just want to say it's embarrassing the political sleight of hand you pulled when that gentleman asked about which banks and financial institutions you're collaborating with. These are institutions that cause untold suffering across the world that are collaborating with our fascist government in Wa,I just want to say it's embarrassing the political sleight of hand you pulled when that gentleman asked about which banks and financial institutions you're collaborating with. These are institutions that cause untold suffering across the world that are collaborating with our fascist government in Wa
gemma-4-4b,"City Council Meeting - March 25, 2025 [Ifn8fwwBK0I]",chunk_shifted,76,75,0,1,4662.73,SPEAKER_17,SPEAKER_17,this council creates Commission of black and brown affairs related to police brutality this was related to police brutality you're telling me that in 2020 you had established this Commission why are we here then why are we here are you lying to us Jamie now in regards to these records being thrown a,this council creates Commission of black and brown affairs related to police brutality this was related to police brutality you're telling me that in 2020 you had established this Commission why are we here then why are we here are you lying to us Jamie now in regards to these records being thrown a
gemma-4-4b,"City Council Meeting - March 25, 2025 [Ifn8fwwBK0I]",chunk_shifted,79,78,1,0,4739.78,SPEAKER_13,SPEAKER_13,what the police are going to do so I'm happy to speak to this this resolution to destroy safety records as councillor Diaz walked through our first citation animal complaints abandoned vehicles permits and related applications it is the purview of council to make a determination about whether or not,what the police are going to do so I'm happy to speak to this this resolution to destroy safety records as councillor Diaz walked through our first citation animal complaints abandoned vehicles permits and related applications it is the purview of council to make a determination about whether or not
gemma-4-4b,"City Council Meeting - March 25, 2025 [Ifn8fwwBK0I]",chunk_shifted,89,88,0,1,5063.9,SPEAKER_26,SPEAKER_26,public comment starting bird did you say you're waiting on a report and you're hoping you have that report by the april meeting i didn't quite understand that uh yes the last meeting of the,public comment starting bird did you say you're waiting on a report and you're hoping you have that report by the april meeting i didn't quite understand that uh yes the last meeting of the
gemma-4-4b,"City Council Meeting - March 25, 2025 [Ifn8fwwBK0I]",chunk_shifted,97,96,0,1,5386.01,SPEAKER_20,SPEAKER_20,Hatfield's been an issue it's not new it's not new these are 20 year plus,Hatfield's been an issue it's not new it's not new these are 20 year plus
gemma-4-4b,"City Council Meeting - March 25, 2025 [Ifn8fwwBK0I]",chunk_shifted,102,101,1,0,5501.09,SPEAKER_03,SPEAKER_03,moment it's not about what you say it's about what you do that's the thing it's not about what you're talking about or what I'm talking about it's about what,moment it's not about what you say it's about what you do that's the thing it's not about what you're talking about or what I'm talking about it's about what
gemma-4-4b,"City Council Meeting - March 25, 2025 [Ifn8fwwBK0I]",chunk_shifted,104,103,0,1,5519.84,SPEAKER_03,SPEAKER_03,a lot of limitations there there is so is it a facade and we have City Council members and a mayor that's supposed to oversee a department that really,a lot of limitations there there is so is it a facade and we have City Council members and a mayor that's supposed to oversee a department that really
gemma-4-4b,"City Council Meeting - March 25, 2025 [Ifn8fwwBK0I]",chunk_shifted,109,108,1,0,5717.42,SPEAKER_02,SPEAKER_02,question or comment is earlier during the the first public comment it seemed apparent that there's a time when the person at the podium asks questions or makes a statement and maybe at the closure of their statement is when you respond but it didn't it didn't seem like that was explained to the pers,question or comment is earlier during the the first public comment it seemed apparent that there's a time when the person at the podium asks questions or makes a statement and maybe at the closure of their statement is when you respond but it didn't it didn't seem like that was explained to the pers
gemma-4-4b,"City Council Meeting - March 25, 2025 [Ifn8fwwBK0I]",chunk_shifted,111,110,1,0,5886.56,SPEAKER_01,SPEAKER_01,"Good evening. My name is Oakley Boscorino. I have to apologize for the deviation of topic, but I'm coming here representing Pennsylvania College of Art and Design and their entire over 400 student body. What excited many students about enrolling in this Lancaster-based art school the artistic world ","Good evening. My name is Oakley Boscorino. I have to apologize for the deviation of topic, but I'm coming here representing Pennsylvania College of Art and Design and their entire over 400 student body. What excited many students about enrolling in this Lancaster-based art school the artistic world "
gemma-4-4b,"City Council Meeting - March 25, 2025 [Ifn8fwwBK0I]",chunk_shifted,112,111,0,1,6084.01,SPEAKER_18,SPEAKER_18,"Daryl Legacy, 100 block of North Mary. I'm sure that the finance people were probably not looking forward to this today, but this one speaks to you at least a little. We're lucky that Moody's, when they raided us, didn't take into account the fact that if the police keep acting with impunity, we're ","Daryl Legacy, 100 block of North Mary. I'm sure that the finance people were probably not looking forward to this today, but this one speaks to you at least a little. We're lucky that Moody's, when they raided us, didn't take into account the fact that if the police keep acting with impunity, we're "
gemma-4-4b,"City Council Meeting - March 25, 2025 [Ifn8fwwBK0I]",chunk_shifted,123,122,1,0,6501.93,SPEAKER_05,SPEAKER_05,uh john tell tolan first and only block of wise ave um mayor sirachi uh your response to jess lopez was kind of vague and i think that most people here would like to know what the actual limitations are and if there's some kind of town hall we could have so that we could actually go through what the,uh john tell tolan first and only block of wise ave um mayor sirachi uh your response to jess lopez was kind of vague and i think that most people here would like to know what the actual limitations are and if there's some kind of town hall we could have so that we could actually go through what the
gemma-4-4b,"City Council Meeting - March 25, 2025 [Ifn8fwwBK0I]",chunk_shifted,124,123,0,1,6559.1,SPEAKER_15,SPEAKER_15,taylor enterline i live in manheim borough but i work here in the city and have been put through uh the legal system here um mayor sirachi you're staying on your mayoral time here in lancaster will be remembered and laughed at you stood in 2020 in the streets got your photos and it did nothing the p,taylor enterline i live in manheim borough but i work here in the city and have been put through uh the legal system here um mayor sirachi you're staying on your mayoral time here in lancaster will be remembered and laughed at you stood in 2020 in the streets got your photos and it did nothing the p
gemma-4-4b,"City Council Meeting - March 25, 2025 [Ifn8fwwBK0I]",chunk_shifted,127,126,1,0,6687.39,SPEAKER_17,SPEAKER_17,"And I just want to say for the end, lead paint is the job of housing. Lead pipes are the job of the city. If you would face, if you would focus on the area, because it was already known before, Deneen, you took office that the sewer plant was compromised. 30 years ago, we were in our last 10 years, ","And I just want to say for the end, lead paint is the job of housing. Lead pipes are the job of the city. If you would face, if you would focus on the area, because it was already known before, Deneen, you took office that the sewer plant was compromised. 30 years ago, we were in our last 10 years, "
gemma-4-4b,"City Council Meeting - March 25, 2025 [Ifn8fwwBK0I]",chunk_shifted,131,130,1,0,7019.39,SPEAKER_25,SPEAKER_25,"tomorrow and I'll be in touch. I took pictures that way you can see it. I wasn't, you know, I'm not trying to hide anything or whatever. I took pictures so they can see what was what. You know, if it was a lot of trash or something like that, I can see it. But you're going to charge me $200 for mayb","tomorrow and I'll be in touch. I took pictures that way you can see it. I wasn't, you know, I'm not trying to hide anything or whatever. I took pictures so they can see what was what. You know, if it was a lot of trash or something like that, I can see it. But you're going to charge me $200 for mayb"
gemma-4-4b,"City Council Meeting - March 25, 2025 [Ifn8fwwBK0I]",chunk_shifted,141,140,1,0,7197.99,SPEAKER_03,SPEAKER_03,the sign or if it's like zoning so say they put no parking signs where there used to be a garage and now said garage is a house do they they receive remove the sign right if said garage doesn't have vehicles going in and out of it i live on a block that has street cleaning every week and about four ,the sign or if it's like zoning so say they put no parking signs where there used to be a garage and now said garage is a house do they they receive remove the sign right if said garage doesn't have vehicles going in and out of it i live on a block that has street cleaning every week and about four 
gemma-4-4b,"City Council Meeting - March 25, 2025 [Ifn8fwwBK0I]",chunk_shifted,143,142,0,1,7263.93,SPEAKER_03,SPEAKER_03,what traffic commission does so um i mean just for future like i appreciate the response and information but shouldn't there be like um yearly five yearly review when we're literally being incarcerated for not paying these parking tickets for places that,what traffic commission does so um i mean just for future like i appreciate the response and information but shouldn't there be like um yearly five yearly review when we're literally being incarcerated for not paying these parking tickets for places that
gemma-4-4b,"City Council Meeting - March 25, 2025 [Ifn8fwwBK0I]",chunk_shifted,145,144,0,1,7301.8,SPEAKER_13,SPEAKER_13,that you could bring it forward no but what I'm what I'm saying is shouldn't,that you could bring it forward no but what I'm what I'm saying is shouldn't
gemma-4-4b,"City Council Meeting - March 25, 2025 [Ifn8fwwBK0I]",chunk_shifted,150,149,1,0,7385.38,SPEAKER_23,SPEAKER_23,mine is strasburg pennsylvania um i just want to leave you all with um one last message tonight um i think it's really pertinent it's really important um there are a whole lot of people in this room in this city in this greater community that i care for very deeply and within the last month here um ,mine is strasburg pennsylvania um i just want to leave you all with um one last message tonight um i think it's really pertinent it's really important um there are a whole lot of people in this room in this city in this greater community that i care for very deeply and within the last month here um 
gemma-4-4b,"City Council Meeting - March 25, 2025 [Ifn8fwwBK0I]",chunk_shifted,152,151,1,0,7752.44,SPEAKER_14,SPEAKER_14,"Hi, my name is Brianna Sienkiewicz. I'm on the 700 block of Marietta Avenue. This is my first time speaking up here, but I moved here in 2022. I moved here because I wanted this to be a safe community for my son. My husband is Haitian, so my son is mixed. I always watched that video and all I could ","Hi, my name is Brianna Sienkiewicz. I'm on the 700 block of Marietta Avenue. This is my first time speaking up here, but I moved here in 2022. I moved here because I wanted this to be a safe community for my son. My husband is Haitian, so my son is mixed. I always watched that video and all I could "
gemma-4-4b,"City Council Meeting - March 25, 2025 [Ifn8fwwBK0I]",chunk_shifted,158,157,0,1,8170.61,SPEAKER_07,SPEAKER_07,"Thank you, Consul President. In terms of immigration, legal immigration, as a Consul member, there isn't much we can do. Let's be honest. So what I can do, I can use my voice, my platform, my vote. I can speak out, and I have done that. You know, you use newspaper, everybody needs to speak out. And ","Thank you, Consul President. In terms of immigration, legal immigration, as a Consul member, there isn't much we can do. Let's be honest. So what I can do, I can use my voice, my platform, my vote. I can speak out, and I have done that. You know, you use newspaper, everybody needs to speak out. And "
gemma-4-4b,"City Council Meeting - March 25, 2025 [Ifn8fwwBK0I]",chunk_shifted,159,158,1,0,8324.54,SPEAKER_19,SPEAKER_19,"Thank you, Mr. Vice President, and I just want to react to the remarks of the gentleman about the immigration. There is a lot of effort going on at the state level with different organizations here in Lancaster that I am a part of, and I would love to connect with you and talk about some of the acts","Thank you, Mr. Vice President, and I just want to react to the remarks of the gentleman about the immigration. There is a lot of effort going on at the state level with different organizations here in Lancaster that I am a part of, and I would love to connect with you and talk about some of the acts"
gemma-4-4b,"City Council Meeting - March 25, 2025 [Ifn8fwwBK0I]",chunk_shifted,161,160,0,1,8364.42,SPEAKER_19,SPEAKER_19,"One, I want to thank the community for showing up tonight, similar to the last council meeting.","One, I want to thank the community for showing up tonight, similar to the last council meeting."
gemma-4-4b,"City Council Meeting - March 25, 2025 [Ifn8fwwBK0I]",chunk_shifted,162,161,1,0,8370.32,SPEAKER_20,SPEAKER_20,"During the last council meeting, I mentioned that you guys are being heard, and I want to continue to echo that sentiment. I understand that the press conference that was recently given that answer","During the last council meeting, I mentioned that you guys are being heard, and I want to continue to echo that sentiment. I understand that the press conference that was recently given that answer"
ministral-8b,"City Council Meeting - March 25, 2025 [Ifn8fwwBK0I]",chunk_shifted,73,72,1,0,4487.12,SPEAKER_19,SPEAKER_19,"I will say that this was tabled at the last meeting, given the discussion we were having at the last meeting. I thought it was most appropriate to wait until Chief Mendez or the mayor was available to answer any questions. The mayor is here this evening, so that's why I moved to bring it back on the","I will say that this was tabled at the last meeting, given the discussion we were having at the last meeting. I thought it was most appropriate to wait until Chief Mendez or the mayor was available to answer any questions. The mayor is here this evening, so that's why I moved to bring it back on the"
ministral-8b,"City Council Meeting - March 25, 2025 [Ifn8fwwBK0I]",chunk_shifted,74,73,0,1,4511.68,SPEAKER_03,SPEAKER_03,"I appreciate that, Councilor Emmett. Now, so then the question is, where's the real list of what you'll be getting rid of? And how do you really prove that that's what you are getting rid of? We don't have transparency from our police department. We can't go in there whenever we please. That's a fac","I appreciate that, Councilor Emmett. Now, so then the question is, where's the real list of what you'll be getting rid of? And how do you really prove that that's what you are getting rid of? We don't have transparency from our police department. We can't go in there whenever we please. That's a fac"
ministral-8b,"City Council Meeting - March 25, 2025 [Ifn8fwwBK0I]",chunk_shifted,75,74,1,0,4542.29,SPEAKER_08,SPEAKER_08,tabled again my comment on that I second that this is an extremely tone-deaf thing to put forward to us at this moment in time I think it's disgusting that we would even could talk about it I hope that each and every single one of you votes nay because this is the kind of thing that you know we talk,tabled again my comment on that I second that this is an extremely tone-deaf thing to put forward to us at this moment in time I think it's disgusting that we would even could talk about it I hope that each and every single one of you votes nay because this is the kind of thing that you know we talk
ministral-8b,"City Council Meeting - March 25, 2025 [Ifn8fwwBK0I]",chunk_shifted,82,81,0,1,4872.19,SPEAKER_03,SPEAKER_03,um again i reiterate there was a et cetera at the end of that other related records so other related records could really be anything and at a pivotal time where we're looking for our future mayor to take a stand you have a position to say no we don't trust it and until you find a way to make us fee,um again i reiterate there was a et cetera at the end of that other related records so other related records could really be anything and at a pivotal time where we're looking for our future mayor to take a stand you have a position to say no we don't trust it and until you find a way to make us fee
ministral-8b,"City Council Meeting - March 25, 2025 [Ifn8fwwBK0I]",chunk_shifted,83,82,0,1,4938.19,SPEAKER_11,SPEAKER_11,so who is youth say no it's that easy if i may um counselor counselor i think that what the community is talking about is that they do want a citizen's law enforcement advisory committee and by putting by placing that this is going to give everybody the opportunity to look at records like that and i,so who is youth say no it's that easy if i may um counselor counselor i think that what the community is talking about is that they do want a citizen's law enforcement advisory committee and by putting by placing that this is going to give everybody the opportunity to look at records like that and i
ministral-8b,"City Council Meeting - March 25, 2025 [Ifn8fwwBK0I]",chunk_shifted,90,89,0,1,5079.57,SPEAKER_19,SPEAKER_19,council i made a motion to table this resolution that was passed unanimously i made that motion into thinking that the report that was requested would happen this evening and given that the community has requested to table it further i will make that motion to table until the april legislative agend,council i made a motion to table this resolution that was passed unanimously i made that motion into thinking that the report that was requested would happen this evening and given that the community has requested to table it further i will make that motion to table until the april legislative agend
ministral-8b,"City Council Meeting - March 25, 2025 [Ifn8fwwBK0I]",chunk_shifted,93,92,1,0,5121.97,SPEAKER_17,SPEAKER_17,will be here for that meeting thank you i really appreciate that and i just want to second uh the bill number 8 2020 to be adopted and looked at by council respectfully i'm just reiterating that you,will be here for that meeting thank you i really appreciate that and i just want to second uh the bill number 8 2020 to be adopted and looked at by council respectfully i'm just reiterating that you
ministral-8b,"City Council Meeting - March 25, 2025 [Ifn8fwwBK0I]",chunk_shifted,106,105,0,1,5641.12,SPEAKER_03,SPEAKER_03,led by chief mendez that i'm very proud of and that's why you're taking offense instead of addressing the situation i understand you put in work to change the department yes you fired a few people you did this you did that well there's another issue that has a rise and it needs addressed it doesn't ,led by chief mendez that i'm very proud of and that's why you're taking offense instead of addressing the situation i understand you put in work to change the department yes you fired a few people you did this you did that well there's another issue that has a rise and it needs addressed it doesn't 
ministral-8b,"City Council Meeting - March 25, 2025 [Ifn8fwwBK0I]",chunk_shifted,112,111,0,1,6084.01,SPEAKER_18,SPEAKER_18,"Daryl Legacy, 100 block of North Mary. I'm sure that the finance people were probably not looking forward to this today, but this one speaks to you at least a little. We're lucky that Moody's, when they raided us, didn't take into account the fact that if the police keep acting with impunity, we're ","Daryl Legacy, 100 block of North Mary. I'm sure that the finance people were probably not looking forward to this today, but this one speaks to you at least a little. We're lucky that Moody's, when they raided us, didn't take into account the fact that if the police keep acting with impunity, we're "
ministral-8b,"City Council Meeting - March 25, 2025 [Ifn8fwwBK0I]",chunk_shifted,117,116,1,0,6272.75,SPEAKER_00,SPEAKER_00,renter um he went to both the landlord and the renters yes okay and uh this and also if you can,renter um he went to both the landlord and the renters yes okay and uh this and also if you can
ministral-8b,"City Council Meeting - March 25, 2025 [Ifn8fwwBK0I]",chunk_shifted,119,118,0,1,6333.61,SPEAKER_08,SPEAKER_08,clarification thank you Brian Nelson right off of Columbia Avenue Banyan Circle Drive so I understand that we talked a lot about the failures of our police department and the failures of the mayor on terms of holding them accountable but I wanted to ask a question for each and every single one of yo,clarification thank you Brian Nelson right off of Columbia Avenue Banyan Circle Drive so I understand that we talked a lot about the failures of our police department and the failures of the mayor on terms of holding them accountable but I wanted to ask a question for each and every single one of yo
ministral-8b,"City Council Meeting - March 25, 2025 [Ifn8fwwBK0I]",chunk_shifted,127,126,1,0,6687.39,SPEAKER_17,SPEAKER_17,"And I just want to say for the end, lead paint is the job of housing. Lead pipes are the job of the city. If you would face, if you would focus on the area, because it was already known before, Deneen, you took office that the sewer plant was compromised. 30 years ago, we were in our last 10 years, ","And I just want to say for the end, lead paint is the job of housing. Lead pipes are the job of the city. If you would face, if you would focus on the area, because it was already known before, Deneen, you took office that the sewer plant was compromised. 30 years ago, we were in our last 10 years, "
ministral-8b,"City Council Meeting - March 25, 2025 [Ifn8fwwBK0I]",chunk_shifted,143,142,0,1,7263.93,SPEAKER_03,SPEAKER_03,what traffic commission does so um i mean just for future like i appreciate the response and information but shouldn't there be like um yearly five yearly review when we're literally being incarcerated for not paying these parking tickets for places that,what traffic commission does so um i mean just for future like i appreciate the response and information but shouldn't there be like um yearly five yearly review when we're literally being incarcerated for not paying these parking tickets for places that
ministral-8b,"City Council Meeting - March 25, 2025 [Ifn8fwwBK0I]",chunk_shifted,159,158,1,0,8324.54,SPEAKER_19,SPEAKER_19,"Thank you, Mr. Vice President, and I just want to react to the remarks of the gentleman about the immigration. There is a lot of effort going on at the state level with different organizations here in Lancaster that I am a part of, and I would love to connect with you and talk about some of the acts","Thank you, Mr. Vice President, and I just want to react to the remarks of the gentleman about the immigration. There is a lot of effort going on at the state level with different organizations here in Lancaster that I am a part of, and I would love to connect with you and talk about some of the acts"
ministral-8b,"City Council Meeting - March 25, 2025 [Ifn8fwwBK0I]",chunk_shifted,161,160,0,1,8364.42,SPEAKER_19,SPEAKER_19,"One, I want to thank the community for showing up tonight, similar to the last council meeting.","One, I want to thank the community for showing up tonight, similar to the last council meeting."
ministral-8b,"City Council Meeting - March 25, 2025 [Ifn8fwwBK0I]",chunk_shifted,162,161,1,0,8370.32,SPEAKER_20,SPEAKER_20,"During the last council meeting, I mentioned that you guys are being heard, and I want to continue to echo that sentiment. I understand that the press conference that was recently given that answer","During the last council meeting, I mentioned that you guys are being heard, and I want to continue to echo that sentiment. I understand that the press conference that was recently given that answer"
ministral-8b,"City Council Meeting - March 25, 2025 [Ifn8fwwBK0I]",chunk_shifted,163,162,0,1,8381.66,SPEAKER_19,SPEAKER_19,everyone's questions one of the things that I what I'm hearing from the,everyone's questions one of the things that I what I'm hearing from the
phi-4,"City Council Meeting - March 25, 2025 [Ifn8fwwBK0I]",chunk_shifted,55,54,1,0,3688.29,SPEAKER_17,SPEAKER_17,"OK, Susie, do I have to say it again? Yes, please. Susie Gomez, North 100 block of North Reservoir Street. So while you guys are looking at projective reports and planning for your futures ahead, and a home rule is basically a positive view in the city because taxpayers are the only ones that are go","OK, Susie, do I have to say it again? Yes, please. Susie Gomez, North 100 block of North Reservoir Street. So while you guys are looking at projective reports and planning for your futures ahead, and a home rule is basically a positive view in the city because taxpayers are the only ones that are go"
phi-4,"City Council Meeting - March 25, 2025 [Ifn8fwwBK0I]",chunk_shifted,58,57,0,1,3893.42,SPEAKER_08,SPEAKER_08,I got a little too close here sorry so my name is Brian Nelson I live off of Columbia Avenue I'm right outside Lancaster City and so I completely understand kind of your guys's point when you're talking about you know the bonds and stuff like that but did you guys do any due diligence at all and I u,I got a little too close here sorry so my name is Brian Nelson I live off of Columbia Avenue I'm right outside Lancaster City and so I completely understand kind of your guys's point when you're talking about you know the bonds and stuff like that but did you guys do any due diligence at all and I u
phi-4,"City Council Meeting - March 25, 2025 [Ifn8fwwBK0I]",chunk_shifted,65,64,0,1,4139.32,SPEAKER_26,SPEAKER_26,believe that I understand the bonds and I understand for the water and everything but I think when we talk about these other projects of parks and everything to actual get a bond to be able to you know do these parks we have come up with a better solution we're talking about 25 years you know how ma,believe that I understand the bonds and I understand for the water and everything but I think when we talk about these other projects of parks and everything to actual get a bond to be able to you know do these parks we have come up with a better solution we're talking about 25 years you know how ma
phi-4,"City Council Meeting - March 25, 2025 [Ifn8fwwBK0I]",chunk_shifted,73,72,1,0,4487.12,SPEAKER_19,SPEAKER_19,"I will say that this was tabled at the last meeting, given the discussion we were having at the last meeting. I thought it was most appropriate to wait until Chief Mendez or the mayor was available to answer any questions. The mayor is here this evening, so that's why I moved to bring it back on the","I will say that this was tabled at the last meeting, given the discussion we were having at the last meeting. I thought it was most appropriate to wait until Chief Mendez or the mayor was available to answer any questions. The mayor is here this evening, so that's why I moved to bring it back on the"
phi-4,"City Council Meeting - March 25, 2025 [Ifn8fwwBK0I]",chunk_shifted,75,74,1,0,4542.29,SPEAKER_08,SPEAKER_08,tabled again my comment on that I second that this is an extremely tone-deaf thing to put forward to us at this moment in time I think it's disgusting that we would even could talk about it I hope that each and every single one of you votes nay because this is the kind of thing that you know we talk,tabled again my comment on that I second that this is an extremely tone-deaf thing to put forward to us at this moment in time I think it's disgusting that we would even could talk about it I hope that each and every single one of you votes nay because this is the kind of thing that you know we talk
phi-4,"City Council Meeting - March 25, 2025 [Ifn8fwwBK0I]",chunk_shifted,79,78,1,0,4739.78,SPEAKER_13,SPEAKER_13,what the police are going to do so I'm happy to speak to this this resolution to destroy safety records as councillor Diaz walked through our first citation animal complaints abandoned vehicles permits and related applications it is the purview of council to make a determination about whether or not,what the police are going to do so I'm happy to speak to this this resolution to destroy safety records as councillor Diaz walked through our first citation animal complaints abandoned vehicles permits and related applications it is the purview of council to make a determination about whether or not
phi-4,"City Council Meeting - March 25, 2025 [Ifn8fwwBK0I]",chunk_shifted,81,80,1,0,4849.57,SPEAKER_13,SPEAKER_13,that's possible i'm not sure either if somebody wants to see these records um they could submit a right to know request to review the records uh that would need to go through the right to know process and that's available to anyone in the room or beyond thank you can i report to that,that's possible i'm not sure either if somebody wants to see these records um they could submit a right to know request to review the records uh that would need to go through the right to know process and that's available to anyone in the room or beyond thank you can i report to that
phi-4,"City Council Meeting - March 25, 2025 [Ifn8fwwBK0I]",text_differs,85,84,1,0,5023.43,SPEAKER_19,SPEAKER_19,"Any others, Mr. President? Councilor Bennett? When I made the motion to table this resolution at our last meeting, it was under the impression that we were going to have a report requested by council, and since it is not this evening, we're hoping that it will be the april legislative agenda i will ","Councilor Bennett? When I made the motion to table this resolution at our last meeting, it was under the impression that we were going to have a report requested by council, and since it is not this evening, we're hoping that it will be the april legislative agenda i will make a motion to table this"
phi-4,"City Council Meeting - March 25, 2025 [Ifn8fwwBK0I]",chunk_shifted,93,92,0,1,5121.97,SPEAKER_17,SPEAKER_17,will be here for that meeting thank you i really appreciate that and i just want to second uh the bill number 8 2020 to be adopted and looked at by council respectfully i'm just reiterating that you,will be here for that meeting thank you i really appreciate that and i just want to second uh the bill number 8 2020 to be adopted and looked at by council respectfully i'm just reiterating that you
phi-4,"City Council Meeting - March 25, 2025 [Ifn8fwwBK0I]",chunk_shifted,99,98,1,0,5459.22,SPEAKER_20,SPEAKER_20,against the the so that's against the agreement we have with the Union yeah but,against the the so that's against the agreement we have with the Union yeah but
phi-4,"City Council Meeting - March 25, 2025 [Ifn8fwwBK0I]",chunk_shifted,102,101,0,1,5501.09,SPEAKER_03,SPEAKER_03,moment it's not about what you say it's about what you do that's the thing it's not about what you're talking about or what I'm talking about it's about what,moment it's not about what you say it's about what you do that's the thing it's not about what you're talking about or what I'm talking about it's about what
phi-4,"City Council Meeting - March 25, 2025 [Ifn8fwwBK0I]",chunk_shifted,105,104,0,1,5529.18,SPEAKER_13,SPEAKER_13,oversees itself it is clear that we need to have a better and a shared understanding of the police practices and protocols and the legal constraints that are overseeing the functions of the police here chief Mendez was asked to come and speak to council and he will come to talk about use of force tr,oversees itself it is clear that we need to have a better and a shared understanding of the police practices and protocols and the legal constraints that are overseeing the functions of the police here chief Mendez was asked to come and speak to council and he will come to talk about use of force tr
phi-4,"City Council Meeting - March 25, 2025 [Ifn8fwwBK0I]",chunk_shifted,111,110,1,0,5886.56,SPEAKER_01,SPEAKER_01,"Good evening. My name is Oakley Boscorino. I have to apologize for the deviation of topic, but I'm coming here representing Pennsylvania College of Art and Design and their entire over 400 student body. What excited many students about enrolling in this Lancaster-based art school the artistic world ","Good evening. My name is Oakley Boscorino. I have to apologize for the deviation of topic, but I'm coming here representing Pennsylvania College of Art and Design and their entire over 400 student body. What excited many students about enrolling in this Lancaster-based art school the artistic world "
phi-4,"City Council Meeting - March 25, 2025 [Ifn8fwwBK0I]",chunk_shifted,117,116,0,1,6272.75,SPEAKER_00,SPEAKER_00,renter um he went to both the landlord and the renters yes okay and uh this and also if you can,renter um he went to both the landlord and the renters yes okay and uh this and also if you can
phi-4,"City Council Meeting - March 25, 2025 [Ifn8fwwBK0I]",chunk_shifted,118,117,0,1,6283.23,SPEAKER_13,SPEAKER_13,just confirm with me your address later i will make sure that you follow up um and i just wanted to say that um we are talking about there's 50 000 lines we have to have two forms of verification for the state for those lines right now we have identified about one percent of the lines we are much mo,just confirm with me your address later i will make sure that you follow up um and i just wanted to say that um we are talking about there's 50 000 lines we have to have two forms of verification for the state for those lines right now we have identified about one percent of the lines we are much mo
phi-4,"City Council Meeting - March 25, 2025 [Ifn8fwwBK0I]",chunk_shifted,123,122,1,0,6501.93,SPEAKER_05,SPEAKER_05,uh john tell tolan first and only block of wise ave um mayor sirachi uh your response to jess lopez was kind of vague and i think that most people here would like to know what the actual limitations are and if there's some kind of town hall we could have so that we could actually go through what the,uh john tell tolan first and only block of wise ave um mayor sirachi uh your response to jess lopez was kind of vague and i think that most people here would like to know what the actual limitations are and if there's some kind of town hall we could have so that we could actually go through what the
phi-4,"City Council Meeting - March 25, 2025 [Ifn8fwwBK0I]",chunk_shifted,132,131,1,0,7069.9,SPEAKER_13,SPEAKER_13,again meeting with director Campbell tomorrow morning and I will talk to him about this i understood you brought these um concerns previously yes and um i again i will,again meeting with director Campbell tomorrow morning and I will talk to him about this i understood you brought these um concerns previously yes and um i again i will
phi-4,"City Council Meeting - March 25, 2025 [Ifn8fwwBK0I]",chunk_shifted,140,139,0,1,7178.87,SPEAKER_13,SPEAKER_13,who asked for them no longer reside there that's traffic commission and if you send mr harris a note um he can communicate with the staff at the police bureau to send someone out to to confirm that that person no longer lives there and department of public works goes out and removes,who asked for them no longer reside there that's traffic commission and if you send mr harris a note um he can communicate with the staff at the police bureau to send someone out to to confirm that that person no longer lives there and department of public works goes out and removes
phi-4,"City Council Meeting - March 25, 2025 [Ifn8fwwBK0I]",chunk_shifted,144,143,1,0,7281.81,SPEAKER_11,SPEAKER_11,shouldn't be we do and we do have where where you send in the information for Campbell to look at and then we basically review it completely but we have to initiate the process you would have to come also to the meeting so like,shouldn't be we do and we do have where where you send in the information for Campbell to look at and then we basically review it completely but we have to initiate the process you would have to come also to the meeting so like
phi-4,"City Council Meeting - March 25, 2025 [Ifn8fwwBK0I]",chunk_shifted,145,144,1,0,7301.8,SPEAKER_13,SPEAKER_13,that you could bring it forward no but what I'm what I'm saying is shouldn't,that you could bring it forward no but what I'm what I'm saying is shouldn't
phi-4,"City Council Meeting - March 25, 2025 [Ifn8fwwBK0I]",chunk_shifted,146,145,1,0,7315.88,SPEAKER_03,SPEAKER_03,there be something established where they do it without us initiating it,there be something established where they do it without us initiating it
qwen3.5-9b-q6,"City Council Meeting - March 25, 2025 [Ifn8fwwBK0I]",chunk_shifted,55,54,1,0,3688.29,SPEAKER_17,SPEAKER_17,"OK, Susie, do I have to say it again? Yes, please. Susie Gomez, North 100 block of North Reservoir Street. So while you guys are looking at projective reports and planning for your futures ahead, and a home rule is basically a positive view in the city because taxpayers are the only ones that are go","OK, Susie, do I have to say it again? Yes, please. Susie Gomez, North 100 block of North Reservoir Street. So while you guys are looking at projective reports and planning for your futures ahead, and a home rule is basically a positive view in the city because taxpayers are the only ones that are go"
qwen3.5-9b-q6,"City Council Meeting - March 25, 2025 [Ifn8fwwBK0I]",chunk_shifted,59,58,1,0,3961.8,SPEAKER_20,SPEAKER_20,specifically whenever these projects come i know the administration works very hard on the team at,specifically whenever these projects come i know the administration works very hard on the team at
qwen3.5-9b-q6,"City Council Meeting - March 25, 2025 [Ifn8fwwBK0I]",chunk_shifted,74,73,0,1,4511.68,SPEAKER_03,SPEAKER_03,"I appreciate that, Councilor Emmett. Now, so then the question is, where's the real list of what you'll be getting rid of? And how do you really prove that that's what you are getting rid of? We don't have transparency from our police department. We can't go in there whenever we please. That's a fac","I appreciate that, Councilor Emmett. Now, so then the question is, where's the real list of what you'll be getting rid of? And how do you really prove that that's what you are getting rid of? We don't have transparency from our police department. We can't go in there whenever we please. That's a fac"
qwen3.5-9b-q6,"City Council Meeting - March 25, 2025 [Ifn8fwwBK0I]",chunk_shifted,78,77,0,1,4732.28,SPEAKER_11,SPEAKER_11,said we would need to speak to the mayor because she is the one that authorizes,said we would need to speak to the mayor because she is the one that authorizes
qwen3.5-9b-q6,"City Council Meeting - March 25, 2025 [Ifn8fwwBK0I]",chunk_shifted,81,80,1,0,4849.57,SPEAKER_13,SPEAKER_13,that's possible i'm not sure either if somebody wants to see these records um they could submit a right to know request to review the records uh that would need to go through the right to know process and that's available to anyone in the room or beyond thank you can i report to that,that's possible i'm not sure either if somebody wants to see these records um they could submit a right to know request to review the records uh that would need to go through the right to know process and that's available to anyone in the room or beyond thank you can i report to that
qwen3.5-9b-q6,"City Council Meeting - March 25, 2025 [Ifn8fwwBK0I]",chunk_shifted,96,95,1,0,5195.58,SPEAKER_03,SPEAKER_03,of course is about what we all really came here for so let me start by saying i echo the members of the community that are already approached and spoke today but trust and believe we expected the reaction that we got at that press conference we expected them to gaslight we expected them to lie and o,of course is about what we all really came here for so let me start by saying i echo the members of the community that are already approached and spoke today but trust and believe we expected the reaction that we got at that press conference we expected them to gaslight we expected them to lie and o
qwen3.5-9b-q6,"City Council Meeting - March 25, 2025 [Ifn8fwwBK0I]",chunk_shifted,99,98,0,1,5459.22,SPEAKER_20,SPEAKER_20,against the the so that's against the agreement we have with the Union yeah but,against the the so that's against the agreement we have with the Union yeah but
qwen3.5-9b-q6,"City Council Meeting - March 25, 2025 [Ifn8fwwBK0I]",chunk_shifted,115,114,0,1,6236.99,SPEAKER_09,SPEAKER_09,the city i never received it in the southwest and neither did any of the people living in my apartment building um and i just need to know why that is that's all absolutely um you should have,the city i never received it in the southwest and neither did any of the people living in my apartment building um and i just need to know why that is that's all absolutely um you should have
qwen3.5-9b-q6,"City Council Meeting - March 25, 2025 [Ifn8fwwBK0I]",chunk_shifted,118,117,1,0,6283.23,SPEAKER_13,SPEAKER_13,just confirm with me your address later i will make sure that you follow up um and i just wanted to say that um we are talking about there's 50 000 lines we have to have two forms of verification for the state for those lines right now we have identified about one percent of the lines we are much mo,just confirm with me your address later i will make sure that you follow up um and i just wanted to say that um we are talking about there's 50 000 lines we have to have two forms of verification for the state for those lines right now we have identified about one percent of the lines we are much mo
qwen3.5-9b-q6,"City Council Meeting - March 25, 2025 [Ifn8fwwBK0I]",chunk_shifted,119,118,1,0,6333.61,SPEAKER_08,SPEAKER_08,clarification thank you Brian Nelson right off of Columbia Avenue Banyan Circle Drive so I understand that we talked a lot about the failures of our police department and the failures of the mayor on terms of holding them accountable but I wanted to ask a question for each and every single one of yo,clarification thank you Brian Nelson right off of Columbia Avenue Banyan Circle Drive so I understand that we talked a lot about the failures of our police department and the failures of the mayor on terms of holding them accountable but I wanted to ask a question for each and every single one of yo
qwen3.5-9b-q6,"City Council Meeting - March 25, 2025 [Ifn8fwwBK0I]",chunk_shifted,123,122,1,0,6501.93,SPEAKER_05,SPEAKER_05,uh john tell tolan first and only block of wise ave um mayor sirachi uh your response to jess lopez was kind of vague and i think that most people here would like to know what the actual limitations are and if there's some kind of town hall we could have so that we could actually go through what the,uh john tell tolan first and only block of wise ave um mayor sirachi uh your response to jess lopez was kind of vague and i think that most people here would like to know what the actual limitations are and if there's some kind of town hall we could have so that we could actually go through what the
qwen3.5-9b-q6,"City Council Meeting - March 25, 2025 [Ifn8fwwBK0I]",chunk_shifted,133,132,0,1,7084.98,SPEAKER_26,SPEAKER_26,make sure that someone and i appreciate that yes and i want to thank uh councilwoman diaz and councilman lechard for responding to the email that i had asked we also asked about a report for stop signs we haven't i guess that's coming too,make sure that someone and i appreciate that yes and i want to thank uh councilwoman diaz and councilman lechard for responding to the email that i had asked we also asked about a report for stop signs we haven't i guess that's coming too
qwen3.5-9b-q6,"City Council Meeting - March 25, 2025 [Ifn8fwwBK0I]",chunk_shifted,135,134,0,1,7114.98,SPEAKER_26,SPEAKER_26,Thank you. The other thing I wanted to talk about was that zoning ordinance that got tabled. is there an opportunity that the proposal could be placed on either the city website or a way that we can get a copy of that to see what is being proposed prior to you know it come in before,Thank you. The other thing I wanted to talk about was that zoning ordinance that got tabled. is there an opportunity that the proposal could be placed on either the city website or a way that we can get a copy of that to see what is being proposed prior to you know it come in before
qwen3.5-9b-q6,"City Council Meeting - March 25, 2025 [Ifn8fwwBK0I]",chunk_shifted,139,138,0,1,7162.68,SPEAKER_03,SPEAKER_03,all right thank you thank you miss burton jessica lopez completely off topic but um um who's responsible for the removal of no parking signs and handicap signs when the people,all right thank you thank you miss burton jessica lopez completely off topic but um um who's responsible for the removal of no parking signs and handicap signs when the people
qwen3.5-9b-q6,"City Council Meeting - March 25, 2025 [Ifn8fwwBK0I]",chunk_shifted,140,139,0,1,7178.87,SPEAKER_13,SPEAKER_13,who asked for them no longer reside there that's traffic commission and if you send mr harris a note um he can communicate with the staff at the police bureau to send someone out to to confirm that that person no longer lives there and department of public works goes out and removes,who asked for them no longer reside there that's traffic commission and if you send mr harris a note um he can communicate with the staff at the police bureau to send someone out to to confirm that that person no longer lives there and department of public works goes out and removes
qwen3.5-9b-q6,"City Council Meeting - March 25, 2025 [Ifn8fwwBK0I]",chunk_shifted,143,142,1,0,7263.93,SPEAKER_03,SPEAKER_03,what traffic commission does so um i mean just for future like i appreciate the response and information but shouldn't there be like um yearly five yearly review when we're literally being incarcerated for not paying these parking tickets for places that,what traffic commission does so um i mean just for future like i appreciate the response and information but shouldn't there be like um yearly five yearly review when we're literally being incarcerated for not paying these parking tickets for places that
qwen3.5-9b-q6,"City Council Meeting - March 25, 2025 [Ifn8fwwBK0I]",chunk_shifted,147,146,1,0,7319.48,SPEAKER_13,SPEAKER_13,because we're busy working for y'all tax money or like if somebody rezones a,because we're busy working for y'all tax money or like if somebody rezones a
qwen3.5-9b-q6,"City Council Meeting - March 25, 2025 [Ifn8fwwBK0I]",chunk_shifted,149,148,1,0,7375.92,SPEAKER_20,SPEAKER_20,me the the addresses i can look into that for you thank you so much have a great rest thank you john,me the the addresses i can look into that for you thank you so much have a great rest thank you john
qwen3.5-9b-q6,"City Council Meeting - March 25, 2025 [Ifn8fwwBK0I]",chunk_shifted,159,158,1,0,8324.54,SPEAKER_19,SPEAKER_19,"Thank you, Mr. Vice President, and I just want to react to the remarks of the gentleman about the immigration. There is a lot of effort going on at the state level with different organizations here in Lancaster that I am a part of, and I would love to connect with you and talk about some of the acts","Thank you, Mr. Vice President, and I just want to react to the remarks of the gentleman about the immigration. There is a lot of effort going on at the state level with different organizations here in Lancaster that I am a part of, and I would love to connect with you and talk about some of the acts"
qwen3.5-9b-q6,"City Council Meeting - March 25, 2025 [Ifn8fwwBK0I]",chunk_shifted,161,160,1,0,8364.42,SPEAKER_19,SPEAKER_19,"One, I want to thank the community for showing up tonight, similar to the last council meeting.","One, I want to thank the community for showing up tonight, similar to the last council meeting."
qwen3.5-9b-q6,"City Council Meeting - March 25, 2025 [Ifn8fwwBK0I]",chunk_shifted,162,161,1,0,8370.32,SPEAKER_20,SPEAKER_20,"During the last council meeting, I mentioned that you guys are being heard, and I want to continue to echo that sentiment. I understand that the press conference that was recently given that answer","During the last council meeting, I mentioned that you guys are being heard, and I want to continue to echo that sentiment. I understand that the press conference that was recently given that answer"
qwen3.5-9b-q6,"City Council Meeting - March 25, 2025 [Ifn8fwwBK0I]",chunk_shifted,163,162,1,0,8381.66,SPEAKER_19,SPEAKER_19,everyone's questions one of the things that I what I'm hearing from the,everyone's questions one of the things that I what I'm hearing from the
qwen3.5-9b-q6,"City Council Meeting - March 25, 2025 [Ifn8fwwBK0I]",chunk_shifted,164,163,1,0,8386.34,SPEAKER_20,SPEAKER_20,community is that there is broken trust I think one of the things that we've learned from decades of you know public safety efforts is that there's a loss of trust there and as much as we've done to rebuild it to miss Lopez's point there is uh we must maintain it and uh i want to make sure that we c,community is that there is broken trust I think one of the things that we've learned from decades of you know public safety efforts is that there's a loss of trust there and as much as we've done to rebuild it to miss Lopez's point there is uh we must maintain it and uh i want to make sure that we c
qwen3.5-9b-q8,"City Council Meeting - March 25, 2025 [Ifn8fwwBK0I]",chunk_shifted,55,54,1,0,3688.29,SPEAKER_17,SPEAKER_17,"OK, Susie, do I have to say it again? Yes, please. Susie Gomez, North 100 block of North Reservoir Street. So while you guys are looking at projective reports and planning for your futures ahead, and a home rule is basically a positive view in the city because taxpayers are the only ones that are go","OK, Susie, do I have to say it again? Yes, please. Susie Gomez, North 100 block of North Reservoir Street. So while you guys are looking at projective reports and planning for your futures ahead, and a home rule is basically a positive view in the city because taxpayers are the only ones that are go"
qwen3.5-9b-q8,"City Council Meeting - March 25, 2025 [Ifn8fwwBK0I]",chunk_shifted,59,58,0,1,3961.8,SPEAKER_20,SPEAKER_20,specifically whenever these projects come i know the administration works very hard on the team at,specifically whenever these projects come i know the administration works very hard on the team at
qwen3.5-9b-q8,"City Council Meeting - March 25, 2025 [Ifn8fwwBK0I]",chunk_shifted,74,73,0,1,4511.68,SPEAKER_03,SPEAKER_03,"I appreciate that, Councilor Emmett. Now, so then the question is, where's the real list of what you'll be getting rid of? And how do you really prove that that's what you are getting rid of? We don't have transparency from our police department. We can't go in there whenever we please. That's a fac","I appreciate that, Councilor Emmett. Now, so then the question is, where's the real list of what you'll be getting rid of? And how do you really prove that that's what you are getting rid of? We don't have transparency from our police department. We can't go in there whenever we please. That's a fac"
qwen3.5-9b-q8,"City Council Meeting - March 25, 2025 [Ifn8fwwBK0I]",chunk_shifted,77,76,1,0,4710.91,SPEAKER_20,SPEAKER_20,can't get justice crazy counselor Diaz would you like to reiterate the explanation around the resolution and what it entails and disposing or what Records is disposing of just for clarity for the public for clarity as Jessica,can't get justice crazy counselor Diaz would you like to reiterate the explanation around the resolution and what it entails and disposing or what Records is disposing of just for clarity for the public for clarity as Jessica
qwen3.5-9b-q8,"City Council Meeting - March 25, 2025 [Ifn8fwwBK0I]",chunk_shifted,82,81,0,1,4872.19,SPEAKER_03,SPEAKER_03,um again i reiterate there was a et cetera at the end of that other related records so other related records could really be anything and at a pivotal time where we're looking for our future mayor to take a stand you have a position to say no we don't trust it and until you find a way to make us fee,um again i reiterate there was a et cetera at the end of that other related records so other related records could really be anything and at a pivotal time where we're looking for our future mayor to take a stand you have a position to say no we don't trust it and until you find a way to make us fee
qwen3.5-9b-q8,"City Council Meeting - March 25, 2025 [Ifn8fwwBK0I]",chunk_shifted,83,82,0,1,4938.19,SPEAKER_11,SPEAKER_11,so who is youth say no it's that easy if i may um counselor counselor i think that what the community is talking about is that they do want a citizen's law enforcement advisory committee and by putting by placing that this is going to give everybody the opportunity to look at records like that and i,so who is youth say no it's that easy if i may um counselor counselor i think that what the community is talking about is that they do want a citizen's law enforcement advisory committee and by putting by placing that this is going to give everybody the opportunity to look at records like that and i
qwen3.5-9b-q8,"City Council Meeting - March 25, 2025 [Ifn8fwwBK0I]",chunk_shifted,96,95,1,0,5195.58,SPEAKER_03,SPEAKER_03,of course is about what we all really came here for so let me start by saying i echo the members of the community that are already approached and spoke today but trust and believe we expected the reaction that we got at that press conference we expected them to gaslight we expected them to lie and o,of course is about what we all really came here for so let me start by saying i echo the members of the community that are already approached and spoke today but trust and believe we expected the reaction that we got at that press conference we expected them to gaslight we expected them to lie and o
qwen3.5-9b-q8,"City Council Meeting - March 25, 2025 [Ifn8fwwBK0I]",chunk_shifted,99,98,0,1,5459.22,SPEAKER_20,SPEAKER_20,against the the so that's against the agreement we have with the Union yeah but,against the the so that's against the agreement we have with the Union yeah but
qwen3.5-9b-q8,"City Council Meeting - March 25, 2025 [Ifn8fwwBK0I]",chunk_shifted,115,114,0,1,6236.99,SPEAKER_09,SPEAKER_09,the city i never received it in the southwest and neither did any of the people living in my apartment building um and i just need to know why that is that's all absolutely um you should have,the city i never received it in the southwest and neither did any of the people living in my apartment building um and i just need to know why that is that's all absolutely um you should have
qwen3.5-9b-q8,"City Council Meeting - March 25, 2025 [Ifn8fwwBK0I]",chunk_shifted,118,117,1,0,6283.23,SPEAKER_13,SPEAKER_13,just confirm with me your address later i will make sure that you follow up um and i just wanted to say that um we are talking about there's 50 000 lines we have to have two forms of verification for the state for those lines right now we have identified about one percent of the lines we are much mo,just confirm with me your address later i will make sure that you follow up um and i just wanted to say that um we are talking about there's 50 000 lines we have to have two forms of verification for the state for those lines right now we have identified about one percent of the lines we are much mo
qwen3.5-9b-q8,"City Council Meeting - March 25, 2025 [Ifn8fwwBK0I]",chunk_shifted,119,118,1,0,6333.61,SPEAKER_08,SPEAKER_08,clarification thank you Brian Nelson right off of Columbia Avenue Banyan Circle Drive so I understand that we talked a lot about the failures of our police department and the failures of the mayor on terms of holding them accountable but I wanted to ask a question for each and every single one of yo,clarification thank you Brian Nelson right off of Columbia Avenue Banyan Circle Drive so I understand that we talked a lot about the failures of our police department and the failures of the mayor on terms of holding them accountable but I wanted to ask a question for each and every single one of yo
qwen3.5-9b-q8,"City Council Meeting - March 25, 2025 [Ifn8fwwBK0I]",chunk_shifted,123,122,1,0,6501.93,SPEAKER_05,SPEAKER_05,uh john tell tolan first and only block of wise ave um mayor sirachi uh your response to jess lopez was kind of vague and i think that most people here would like to know what the actual limitations are and if there's some kind of town hall we could have so that we could actually go through what the,uh john tell tolan first and only block of wise ave um mayor sirachi uh your response to jess lopez was kind of vague and i think that most people here would like to know what the actual limitations are and if there's some kind of town hall we could have so that we could actually go through what the
qwen3.5-9b-q8,"City Council Meeting - March 25, 2025 [Ifn8fwwBK0I]",chunk_shifted,133,132,0,1,7084.98,SPEAKER_26,SPEAKER_26,make sure that someone and i appreciate that yes and i want to thank uh councilwoman diaz and councilman lechard for responding to the email that i had asked we also asked about a report for stop signs we haven't i guess that's coming too,make sure that someone and i appreciate that yes and i want to thank uh councilwoman diaz and councilman lechard for responding to the email that i had asked we also asked about a report for stop signs we haven't i guess that's coming too
qwen3.5-9b-q8,"City Council Meeting - March 25, 2025 [Ifn8fwwBK0I]",chunk_shifted,135,134,0,1,7114.98,SPEAKER_26,SPEAKER_26,Thank you. The other thing I wanted to talk about was that zoning ordinance that got tabled. is there an opportunity that the proposal could be placed on either the city website or a way that we can get a copy of that to see what is being proposed prior to you know it come in before,Thank you. The other thing I wanted to talk about was that zoning ordinance that got tabled. is there an opportunity that the proposal could be placed on either the city website or a way that we can get a copy of that to see what is being proposed prior to you know it come in before
qwen3.5-9b-q8,"City Council Meeting - March 25, 2025 [Ifn8fwwBK0I]",chunk_shifted,139,138,0,1,7162.68,SPEAKER_03,SPEAKER_03,all right thank you thank you miss burton jessica lopez completely off topic but um um who's responsible for the removal of no parking signs and handicap signs when the people,all right thank you thank you miss burton jessica lopez completely off topic but um um who's responsible for the removal of no parking signs and handicap signs when the people
qwen3.5-9b-q8,"City Council Meeting - March 25, 2025 [Ifn8fwwBK0I]",chunk_shifted,140,139,0,1,7178.87,SPEAKER_13,SPEAKER_13,who asked for them no longer reside there that's traffic commission and if you send mr harris a note um he can communicate with the staff at the police bureau to send someone out to to confirm that that person no longer lives there and department of public works goes out and removes,who asked for them no longer reside there that's traffic commission and if you send mr harris a note um he can communicate with the staff at the police bureau to send someone out to to confirm that that person no longer lives there and department of public works goes out and removes
qwen3.5-9b-q8,"City Council Meeting - March 25, 2025 [Ifn8fwwBK0I]",chunk_shifted,143,142,1,0,7263.93,SPEAKER_03,SPEAKER_03,what traffic commission does so um i mean just for future like i appreciate the response and information but shouldn't there be like um yearly five yearly review when we're literally being incarcerated for not paying these parking tickets for places that,what traffic commission does so um i mean just for future like i appreciate the response and information but shouldn't there be like um yearly five yearly review when we're literally being incarcerated for not paying these parking tickets for places that
qwen3.5-9b-q8,"City Council Meeting - March 25, 2025 [Ifn8fwwBK0I]",chunk_shifted,147,146,1,0,7319.48,SPEAKER_13,SPEAKER_13,because we're busy working for y'all tax money or like if somebody rezones a,because we're busy working for y'all tax money or like if somebody rezones a
qwen3.5-9b-q8,"City Council Meeting - March 25, 2025 [Ifn8fwwBK0I]",chunk_shifted,149,148,1,0,7375.92,SPEAKER_20,SPEAKER_20,me the the addresses i can look into that for you thank you so much have a great rest thank you john,me the the addresses i can look into that for you thank you so much have a great rest thank you john
qwen3.5-9b-q8,"City Council Meeting - March 25, 2025 [Ifn8fwwBK0I]",chunk_shifted,150,149,0,1,7385.38,SPEAKER_23,SPEAKER_23,mine is strasburg pennsylvania um i just want to leave you all with um one last message tonight um i think it's really pertinent it's really important um there are a whole lot of people in this room in this city in this greater community that i care for very deeply and within the last month here um ,mine is strasburg pennsylvania um i just want to leave you all with um one last message tonight um i think it's really pertinent it's really important um there are a whole lot of people in this room in this city in this greater community that i care for very deeply and within the last month here um 
qwen3.5-9b-q8,"City Council Meeting - March 25, 2025 [Ifn8fwwBK0I]",chunk_shifted,159,158,1,0,8324.54,SPEAKER_19,SPEAKER_19,"Thank you, Mr. Vice President, and I just want to react to the remarks of the gentleman about the immigration. There is a lot of effort going on at the state level with different organizations here in Lancaster that I am a part of, and I would love to connect with you and talk about some of the acts","Thank you, Mr. Vice President, and I just want to react to the remarks of the gentleman about the immigration. There is a lot of effort going on at the state level with different organizations here in Lancaster that I am a part of, and I would love to connect with you and talk about some of the acts"
qwen3.5-9b-q8,"City Council Meeting - March 25, 2025 [Ifn8fwwBK0I]",chunk_shifted,161,160,1,0,8364.42,SPEAKER_19,SPEAKER_19,"One, I want to thank the community for showing up tonight, similar to the last council meeting.","One, I want to thank the community for showing up tonight, similar to the last council meeting."
qwen3.5-9b-q8,"City Council Meeting - March 25, 2025 [Ifn8fwwBK0I]",chunk_shifted,162,161,1,0,8370.32,SPEAKER_20,SPEAKER_20,"During the last council meeting, I mentioned that you guys are being heard, and I want to continue to echo that sentiment. I understand that the press conference that was recently given that answer","During the last council meeting, I mentioned that you guys are being heard, and I want to continue to echo that sentiment. I understand that the press conference that was recently given that answer"
qwen3.5-9b-q8,"City Council Meeting - March 25, 2025 [Ifn8fwwBK0I]",chunk_shifted,163,162,1,0,8381.66,SPEAKER_19,SPEAKER_19,everyone's questions one of the things that I what I'm hearing from the,everyone's questions one of the things that I what I'm hearing from the
deepseek-r1-14b,"City Council Meeting - May 13, 2025 [eDkBOrErMeE]",chunk_shifted,163,162,0,1,8916.72,SPEAKER_28,SPEAKER_28,know what happens if things don't work out what i know is that uh that this is a complicated site for uh development it's um in a very tight neighborhood like all of our neighborhoods i also know that sacca has experience with infill development which is what this project would be and that we have a,know what happens if things don't work out what i know is that uh that this is a complicated site for uh development it's um in a very tight neighborhood like all of our neighborhoods i also know that sacca has experience with infill development which is what this project would be and that we have a
deepseek-r1-14b,"City Council Meeting - May 13, 2025 [eDkBOrErMeE]",chunk_shifted,164,163,0,1,8993.46,SPEAKER_30,SPEAKER_30,"from the public on the resolution. Sir, good evening.","from the public on the resolution. Sir, good evening."
deepseek-r1-14b,"City Council Meeting - May 13, 2025 [eDkBOrErMeE]",chunk_shifted,165,164,0,1,9002.54,SPEAKER_17,SPEAKER_17,"My name is Egon de Uriarte. I live on Doron Street. My impression of how these policies go down is that the solutions are imposed from the top down, and that gives certain people a complete advantage in the way that the things operate. And so people who come to these meetings and who have ideas them","My name is Egon de Uriarte. I live on Doron Street. My impression of how these policies go down is that the solutions are imposed from the top down, and that gives certain people a complete advantage in the way that the things operate. And so people who come to these meetings and who have ideas them"
deepseek-r1-14b,"City Council Meeting - May 13, 2025 [eDkBOrErMeE]",chunk_shifted,176,175,0,1,9405.91,SPEAKER_23,SPEAKER_23,jr on beaver street this um next point of mine it kind of touches on this the whole city the condition of the roads for five years i was a self-employed contractor delivery driver like fedex and amazon but um i've had thousands of dollars out of my pocket i have to pay for fun and damage to my vehic,jr on beaver street this um next point of mine it kind of touches on this the whole city the condition of the roads for five years i was a self-employed contractor delivery driver like fedex and amazon but um i've had thousands of dollars out of my pocket i have to pay for fun and damage to my vehic
deepseek-r1-14b,"City Council Meeting - May 13, 2025 [eDkBOrErMeE]",chunk_shifted,177,176,0,1,9507.82,SPEAKER_28,SPEAKER_28,thank you i'd love to talk to you about ugi after this meeting me too as someone who lives on the,thank you i'd love to talk to you about ugi after this meeting me too as someone who lives on the
deepseek-r1-7b,"City Council Meeting - May 13, 2025 [eDkBOrErMeE]",chunk_shifted,164,163,1,0,8993.46,SPEAKER_30,SPEAKER_30,"from the public on the resolution. Sir, good evening.","from the public on the resolution. Sir, good evening."
deepseek-r1-7b,"City Council Meeting - May 13, 2025 [eDkBOrErMeE]",chunk_shifted,166,165,0,1,9065.46,SPEAKER_30,SPEAKER_30,additional comment on the resolution if i may president councilor diaz i would love to have,additional comment on the resolution if i may president councilor diaz i would love to have
deepseek-r1-7b,"City Council Meeting - May 13, 2025 [eDkBOrErMeE]",chunk_shifted,182,181,1,0,10042.42,SPEAKER_12,SPEAKER_12,housing we have four council members that are looking for a re-election are you have you looked into rent control what have you found out about it is there good things about it is there bad things about it we you have seven months yet you shouldn't have to wait to january to find out what you're goi,housing we have four council members that are looking for a re-election are you have you looked into rent control what have you found out about it is there good things about it is there bad things about it we you have seven months yet you shouldn't have to wait to january to find out what you're goi
deepseek-r1-7b,"City Council Meeting - May 13, 2025 [eDkBOrErMeE]",chunk_shifted,183,182,1,0,10203.2,SPEAKER_29,SPEAKER_29,comments for this period okay i'm just going to get right into it uh so hud sewed 92 properties in the city of lancaster to llc's the mayor has a brother-in-law in the city manager who is the city manager and has cost this city an enormous amount of debt that we're going into bankruptcy many propert,comments for this period okay i'm just going to get right into it uh so hud sewed 92 properties in the city of lancaster to llc's the mayor has a brother-in-law in the city manager who is the city manager and has cost this city an enormous amount of debt that we're going into bankruptcy many propert
deepseek-r1-7b,"City Council Meeting - May 13, 2025 [eDkBOrErMeE]",chunk_shifted,188,187,1,0,10464.69,SPEAKER_30,SPEAKER_30,districts is that correct I believe that's what representative Rivera had mentioned that was in the current version of the House bill the the ability for municipalities to also yes okay if House Bill 1150 passes and I,districts is that correct I believe that's what representative Rivera had mentioned that was in the current version of the House bill the the ability for municipalities to also yes okay if House Bill 1150 passes and I
deepseek-r1-7b,"City Council Meeting - May 13, 2025 [eDkBOrErMeE]",chunk_shifted,192,191,1,0,10689.3,SPEAKER_30,SPEAKER_30,mayor sirachi the next item on the agenda is the report of president of council i do not have a report this evening so we will move into council comments are there any council comments this,mayor sirachi the next item on the agenda is the report of president of council i do not have a report this evening so we will move into council comments are there any council comments this
gemma-4-4b,"City Council Meeting - May 13, 2025 [eDkBOrErMeE]",chunk_shifted,164,163,1,0,8993.46,SPEAKER_30,SPEAKER_30,"from the public on the resolution. Sir, good evening.","from the public on the resolution. Sir, good evening."
gemma-4-4b,"City Council Meeting - May 13, 2025 [eDkBOrErMeE]",chunk_shifted,172,171,1,0,9340.89,SPEAKER_20,SPEAKER_20,thank you um and that concludes my question counselors we have a motion on the table from,thank you um and that concludes my question counselors we have a motion on the table from
gemma-4-4b,"City Council Meeting - May 13, 2025 [eDkBOrErMeE]",chunk_shifted,183,182,1,0,10203.2,SPEAKER_29,SPEAKER_29,comments for this period okay i'm just going to get right into it uh so hud sewed 92 properties in the city of lancaster to llc's the mayor has a brother-in-law in the city manager who is the city manager and has cost this city an enormous amount of debt that we're going into bankruptcy many propert,comments for this period okay i'm just going to get right into it uh so hud sewed 92 properties in the city of lancaster to llc's the mayor has a brother-in-law in the city manager who is the city manager and has cost this city an enormous amount of debt that we're going into bankruptcy many propert
gemma-4-4b,"City Council Meeting - May 13, 2025 [eDkBOrErMeE]",chunk_shifted,189,188,1,0,10481.72,SPEAKER_25,SPEAKER_25,hope it does I look forward to seeing a resolution from City Council to raise minimum wage in the city of Lancaster way past $15 an hour and additionally to raise the minimum wage for tipped workers as well because there is no way that they are getting paid a living wage that's thank you i hope we g,hope it does I look forward to seeing a resolution from City Council to raise minimum wage in the city of Lancaster way past $15 an hour and additionally to raise the minimum wage for tipped workers as well because there is no way that they are getting paid a living wage that's thank you i hope we g
ministral-8b,"City Council Meeting - May 13, 2025 [eDkBOrErMeE]",chunk_shifted,162,161,1,0,8908.19,SPEAKER_24,SPEAKER_24,is the first step right and so what happens if things don't work out then what happens i don't,is the first step right and so what happens if things don't work out then what happens i don't
ministral-8b,"City Council Meeting - May 13, 2025 [eDkBOrErMeE]",chunk_shifted,163,162,1,0,8916.72,SPEAKER_28,SPEAKER_28,know what happens if things don't work out what i know is that uh that this is a complicated site for uh development it's um in a very tight neighborhood like all of our neighborhoods i also know that sacca has experience with infill development which is what this project would be and that we have a,know what happens if things don't work out what i know is that uh that this is a complicated site for uh development it's um in a very tight neighborhood like all of our neighborhoods i also know that sacca has experience with infill development which is what this project would be and that we have a
ministral-8b,"City Council Meeting - May 13, 2025 [eDkBOrErMeE]",chunk_shifted,182,181,1,0,10042.42,SPEAKER_12,SPEAKER_12,housing we have four council members that are looking for a re-election are you have you looked into rent control what have you found out about it is there good things about it is there bad things about it we you have seven months yet you shouldn't have to wait to january to find out what you're goi,housing we have four council members that are looking for a re-election are you have you looked into rent control what have you found out about it is there good things about it is there bad things about it we you have seven months yet you shouldn't have to wait to january to find out what you're goi
ministral-8b,"City Council Meeting - May 13, 2025 [eDkBOrErMeE]",chunk_shifted,183,182,1,0,10203.2,SPEAKER_29,SPEAKER_29,comments for this period okay i'm just going to get right into it uh so hud sewed 92 properties in the city of lancaster to llc's the mayor has a brother-in-law in the city manager who is the city manager and has cost this city an enormous amount of debt that we're going into bankruptcy many propert,comments for this period okay i'm just going to get right into it uh so hud sewed 92 properties in the city of lancaster to llc's the mayor has a brother-in-law in the city manager who is the city manager and has cost this city an enormous amount of debt that we're going into bankruptcy many propert
phi-4,"City Council Meeting - May 13, 2025 [eDkBOrErMeE]",chunk_shifted,159,159,0,1,8886.84,SPEAKER_30,SPEAKER_30,recommended my assumption is that any building project would go through the,recommended my assumption is that any building project would go through the
phi-4,"City Council Meeting - May 13, 2025 [eDkBOrErMeE]",chunk_shifted,162,161,0,1,8908.19,SPEAKER_24,SPEAKER_24,is the first step right and so what happens if things don't work out then what happens i don't,is the first step right and so what happens if things don't work out then what happens i don't
phi-4,"City Council Meeting - May 13, 2025 [eDkBOrErMeE]",chunk_shifted,169,168,1,0,9123.83,SPEAKER_28,SPEAKER_28,we exhausted all the possibilities to the rear of the parcel and there for a variety of reasons the inability to provide safe egress so we have spent you know at least 18 months trying to work through this um uh to come to some resolution in which we would be able to uh implement a park uh in in tha,we exhausted all the possibilities to the rear of the parcel and there for a variety of reasons the inability to provide safe egress so we have spent you know at least 18 months trying to work through this um uh to come to some resolution in which we would be able to uh implement a park uh in in tha
phi-4,"City Council Meeting - May 13, 2025 [eDkBOrErMeE]",chunk_shifted,183,182,1,0,10203.2,SPEAKER_29,SPEAKER_29,comments for this period okay i'm just going to get right into it uh so hud sewed 92 properties in the city of lancaster to llc's the mayor has a brother-in-law in the city manager who is the city manager and has cost this city an enormous amount of debt that we're going into bankruptcy many propert,comments for this period okay i'm just going to get right into it uh so hud sewed 92 properties in the city of lancaster to llc's the mayor has a brother-in-law in the city manager who is the city manager and has cost this city an enormous amount of debt that we're going into bankruptcy many propert
qwen3.5-9b-q6,"City Council Meeting - May 13, 2025 [eDkBOrErMeE]",chunk_shifted,170,169,0,1,9260.06,SPEAKER_20,SPEAKER_20,which is for affordable housing counselor uh this is a quick question um i know that it was quoted that the land development cost to build the park would be around 600 000 is that current or i mean that could also rise with increased costs um so if the administration has a ballpark figure what i kno,which is for affordable housing counselor uh this is a quick question um i know that it was quoted that the land development cost to build the park would be around 600 000 is that current or i mean that could also rise with increased costs um so if the administration has a ballpark figure what i kno
qwen3.5-9b-q6,"City Council Meeting - May 13, 2025 [eDkBOrErMeE]",chunk_shifted,171,170,0,1,9300.26,SPEAKER_28,SPEAKER_28,the current cost would be to develop the park i do not have a current estimate that estimate was from 2023 is and director campbell's shaking his head yes so 2023 that was the cost estimate in 2023. so 600 000 in 2023 yes approximately and when we got when we when we hit north of five hundred thousa,the current cost would be to develop the park i do not have a current estimate that estimate was from 2023 is and director campbell's shaking his head yes so 2023 that was the cost estimate in 2023. so 600 000 in 2023 yes approximately and when we got when we when we hit north of five hundred thousa
qwen3.5-9b-q6,"City Council Meeting - May 13, 2025 [eDkBOrErMeE]",chunk_shifted,177,176,1,0,9507.82,SPEAKER_28,SPEAKER_28,thank you i'd love to talk to you about ugi after this meeting me too as someone who lives on the,thank you i'd love to talk to you about ugi after this meeting me too as someone who lives on the
qwen3.5-9b-q6,"City Council Meeting - May 13, 2025 [eDkBOrErMeE]",chunk_shifted,180,179,0,1,9746.58,SPEAKER_14,SPEAKER_14,that's right mr. Astro so I want to actually comment on some other comments I acknowledge the deficiencies with the advertising process and admin bill 3 but it's not a requirement that you only advertise in the newspaper for the current existing problem well now there's a new process but you can do ,that's right mr. Astro so I want to actually comment on some other comments I acknowledge the deficiencies with the advertising process and admin bill 3 but it's not a requirement that you only advertise in the newspaper for the current existing problem well now there's a new process but you can do 
qwen3.5-9b-q6,"City Council Meeting - May 13, 2025 [eDkBOrErMeE]",chunk_shifted,182,181,0,1,10042.42,SPEAKER_12,SPEAKER_12,housing we have four council members that are looking for a re-election are you have you looked into rent control what have you found out about it is there good things about it is there bad things about it we you have seven months yet you shouldn't have to wait to january to find out what you're goi,housing we have four council members that are looking for a re-election are you have you looked into rent control what have you found out about it is there good things about it is there bad things about it we you have seven months yet you shouldn't have to wait to january to find out what you're goi
qwen3.5-9b-q6,"City Council Meeting - May 13, 2025 [eDkBOrErMeE]",chunk_shifted,183,182,1,0,10203.2,SPEAKER_29,SPEAKER_29,comments for this period okay i'm just going to get right into it uh so hud sewed 92 properties in the city of lancaster to llc's the mayor has a brother-in-law in the city manager who is the city manager and has cost this city an enormous amount of debt that we're going into bankruptcy many propert,comments for this period okay i'm just going to get right into it uh so hud sewed 92 properties in the city of lancaster to llc's the mayor has a brother-in-law in the city manager who is the city manager and has cost this city an enormous amount of debt that we're going into bankruptcy many propert
qwen3.5-9b-q6,"City Council Meeting - May 13, 2025 [eDkBOrErMeE]",chunk_shifted,184,183,1,0,10329.82,SPEAKER_30,SPEAKER_30,i'm not gonna miss gomez are you asserting that council of royal worked for partners with purpose,i'm not gonna miss gomez are you asserting that council of royal worked for partners with purpose
qwen3.5-9b-q6,"City Council Meeting - May 13, 2025 [eDkBOrErMeE]",chunk_shifted,185,184,1,0,10336.26,SPEAKER_29,SPEAKER_29,at any point during the arpa process no they were also no i'm not inserting that okay so anyways the mayor stated that uh government audit standards in 2023 and the general funds fund balance was overstated six million dollars due from funds funding that was overstated by three million dollars and d,at any point during the arpa process no they were also no i'm not inserting that okay so anyways the mayor stated that uh government audit standards in 2023 and the general funds fund balance was overstated six million dollars due from funds funding that was overstated by three million dollars and d
qwen3.5-9b-q6,"City Council Meeting - May 13, 2025 [eDkBOrErMeE]",chunk_shifted,193,192,0,1,10699.54,SPEAKER_21,SPEAKER_21,season if i may president councilor diaz i just wanted to talk about um the building which is fire station search i think that's fire station anyway um in 1923 nelson polite senior was born in lancaster pennsylvania his father he was abraham polite was a slave from ridgeland south carolina following,season if i may president councilor diaz i just wanted to talk about um the building which is fire station search i think that's fire station anyway um in 1923 nelson polite senior was born in lancaster pennsylvania his father he was abraham polite was a slave from ridgeland south carolina following
qwen3.5-9b-q8,"City Council Meeting - May 13, 2025 [eDkBOrErMeE]",chunk_shifted,169,168,0,1,9123.83,SPEAKER_28,SPEAKER_28,we exhausted all the possibilities to the rear of the parcel and there for a variety of reasons the inability to provide safe egress so we have spent you know at least 18 months trying to work through this um uh to come to some resolution in which we would be able to uh implement a park uh in in tha,we exhausted all the possibilities to the rear of the parcel and there for a variety of reasons the inability to provide safe egress so we have spent you know at least 18 months trying to work through this um uh to come to some resolution in which we would be able to uh implement a park uh in in tha
qwen3.5-9b-q8,"City Council Meeting - May 13, 2025 [eDkBOrErMeE]",chunk_shifted,170,169,0,1,9260.06,SPEAKER_20,SPEAKER_20,which is for affordable housing counselor uh this is a quick question um i know that it was quoted that the land development cost to build the park would be around 600 000 is that current or i mean that could also rise with increased costs um so if the administration has a ballpark figure what i kno,which is for affordable housing counselor uh this is a quick question um i know that it was quoted that the land development cost to build the park would be around 600 000 is that current or i mean that could also rise with increased costs um so if the administration has a ballpark figure what i kno
qwen3.5-9b-q8,"City Council Meeting - May 13, 2025 [eDkBOrErMeE]",chunk_shifted,171,170,0,1,9300.26,SPEAKER_28,SPEAKER_28,the current cost would be to develop the park i do not have a current estimate that estimate was from 2023 is and director campbell's shaking his head yes so 2023 that was the cost estimate in 2023. so 600 000 in 2023 yes approximately and when we got when we when we hit north of five hundred thousa,the current cost would be to develop the park i do not have a current estimate that estimate was from 2023 is and director campbell's shaking his head yes so 2023 that was the cost estimate in 2023. so 600 000 in 2023 yes approximately and when we got when we when we hit north of five hundred thousa
qwen3.5-9b-q8,"City Council Meeting - May 13, 2025 [eDkBOrErMeE]",chunk_shifted,177,176,1,0,9507.82,SPEAKER_28,SPEAKER_28,thank you i'd love to talk to you about ugi after this meeting me too as someone who lives on the,thank you i'd love to talk to you about ugi after this meeting me too as someone who lives on the
qwen3.5-9b-q8,"City Council Meeting - May 13, 2025 [eDkBOrErMeE]",chunk_shifted,180,179,0,1,9746.58,SPEAKER_14,SPEAKER_14,that's right mr. Astro so I want to actually comment on some other comments I acknowledge the deficiencies with the advertising process and admin bill 3 but it's not a requirement that you only advertise in the newspaper for the current existing problem well now there's a new process but you can do ,that's right mr. Astro so I want to actually comment on some other comments I acknowledge the deficiencies with the advertising process and admin bill 3 but it's not a requirement that you only advertise in the newspaper for the current existing problem well now there's a new process but you can do 
qwen3.5-9b-q8,"City Council Meeting - May 13, 2025 [eDkBOrErMeE]",chunk_shifted,182,181,0,1,10042.42,SPEAKER_12,SPEAKER_12,housing we have four council members that are looking for a re-election are you have you looked into rent control what have you found out about it is there good things about it is there bad things about it we you have seven months yet you shouldn't have to wait to january to find out what you're goi,housing we have four council members that are looking for a re-election are you have you looked into rent control what have you found out about it is there good things about it is there bad things about it we you have seven months yet you shouldn't have to wait to january to find out what you're goi
qwen3.5-9b-q8,"City Council Meeting - May 13, 2025 [eDkBOrErMeE]",chunk_shifted,183,182,1,0,10203.2,SPEAKER_29,SPEAKER_29,comments for this period okay i'm just going to get right into it uh so hud sewed 92 properties in the city of lancaster to llc's the mayor has a brother-in-law in the city manager who is the city manager and has cost this city an enormous amount of debt that we're going into bankruptcy many propert,comments for this period okay i'm just going to get right into it uh so hud sewed 92 properties in the city of lancaster to llc's the mayor has a brother-in-law in the city manager who is the city manager and has cost this city an enormous amount of debt that we're going into bankruptcy many propert
qwen3.5-9b-q8,"City Council Meeting - May 13, 2025 [eDkBOrErMeE]",chunk_shifted,184,183,1,0,10329.82,SPEAKER_30,SPEAKER_30,i'm not gonna miss gomez are you asserting that council of royal worked for partners with purpose,i'm not gonna miss gomez are you asserting that council of royal worked for partners with purpose
qwen3.5-9b-q8,"City Council Meeting - May 13, 2025 [eDkBOrErMeE]",chunk_shifted,185,184,1,0,10336.26,SPEAKER_29,SPEAKER_29,at any point during the arpa process no they were also no i'm not inserting that okay so anyways the mayor stated that uh government audit standards in 2023 and the general funds fund balance was overstated six million dollars due from funds funding that was overstated by three million dollars and d,at any point during the arpa process no they were also no i'm not inserting that okay so anyways the mayor stated that uh government audit standards in 2023 and the general funds fund balance was overstated six million dollars due from funds funding that was overstated by three million dollars and d
deepseek-r1-7b,"City Council Meeting - May 27, 2025 [vexHgMfzvKE]",chunk_shifted,61,60,1,0,4291.16,SPEAKER_09,SPEAKER_09,motion and a second this was coming up through community planning committee council craig,motion and a second this was coming up through community planning committee council craig
deepseek-r1-7b,"City Council Meeting - May 27, 2025 [vexHgMfzvKE]",chunk_shifted,63,62,1,0,4359.62,SPEAKER_09,SPEAKER_09,much councillor craig dr delfs good evening do you have anything in addition to add i know we've,much councillor craig dr delfs good evening do you have anything in addition to add i know we've
deepseek-r1-7b,"City Council Meeting - May 27, 2025 [vexHgMfzvKE]",chunk_shifted,66,65,0,1,4454.36,SPEAKER_09,SPEAKER_09,the legislative agenda is item b these are resolutions we have tonight administration resolution number 36 2025 mr harris a resolution of the council of the city of lancaster,the legislative agenda is item b these are resolutions we have tonight administration resolution number 36 2025 mr harris a resolution of the council of the city of lancaster
deepseek-r1-7b,"City Council Meeting - May 27, 2025 [vexHgMfzvKE]",chunk_shifted,67,66,0,1,4466.44,SPEAKER_19,SPEAKER_19,approving the adoption of an amendment to the act 537 official sewage facilities plan for the city,approving the adoption of an amendment to the act 537 official sewage facilities plan for the city
deepseek-r1-7b,"City Council Meeting - May 27, 2025 [vexHgMfzvKE]",chunk_shifted,68,67,0,1,4472.04,SPEAKER_09,SPEAKER_09,of lancaster motion to approve second we have a motion and a second this is also coming up through,of lancaster motion to approve second we have a motion and a second this is also coming up through
deepseek-r1-7b,"City Council Meeting - May 27, 2025 [vexHgMfzvKE]",chunk_shifted,73,72,1,0,4582.87,SPEAKER_09,SPEAKER_09,to kind of certify that approval that's right this address did seem familiar thank you for reminding us of that any additional council comments on the resolution from the public hearing none mr harris,to kind of certify that approval that's right this address did seem familiar thank you for reminding us of that any additional council comments on the resolution from the public hearing none mr harris
deepseek-r1-7b,"City Council Meeting - May 27, 2025 [vexHgMfzvKE]",chunk_shifted,74,73,1,0,4600.1,SPEAKER_19,SPEAKER_19,mr mann aye mr arroyo aye mr cleese aye miss craig aye mr hirsch aye president baker aye,mr mann aye mr arroyo aye mr cleese aye miss craig aye mr hirsch aye president baker aye
deepseek-r1-7b,"City Council Meeting - May 27, 2025 [vexHgMfzvKE]",chunk_shifted,76,75,0,1,4618.26,SPEAKER_19,SPEAKER_19,mr harris a resolution of the council of the city of lancaster approving world refugee day flag raising on january 20th 2025 to celebrate the refugee experience and acknowledge the contributions of refugees to lancaster as brought forth by councillor med motion to approve second,mr harris a resolution of the council of the city of lancaster approving world refugee day flag raising on january 20th 2025 to celebrate the refugee experience and acknowledge the contributions of refugees to lancaster as brought forth by councillor med motion to approve second
deepseek-r1-7b,"City Council Meeting - May 27, 2025 [vexHgMfzvKE]",chunk_shifted,79,78,0,1,4693.0,SPEAKER_09,SPEAKER_09,med and as this pertains to the next this item and the next item on our agenda also remind council that the process for submitting requests to raise a flag happens through our Department of Neighborhood Engagement and individuals or organizations that was to request can do so online in advance which,med and as this pertains to the next this item and the next item on our agenda also remind council that the process for submitting requests to raise a flag happens through our Department of Neighborhood Engagement and individuals or organizations that was to request can do so online in advance which
deepseek-r1-7b,"City Council Meeting - May 27, 2025 [vexHgMfzvKE]",chunk_shifted,87,86,0,1,4827.49,SPEAKER_19,SPEAKER_19,Hearing none Mr. Harris Mr. Menn Aye Mr. Arroyo Aye Mr. Cleese Aye Ms. Gregg Aye Mr. Hirsch Aye and President Bakay Aye,Hearing none Mr. Harris Mr. Menn Aye Mr. Arroyo Aye Mr. Cleese Aye Ms. Gregg Aye Mr. Hirsch Aye and President Bakay Aye
deepseek-r1-7b,"City Council Meeting - May 27, 2025 [vexHgMfzvKE]",chunk_shifted,89,88,0,1,4874.0,SPEAKER_18,SPEAKER_18,name and block of residence record thank you and I'm trying sorry that I'm trying to continue again what I left I will be the first person that I am calling the lawful people as a criminal because I'm thinking they by not giving the justice to people they committing crime they encouraging the people,name and block of residence record thank you and I'm trying sorry that I'm trying to continue again what I left I will be the first person that I am calling the lawful people as a criminal because I'm thinking they by not giving the justice to people they committing crime they encouraging the people
gemma-4-4b,"City Council Meeting - May 27, 2025 [vexHgMfzvKE]",chunk_shifted,56,55,0,1,4048.15,SPEAKER_13,SPEAKER_13,and just to say thank you thanks for all you do I just the only thing I wanted to add is I loved the innovative partnerships that were seen particularly at the City Housing Authority I just thought that was brilliant and the ways you guys did that to get more out of it I thought that was,and just to say thank you thanks for all you do I just the only thing I wanted to add is I loved the innovative partnerships that were seen particularly at the City Housing Authority I just thought that was brilliant and the ways you guys did that to get more out of it I thought that was
gemma-4-4b,"City Council Meeting - May 27, 2025 [vexHgMfzvKE]",chunk_shifted,57,56,1,0,4070.22,SPEAKER_06,SPEAKER_06,really excellent so thank you mayor's Raji thank thank you I just want to when we receive the award in 2019 we are one of the high-impact HUD recipients which made us one of a handful on par with Detroit and Baltimore the state of Rhode Island and Houston and I don't mean to put you on the spot but ,really excellent so thank you mayor's Raji thank thank you I just want to when we receive the award in 2019 we are one of the high-impact HUD recipients which made us one of a handful on par with Detroit and Baltimore the state of Rhode Island and Houston and I don't mean to put you on the spot but 
gemma-4-4b,"City Council Meeting - May 27, 2025 [vexHgMfzvKE]",chunk_shifted,71,70,1,0,4546.52,SPEAKER_09,SPEAKER_09,sure i know we've done a bunch of these and just for purposes of anyone listening wondering what we're speaking about this uh certifies that this project there's a adequate sewage capacity to proceed with this project and it is the first of uh many uh sort of applications and permit processes that m,sure i know we've done a bunch of these and just for purposes of anyone listening wondering what we're speaking about this uh certifies that this project there's a adequate sewage capacity to proceed with this project and it is the first of uh many uh sort of applications and permit processes that m
gemma-4-4b,"City Council Meeting - May 27, 2025 [vexHgMfzvKE]",chunk_shifted,81,80,1,0,4726.77,SPEAKER_05,SPEAKER_05,councilor med uh the time of the flag raising i believe it is 10 a.m i would have to get back to,councilor med uh the time of the flag raising i believe it is 10 a.m i would have to get back to
gemma-4-4b,"City Council Meeting - May 27, 2025 [vexHgMfzvKE]",chunk_shifted,91,90,1,0,5051.48,SPEAKER_06,SPEAKER_06,uh tonight i'd like to take a moment to recognize the school district of lancaster and its incredible students over the years sdol and the city have built a strong and meaningful partnership and i want to recognize a few pieces of sdl news so first i want to congratulate mccaskey's unified track and,uh tonight i'd like to take a moment to recognize the school district of lancaster and its incredible students over the years sdol and the city have built a strong and meaningful partnership and i want to recognize a few pieces of sdl news so first i want to congratulate mccaskey's unified track and
gemma-4-4b,"City Council Meeting - May 27, 2025 [vexHgMfzvKE]",chunk_shifted,93,92,0,1,5303.12,SPEAKER_05,SPEAKER_05,council tonight council president if i may counselor i just wanted to make the other members of council aware that the home rule study transition committee did meet on may 6th and went over both the administrative code as well as the ethics code which will be which we are currently doing the intervi,council tonight council president if i may counselor i just wanted to make the other members of council aware that the home rule study transition committee did meet on may 6th and went over both the administrative code as well as the ethics code which will be which we are currently doing the intervi
ministral-8b,"City Council Meeting - May 27, 2025 [vexHgMfzvKE]",chunk_shifted,54,53,0,1,4006.93,SPEAKER_04,SPEAKER_04,Arroyo Thank You council president just wanted to say thank you to the team out of the many departments and programs in our city this is definitely one of the ones or these three programs are one of the ones I brag about a lot to our residents and it's really cool to see the completed number of proj,Arroyo Thank You council president just wanted to say thank you to the team out of the many departments and programs in our city this is definitely one of the ones or these three programs are one of the ones I brag about a lot to our residents and it's really cool to see the completed number of proj
ministral-8b,"City Council Meeting - May 27, 2025 [vexHgMfzvKE]",chunk_shifted,55,54,0,1,4039.46,SPEAKER_17,SPEAKER_17,that's a Craig yeah I just want to say piggyback on what councillor has said,that's a Craig yeah I just want to say piggyback on what councillor has said
ministral-8b,"City Council Meeting - May 27, 2025 [vexHgMfzvKE]",chunk_shifted,56,55,0,1,4048.15,SPEAKER_13,SPEAKER_13,and just to say thank you thanks for all you do I just the only thing I wanted to add is I loved the innovative partnerships that were seen particularly at the City Housing Authority I just thought that was brilliant and the ways you guys did that to get more out of it I thought that was,and just to say thank you thanks for all you do I just the only thing I wanted to add is I loved the innovative partnerships that were seen particularly at the City Housing Authority I just thought that was brilliant and the ways you guys did that to get more out of it I thought that was
ministral-8b,"City Council Meeting - May 27, 2025 [vexHgMfzvKE]",chunk_shifted,64,63,0,1,4364.18,SPEAKER_16,SPEAKER_16,reviewed this at committee and at our previous meeting uh good evening city council mayor members of the public um thank you councillor craig i i think that was an excellent summary i i really don't have very much to add i know as a bill this is the second reading before council we also addressed it,reviewed this at committee and at our previous meeting uh good evening city council mayor members of the public um thank you councillor craig i i think that was an excellent summary i i really don't have very much to add i know as a bill this is the second reading before council we also addressed it
ministral-8b,"City Council Meeting - May 27, 2025 [vexHgMfzvKE]",chunk_shifted,69,68,0,1,4478.28,SPEAKER_17,SPEAKER_17,community planning councillor craig thank you council president we we've done these several times before the pennsylvania department of environmental protection requires that the municipality do to adopt an official sewage facilities plan providing for the services adequate to prevent contamination ,community planning councillor craig thank you council president we we've done these several times before the pennsylvania department of environmental protection requires that the municipality do to adopt an official sewage facilities plan providing for the services adequate to prevent contamination 
ministral-8b,"City Council Meeting - May 27, 2025 [vexHgMfzvKE]",chunk_shifted,70,69,0,1,4540.76,SPEAKER_02,SPEAKER_02,much hello hello if you have any questions regarding the sewage module i can um provide,much hello hello if you have any questions regarding the sewage module i can um provide
ministral-8b,"City Council Meeting - May 27, 2025 [vexHgMfzvKE]",chunk_shifted,93,92,0,1,5303.12,SPEAKER_05,SPEAKER_05,council tonight council president if i may counselor i just wanted to make the other members of council aware that the home rule study transition committee did meet on may 6th and went over both the administrative code as well as the ethics code which will be which we are currently doing the intervi,council tonight council president if i may counselor i just wanted to make the other members of council aware that the home rule study transition committee did meet on may 6th and went over both the administrative code as well as the ethics code which will be which we are currently doing the intervi
phi-4,"City Council Meeting - May 27, 2025 [vexHgMfzvKE]",chunk_shifted,55,54,1,0,4039.46,SPEAKER_17,SPEAKER_17,that's a Craig yeah I just want to say piggyback on what councillor has said,that's a Craig yeah I just want to say piggyback on what councillor has said
phi-4,"City Council Meeting - May 27, 2025 [vexHgMfzvKE]",chunk_shifted,57,56,1,0,4070.22,SPEAKER_06,SPEAKER_06,really excellent so thank you mayor's Raji thank thank you I just want to when we receive the award in 2019 we are one of the high-impact HUD recipients which made us one of a handful on par with Detroit and Baltimore the state of Rhode Island and Houston and I don't mean to put you on the spot but ,really excellent so thank you mayor's Raji thank thank you I just want to when we receive the award in 2019 we are one of the high-impact HUD recipients which made us one of a handful on par with Detroit and Baltimore the state of Rhode Island and Houston and I don't mean to put you on the spot but 
phi-4,"City Council Meeting - May 27, 2025 [vexHgMfzvKE]",chunk_shifted,58,57,0,1,4101.13,SPEAKER_07,SPEAKER_07,bragging rights thank you mayor and i just appreciate so much your support and how much you've talked us up because it has helped in a lot of different a lot of different areas and the resources that we've received we are one of the top performing we actually um you know as i mentioned we decreased ,bragging rights thank you mayor and i just appreciate so much your support and how much you've talked us up because it has helped in a lot of different a lot of different areas and the resources that we've received we are one of the top performing we actually um you know as i mentioned we decreased 
phi-4,"City Council Meeting - May 27, 2025 [vexHgMfzvKE]",chunk_shifted,72,71,1,0,4572.15,SPEAKER_02,SPEAKER_02,happened is that correct um that's correct this one actually you guys approved back in march but because of a timing issue with the county planning's approval it's actually back before you,happened is that correct um that's correct this one actually you guys approved back in march but because of a timing issue with the county planning's approval it's actually back before you
phi-4,"City Council Meeting - May 27, 2025 [vexHgMfzvKE]",chunk_shifted,80,79,1,0,4719.88,SPEAKER_04,SPEAKER_04,comments on the resolution counselor royal counselor thank you council president um,comments on the resolution counselor royal counselor thank you council president um
phi-4,"City Council Meeting - May 27, 2025 [vexHgMfzvKE]",chunk_shifted,93,92,0,1,5303.12,SPEAKER_05,SPEAKER_05,council tonight council president if i may counselor i just wanted to make the other members of council aware that the home rule study transition committee did meet on may 6th and went over both the administrative code as well as the ethics code which will be which we are currently doing the intervi,council tonight council president if i may counselor i just wanted to make the other members of council aware that the home rule study transition committee did meet on may 6th and went over both the administrative code as well as the ethics code which will be which we are currently doing the intervi
qwen3.5-9b-q6,"City Council Meeting - May 27, 2025 [vexHgMfzvKE]",chunk_shifted,54,53,1,0,4006.93,SPEAKER_04,SPEAKER_04,Arroyo Thank You council president just wanted to say thank you to the team out of the many departments and programs in our city this is definitely one of the ones or these three programs are one of the ones I brag about a lot to our residents and it's really cool to see the completed number of proj,Arroyo Thank You council president just wanted to say thank you to the team out of the many departments and programs in our city this is definitely one of the ones or these three programs are one of the ones I brag about a lot to our residents and it's really cool to see the completed number of proj
qwen3.5-9b-q6,"City Council Meeting - May 27, 2025 [vexHgMfzvKE]",chunk_shifted,57,56,0,1,4070.22,SPEAKER_06,SPEAKER_06,really excellent so thank you mayor's Raji thank thank you I just want to when we receive the award in 2019 we are one of the high-impact HUD recipients which made us one of a handful on par with Detroit and Baltimore the state of Rhode Island and Houston and I don't mean to put you on the spot but ,really excellent so thank you mayor's Raji thank thank you I just want to when we receive the award in 2019 we are one of the high-impact HUD recipients which made us one of a handful on par with Detroit and Baltimore the state of Rhode Island and Houston and I don't mean to put you on the spot but 
qwen3.5-9b-q6,"City Council Meeting - May 27, 2025 [vexHgMfzvKE]",chunk_shifted,62,61,1,0,4295.24,SPEAKER_17,SPEAKER_17,thank you council president um if i'm not mistaken i think director i believe director delf's um presented this to us in committee um the bill for this amendment will update the definition of the building officials within the definition of building officials within the historic historic district ord,thank you council president um if i'm not mistaken i think director i believe director delf's um presented this to us in committee um the bill for this amendment will update the definition of the building officials within the definition of building officials within the historic historic district ord
qwen3.5-9b-q6,"City Council Meeting - May 27, 2025 [vexHgMfzvKE]",chunk_shifted,70,69,1,0,4540.76,SPEAKER_02,SPEAKER_02,much hello hello if you have any questions regarding the sewage module i can um provide,much hello hello if you have any questions regarding the sewage module i can um provide
qwen3.5-9b-q6,"City Council Meeting - May 27, 2025 [vexHgMfzvKE]",chunk_shifted,78,77,1,0,4642.36,SPEAKER_05,SPEAKER_05,request um not much to add i just want to thank the administration for their commitment to continuing to recognize world refugee day here in lancaster and this world refugee day will be doing a flag raising where we will be flying the refugee nation flag which is a symbolic flag for refugees across ,request um not much to add i just want to thank the administration for their commitment to continuing to recognize world refugee day here in lancaster and this world refugee day will be doing a flag raising where we will be flying the refugee nation flag which is a symbolic flag for refugees across 
qwen3.5-9b-q6,"City Council Meeting - May 27, 2025 [vexHgMfzvKE]",chunk_shifted,89,88,1,0,4874.0,SPEAKER_18,SPEAKER_18,name and block of residence record thank you and I'm trying sorry that I'm trying to continue again what I left I will be the first person that I am calling the lawful people as a criminal because I'm thinking they by not giving the justice to people they committing crime they encouraging the people,name and block of residence record thank you and I'm trying sorry that I'm trying to continue again what I left I will be the first person that I am calling the lawful people as a criminal because I'm thinking they by not giving the justice to people they committing crime they encouraging the people
qwen3.5-9b-q8,"City Council Meeting - May 27, 2025 [vexHgMfzvKE]",chunk_shifted,57,56,0,1,4070.22,SPEAKER_06,SPEAKER_06,really excellent so thank you mayor's Raji thank thank you I just want to when we receive the award in 2019 we are one of the high-impact HUD recipients which made us one of a handful on par with Detroit and Baltimore the state of Rhode Island and Houston and I don't mean to put you on the spot but ,really excellent so thank you mayor's Raji thank thank you I just want to when we receive the award in 2019 we are one of the high-impact HUD recipients which made us one of a handful on par with Detroit and Baltimore the state of Rhode Island and Houston and I don't mean to put you on the spot but 
qwen3.5-9b-q8,"City Council Meeting - May 27, 2025 [vexHgMfzvKE]",chunk_shifted,62,61,1,0,4295.24,SPEAKER_17,SPEAKER_17,thank you council president um if i'm not mistaken i think director i believe director delf's um presented this to us in committee um the bill for this amendment will update the definition of the building officials within the definition of building officials within the historic historic district ord,thank you council president um if i'm not mistaken i think director i believe director delf's um presented this to us in committee um the bill for this amendment will update the definition of the building officials within the definition of building officials within the historic historic district ord
qwen3.5-9b-q8,"City Council Meeting - May 27, 2025 [vexHgMfzvKE]",chunk_shifted,70,69,1,0,4540.76,SPEAKER_02,SPEAKER_02,much hello hello if you have any questions regarding the sewage module i can um provide,much hello hello if you have any questions regarding the sewage module i can um provide
qwen3.5-9b-q8,"City Council Meeting - May 27, 2025 [vexHgMfzvKE]",chunk_shifted,78,77,1,0,4642.36,SPEAKER_05,SPEAKER_05,request um not much to add i just want to thank the administration for their commitment to continuing to recognize world refugee day here in lancaster and this world refugee day will be doing a flag raising where we will be flying the refugee nation flag which is a symbolic flag for refugees across ,request um not much to add i just want to thank the administration for their commitment to continuing to recognize world refugee day here in lancaster and this world refugee day will be doing a flag raising where we will be flying the refugee nation flag which is a symbolic flag for refugees across 
qwen3.5-9b-q8,"City Council Meeting - May 27, 2025 [vexHgMfzvKE]",chunk_shifted,89,88,1,0,4874.0,SPEAKER_18,SPEAKER_18,name and block of residence record thank you and I'm trying sorry that I'm trying to continue again what I left I will be the first person that I am calling the lawful people as a criminal because I'm thinking they by not giving the justice to people they committing crime they encouraging the people,name and block of residence record thank you and I'm trying sorry that I'm trying to continue again what I left I will be the first person that I am calling the lawful people as a criminal because I'm thinking they by not giving the justice to people they committing crime they encouraging the people
deepseek-r1-7b,"City Council Meeting - September 9, 2025 [H5Gp_GuYYYg]",chunk_identical,0,0,0,1,469.62,SPEAKER_03,SPEAKER_03,good evening everyone i'll now call to order this september 9th meeting of lancaster city council welcome a couple reminders here at the top of the meeting before we begin this meeting and its participants are being recorded this evening and do please take a moment to silence your phones and devices,good evening everyone i'll now call to order this september 9th meeting of lancaster city council welcome a couple reminders here at the top of the meeting before we begin this meeting and its participants are being recorded this evening and do please take a moment to silence your phones and devices
deepseek-r1-7b,"City Council Meeting - September 9, 2025 [H5Gp_GuYYYg]",chunk_identical,1,1,0,1,602.48,SPEAKER_09,SPEAKER_09,Mr. Menn. Here. Mr. Arroyo. Here. Mr. Glees. Here. Ms. Gregg. Here. Ms. Diaz. Mr. Hirsch. Here.,Mr. Menn. Here. Mr. Arroyo. Here. Mr. Glees. Here. Ms. Gregg. Here. Ms. Diaz. Mr. Hirsch. Here.
deepseek-r1-7b,"City Council Meeting - September 9, 2025 [H5Gp_GuYYYg]",chunk_identical,2,2,0,1,611.34,SPEAKER_03,SPEAKER_03,"And President Beke. Here. Councillor Diaz is excused this evening. Our next item is the approval of the minutes of the August 26, 2025 meeting of Council.","And President Beke. Here. Councillor Diaz is excused this evening. Our next item is the approval of the minutes of the August 26, 2025 meeting of Council."
deepseek-r1-7b,"Home Rule Transition Committee Meeting - July 29, 2025 [c0vXcHFIjvA]",chunk_shifted,12,12,1,0,519.58,SPEAKER_00,SPEAKER_00,"Are we sort of slipping into the next agenda item? Yeah. Yeah, that sounds fine. Yep.","Are we sort of slipping into the next agenda item? Yeah. Yeah, that sounds fine. Yep."
gemma-4-4b,"Home Rule Transition Committee Meeting - July 29, 2025 [c0vXcHFIjvA]",chunk_shifted,20,22,1,0,846.65,SPEAKER_03,SPEAKER_03,determine over time and once they do reach that determination would that be,determine over time and once they do reach that determination would that be
gemma-4-4b,"Home Rule Transition Committee Meeting - July 29, 2025 [c0vXcHFIjvA]",chunk_shifted,25,27,0,1,1008.28,SPEAKER_01,SPEAKER_01,"I mean, keep in mind that these are being conducted in many ways, Mr. McGrann, just like the discussion components of the Government Study Commission. So there is discussion, but it's not like they're taking motions and saying, okay, now does somebody want to comment on a motion? There's the opportu","I mean, keep in mind that these are being conducted in many ways, Mr. McGrann, just like the discussion components of the Government Study Commission. So there is discussion, but it's not like they're taking motions and saying, okay, now does somebody want to comment on a motion? There's the opportu"
phi-4,"Home Rule Transition Committee Meeting - July 29, 2025 [c0vXcHFIjvA]",chunk_shifted,20,22,1,0,846.65,SPEAKER_03,SPEAKER_03,determine over time and once they do reach that determination would that be,determine over time and once they do reach that determination would that be
phi-4,"Home Rule Transition Committee Meeting - July 29, 2025 [c0vXcHFIjvA]",chunk_shifted,22,24,0,1,862.0,SPEAKER_00,SPEAKER_00,concludes my questions okay great thank you I don't have any further questions feel like you covered what you wanted us to hear about today I do yes okay the only other well the the next agenda item is just you know a request I made to have a report on the promotion of these meetings and I guess I'l,concludes my questions okay great thank you I don't have any further questions feel like you covered what you wanted us to hear about today I do yes okay the only other well the the next agenda item is just you know a request I made to have a report on the promotion of these meetings and I guess I'l
phi-4,"Home Rule Transition Committee Meeting - July 29, 2025 [c0vXcHFIjvA]",chunk_shifted,27,29,0,1,1118.21,SPEAKER_03,SPEAKER_03,"And to add, yeah, to add, in my council comments post of when we have these meetings, I do make council aware of what we've been talking about in these meetings and the public aware and when our next scheduled meeting is. So I've been trying to, as the representative of council to this body, I've be","And to add, yeah, to add, in my council comments post of when we have these meetings, I do make council aware of what we've been talking about in these meetings and the public aware and when our next scheduled meeting is. So I've been trying to, as the representative of council to this body, I've be"
phi-4,"Home Rule Transition Committee Meeting - July 29, 2025 [c0vXcHFIjvA]",chunk_shifted,28,30,0,1,1150.45,SPEAKER_00,SPEAKER_00,"Okay, that's great. So, and the reason I, I mean, there's three things on my mind related to this, you know, and the reason I asked to include it on the agenda. One is, you know, throughout the drafting process especially, I feel like there were many instances where Pennsylvania Economy League and y","Okay, that's great. So, and the reason I, I mean, there's three things on my mind related to this, you know, and the reason I asked to include it on the agenda. One is, you know, throughout the drafting process especially, I feel like there were many instances where Pennsylvania Economy League and y"
deepseek-r1-14b,"Planning Commission - August 6, 2025 [m50W4pVkNb4]",chunk_shifted,102,102,0,1,7679.58,SPEAKER_11,SPEAKER_11,on the other side of manheim pike no there's not i have maybe two comments more than a question with the um no they are both questions i apologize the is there a bus stop in front of yale that i'm not sure i was trying to zoom in a little bit to see if i can see it,on the other side of manheim pike no there's not i have maybe two comments more than a question with the um no they are both questions i apologize the is there a bus stop in front of yale that i'm not sure i was trying to zoom in a little bit to see if i can see it
deepseek-r1-14b,"Planning Commission - August 6, 2025 [m50W4pVkNb4]",chunk_shifted,105,104,0,1,7735.1,SPEAKER_11,SPEAKER_11,doesn't make sense to go out of your way to build a sidewalk especially with all the impervious pavement everywhere it seems right you can walk on that what about where you're going to rip it up between the two properties i think it's great let's add some trees let's do it right but what about conne,doesn't make sense to go out of your way to build a sidewalk especially with all the impervious pavement everywhere it seems right you can walk on that what about where you're going to rip it up between the two properties i think it's great let's add some trees let's do it right but what about conne
deepseek-r1-7b,"Planning Commission - August 6, 2025 [m50W4pVkNb4]",chunk_shifted,110,109,1,0,7864.74,SPEAKER_25,SPEAKER_25,careful about when we're giving up that um that opportunity yeah i'm pretty sure we did as well,careful about when we're giving up that um that opportunity yeah i'm pretty sure we did as well
deepseek-r1-7b,"Planning Commission - August 6, 2025 [m50W4pVkNb4]",chunk_shifted,119,120,1,0,8109.45,SPEAKER_22,SPEAKER_22,yes yes specifics it should it should reflect the entire everything that's being,yes yes specifics it should it should reflect the entire everything that's being
deepseek-r1-7b,"Planning Commission - August 6, 2025 [m50W4pVkNb4]",chunk_shifted,124,125,0,1,8303.45,SPEAKER_22,SPEAKER_22,just to look at that all of these materials were distributed as well so yeah my phone's gonna die,just to look at that all of these materials were distributed as well so yeah my phone's gonna die
deepseek-r1-7b,"Planning Commission - August 6, 2025 [m50W4pVkNb4]",chunk_shifted,138,139,1,0,8613.06,SPEAKER_27,SPEAKER_27,resolved as well uh just out of curiosity um this is more just not land development related but more just curious is there firewalls between each of those units um that's a great question and we had,resolved as well uh just out of curiosity um this is more just not land development related but more just curious is there firewalls between each of those units um that's a great question and we had
deepseek-r1-7b,"Planning Commission - August 6, 2025 [m50W4pVkNb4]",chunk_shifted,141,142,0,1,8653.57,SPEAKER_04,SPEAKER_04,the last one all right we did have and i don't know lauren if they need to act on the preliminary plan waiver i had that one as well if that was just a staff no that's it that yep that's because,the last one all right we did have and i don't know lauren if they need to act on the preliminary plan waiver i had that one as well if that was just a staff no that's it that yep that's because
deepseek-r1-7b,"Planning Commission - August 6, 2025 [m50W4pVkNb4]",chunk_shifted,152,151,1,0,9421.0,SPEAKER_24,SPEAKER_24,sidewalk on this side that we're developing from one end to the other we are upgrading the ada ramps at the corners we are upgrading the ada ramps at the end of chesapeake and across chesapeake street what we're looking to not provide is the sidewalk on this other edge of oh across the street across,sidewalk on this side that we're developing from one end to the other we are upgrading the ada ramps at the corners we are upgrading the ada ramps at the end of chesapeake and across chesapeake street what we're looking to not provide is the sidewalk on this other edge of oh across the street across
deepseek-r1-7b,"Planning Commission - August 6, 2025 [m50W4pVkNb4]",chunk_shifted,153,152,1,0,9461.16,SPEAKER_09,SPEAKER_09,for where the sidewalk is okay no i i that sounds uh reasonable does stevens happen to own those properties across the street as well no no okay all individual property owners okay um no that was all i really had i mean i always love seeing steven's projects come through i think it's really living u,for where the sidewalk is okay no i i that sounds uh reasonable does stevens happen to own those properties across the street as well no no okay all individual property owners okay um no that was all i really had i mean i always love seeing steven's projects come through i think it's really living u
deepseek-r1-7b,"Planning Commission - August 6, 2025 [m50W4pVkNb4]",chunk_shifted,171,170,0,1,9951.23,SPEAKER_24,SPEAKER_24,said they do have basements right you have basements yes yes um yep and then uh forgive,said they do have basements right you have basements yes yes um yep and then uh forgive
deepseek-r1-7b,"Planning Commission - August 6, 2025 [m50W4pVkNb4]",chunk_shifted,180,179,0,1,10205.62,SPEAKER_00,SPEAKER_00,Aye,Aye
deepseek-r1-7b,"Planning Commission - August 6, 2025 [m50W4pVkNb4]",chunk_shifted,186,185,1,0,10221.18,SPEAKER_22,SPEAKER_22,Just want to make sure I'm clear The modifications run with the With the plan With the plan,Just want to make sure I'm clear The modifications run with the With the plan With the plan
deepseek-r1-7b,"Planning Commission - August 6, 2025 [m50W4pVkNb4]",chunk_shifted,187,186,1,0,10225.18,SPEAKER_24,SPEAKER_24,Okay I'm thanking you very much then Thank you thank you Thank you,Okay I'm thanking you very much then Thank you thank you Thank you
deepseek-r1-7b,"Planning Commission - August 6, 2025 [m50W4pVkNb4]",chunk_shifted,188,187,1,0,10235.67,SPEAKER_17,SPEAKER_17,Number five staff report the planning commission,Number five staff report the planning commission
deepseek-r1-7b,"Planning Commission - August 6, 2025 [m50W4pVkNb4]",chunk_shifted,189,188,0,1,10242.42,SPEAKER_22,SPEAKER_22,the interest of brevity i think that you all know what i've been doing for the past few weeks so i don't have very much else to report okay thank you other business um i did want to um address hold on sorry i have so many notes um i wanted to address the submission of the sycamore ridge tentative pl,the interest of brevity i think that you all know what i've been doing for the past few weeks so i don't have very much else to report okay thank you other business um i did want to um address hold on sorry i have so many notes um i wanted to address the submission of the sycamore ridge tentative pl
deepseek-r1-7b,"Planning Commission - August 6, 2025 [m50W4pVkNb4]",chunk_shifted,190,189,0,1,10348.62,SPEAKER_28,SPEAKER_28,i thought that we yeah our recommendation would be that we hold the meeting at the september,i thought that we yeah our recommendation would be that we hold the meeting at the september
deepseek-r1-7b,"Planning Commission - August 6, 2025 [m50W4pVkNb4]",chunk_shifted,191,190,0,1,10355.34,SPEAKER_22,SPEAKER_22,whatever is it the second the second september meeting second september meeting,whatever is it the second the second september meeting second september meeting
deepseek-r1-7b,"Planning Commission - August 6, 2025 [m50W4pVkNb4]",chunk_shifted,197,196,1,0,10559.38,SPEAKER_25,SPEAKER_25,and so it's an extra step and so like yeah well i mean you would ultimately do the same thing that,and so it's an extra step and so like yeah well i mean you would ultimately do the same thing that
deepseek-r1-7b,"Planning Commission - August 6, 2025 [m50W4pVkNb4]",chunk_shifted,200,199,1,0,10695.09,SPEAKER_17,SPEAKER_17,second we have a motion on the floor and a second any further discussion all in favor let it known by saying aye aye opposed hearing none ayes have it motion,second we have a motion on the floor and a second any further discussion all in favor let it known by saying aye aye opposed hearing none ayes have it motion
deepseek-r1-7b,"Planning Commission - August 6, 2025 [m50W4pVkNb4]",chunk_shifted,201,200,1,0,10718.07,SPEAKER_22,SPEAKER_22,carried the other and this one is really brief as far as as far as my other business is the planning commission bylaws and so know that those are currently under review by our solicitor we are looking at what requires city council approval not not all of the changes that we're making will require ci,carried the other and this one is really brief as far as as far as my other business is the planning commission bylaws and so know that those are currently under review by our solicitor we are looking at what requires city council approval not not all of the changes that we're making will require ci
deepseek-r1-7b,"Planning Commission - August 6, 2025 [m50W4pVkNb4]",chunk_shifted,217,216,1,0,11336.7,SPEAKER_17,SPEAKER_17,motion on the floor and also a second any further discussion I think between,motion on the floor and also a second any further discussion I think between
deepseek-r1-7b,"Planning Commission - August 6, 2025 [m50W4pVkNb4]",chunk_shifted,219,218,1,0,11368.73,SPEAKER_17,SPEAKER_17,centers any further discussion all in favor let it known by saying aye opposed ayes have it motion motion carried okay I have a motion to adjourn the meeting make a motion to adjourn the meeting and we have votes to adjourn the meeting in a second all in favor let it know by saying aye aye aye aye a,centers any further discussion all in favor let it known by saying aye opposed ayes have it motion motion carried okay I have a motion to adjourn the meeting make a motion to adjourn the meeting and we have votes to adjourn the meeting in a second all in favor let it know by saying aye aye aye aye a
gemma-4-4b,"Planning Commission - August 6, 2025 [m50W4pVkNb4]",chunk_shifted,64,64,1,0,5930.66,SPEAKER_09,SPEAKER_09,here a little bit um i'm glad we're talking about having a public hearing the conversation about getting that on an agenda should continue because we do have an optional power even though it's informational uh we are allowed to do sorry i'm scrolling to look for the code part 22-25b5 there you go ma,here a little bit um i'm glad we're talking about having a public hearing the conversation about getting that on an agenda should continue because we do have an optional power even though it's informational uh we are allowed to do sorry i'm scrolling to look for the code part 22-25b5 there you go ma
gemma-4-4b,"Planning Commission - August 6, 2025 [m50W4pVkNb4]",chunk_shifted,105,104,1,0,7735.1,SPEAKER_11,SPEAKER_11,doesn't make sense to go out of your way to build a sidewalk especially with all the impervious pavement everywhere it seems right you can walk on that what about where you're going to rip it up between the two properties i think it's great let's add some trees let's do it right but what about conne,doesn't make sense to go out of your way to build a sidewalk especially with all the impervious pavement everywhere it seems right you can walk on that what about where you're going to rip it up between the two properties i think it's great let's add some trees let's do it right but what about conne
gemma-4-4b,"Planning Commission - August 6, 2025 [m50W4pVkNb4]",chunk_shifted,114,113,1,0,7892.63,SPEAKER_25,SPEAKER_25,pedestrian access along manhattan i'll also say he um did agree to a deferral agreement to install sidewalk,pedestrian access along manhattan i'll also say he um did agree to a deferral agreement to install sidewalk
gemma-4-4b,"Planning Commission - August 6, 2025 [m50W4pVkNb4]",chunk_shifted,115,114,0,1,7959.19,SPEAKER_27,SPEAKER_27,in the future if that's something necessary so i feel that's a sort of a cya so to speak and i i think the usage currently the surrounding environment doesn't necessarily require sidewalks at this point in time i do like the idea of the flexibility of the walking path for the bus riders i think that,in the future if that's something necessary so i feel that's a sort of a cya so to speak and i i think the usage currently the surrounding environment doesn't necessarily require sidewalks at this point in time i do like the idea of the flexibility of the walking path for the bus riders i think that
gemma-4-4b,"Planning Commission - August 6, 2025 [m50W4pVkNb4]",chunk_shifted,128,129,0,1,8413.37,SPEAKER_04,SPEAKER_04,square footage of these units um good question,square footage of these units um good question
gemma-4-4b,"Planning Commission - August 6, 2025 [m50W4pVkNb4]",chunk_shifted,130,131,1,0,8463.11,SPEAKER_09,SPEAKER_09,off-street parking because we do need to progress towards a less car-centric world um with the size of these so roughly 600 square feet them being single family dwellings like almost end up being a rental like do you have any indication of uh is this really going to be families or non-family units b,off-street parking because we do need to progress towards a less car-centric world um with the size of these so roughly 600 square feet them being single family dwellings like almost end up being a rental like do you have any indication of uh is this really going to be families or non-family units b
gemma-4-4b,"Planning Commission - August 6, 2025 [m50W4pVkNb4]",chunk_shifted,131,132,0,1,8497.02,SPEAKER_04,SPEAKER_04,to be getting into right i mean per the zoning ordinance i believe they're only required to to provide one parking space per unit i mean as far as who's going to rent it i don't know if they can necessarily predict that it is two stories so that would be about 1200 square feet per unit but yeah as f,to be getting into right i mean per the zoning ordinance i believe they're only required to to provide one parking space per unit i mean as far as who's going to rent it i don't know if they can necessarily predict that it is two stories so that would be about 1200 square feet per unit but yeah as f
gemma-4-4b,"Planning Commission - August 6, 2025 [m50W4pVkNb4]",chunk_shifted,132,133,1,0,8523.12,SPEAKER_09,SPEAKER_09,the properties wide enough that i could see i think i see 60 feet down there 80 feet yeah um that's wide enough for three cars right so like i feel comfortable with that parking arrangement,the properties wide enough that i could see i think i see 60 feet down there 80 feet yeah um that's wide enough for three cars right so like i feel comfortable with that parking arrangement
gemma-4-4b,"Planning Commission - August 6, 2025 [m50W4pVkNb4]",chunk_shifted,134,135,0,1,8570.98,SPEAKER_11,SPEAKER_11,it seems like an excellent infill project truly yeah hopefully yeah i live and work in this,it seems like an excellent infill project truly yeah hopefully yeah i live and work in this
gemma-4-4b,"Planning Commission - August 6, 2025 [m50W4pVkNb4]",chunk_shifted,135,136,1,0,8579.18,SPEAKER_16,SPEAKER_16,neighborhood and i'm very happy to see vacant lots turn into housing so thank you uh ms finn,neighborhood and i'm very happy to see vacant lots turn into housing so thank you uh ms finn
gemma-4-4b,"Planning Commission - August 6, 2025 [m50W4pVkNb4]",chunk_shifted,138,139,0,1,8613.06,SPEAKER_27,SPEAKER_27,resolved as well uh just out of curiosity um this is more just not land development related but more just curious is there firewalls between each of those units um that's a great question and we had,resolved as well uh just out of curiosity um this is more just not land development related but more just curious is there firewalls between each of those units um that's a great question and we had
gemma-4-4b,"Planning Commission - August 6, 2025 [m50W4pVkNb4]",chunk_shifted,139,140,1,0,8630.66,SPEAKER_04,SPEAKER_04,that discussion with the architect and i i believe so because i believe that they didn't have the firewalls i think they would be required to do sprinklers okay so i believe they don't have,that discussion with the architect and i i believe so because i believe that they didn't have the firewalls i think they would be required to do sprinklers okay so i believe they don't have
gemma-4-4b,"Planning Commission - August 6, 2025 [m50W4pVkNb4]",chunk_shifted,151,150,0,1,9400.45,SPEAKER_09,SPEAKER_09,it's a good design and i think uh i love that it's all natives and nativars for all the landscaping a huge fan of that um i think my only real concern i guess is then the sidewalk deferral so you're saying on south franklin street you'd like to defer installing sidewalks we are installing,it's a good design and i think uh i love that it's all natives and nativars for all the landscaping a huge fan of that um i think my only real concern i guess is then the sidewalk deferral so you're saying on south franklin street you'd like to defer installing sidewalks we are installing
gemma-4-4b,"Planning Commission - August 6, 2025 [m50W4pVkNb4]",chunk_shifted,163,162,0,1,9803.36,SPEAKER_27,SPEAKER_27,yeah i love that idea a little educational i mean it doesn't have to be you know over complicated but something just so they understand on the reason of what what the purpose of this area is and these are some of the ways that you have to love it throughout the year we might have,yeah i love that idea a little educational i mean it doesn't have to be you know over complicated but something just so they understand on the reason of what what the purpose of this area is and these are some of the ways that you have to love it throughout the year we might have
gemma-4-4b,"Planning Commission - August 6, 2025 [m50W4pVkNb4]",chunk_shifted,195,194,1,0,10513.17,SPEAKER_27,SPEAKER_27,why is this it's not expedited well i mean it's so typically a land development wouldn't go through,why is this it's not expedited well i mean it's so typically a land development wouldn't go through
gemma-4-4b,"Planning Commission - August 6, 2025 [m50W4pVkNb4]",chunk_shifted,213,212,0,1,11267.14,SPEAKER_25,SPEAKER_25,don't see it being advantageous of this month you can I just think that the,don't see it being advantageous of this month you can I just think that the
gemma-4-4b,"Planning Commission - August 6, 2025 [m50W4pVkNb4]",chunk_shifted,215,214,1,0,11288.73,SPEAKER_11,SPEAKER_11,"people will come running October 1st would be the first day truly that would give everyone time. And we're talking what six weeks. That's not a terrible timeline, even though I know it's, there's a need to move on things like this. Especially if you want some of the people that we want to invite to ","people will come running October 1st would be the first day truly that would give everyone time. And we're talking what six weeks. That's not a terrible timeline, even though I know it's, there's a need to move on things like this. Especially if you want some of the people that we want to invite to "
ministral-8b,"Planning Commission - August 6, 2025 [m50W4pVkNb4]",chunk_shifted,102,102,0,1,7679.58,SPEAKER_11,SPEAKER_11,on the other side of manheim pike no there's not i have maybe two comments more than a question with the um no they are both questions i apologize the is there a bus stop in front of yale that i'm not sure i was trying to zoom in a little bit to see if i can see it,on the other side of manheim pike no there's not i have maybe two comments more than a question with the um no they are both questions i apologize the is there a bus stop in front of yale that i'm not sure i was trying to zoom in a little bit to see if i can see it
ministral-8b,"Planning Commission - August 6, 2025 [m50W4pVkNb4]",chunk_shifted,105,104,0,1,7735.1,SPEAKER_11,SPEAKER_11,doesn't make sense to go out of your way to build a sidewalk especially with all the impervious pavement everywhere it seems right you can walk on that what about where you're going to rip it up between the two properties i think it's great let's add some trees let's do it right but what about conne,doesn't make sense to go out of your way to build a sidewalk especially with all the impervious pavement everywhere it seems right you can walk on that what about where you're going to rip it up between the two properties i think it's great let's add some trees let's do it right but what about conne
ministral-8b,"Planning Commission - August 6, 2025 [m50W4pVkNb4]",chunk_shifted,112,111,0,1,7881.38,SPEAKER_28,SPEAKER_28,their sidewalk that was installed as part of the land development so yeah one of my concerns would,their sidewalk that was installed as part of the land development so yeah one of my concerns would
ministral-8b,"Planning Commission - August 6, 2025 [m50W4pVkNb4]",chunk_shifted,114,113,0,1,7892.63,SPEAKER_25,SPEAKER_25,pedestrian access along manhattan i'll also say he um did agree to a deferral agreement to install sidewalk,pedestrian access along manhattan i'll also say he um did agree to a deferral agreement to install sidewalk
ministral-8b,"Planning Commission - August 6, 2025 [m50W4pVkNb4]",chunk_shifted,115,114,0,1,7959.19,SPEAKER_27,SPEAKER_27,in the future if that's something necessary so i feel that's a sort of a cya so to speak and i i think the usage currently the surrounding environment doesn't necessarily require sidewalks at this point in time i do like the idea of the flexibility of the walking path for the bus riders i think that,in the future if that's something necessary so i feel that's a sort of a cya so to speak and i i think the usage currently the surrounding environment doesn't necessarily require sidewalks at this point in time i do like the idea of the flexibility of the walking path for the bus riders i think that
ministral-8b,"Planning Commission - August 6, 2025 [m50W4pVkNb4]",chunk_shifted,116,115,0,1,7992.87,SPEAKER_09,SPEAKER_09,revisit that conversation i think so just to add on to like how do we get manheim pike with sidewalks in general i agree it should be it should be deferred like realistically i would hate to have you guys install a sidewalk right now just for it to be like an island of sidewalk but manheim pike gets,revisit that conversation i think so just to add on to like how do we get manheim pike with sidewalks in general i agree it should be it should be deferred like realistically i would hate to have you guys install a sidewalk right now just for it to be like an island of sidewalk but manheim pike gets
ministral-8b,"Planning Commission - August 6, 2025 [m50W4pVkNb4]",chunk_shifted,123,124,1,0,8252.6,SPEAKER_04,SPEAKER_04,engineering uh here on behalf of the the owner for 617 fremont street i don't know lauren if you have a good plan you can bring up i have it on the board but it'd be a little hard to see so 617 fremont street is current there's right there currently a vacant lot there is a small shed in the back whi,engineering uh here on behalf of the the owner for 617 fremont street i don't know lauren if you have a good plan you can bring up i have it on the board but it'd be a little hard to see so 617 fremont street is current there's right there currently a vacant lot there is a small shed in the back whi
ministral-8b,"Planning Commission - August 6, 2025 [m50W4pVkNb4]",chunk_shifted,125,126,1,0,8331.46,SPEAKER_04,SPEAKER_04,so to date there there has been a zoning variance approved for parking to allow or to not provide off street parking so just be on street parking that variance was approved the shade tree commission approved the landscape plan as well as two waivers that we were requesting for the placement of the s,so to date there there has been a zoning variance approved for parking to allow or to not provide off street parking so just be on street parking that variance was approved the shade tree commission approved the landscape plan as well as two waivers that we were requesting for the placement of the s
ministral-8b,"Planning Commission - August 6, 2025 [m50W4pVkNb4]",chunk_shifted,128,129,1,0,8413.37,SPEAKER_04,SPEAKER_04,square footage of these units um good question,square footage of these units um good question
ministral-8b,"Planning Commission - August 6, 2025 [m50W4pVkNb4]",chunk_shifted,129,130,1,0,8449.86,SPEAKER_20,SPEAKER_20,will these be rental or for sale units okay so uh not opposed to not providing,will these be rental or for sale units okay so uh not opposed to not providing
ministral-8b,"Planning Commission - August 6, 2025 [m50W4pVkNb4]",chunk_shifted,134,135,0,1,8570.98,SPEAKER_11,SPEAKER_11,it seems like an excellent infill project truly yeah hopefully yeah i live and work in this,it seems like an excellent infill project truly yeah hopefully yeah i live and work in this
ministral-8b,"Planning Commission - August 6, 2025 [m50W4pVkNb4]",chunk_shifted,139,140,1,0,8630.66,SPEAKER_04,SPEAKER_04,that discussion with the architect and i i believe so because i believe that they didn't have the firewalls i think they would be required to do sprinklers okay so i believe they don't have,that discussion with the architect and i i believe so because i believe that they didn't have the firewalls i think they would be required to do sprinklers okay so i believe they don't have
ministral-8b,"Planning Commission - August 6, 2025 [m50W4pVkNb4]",chunk_shifted,154,153,0,1,9503.97,SPEAKER_24,SPEAKER_24,have our city stormwater and street tree requirements but this being bumped to the conservation district level and the npdes pushed also requirements as far as additional plantings inside the basin as opposed to so we are retrofitting some of that in order to meet mpdes requirements not a lot of cit,have our city stormwater and street tree requirements but this being bumped to the conservation district level and the npdes pushed also requirements as far as additional plantings inside the basin as opposed to so we are retrofitting some of that in order to meet mpdes requirements not a lot of cit
ministral-8b,"Planning Commission - August 6, 2025 [m50W4pVkNb4]",chunk_shifted,156,155,0,1,9601.99,SPEAKER_24,SPEAKER_24,working in its intended purpose understand um i will say that the additional plants that we've been required by conservation district to put in from the woody plant standpoint very much support promoting infiltration this basin is working fantastic like it stands now just as a grassed basin that get,working in its intended purpose understand um i will say that the additional plants that we've been required by conservation district to put in from the woody plant standpoint very much support promoting infiltration this basin is working fantastic like it stands now just as a grassed basin that get
ministral-8b,"Planning Commission - August 6, 2025 [m50W4pVkNb4]",chunk_shifted,193,192,0,1,10461.23,SPEAKER_22,SPEAKER_22,ordinance and they're essentially creating an entire neighborhood but they just want to be able to make sure that they can create it the way they want to and so in order to do that they have to follow a certain extra set of regulations and so again it was really this is really more so just like to r,ordinance and they're essentially creating an entire neighborhood but they just want to be able to make sure that they can create it the way they want to and so in order to do that they have to follow a certain extra set of regulations and so again it was really this is really more so just like to r
ministral-8b,"Planning Commission - August 6, 2025 [m50W4pVkNb4]",chunk_shifted,195,194,1,0,10513.17,SPEAKER_27,SPEAKER_27,why is this it's not expedited well i mean it's so typically a land development wouldn't go through,why is this it's not expedited well i mean it's so typically a land development wouldn't go through
ministral-8b,"Planning Commission - August 6, 2025 [m50W4pVkNb4]",chunk_shifted,205,204,0,1,11050.64,SPEAKER_09,SPEAKER_09,no I gotcha like you're not make making anything doesn't make sense to me but I think that instead of reducing the size of our Commission maybe we should potentially look at what defines quorum like if we have vacant seats open can we make it so that our quorums are set based off filled seats at the,no I gotcha like you're not make making anything doesn't make sense to me but I think that instead of reducing the size of our Commission maybe we should potentially look at what defines quorum like if we have vacant seats open can we make it so that our quorums are set based off filled seats at the
phi-4,"Planning Commission - August 6, 2025 [m50W4pVkNb4]",chunk_shifted,108,107,1,0,7822.09,SPEAKER_08,SPEAKER_08,know just five feet of paving there it provides a hard skate for someone to walk which you know people may do now so we could certainly incorporate it into the plan i think maybe this is more of a,know just five feet of paving there it provides a hard skate for someone to walk which you know people may do now so we could certainly incorporate it into the plan i think maybe this is more of a
phi-4,"Planning Commission - August 6, 2025 [m50W4pVkNb4]",chunk_shifted,109,108,1,0,7835.5,SPEAKER_16,SPEAKER_16,question for the planning commission i think the last uh plan that we approved along manheim pike was the habitat restore project and i'm wondering did we was there existing sidewalks on that project or did we require them to install sidewalks i just i i understand the concerns um but i i worry abou,question for the planning commission i think the last uh plan that we approved along manheim pike was the habitat restore project and i'm wondering did we was there existing sidewalks on that project or did we require them to install sidewalks i just i i understand the concerns um but i i worry abou
phi-4,"Planning Commission - August 6, 2025 [m50W4pVkNb4]",chunk_shifted,112,111,0,1,7881.38,SPEAKER_28,SPEAKER_28,their sidewalk that was installed as part of the land development so yeah one of my concerns would,their sidewalk that was installed as part of the land development so yeah one of my concerns would
phi-4,"Planning Commission - August 6, 2025 [m50W4pVkNb4]",chunk_shifted,113,112,0,1,7886.47,SPEAKER_16,SPEAKER_16,be about setting a precedent for other development projects as we you know we do want to improve,be about setting a precedent for other development projects as we you know we do want to improve
phi-4,"Planning Commission - August 6, 2025 [m50W4pVkNb4]",chunk_shifted,129,130,1,0,8449.86,SPEAKER_20,SPEAKER_20,will these be rental or for sale units okay so uh not opposed to not providing,will these be rental or for sale units okay so uh not opposed to not providing
phi-4,"Planning Commission - August 6, 2025 [m50W4pVkNb4]",chunk_shifted,131,132,0,1,8497.02,SPEAKER_04,SPEAKER_04,to be getting into right i mean per the zoning ordinance i believe they're only required to to provide one parking space per unit i mean as far as who's going to rent it i don't know if they can necessarily predict that it is two stories so that would be about 1200 square feet per unit but yeah as f,to be getting into right i mean per the zoning ordinance i believe they're only required to to provide one parking space per unit i mean as far as who's going to rent it i don't know if they can necessarily predict that it is two stories so that would be about 1200 square feet per unit but yeah as f
phi-4,"Planning Commission - August 6, 2025 [m50W4pVkNb4]",chunk_shifted,132,133,0,1,8523.12,SPEAKER_09,SPEAKER_09,the properties wide enough that i could see i think i see 60 feet down there 80 feet yeah um that's wide enough for three cars right so like i feel comfortable with that parking arrangement,the properties wide enough that i could see i think i see 60 feet down there 80 feet yeah um that's wide enough for three cars right so like i feel comfortable with that parking arrangement
phi-4,"Planning Commission - August 6, 2025 [m50W4pVkNb4]",chunk_shifted,133,134,0,1,8534.64,SPEAKER_04,SPEAKER_04,i was just sorry yeah that's okay how many bedrooms are these units um i believe they're two,i was just sorry yeah that's okay how many bedrooms are these units um i believe they're two
phi-4,"Planning Commission - August 6, 2025 [m50W4pVkNb4]",chunk_shifted,134,135,0,1,8570.98,SPEAKER_11,SPEAKER_11,it seems like an excellent infill project truly yeah hopefully yeah i live and work in this,it seems like an excellent infill project truly yeah hopefully yeah i live and work in this
phi-4,"Planning Commission - August 6, 2025 [m50W4pVkNb4]",chunk_shifted,136,137,0,1,8588.48,SPEAKER_27,SPEAKER_27,is there any conditions that the city's waiting for nope this one's pretty straightforward great,is there any conditions that the city's waiting for nope this one's pretty straightforward great
phi-4,"Planning Commission - August 6, 2025 [m50W4pVkNb4]",chunk_shifted,139,140,1,0,8630.66,SPEAKER_04,SPEAKER_04,that discussion with the architect and i i believe so because i believe that they didn't have the firewalls i think they would be required to do sprinklers okay so i believe they don't have,that discussion with the architect and i i believe so because i believe that they didn't have the firewalls i think they would be required to do sprinklers okay so i believe they don't have
phi-4,"Planning Commission - August 6, 2025 [m50W4pVkNb4]",chunk_shifted,141,142,0,1,8653.57,SPEAKER_04,SPEAKER_04,the last one all right we did have and i don't know lauren if they need to act on the preliminary plan waiver i had that one as well if that was just a staff no that's it that yep that's because,the last one all right we did have and i don't know lauren if they need to act on the preliminary plan waiver i had that one as well if that was just a staff no that's it that yep that's because
phi-4,"Planning Commission - August 6, 2025 [m50W4pVkNb4]",chunk_shifted,151,150,0,1,9400.45,SPEAKER_09,SPEAKER_09,it's a good design and i think uh i love that it's all natives and nativars for all the landscaping a huge fan of that um i think my only real concern i guess is then the sidewalk deferral so you're saying on south franklin street you'd like to defer installing sidewalks we are installing,it's a good design and i think uh i love that it's all natives and nativars for all the landscaping a huge fan of that um i think my only real concern i guess is then the sidewalk deferral so you're saying on south franklin street you'd like to defer installing sidewalks we are installing
phi-4,"Planning Commission - August 6, 2025 [m50W4pVkNb4]",chunk_shifted,152,151,0,1,9421.0,SPEAKER_24,SPEAKER_24,sidewalk on this side that we're developing from one end to the other we are upgrading the ada ramps at the corners we are upgrading the ada ramps at the end of chesapeake and across chesapeake street what we're looking to not provide is the sidewalk on this other edge of oh across the street across,sidewalk on this side that we're developing from one end to the other we are upgrading the ada ramps at the corners we are upgrading the ada ramps at the end of chesapeake and across chesapeake street what we're looking to not provide is the sidewalk on this other edge of oh across the street across
phi-4,"Planning Commission - August 6, 2025 [m50W4pVkNb4]",chunk_shifted,154,153,0,1,9503.97,SPEAKER_24,SPEAKER_24,have our city stormwater and street tree requirements but this being bumped to the conservation district level and the npdes pushed also requirements as far as additional plantings inside the basin as opposed to so we are retrofitting some of that in order to meet mpdes requirements not a lot of cit,have our city stormwater and street tree requirements but this being bumped to the conservation district level and the npdes pushed also requirements as far as additional plantings inside the basin as opposed to so we are retrofitting some of that in order to meet mpdes requirements not a lot of cit
phi-4,"Planning Commission - August 6, 2025 [m50W4pVkNb4]",chunk_shifted,156,155,0,1,9601.99,SPEAKER_24,SPEAKER_24,working in its intended purpose understand um i will say that the additional plants that we've been required by conservation district to put in from the woody plant standpoint very much support promoting infiltration this basin is working fantastic like it stands now just as a grassed basin that get,working in its intended purpose understand um i will say that the additional plants that we've been required by conservation district to put in from the woody plant standpoint very much support promoting infiltration this basin is working fantastic like it stands now just as a grassed basin that get
phi-4,"Planning Commission - August 6, 2025 [m50W4pVkNb4]",chunk_shifted,163,162,0,1,9803.36,SPEAKER_27,SPEAKER_27,yeah i love that idea a little educational i mean it doesn't have to be you know over complicated but something just so they understand on the reason of what what the purpose of this area is and these are some of the ways that you have to love it throughout the year we might have,yeah i love that idea a little educational i mean it doesn't have to be you know over complicated but something just so they understand on the reason of what what the purpose of this area is and these are some of the ways that you have to love it throughout the year we might have
phi-4,"Planning Commission - August 6, 2025 [m50W4pVkNb4]",chunk_shifted,164,163,0,1,9815.36,SPEAKER_09,SPEAKER_09,something you should yeah i also agree with that and i think it's super important to have that um just because like i saw the note like on uh page 15 that these need to be kept in original design conditions right and as far as i understand when we pass something like this all this becomes like,something you should yeah i also agree with that and i think it's super important to have that um just because like i saw the note like on uh page 15 that these need to be kept in original design conditions right and as far as i understand when we pass something like this all this becomes like
phi-4,"Planning Commission - August 6, 2025 [m50W4pVkNb4]",chunk_shifted,165,164,0,1,9835.12,SPEAKER_24,SPEAKER_24,legally binding in itself correct it runs with their deed and that stormwater om agreement that is executed with the sale of the property it runs with the deed for the individual property owners and the ones following that that take the ownership they have responsibilities and i think that we could ,legally binding in itself correct it runs with their deed and that stormwater om agreement that is executed with the sale of the property it runs with the deed for the individual property owners and the ones following that that take the ownership they have responsibilities and i think that we could 
phi-4,"Planning Commission - August 6, 2025 [m50W4pVkNb4]",chunk_shifted,170,169,1,0,9926.15,SPEAKER_27,SPEAKER_27,neighborhood kids bicycles we know garages fill up with other stuff so you,neighborhood kids bicycles we know garages fill up with other stuff so you
phi-4,"Planning Commission - August 6, 2025 [m50W4pVkNb4]",chunk_shifted,193,192,0,1,10461.23,SPEAKER_22,SPEAKER_22,ordinance and they're essentially creating an entire neighborhood but they just want to be able to make sure that they can create it the way they want to and so in order to do that they have to follow a certain extra set of regulations and so again it was really this is really more so just like to r,ordinance and they're essentially creating an entire neighborhood but they just want to be able to make sure that they can create it the way they want to and so in order to do that they have to follow a certain extra set of regulations and so again it was really this is really more so just like to r
phi-4,"Planning Commission - August 6, 2025 [m50W4pVkNb4]",chunk_shifted,205,204,0,1,11050.64,SPEAKER_09,SPEAKER_09,no I gotcha like you're not make making anything doesn't make sense to me but I think that instead of reducing the size of our Commission maybe we should potentially look at what defines quorum like if we have vacant seats open can we make it so that our quorums are set based off filled seats at the,no I gotcha like you're not make making anything doesn't make sense to me but I think that instead of reducing the size of our Commission maybe we should potentially look at what defines quorum like if we have vacant seats open can we make it so that our quorums are set based off filled seats at the
phi-4,"Planning Commission - August 6, 2025 [m50W4pVkNb4]",chunk_shifted,214,213,0,1,11281.17,SPEAKER_28,SPEAKER_28,Sycamore Ridge is a pretty intricate plan and just tiny people like I said,Sycamore Ridge is a pretty intricate plan and just tiny people like I said
qwen3.5-9b-q6,"Planning Commission - August 6, 2025 [m50W4pVkNb4]",chunk_shifted,64,64,0,1,5930.66,SPEAKER_09,SPEAKER_09,here a little bit um i'm glad we're talking about having a public hearing the conversation about getting that on an agenda should continue because we do have an optional power even though it's informational uh we are allowed to do sorry i'm scrolling to look for the code part 22-25b5 there you go ma,here a little bit um i'm glad we're talking about having a public hearing the conversation about getting that on an agenda should continue because we do have an optional power even though it's informational uh we are allowed to do sorry i'm scrolling to look for the code part 22-25b5 there you go ma
qwen3.5-9b-q6,"Planning Commission - August 6, 2025 [m50W4pVkNb4]",chunk_shifted,65,65,0,1,6180.01,SPEAKER_11,SPEAKER_11,comment mr polite if it'll be okay i would i don't even want to use the word piggyback because there's so much consensus right now isn't there and it sounds like i am but um what power other than talking is there without city council behind this like how do we other than 75 people here getting the a,comment mr polite if it'll be okay i would i don't even want to use the word piggyback because there's so much consensus right now isn't there and it sounds like i am but um what power other than talking is there without city council behind this like how do we other than 75 people here getting the a
qwen3.5-9b-q6,"Planning Commission - August 6, 2025 [m50W4pVkNb4]",chunk_shifted,112,111,0,1,7881.38,SPEAKER_28,SPEAKER_28,their sidewalk that was installed as part of the land development so yeah one of my concerns would,their sidewalk that was installed as part of the land development so yeah one of my concerns would
qwen3.5-9b-q6,"Planning Commission - August 6, 2025 [m50W4pVkNb4]",chunk_shifted,113,112,0,1,7886.47,SPEAKER_16,SPEAKER_16,be about setting a precedent for other development projects as we you know we do want to improve,be about setting a precedent for other development projects as we you know we do want to improve
qwen3.5-9b-q6,"Planning Commission - August 6, 2025 [m50W4pVkNb4]",chunk_shifted,125,126,1,0,8331.46,SPEAKER_04,SPEAKER_04,so to date there there has been a zoning variance approved for parking to allow or to not provide off street parking so just be on street parking that variance was approved the shade tree commission approved the landscape plan as well as two waivers that we were requesting for the placement of the s,so to date there there has been a zoning variance approved for parking to allow or to not provide off street parking so just be on street parking that variance was approved the shade tree commission approved the landscape plan as well as two waivers that we were requesting for the placement of the s
qwen3.5-9b-q6,"Planning Commission - August 6, 2025 [m50W4pVkNb4]",chunk_shifted,128,129,0,1,8413.37,SPEAKER_04,SPEAKER_04,square footage of these units um good question,square footage of these units um good question
qwen3.5-9b-q6,"Planning Commission - August 6, 2025 [m50W4pVkNb4]",chunk_shifted,131,132,1,0,8497.02,SPEAKER_04,SPEAKER_04,to be getting into right i mean per the zoning ordinance i believe they're only required to to provide one parking space per unit i mean as far as who's going to rent it i don't know if they can necessarily predict that it is two stories so that would be about 1200 square feet per unit but yeah as f,to be getting into right i mean per the zoning ordinance i believe they're only required to to provide one parking space per unit i mean as far as who's going to rent it i don't know if they can necessarily predict that it is two stories so that would be about 1200 square feet per unit but yeah as f
qwen3.5-9b-q6,"Planning Commission - August 6, 2025 [m50W4pVkNb4]",chunk_shifted,132,133,1,0,8523.12,SPEAKER_09,SPEAKER_09,the properties wide enough that i could see i think i see 60 feet down there 80 feet yeah um that's wide enough for three cars right so like i feel comfortable with that parking arrangement,the properties wide enough that i could see i think i see 60 feet down there 80 feet yeah um that's wide enough for three cars right so like i feel comfortable with that parking arrangement
qwen3.5-9b-q6,"Planning Commission - August 6, 2025 [m50W4pVkNb4]",chunk_shifted,133,134,1,0,8534.64,SPEAKER_04,SPEAKER_04,i was just sorry yeah that's okay how many bedrooms are these units um i believe they're two,i was just sorry yeah that's okay how many bedrooms are these units um i believe they're two
qwen3.5-9b-q6,"Planning Commission - August 6, 2025 [m50W4pVkNb4]",chunk_shifted,135,136,0,1,8579.18,SPEAKER_16,SPEAKER_16,neighborhood and i'm very happy to see vacant lots turn into housing so thank you uh ms finn,neighborhood and i'm very happy to see vacant lots turn into housing so thank you uh ms finn
qwen3.5-9b-q6,"Planning Commission - August 6, 2025 [m50W4pVkNb4]",chunk_shifted,136,137,0,1,8588.48,SPEAKER_27,SPEAKER_27,is there any conditions that the city's waiting for nope this one's pretty straightforward great,is there any conditions that the city's waiting for nope this one's pretty straightforward great
qwen3.5-9b-q6,"Planning Commission - August 6, 2025 [m50W4pVkNb4]",chunk_shifted,147,146,1,0,9307.67,SPEAKER_09,SPEAKER_09,question about the stormwater basin are these home I mean assuming these homes gonna be sold correct i'm sorry these homes are gonna be sold when they're completed yes we have,question about the stormwater basin are these home I mean assuming these homes gonna be sold correct i'm sorry these homes are gonna be sold when they're completed yes we have
qwen3.5-9b-q6,"Planning Commission - August 6, 2025 [m50W4pVkNb4]",chunk_shifted,148,147,1,0,9319.19,SPEAKER_24,SPEAKER_24,a series of various different stormwater operation and maintenance agreements that are under review at the city currently as to how those um those portions who has the rights and maintenance responsibilities just like any other property there are just like on hillside avenue which was our last proje,a series of various different stormwater operation and maintenance agreements that are under review at the city currently as to how those um those portions who has the rights and maintenance responsibilities just like any other property there are just like on hillside avenue which was our last proje
qwen3.5-9b-q6,"Planning Commission - August 6, 2025 [m50W4pVkNb4]",chunk_shifted,149,148,1,0,9359.3,SPEAKER_09,SPEAKER_09,uh if these homo if these new homeowners would then have to be part of an hoa um that maintains,uh if these homo if these new homeowners would then have to be part of an hoa um that maintains
qwen3.5-9b-q6,"Planning Commission - August 6, 2025 [m50W4pVkNb4]",chunk_shifted,153,152,1,0,9461.16,SPEAKER_09,SPEAKER_09,for where the sidewalk is okay no i i that sounds uh reasonable does stevens happen to own those properties across the street as well no no okay all individual property owners okay um no that was all i really had i mean i always love seeing steven's projects come through i think it's really living u,for where the sidewalk is okay no i i that sounds uh reasonable does stevens happen to own those properties across the street as well no no okay all individual property owners okay um no that was all i really had i mean i always love seeing steven's projects come through i think it's really living u
qwen3.5-9b-q6,"Planning Commission - August 6, 2025 [m50W4pVkNb4]",chunk_shifted,156,155,0,1,9601.99,SPEAKER_24,SPEAKER_24,working in its intended purpose understand um i will say that the additional plants that we've been required by conservation district to put in from the woody plant standpoint very much support promoting infiltration this basin is working fantastic like it stands now just as a grassed basin that get,working in its intended purpose understand um i will say that the additional plants that we've been required by conservation district to put in from the woody plant standpoint very much support promoting infiltration this basin is working fantastic like it stands now just as a grassed basin that get
qwen3.5-9b-q6,"Planning Commission - August 6, 2025 [m50W4pVkNb4]",chunk_shifted,169,168,1,0,9890.0,SPEAKER_24,SPEAKER_24,curious i think that thaddeus's architecturals have traditionally done that on each of theirs yeah the original one i believe the next street up it's in similar character there are homes there with with garages so this area is quite a mix of of things and i think that to your point though it is unus,curious i think that thaddeus's architecturals have traditionally done that on each of theirs yeah the original one i believe the next street up it's in similar character there are homes there with with garages so this area is quite a mix of of things and i think that to your point though it is unus
qwen3.5-9b-q6,"Planning Commission - August 6, 2025 [m50W4pVkNb4]",chunk_shifted,170,169,1,0,9926.15,SPEAKER_27,SPEAKER_27,neighborhood kids bicycles we know garages fill up with other stuff so you,neighborhood kids bicycles we know garages fill up with other stuff so you
qwen3.5-9b-q6,"Planning Commission - August 6, 2025 [m50W4pVkNb4]",chunk_shifted,214,213,1,0,11281.17,SPEAKER_28,SPEAKER_28,Sycamore Ridge is a pretty intricate plan and just tiny people like I said,Sycamore Ridge is a pretty intricate plan and just tiny people like I said
qwen3.5-9b-q8,"Planning Commission - August 6, 2025 [m50W4pVkNb4]",chunk_shifted,64,64,0,1,5930.66,SPEAKER_09,SPEAKER_09,here a little bit um i'm glad we're talking about having a public hearing the conversation about getting that on an agenda should continue because we do have an optional power even though it's informational uh we are allowed to do sorry i'm scrolling to look for the code part 22-25b5 there you go ma,here a little bit um i'm glad we're talking about having a public hearing the conversation about getting that on an agenda should continue because we do have an optional power even though it's informational uh we are allowed to do sorry i'm scrolling to look for the code part 22-25b5 there you go ma
qwen3.5-9b-q8,"Planning Commission - August 6, 2025 [m50W4pVkNb4]",chunk_shifted,65,65,0,1,6180.01,SPEAKER_11,SPEAKER_11,comment mr polite if it'll be okay i would i don't even want to use the word piggyback because there's so much consensus right now isn't there and it sounds like i am but um what power other than talking is there without city council behind this like how do we other than 75 people here getting the a,comment mr polite if it'll be okay i would i don't even want to use the word piggyback because there's so much consensus right now isn't there and it sounds like i am but um what power other than talking is there without city council behind this like how do we other than 75 people here getting the a
qwen3.5-9b-q8,"Planning Commission - August 6, 2025 [m50W4pVkNb4]",chunk_shifted,105,104,0,1,7735.1,SPEAKER_11,SPEAKER_11,doesn't make sense to go out of your way to build a sidewalk especially with all the impervious pavement everywhere it seems right you can walk on that what about where you're going to rip it up between the two properties i think it's great let's add some trees let's do it right but what about conne,doesn't make sense to go out of your way to build a sidewalk especially with all the impervious pavement everywhere it seems right you can walk on that what about where you're going to rip it up between the two properties i think it's great let's add some trees let's do it right but what about conne
qwen3.5-9b-q8,"Planning Commission - August 6, 2025 [m50W4pVkNb4]",chunk_shifted,112,111,0,1,7881.38,SPEAKER_28,SPEAKER_28,their sidewalk that was installed as part of the land development so yeah one of my concerns would,their sidewalk that was installed as part of the land development so yeah one of my concerns would
qwen3.5-9b-q8,"Planning Commission - August 6, 2025 [m50W4pVkNb4]",chunk_shifted,113,112,0,1,7886.47,SPEAKER_16,SPEAKER_16,be about setting a precedent for other development projects as we you know we do want to improve,be about setting a precedent for other development projects as we you know we do want to improve
qwen3.5-9b-q8,"Planning Commission - August 6, 2025 [m50W4pVkNb4]",chunk_shifted,125,126,1,0,8331.46,SPEAKER_04,SPEAKER_04,so to date there there has been a zoning variance approved for parking to allow or to not provide off street parking so just be on street parking that variance was approved the shade tree commission approved the landscape plan as well as two waivers that we were requesting for the placement of the s,so to date there there has been a zoning variance approved for parking to allow or to not provide off street parking so just be on street parking that variance was approved the shade tree commission approved the landscape plan as well as two waivers that we were requesting for the placement of the s
qwen3.5-9b-q8,"Planning Commission - August 6, 2025 [m50W4pVkNb4]",chunk_shifted,128,129,0,1,8413.37,SPEAKER_04,SPEAKER_04,square footage of these units um good question,square footage of these units um good question
qwen3.5-9b-q8,"Planning Commission - August 6, 2025 [m50W4pVkNb4]",chunk_shifted,131,132,1,0,8497.02,SPEAKER_04,SPEAKER_04,to be getting into right i mean per the zoning ordinance i believe they're only required to to provide one parking space per unit i mean as far as who's going to rent it i don't know if they can necessarily predict that it is two stories so that would be about 1200 square feet per unit but yeah as f,to be getting into right i mean per the zoning ordinance i believe they're only required to to provide one parking space per unit i mean as far as who's going to rent it i don't know if they can necessarily predict that it is two stories so that would be about 1200 square feet per unit but yeah as f
qwen3.5-9b-q8,"Planning Commission - August 6, 2025 [m50W4pVkNb4]",chunk_shifted,132,133,1,0,8523.12,SPEAKER_09,SPEAKER_09,the properties wide enough that i could see i think i see 60 feet down there 80 feet yeah um that's wide enough for three cars right so like i feel comfortable with that parking arrangement,the properties wide enough that i could see i think i see 60 feet down there 80 feet yeah um that's wide enough for three cars right so like i feel comfortable with that parking arrangement
qwen3.5-9b-q8,"Planning Commission - August 6, 2025 [m50W4pVkNb4]",chunk_shifted,133,134,1,0,8534.64,SPEAKER_04,SPEAKER_04,i was just sorry yeah that's okay how many bedrooms are these units um i believe they're two,i was just sorry yeah that's okay how many bedrooms are these units um i believe they're two
qwen3.5-9b-q8,"Planning Commission - August 6, 2025 [m50W4pVkNb4]",chunk_shifted,135,136,0,1,8579.18,SPEAKER_16,SPEAKER_16,neighborhood and i'm very happy to see vacant lots turn into housing so thank you uh ms finn,neighborhood and i'm very happy to see vacant lots turn into housing so thank you uh ms finn
qwen3.5-9b-q8,"Planning Commission - August 6, 2025 [m50W4pVkNb4]",chunk_shifted,136,137,0,1,8588.48,SPEAKER_27,SPEAKER_27,is there any conditions that the city's waiting for nope this one's pretty straightforward great,is there any conditions that the city's waiting for nope this one's pretty straightforward great
qwen3.5-9b-q8,"Planning Commission - August 6, 2025 [m50W4pVkNb4]",chunk_shifted,153,152,1,0,9461.16,SPEAKER_09,SPEAKER_09,for where the sidewalk is okay no i i that sounds uh reasonable does stevens happen to own those properties across the street as well no no okay all individual property owners okay um no that was all i really had i mean i always love seeing steven's projects come through i think it's really living u,for where the sidewalk is okay no i i that sounds uh reasonable does stevens happen to own those properties across the street as well no no okay all individual property owners okay um no that was all i really had i mean i always love seeing steven's projects come through i think it's really living u
qwen3.5-9b-q8,"Planning Commission - August 6, 2025 [m50W4pVkNb4]",chunk_shifted,156,155,0,1,9601.99,SPEAKER_24,SPEAKER_24,working in its intended purpose understand um i will say that the additional plants that we've been required by conservation district to put in from the woody plant standpoint very much support promoting infiltration this basin is working fantastic like it stands now just as a grassed basin that get,working in its intended purpose understand um i will say that the additional plants that we've been required by conservation district to put in from the woody plant standpoint very much support promoting infiltration this basin is working fantastic like it stands now just as a grassed basin that get
qwen3.5-9b-q8,"Planning Commission - August 6, 2025 [m50W4pVkNb4]",chunk_shifted,166,165,0,1,9857.2,SPEAKER_22,SPEAKER_22,city probably has something that could be handed out we have a ton of stormwater that would be,city probably has something that could be handed out we have a ton of stormwater that would be
qwen3.5-9b-q8,"Planning Commission - August 6, 2025 [m50W4pVkNb4]",chunk_shifted,167,166,0,1,9862.32,SPEAKER_24,SPEAKER_24,fantastic i would connect with angie yep thank you lauren that will be great save me some time,fantastic i would connect with angie yep thank you lauren that will be great save me some time
qwen3.5-9b-q8,"Planning Commission - August 6, 2025 [m50W4pVkNb4]",chunk_shifted,168,167,0,1,9875.67,SPEAKER_16,SPEAKER_16,appreciate that uh a question i think is more just out of curiosity i'm curious about the decision to add garages um to these uh houses not a normal development pattern for the cities i'm just,appreciate that uh a question i think is more just out of curiosity i'm curious about the decision to add garages um to these uh houses not a normal development pattern for the cities i'm just
qwen3.5-9b-q8,"Planning Commission - August 6, 2025 [m50W4pVkNb4]",chunk_shifted,172,171,0,1,9961.34,SPEAKER_16,SPEAKER_16,me if you already mentioned this when you when study sells these are these affordable homes or what do you do you all want to speak to that the redevelopment authority uh yeah and i i love that we obviously need more affordable housing i would you know again maybe just encourage i mean i think when ,me if you already mentioned this when you when study sells these are these affordable homes or what do you do you all want to speak to that the redevelopment authority uh yeah and i i love that we obviously need more affordable housing i would you know again maybe just encourage i mean i think when 
qwen3.5-9b-q8,"Planning Commission - August 6, 2025 [m50W4pVkNb4]",chunk_shifted,195,194,1,0,10513.17,SPEAKER_27,SPEAKER_27,why is this it's not expedited well i mean it's so typically a land development wouldn't go through,why is this it's not expedited well i mean it's so typically a land development wouldn't go through
qwen3.5-9b-q8,"Planning Commission - August 6, 2025 [m50W4pVkNb4]",chunk_shifted,196,195,1,0,10527.94,SPEAKER_28,SPEAKER_28,the public hearing process um this process is outlined in the zoning ordinance but it's following a planned residential development requirement that's provided for in the mpc um i can't speak to the reasoning behind this this addition being in the zoning ordinance um it is in my opinion a little bit,the public hearing process um this process is outlined in the zoning ordinance but it's following a planned residential development requirement that's provided for in the mpc um i can't speak to the reasoning behind this this addition being in the zoning ordinance um it is in my opinion a little bit
qwen3.5-9b-q8,"Planning Commission - August 6, 2025 [m50W4pVkNb4]",chunk_shifted,197,196,1,0,10559.38,SPEAKER_25,SPEAKER_25,and so it's an extra step and so like yeah well i mean you would ultimately do the same thing that,and so it's an extra step and so like yeah well i mean you would ultimately do the same thing that
qwen3.5-9b-q8,"Planning Commission - August 6, 2025 [m50W4pVkNb4]",chunk_shifted,213,212,1,0,11267.14,SPEAKER_25,SPEAKER_25,don't see it being advantageous of this month you can I just think that the,don't see it being advantageous of this month you can I just think that the
qwen3.5-9b-q8,"Planning Commission - August 6, 2025 [m50W4pVkNb4]",chunk_shifted,214,213,1,0,11281.17,SPEAKER_28,SPEAKER_28,Sycamore Ridge is a pretty intricate plan and just tiny people like I said,Sycamore Ridge is a pretty intricate plan and just tiny people like I said
qwen3.5-9b-q8,"Planning Commission - August 6, 2025 [m50W4pVkNb4]",chunk_shifted,215,214,1,0,11288.73,SPEAKER_11,SPEAKER_11,"people will come running October 1st would be the first day truly that would give everyone time. And we're talking what six weeks. That's not a terrible timeline, even though I know it's, there's a need to move on things like this. Especially if you want some of the people that we want to invite to ","people will come running October 1st would be the first day truly that would give everyone time. And we're talking what six weeks. That's not a terrible timeline, even though I know it's, there's a need to move on things like this. Especially if you want some of the people that we want to invite to "
deepseek-r1-14b,"Planning Commission Meeting - September 17, 2025 [sM9P2_ZC46M]",chunk_shifted,142,144,0,1,9691.66,SPEAKER_21,SPEAKER_21,clarification but the problem I have is that if the city commences its preliminary plan approval process then that that triggers the stays about enactment of any other ordinance and things get frozen and I I am opposed to the Commission the hands of the city being tied why a preliminary plan would b,clarification but the problem I have is that if the city commences its preliminary plan approval process then that that triggers the stays about enactment of any other ordinance and things get frozen and I I am opposed to the Commission the hands of the city being tied why a preliminary plan would b
deepseek-r1-14b,"Planning Commission Meeting - September 17, 2025 [sM9P2_ZC46M]",chunk_shifted,143,145,0,1,9731.07,SPEAKER_17,SPEAKER_17,event tonight that we would reject their application would they have the same ability to then go through work continue the partnership with the city to go through the recommended changes and the comments that the city is suggesting pull the necessary details together and then come back or absolutely,event tonight that we would reject their application would they have the same ability to then go through work continue the partnership with the city to go through the recommended changes and the comments that the city is suggesting pull the necessary details together and then come back or absolutely
deepseek-r1-14b,"Planning Commission Meeting - September 17, 2025 [sM9P2_ZC46M]",chunk_shifted,144,146,0,1,9750.47,SPEAKER_21,SPEAKER_21,something i i want to emphasize is that if the application is dismissed as simply being incomplete the city the commission has not reached the merits of the case in any way we're just saying there's just holes in it we're not saying it's a good or a bad application we're not saying there aren't a lo,something i i want to emphasize is that if the application is dismissed as simply being incomplete the city the commission has not reached the merits of the case in any way we're just saying there's just holes in it we're not saying it's a good or a bad application we're not saying there aren't a lo
deepseek-r1-7b,"Planning Commission Meeting - September 17, 2025 [sM9P2_ZC46M]",chunk_shifted,131,133,1,0,9215.04,SPEAKER_21,SPEAKER_21,are if they can't then move on thank you thank you mr gray okay at this point we the commission has heard a lot of testimony about the traffic about the environment about possible contamination from the old junkyard use and as well as preserving the character of the area uh in late of the hour does ,are if they can't then move on thank you thank you mr gray okay at this point we the commission has heard a lot of testimony about the traffic about the environment about possible contamination from the old junkyard use and as well as preserving the character of the area uh in late of the hour does 
deepseek-r1-7b,"Planning Commission Meeting - September 17, 2025 [sM9P2_ZC46M]",chunk_shifted,133,135,1,0,9281.52,SPEAKER_21,SPEAKER_21,has anything new to add that hasn't been covered already okay i'll take it your word sir dean,has anything new to add that hasn't been covered already okay i'll take it your word sir dean
deepseek-r1-7b,"Planning Commission Meeting - September 17, 2025 [sM9P2_ZC46M]",chunk_shifted,135,137,1,0,9371.5,SPEAKER_21,SPEAKER_21,anyone else who has anything new that was covered okay at this point i believe we're ready to close public comment it's the pleasure of the board to take an executive session or not does the board,anyone else who has anything new that was covered okay at this point i believe we're ready to close public comment it's the pleasure of the board to take an executive session or not does the board
deepseek-r1-7b,"Planning Commission Meeting - September 17, 2025 [sM9P2_ZC46M]",chunk_shifted,139,141,0,1,9562.79,SPEAKER_05,SPEAKER_05,this particular application solicitor may i ask is now a good time for us to recess to discuss what,this particular application solicitor may i ask is now a good time for us to recess to discuss what
deepseek-r1-7b,"Planning Commission Meeting - September 17, 2025 [sM9P2_ZC46M]",chunk_shifted,154,156,0,1,10910.51,SPEAKER_21,SPEAKER_21,we hope to see you back again thank you thank you with that the hearing is concluded i will turn this matter back over to the chairman for the remainder of your meeting thank you,we hope to see you back again thank you thank you with that the hearing is concluded i will turn this matter back over to the chairman for the remainder of your meeting thank you
deepseek-r1-7b,"Planning Commission Meeting - September 17, 2025 [sM9P2_ZC46M]",chunk_shifted,156,158,0,1,10955.56,SPEAKER_20,SPEAKER_20,motion on the floor mr chair i will make a motion to approve the minutes from our previous meeting of september 3rd 2025. i'll second you have a motion on the floor,motion on the floor mr chair i will make a motion to approve the minutes from our previous meeting of september 3rd 2025. i'll second you have a motion on the floor
deepseek-r1-7b,"Planning Commission Meeting - September 17, 2025 [sM9P2_ZC46M]",chunk_shifted,157,159,0,1,10978.03,SPEAKER_09,SPEAKER_09,with the approval of the minutes September the 3rd 2025 ready for the question all in favor let it known by saying aye aye opposed ayes have it,with the approval of the minutes September the 3rd 2025 ready for the question all in favor let it known by saying aye aye opposed ayes have it
deepseek-r1-7b,"Planning Commission Meeting - September 17, 2025 [sM9P2_ZC46M]",chunk_shifted,158,160,0,1,11001.16,SPEAKER_19,SPEAKER_19,motion carry,motion carry
deepseek-r1-7b,"Planning Commission Meeting - September 17, 2025 [sM9P2_ZC46M]",chunk_shifted,159,161,0,1,11024.33,SPEAKER_20,SPEAKER_20,okay no i have that from the solicitor clarification from the solicitor and then i,okay no i have that from the solicitor clarification from the solicitor and then i
deepseek-r1-7b,"Planning Commission Meeting - September 17, 2025 [sM9P2_ZC46M]",chunk_shifted,178,180,1,0,11720.72,SPEAKER_27,SPEAKER_27,of the two proposed units are 969 square foot and 1061 square feet and they're two stories,of the two proposed units are 969 square foot and 1061 square feet and they're two stories
deepseek-r1-7b,"Planning Commission Meeting - September 17, 2025 [sM9P2_ZC46M]",chunk_shifted,180,182,1,0,11754.93,SPEAKER_17,SPEAKER_17,preliminary final land development uh plan for 523 woodward street yeah they would have to meet the,preliminary final land development uh plan for 523 woodward street yeah they would have to meet the
deepseek-r1-7b,"Planning Commission Meeting - September 17, 2025 [sM9P2_ZC46M]",chunk_shifted,184,186,1,0,11810.49,SPEAKER_09,SPEAKER_09,wait for the question all in favor let it known by saying aye aye aye aye motion,wait for the question all in favor let it known by saying aye aye aye aye motion
gemma-4-4b,"Planning Commission Meeting - September 17, 2025 [sM9P2_ZC46M]",chunk_shifted,132,134,1,0,9256.16,SPEAKER_07,SPEAKER_07,want to clarify one point um one of the earlier gentlemen who commented seemed to seemed to be implying that um our 1996 plans were never followed through on i just wanted to clarify that the 48 parking spaces and the 23 that i believe this plan would cause us to lose was built and has been used for,want to clarify one point um one of the earlier gentlemen who commented seemed to seemed to be implying that um our 1996 plans were never followed through on i just wanted to clarify that the 48 parking spaces and the 23 that i believe this plan would cause us to lose was built and has been used for
gemma-4-4b,"Planning Commission Meeting - September 17, 2025 [sM9P2_ZC46M]",chunk_shifted,134,136,0,1,9298.05,SPEAKER_14,SPEAKER_14,souter i'm the pastor at sunnyside mennonite joe mark thank you for your work the vision for the um for the junkyard i have been there for 25 years as a an attender i have never met a person there that was mean it's a wonderful community if you folks that i'm speaking if you have never been into Sun,souter i'm the pastor at sunnyside mennonite joe mark thank you for your work the vision for the um for the junkyard i have been there for 25 years as a an attender i have never met a person there that was mean it's a wonderful community if you folks that i'm speaking if you have never been into Sun
gemma-4-4b,"Planning Commission Meeting - September 17, 2025 [sM9P2_ZC46M]",chunk_shifted,142,144,0,1,9691.66,SPEAKER_21,SPEAKER_21,clarification but the problem I have is that if the city commences its preliminary plan approval process then that that triggers the stays about enactment of any other ordinance and things get frozen and I I am opposed to the Commission the hands of the city being tied why a preliminary plan would b,clarification but the problem I have is that if the city commences its preliminary plan approval process then that that triggers the stays about enactment of any other ordinance and things get frozen and I I am opposed to the Commission the hands of the city being tied why a preliminary plan would b
gemma-4-4b,"Planning Commission Meeting - September 17, 2025 [sM9P2_ZC46M]",chunk_shifted,144,146,1,0,9750.47,SPEAKER_21,SPEAKER_21,something i i want to emphasize is that if the application is dismissed as simply being incomplete the city the commission has not reached the merits of the case in any way we're just saying there's just holes in it we're not saying it's a good or a bad application we're not saying there aren't a lo,something i i want to emphasize is that if the application is dismissed as simply being incomplete the city the commission has not reached the merits of the case in any way we're just saying there's just holes in it we're not saying it's a good or a bad application we're not saying there aren't a lo
gemma-4-4b,"Planning Commission Meeting - September 17, 2025 [sM9P2_ZC46M]",chunk_shifted,153,155,1,0,10885.01,SPEAKER_17,SPEAKER_17,like to encourage you to continue to work through this project there's a lot of gaps there's a lot of holes there's a lot of missing information that's necessary in order for this project to continue so i know that we just burst a bubble right now but you can fill the balloon back up later as you co,like to encourage you to continue to work through this project there's a lot of gaps there's a lot of holes there's a lot of missing information that's necessary in order for this project to continue so i know that we just burst a bubble right now but you can fill the balloon back up later as you co
gemma-4-4b,"Planning Commission Meeting - September 17, 2025 [sM9P2_ZC46M]",chunk_shifted,163,165,1,0,11111.18,SPEAKER_19,SPEAKER_19,"i just also would like to interject here that this is a former rackel property the the property contract with Rackel just expired. And so the city is taking this property over again, and they're going to go through the process of condemnation and eminent domain for this property. However, your job a","i just also would like to interject here that this is a former rackel property the the property contract with Rackel just expired. And so the city is taking this property over again, and they're going to go through the process of condemnation and eminent domain for this property. However, your job a"
gemma-4-4b,"Planning Commission Meeting - September 17, 2025 [sM9P2_ZC46M]",chunk_shifted,176,178,0,1,11686.72,SPEAKER_05,SPEAKER_05,they can't subdivide and then now okay thank you and the city was um supportive of this plan yes,they can't subdivide and then now okay thank you and the city was um supportive of this plan yes
gemma-4-4b,"Planning Commission Meeting - September 17, 2025 [sM9P2_ZC46M]",chunk_shifted,177,179,1,0,11703.52,SPEAKER_09,SPEAKER_09,and again the square footage on a single unit is again um the square foot of the footprint,and again the square footage on a single unit is again um the square foot of the footprint
gemma-4-4b,"Planning Commission Meeting - September 17, 2025 [sM9P2_ZC46M]",chunk_shifted,189,191,1,0,12289.41,SPEAKER_03,SPEAKER_03,also some of the discussion we had with shade tree Commission as a business and a car business obviously it is important to them not just from a visibility standpoint but that's their sales display area of their vehicles and the shade tree Commission was very supportive of allowing us to fit the tre,also some of the discussion we had with shade tree Commission as a business and a car business obviously it is important to them not just from a visibility standpoint but that's their sales display area of their vehicles and the shade tree Commission was very supportive of allowing us to fit the tre
ministral-8b,"Planning Commission Meeting - September 17, 2025 [sM9P2_ZC46M]",chunk_shifted,132,134,1,0,9256.16,SPEAKER_07,SPEAKER_07,want to clarify one point um one of the earlier gentlemen who commented seemed to seemed to be implying that um our 1996 plans were never followed through on i just wanted to clarify that the 48 parking spaces and the 23 that i believe this plan would cause us to lose was built and has been used for,want to clarify one point um one of the earlier gentlemen who commented seemed to seemed to be implying that um our 1996 plans were never followed through on i just wanted to clarify that the 48 parking spaces and the 23 that i believe this plan would cause us to lose was built and has been used for
ministral-8b,"Planning Commission Meeting - September 17, 2025 [sM9P2_ZC46M]",chunk_shifted,138,140,1,0,9462.65,SPEAKER_17,SPEAKER_17,been documented so i want to just make a point here that i think what you gentlemen are doing is commendable um i think that you have a big giant challenge in front of you you went from the little leagues with your two cabins to the big leagues now um and i also would say to the residents of sunnysi,been documented so i want to just make a point here that i think what you gentlemen are doing is commendable um i think that you have a big giant challenge in front of you you went from the little leagues with your two cabins to the big leagues now um and i also would say to the residents of sunnysi
ministral-8b,"Planning Commission Meeting - September 17, 2025 [sM9P2_ZC46M]",chunk_shifted,153,155,1,0,10885.01,SPEAKER_17,SPEAKER_17,like to encourage you to continue to work through this project there's a lot of gaps there's a lot of holes there's a lot of missing information that's necessary in order for this project to continue so i know that we just burst a bubble right now but you can fill the balloon back up later as you co,like to encourage you to continue to work through this project there's a lot of gaps there's a lot of holes there's a lot of missing information that's necessary in order for this project to continue so i know that we just burst a bubble right now but you can fill the balloon back up later as you co
ministral-8b,"Planning Commission Meeting - September 17, 2025 [sM9P2_ZC46M]",chunk_shifted,166,168,0,1,11473.62,SPEAKER_19,SPEAKER_19,no matter what so yes the um the property the owner has not complied with his rackle agreement and had gone through a process of um had he had received seven extensions and had still not fulfilled his requirements and so last evening at the rackel meeting they decided that they would not provide ano,no matter what so yes the um the property the owner has not complied with his rackle agreement and had gone through a process of um had he had received seven extensions and had still not fulfilled his requirements and so last evening at the rackel meeting they decided that they would not provide ano
phi-4,"Planning Commission Meeting - September 17, 2025 [sM9P2_ZC46M]",chunk_identical,52,52,1,0,4482.04,SPEAKER_17,SPEAKER_17,"Great. How about the – let's back up one second because I kind of tossed two things at you at one time. And I'm really curious to go back to the affordability aspect of this project, not so much just as to throw my thoughts out there, but to get some thoughts back from you gentlemen as well um you k","Great. How about the – let's back up one second because I kind of tossed two things at you at one time. And I'm really curious to go back to the affordability aspect of this project, not so much just as to throw my thoughts out there, but to get some thoughts back from you gentlemen as well um you k"
phi-4,"Planning Commission Meeting - September 17, 2025 [sM9P2_ZC46M]",chunk_identical,79,79,1,0,5640.9,SPEAKER_20,SPEAKER_20,anywhere near it may I ask a question one of the things I was looking at in the audience of course we have many members of the audience who were here back in 2014 when the Planning Commission approved essentially a nine page document of modifications that needed to be done for the tentative plan to ,anywhere near it may I ask a question one of the things I was looking at in the audience of course we have many members of the audience who were here back in 2014 when the Planning Commission approved essentially a nine page document of modifications that needed to be done for the tentative plan to 
phi-4,"Planning Commission Meeting - September 17, 2025 [sM9P2_ZC46M]",chunk_shifted,132,134,1,0,9256.16,SPEAKER_07,SPEAKER_07,want to clarify one point um one of the earlier gentlemen who commented seemed to seemed to be implying that um our 1996 plans were never followed through on i just wanted to clarify that the 48 parking spaces and the 23 that i believe this plan would cause us to lose was built and has been used for,want to clarify one point um one of the earlier gentlemen who commented seemed to seemed to be implying that um our 1996 plans were never followed through on i just wanted to clarify that the 48 parking spaces and the 23 that i believe this plan would cause us to lose was built and has been used for
phi-4,"Planning Commission Meeting - September 17, 2025 [sM9P2_ZC46M]",chunk_shifted,138,140,1,0,9462.65,SPEAKER_17,SPEAKER_17,been documented so i want to just make a point here that i think what you gentlemen are doing is commendable um i think that you have a big giant challenge in front of you you went from the little leagues with your two cabins to the big leagues now um and i also would say to the residents of sunnysi,been documented so i want to just make a point here that i think what you gentlemen are doing is commendable um i think that you have a big giant challenge in front of you you went from the little leagues with your two cabins to the big leagues now um and i also would say to the residents of sunnysi
phi-4,"Planning Commission Meeting - September 17, 2025 [sM9P2_ZC46M]",chunk_shifted,142,144,0,1,9691.66,SPEAKER_21,SPEAKER_21,clarification but the problem I have is that if the city commences its preliminary plan approval process then that that triggers the stays about enactment of any other ordinance and things get frozen and I I am opposed to the Commission the hands of the city being tied why a preliminary plan would b,clarification but the problem I have is that if the city commences its preliminary plan approval process then that that triggers the stays about enactment of any other ordinance and things get frozen and I I am opposed to the Commission the hands of the city being tied why a preliminary plan would b
phi-4,"Planning Commission Meeting - September 17, 2025 [sM9P2_ZC46M]",chunk_shifted,143,145,0,1,9731.07,SPEAKER_17,SPEAKER_17,event tonight that we would reject their application would they have the same ability to then go through work continue the partnership with the city to go through the recommended changes and the comments that the city is suggesting pull the necessary details together and then come back or absolutely,event tonight that we would reject their application would they have the same ability to then go through work continue the partnership with the city to go through the recommended changes and the comments that the city is suggesting pull the necessary details together and then come back or absolutely
phi-4,"Planning Commission Meeting - September 17, 2025 [sM9P2_ZC46M]",chunk_shifted,144,146,0,1,9750.47,SPEAKER_21,SPEAKER_21,something i i want to emphasize is that if the application is dismissed as simply being incomplete the city the commission has not reached the merits of the case in any way we're just saying there's just holes in it we're not saying it's a good or a bad application we're not saying there aren't a lo,something i i want to emphasize is that if the application is dismissed as simply being incomplete the city the commission has not reached the merits of the case in any way we're just saying there's just holes in it we're not saying it's a good or a bad application we're not saying there aren't a lo
phi-4,"Planning Commission Meeting - September 17, 2025 [sM9P2_ZC46M]",chunk_shifted,150,152,1,0,10836.85,SPEAKER_08,SPEAKER_08,Albert and mr. chairman does the rejection mean that a entirely new application needs to be filed or just that we come back to the Commission with,Albert and mr. chairman does the rejection mean that a entirely new application needs to be filed or just that we come back to the Commission with
phi-4,"Planning Commission Meeting - September 17, 2025 [sM9P2_ZC46M]",chunk_shifted,153,155,1,0,10885.01,SPEAKER_17,SPEAKER_17,like to encourage you to continue to work through this project there's a lot of gaps there's a lot of holes there's a lot of missing information that's necessary in order for this project to continue so i know that we just burst a bubble right now but you can fill the balloon back up later as you co,like to encourage you to continue to work through this project there's a lot of gaps there's a lot of holes there's a lot of missing information that's necessary in order for this project to continue so i know that we just burst a bubble right now but you can fill the balloon back up later as you co
phi-4,"Planning Commission Meeting - September 17, 2025 [sM9P2_ZC46M]",chunk_shifted,166,168,0,1,11473.62,SPEAKER_19,SPEAKER_19,no matter what so yes the um the property the owner has not complied with his rackle agreement and had gone through a process of um had he had received seven extensions and had still not fulfilled his requirements and so last evening at the rackel meeting they decided that they would not provide ano,no matter what so yes the um the property the owner has not complied with his rackle agreement and had gone through a process of um had he had received seven extensions and had still not fulfilled his requirements and so last evening at the rackel meeting they decided that they would not provide ano
phi-4,"Planning Commission Meeting - September 17, 2025 [sM9P2_ZC46M]",chunk_shifted,176,178,1,0,11686.72,SPEAKER_05,SPEAKER_05,they can't subdivide and then now okay thank you and the city was um supportive of this plan yes,they can't subdivide and then now okay thank you and the city was um supportive of this plan yes
phi-4,"Planning Commission Meeting - September 17, 2025 [sM9P2_ZC46M]",chunk_shifted,179,181,0,1,11728.08,SPEAKER_09,SPEAKER_09,okay thank you thank you any public comment motion on the floor can i make a motion to approve the,okay thank you thank you any public comment motion on the floor can i make a motion to approve the
phi-4,"Planning Commission Meeting - September 17, 2025 [sM9P2_ZC46M]",chunk_shifted,200,200,0,1,13090.53,SPEAKER_26,SPEAKER_26,okay yes we had prepared a site concept plan uh indicating how the property could be developed under the under the proposed uh free zoning and text amendment um as as claudia mentioned the uh the parcel we're looking at was unit b of the plan plant community which on the sketch is shown in basically,okay yes we had prepared a site concept plan uh indicating how the property could be developed under the under the proposed uh free zoning and text amendment um as as claudia mentioned the uh the parcel we're looking at was unit b of the plan plant community which on the sketch is shown in basically
qwen3.5-9b-q6,"Planning Commission Meeting - September 17, 2025 [sM9P2_ZC46M]",chunk_shifted,162,164,1,0,11076.7,SPEAKER_09,SPEAKER_09,which will require a new application or not no okay i appreciate that thank you it was just hard for me to hear everything okay moving forward mr chairman okay number four the subdivision and land development a 523 woodward avenue preliminary final land development conditional approval,which will require a new application or not no okay i appreciate that thank you it was just hard for me to hear everything okay moving forward mr chairman okay number four the subdivision and land development a 523 woodward avenue preliminary final land development conditional approval
qwen3.5-9b-q6,"Planning Commission Meeting - September 17, 2025 [sM9P2_ZC46M]",chunk_shifted,163,165,1,0,11111.18,SPEAKER_19,SPEAKER_19,"i just also would like to interject here that this is a former rackel property the the property contract with Rackel just expired. And so the city is taking this property over again, and they're going to go through the process of condemnation and eminent domain for this property. However, your job a","i just also would like to interject here that this is a former rackel property the the property contract with Rackel just expired. And so the city is taking this property over again, and they're going to go through the process of condemnation and eminent domain for this property. However, your job a"
qwen3.5-9b-q6,"Planning Commission Meeting - September 17, 2025 [sM9P2_ZC46M]",chunk_shifted,187,189,1,0,11891.4,SPEAKER_03,SPEAKER_03,"approval good evening Cheryl Love with the LA group we'll review the plan briefly with This is the existing building for Jones Honda. It's located at 1335 Mannheim Pike. The building is rectangular in the back portion of what you see rendered here. The existing footprint is about 5,000 square feet. ","approval good evening Cheryl Love with the LA group we'll review the plan briefly with This is the existing building for Jones Honda. It's located at 1335 Mannheim Pike. The building is rectangular in the back portion of what you see rendered here. The existing footprint is about 5,000 square feet. "
qwen3.5-9b-q6,"Planning Commission Meeting - September 17, 2025 [sM9P2_ZC46M]",chunk_shifted,189,191,1,0,12289.41,SPEAKER_03,SPEAKER_03,also some of the discussion we had with shade tree Commission as a business and a car business obviously it is important to them not just from a visibility standpoint but that's their sales display area of their vehicles and the shade tree Commission was very supportive of allowing us to fit the tre,also some of the discussion we had with shade tree Commission as a business and a car business obviously it is important to them not just from a visibility standpoint but that's their sales display area of their vehicles and the shade tree Commission was very supportive of allowing us to fit the tre
qwen3.5-9b-q6,"Planning Commission Meeting - September 17, 2025 [sM9P2_ZC46M]",chunk_shifted,190,192,1,0,12360.22,SPEAKER_17,SPEAKER_17,structure can't support that okay i i think i see them on the plan but there are new sidewalks,structure can't support that okay i i think i see them on the plan but there are new sidewalks
qwen3.5-9b-q6,"Planning Commission Meeting - September 17, 2025 [sM9P2_ZC46M]",chunk_shifted,191,193,1,0,12370.3,SPEAKER_03,SPEAKER_03,there are up front wonderful is yep all across the frontage um in fact one of our prior um one of our prior uh landscape architects did something for jones honda some time ago just to the west here and in fact at that point they were waived for doing any street trees any a lot of those improvements ,there are up front wonderful is yep all across the frontage um in fact one of our prior um one of our prior uh landscape architects did something for jones honda some time ago just to the west here and in fact at that point they were waived for doing any street trees any a lot of those improvements 
qwen3.5-9b-q8,"Planning Commission Meeting - September 17, 2025 [sM9P2_ZC46M]",chunk_shifted,133,135,1,0,9281.52,SPEAKER_21,SPEAKER_21,has anything new to add that hasn't been covered already okay i'll take it your word sir dean,has anything new to add that hasn't been covered already okay i'll take it your word sir dean
qwen3.5-9b-q8,"Planning Commission Meeting - September 17, 2025 [sM9P2_ZC46M]",chunk_shifted,162,164,1,0,11076.7,SPEAKER_09,SPEAKER_09,which will require a new application or not no okay i appreciate that thank you it was just hard for me to hear everything okay moving forward mr chairman okay number four the subdivision and land development a 523 woodward avenue preliminary final land development conditional approval,which will require a new application or not no okay i appreciate that thank you it was just hard for me to hear everything okay moving forward mr chairman okay number four the subdivision and land development a 523 woodward avenue preliminary final land development conditional approval
qwen3.5-9b-q8,"Planning Commission Meeting - September 17, 2025 [sM9P2_ZC46M]",chunk_shifted,163,165,1,0,11111.18,SPEAKER_19,SPEAKER_19,"i just also would like to interject here that this is a former rackel property the the property contract with Rackel just expired. And so the city is taking this property over again, and they're going to go through the process of condemnation and eminent domain for this property. However, your job a","i just also would like to interject here that this is a former rackel property the the property contract with Rackel just expired. And so the city is taking this property over again, and they're going to go through the process of condemnation and eminent domain for this property. However, your job a"
qwen3.5-9b-q8,"Planning Commission Meeting - September 17, 2025 [sM9P2_ZC46M]",chunk_shifted,189,191,1,0,12289.41,SPEAKER_03,SPEAKER_03,also some of the discussion we had with shade tree Commission as a business and a car business obviously it is important to them not just from a visibility standpoint but that's their sales display area of their vehicles and the shade tree Commission was very supportive of allowing us to fit the tre,also some of the discussion we had with shade tree Commission as a business and a car business obviously it is important to them not just from a visibility standpoint but that's their sales display area of their vehicles and the shade tree Commission was very supportive of allowing us to fit the tre
qwen3.5-9b-q8,"Planning Commission Meeting - September 17, 2025 [sM9P2_ZC46M]",chunk_shifted,190,192,1,0,12360.22,SPEAKER_17,SPEAKER_17,structure can't support that okay i i think i see them on the plan but there are new sidewalks,structure can't support that okay i i think i see them on the plan but there are new sidewalks
qwen3.5-9b-q8,"Planning Commission Meeting - September 17, 2025 [sM9P2_ZC46M]",chunk_shifted,191,193,1,0,12370.3,SPEAKER_03,SPEAKER_03,there are up front wonderful is yep all across the frontage um in fact one of our prior um one of our prior uh landscape architects did something for jones honda some time ago just to the west here and in fact at that point they were waived for doing any street trees any a lot of those improvements ,there are up front wonderful is yep all across the frontage um in fact one of our prior um one of our prior uh landscape architects did something for jones honda some time ago just to the west here and in fact at that point they were waived for doing any street trees any a lot of those improvements 
deepseek-r1-7b,"Planning Commission Meeting - September 3, 2025 [5PuBv9zFX3I]",chunk_identical,102,99,1,0,4747.05,SPEAKER_12,SPEAKER_12,you're not gonna find which is also why it's really important just to have,you're not gonna find which is also why it's really important just to have
gemma-4-4b,"Planning Commission Meeting - September 3, 2025 [5PuBv9zFX3I]",text_differs,62,60,0,1,2749.96,SPEAKER_02,SPEAKER_02,I mean as I recall when we were talking about setting up public hearing really wasn't done with the intention that we would actually impact or change the zoning decision I recall it really being that we just needed to learn more about how the decision was made so I don't think there was any disillus,I mean as I recall when we were talking about setting up public hearing really wasn't done with the intention that we would actually impact or change the zoning decision I recall it really being that we just needed to learn more about how the decision was made so I don't think there was any disillus
gemma-4-4b,"Planning Commission Meeting - September 3, 2025 [5PuBv9zFX3I]",chunk_shifted,68,66,1,0,3260.53,SPEAKER_02,SPEAKER_02,i mean i think it needs to be something that we continue just again just just to be able to provide information to the public about what the city is doing i mean i think as uh lauren and as staff has already uh shared there there are irons in the fire um that the city is has responded to public inpu,i mean i think it needs to be something that we continue just again just just to be able to provide information to the public about what the city is doing i mean i think as uh lauren and as staff has already uh shared there there are irons in the fire um that the city is has responded to public inpu
gemma-4-4b,"Planning Commission Meeting - September 3, 2025 [5PuBv9zFX3I]",chunk_shifted,70,68,0,1,3391.8,SPEAKER_05,SPEAKER_05,forward in light of transparency are we able to put this schedule that's on the bullet on the faq page just so it's easily accessible by the public to be able to see when these milestones are being met and to know when um key participation opportunities will present themselves what does it mean you ,forward in light of transparency are we able to put this schedule that's on the bullet on the faq page just so it's easily accessible by the public to be able to see when these milestones are being met and to know when um key participation opportunities will present themselves what does it mean you 
gemma-4-4b,"Planning Commission Meeting - September 3, 2025 [5PuBv9zFX3I]",chunk_shifted,86,83,0,1,4075.6,SPEAKER_13,SPEAKER_13,can this memo be made public or is that not do we have a motion on the floor okay mr chair i would,can this memo be made public or is that not do we have a motion on the floor okay mr chair i would
gemma-4-4b,"Planning Commission Meeting - September 3, 2025 [5PuBv9zFX3I]",chunk_identical,88,85,0,1,4131.46,SPEAKER_02,SPEAKER_02,very briefly just to clarify I think some of my earlier comments and questions that my only purpose really to suggest some of the things we talked about was really in the interest of public education I certainly did not want to give the impression that was in any way trying to undermine the credibil,very briefly just to clarify I think some of my earlier comments and questions that my only purpose really to suggest some of the things we talked about was really in the interest of public education I certainly did not want to give the impression that was in any way trying to undermine the credibil
ministral-8b,"Planning Commission Meeting - September 3, 2025 [5PuBv9zFX3I]",chunk_shifted,56,54,0,1,2631.51,SPEAKER_13,SPEAKER_13,opportunity to attend the hearings at city council for other places correct yes and it's also going,opportunity to attend the hearings at city council for other places correct yes and it's also going
phi-4,"Planning Commission Meeting - September 3, 2025 [5PuBv9zFX3I]",chunk_shifted,50,48,1,0,2423.43,SPEAKER_05,SPEAKER_05,and if i'm understanding the conditional approval would that give them approval to then finalize their plans and go into development,and if i'm understanding the conditional approval would that give them approval to then finalize their plans and go into development
phi-4,"Planning Commission Meeting - September 3, 2025 [5PuBv9zFX3I]",chunk_shifted,54,52,0,1,2542.9,SPEAKER_11,SPEAKER_11,a public hearing a data center pretty much the same so um today uh we received a memo from chris,a public hearing a data center pretty much the same so um today uh we received a memo from chris
phi-4,"Planning Commission Meeting - September 3, 2025 [5PuBv9zFX3I]",text_differs,63,61,1,0,2850.64,SPEAKER_07,SPEAKER_07,we would also have a lot more information ourselves because again as Betsy noted it the the person who's appealing the decision that was made by the zoning officer that's happening September 22nd so that will have happened at that point and um there will have been also opportunities through city cou,additional October 15th meeting which would be a regular meeting at that point we would also have a lot more information ourselves because again as Betsy noted it the the person who's appealing the decision that was made by the zoning officer that's happening September 22nd so that will have happene
phi-4,"Planning Commission Meeting - September 3, 2025 [5PuBv9zFX3I]",chunk_shifted,64,62,1,0,2955.75,SPEAKER_12,SPEAKER_12,that's something yeah i just wanted to uh kind of support uh what um porter was saying you know i think the idea was to get information about how this decision was made i think it's disappointing to me that the administration has chosen not uh to engage with that us on that i agree you know with thi,that's something yeah i just wanted to uh kind of support uh what um porter was saying you know i think the idea was to get information about how this decision was made i think it's disappointing to me that the administration has chosen not uh to engage with that us on that i agree you know with thi
phi-4,"Planning Commission Meeting - September 3, 2025 [5PuBv9zFX3I]",chunk_shifted,68,66,1,0,3260.53,SPEAKER_02,SPEAKER_02,i mean i think it needs to be something that we continue just again just just to be able to provide information to the public about what the city is doing i mean i think as uh lauren and as staff has already uh shared there there are irons in the fire um that the city is has responded to public inpu,i mean i think it needs to be something that we continue just again just just to be able to provide information to the public about what the city is doing i mean i think as uh lauren and as staff has already uh shared there there are irons in the fire um that the city is has responded to public inpu
phi-4,"Planning Commission Meeting - September 3, 2025 [5PuBv9zFX3I]",chunk_shifted,70,68,1,0,3391.8,SPEAKER_05,SPEAKER_05,forward in light of transparency are we able to put this schedule that's on the bullet on the faq page just so it's easily accessible by the public to be able to see when these milestones are being met and to know when um key participation opportunities will present themselves what does it mean you ,forward in light of transparency are we able to put this schedule that's on the bullet on the faq page just so it's easily accessible by the public to be able to see when these milestones are being met and to know when um key participation opportunities will present themselves what does it mean you 
phi-4,"Planning Commission Meeting - September 3, 2025 [5PuBv9zFX3I]",chunk_shifted,80,78,0,1,3784.5,SPEAKER_07,SPEAKER_07,there's no stack of papers i mean again and i don't and i don't mean to simplify but this was a decision that was made by a person in their job in their official capacity this is what his profession is as a zoning officer yes there were alternatives absolutely so he could have chosen to use this at ,there's no stack of papers i mean again and i don't and i don't mean to simplify but this was a decision that was made by a person in their job in their official capacity this is what his profession is as a zoning officer yes there were alternatives absolutely so he could have chosen to use this at 
phi-4,"Planning Commission Meeting - September 3, 2025 [5PuBv9zFX3I]",chunk_shifted,81,79,0,1,3865.31,SPEAKER_05,SPEAKER_05,the chain of evidence so i think whether we like it or not there is an interpretation factor to any rule of law so clearly that you know we all may not like the decision that occurred with this data center but i think what we should stop at this point i don't believe there's anything we can do to it,the chain of evidence so i think whether we like it or not there is an interpretation factor to any rule of law so clearly that you know we all may not like the decision that occurred with this data center but i think what we should stop at this point i don't believe there's anything we can do to it
phi-4,"Planning Commission Meeting - September 3, 2025 [5PuBv9zFX3I]",chunk_shifted,82,80,0,1,3958.32,SPEAKER_00,SPEAKER_00,really need to place our energy and our effort okay mr chair would it be appropriate to make a motion to cancel the public hearing portion of the october 1st meeting because right now it is scheduled and i think with all that would have to take place between now and that meeting we should probably j,really need to place our energy and our effort okay mr chair would it be appropriate to make a motion to cancel the public hearing portion of the october 1st meeting because right now it is scheduled and i think with all that would have to take place between now and that meeting we should probably j
phi-4,"Planning Commission Meeting - September 3, 2025 [5PuBv9zFX3I]",chunk_shifted,83,81,0,1,3992.67,SPEAKER_05,SPEAKER_05,reporter and all of this are we able to add um an exception to that that the dates with it that are noted within this memo will be clearly communicated to the public so their opportunity to participate is easy enough for everybody to understand like i want everybody who was here two weeks ago to kno,reporter and all of this are we able to add um an exception to that that the dates with it that are noted within this memo will be clearly communicated to the public so their opportunity to participate is easy enough for everybody to understand like i want everybody who was here two weeks ago to kno
phi-4,"Planning Commission Meeting - September 3, 2025 [5PuBv9zFX3I]",chunk_shifted,86,83,0,1,4075.6,SPEAKER_13,SPEAKER_13,can this memo be made public or is that not do we have a motion on the floor okay mr chair i would,can this memo be made public or is that not do we have a motion on the floor okay mr chair i would
phi-4,"Planning Commission Meeting - September 3, 2025 [5PuBv9zFX3I]",chunk_identical,95,92,0,1,4438.85,SPEAKER_05,SPEAKER_05,is there a goal that the city has in order to get some of this um you know work underway from,is there a goal that the city has in order to get some of this um you know work underway from
qwen3.5-9b-q6,"Planning Commission Meeting - September 3, 2025 [5PuBv9zFX3I]",chunk_identical,18,18,0,1,1593.08,SPEAKER_05,SPEAKER_05,those were the requirements that we're asking where we thought and again this city satisfied,those were the requirements that we're asking where we thought and again this city satisfied
qwen3.5-9b-q6,"Planning Commission Meeting - September 3, 2025 [5PuBv9zFX3I]",chunk_identical,19,19,0,1,1599.42,SPEAKER_07,SPEAKER_07,with where this is proceeding yes again um the they were at the shade i will i will speak for terry and say that they actually went to the shade tree commission twice and so they went through once and then they had to go back so um they have they've done their their best to really um to try to meet ,with where this is proceeding yes again um the they were at the shade i will i will speak for terry and say that they actually went to the shade tree commission twice and so they went through once and then they had to go back so um they have they've done their their best to really um to try to meet 
qwen3.5-9b-q6,"Planning Commission Meeting - September 3, 2025 [5PuBv9zFX3I]",chunk_identical,20,20,0,1,1630.14,SPEAKER_05,SPEAKER_05,the required trees on the actual property or are there we do have a fee,the required trees on the actual property or are there we do have a fee
qwen3.5-9b-q6,"Planning Commission Meeting - September 3, 2025 [5PuBv9zFX3I]",text_differs,63,61,1,0,2850.64,SPEAKER_07,SPEAKER_07,we would also have a lot more information ourselves because again as Betsy noted it the the person who's appealing the decision that was made by the zoning officer that's happening September 22nd so that will have happened at that point and um there will have been also opportunities through city cou,additional October 15th meeting which would be a regular meeting at that point we would also have a lot more information ourselves because again as Betsy noted it the the person who's appealing the decision that was made by the zoning officer that's happening September 22nd so that will have happene
qwen3.5-9b-q6,"Planning Commission Meeting - September 3, 2025 [5PuBv9zFX3I]",chunk_shifted,64,62,1,0,2955.75,SPEAKER_12,SPEAKER_12,that's something yeah i just wanted to uh kind of support uh what um porter was saying you know i think the idea was to get information about how this decision was made i think it's disappointing to me that the administration has chosen not uh to engage with that us on that i agree you know with thi,that's something yeah i just wanted to uh kind of support uh what um porter was saying you know i think the idea was to get information about how this decision was made i think it's disappointing to me that the administration has chosen not uh to engage with that us on that i agree you know with thi
qwen3.5-9b-q6,"Planning Commission Meeting - September 3, 2025 [5PuBv9zFX3I]",chunk_shifted,68,66,1,0,3260.53,SPEAKER_02,SPEAKER_02,i mean i think it needs to be something that we continue just again just just to be able to provide information to the public about what the city is doing i mean i think as uh lauren and as staff has already uh shared there there are irons in the fire um that the city is has responded to public inpu,i mean i think it needs to be something that we continue just again just just to be able to provide information to the public about what the city is doing i mean i think as uh lauren and as staff has already uh shared there there are irons in the fire um that the city is has responded to public inpu
qwen3.5-9b-q6,"Planning Commission Meeting - September 3, 2025 [5PuBv9zFX3I]",chunk_shifted,70,68,1,0,3391.8,SPEAKER_05,SPEAKER_05,forward in light of transparency are we able to put this schedule that's on the bullet on the faq page just so it's easily accessible by the public to be able to see when these milestones are being met and to know when um key participation opportunities will present themselves what does it mean you ,forward in light of transparency are we able to put this schedule that's on the bullet on the faq page just so it's easily accessible by the public to be able to see when these milestones are being met and to know when um key participation opportunities will present themselves what does it mean you 
qwen3.5-9b-q6,"Planning Commission Meeting - September 3, 2025 [5PuBv9zFX3I]",chunk_identical,93,90,0,1,4266.95,SPEAKER_08,SPEAKER_08,what you said ms sufert about you know essentially community cooperation what we can do with more foresight um i there's two points to make and what i have to say i agree with you but i think the thing holding us back the most and i've said this for more than a year now is our lack of updates to the,what you said ms sufert about you know essentially community cooperation what we can do with more foresight um i there's two points to make and what i have to say i agree with you but i think the thing holding us back the most and i've said this for more than a year now is our lack of updates to the
qwen3.5-9b-q6,"Planning Commission Meeting - September 3, 2025 [5PuBv9zFX3I]",chunk_identical,94,91,0,1,4378.31,SPEAKER_12,SPEAKER_12,understand the background information to that decision i want to echo commissioner dastra and maybe request like can we just have a standing agenda item where it's an update on where we're at with updating the zoning code because i feel like we go kind of months without hearing and i think it's real,understand the background information to that decision i want to echo commissioner dastra and maybe request like can we just have a standing agenda item where it's an update on where we're at with updating the zoning code because i feel like we go kind of months without hearing and i think it's real
qwen3.5-9b-q6,"Planning Commission Meeting - September 3, 2025 [5PuBv9zFX3I]",chunk_identical,95,92,0,1,4438.85,SPEAKER_05,SPEAKER_05,is there a goal that the city has in order to get some of this um you know work underway from,is there a goal that the city has in order to get some of this um you know work underway from
qwen3.5-9b-q6,"Planning Commission Meeting - September 3, 2025 [5PuBv9zFX3I]",chunk_identical,103,100,1,0,4753.34,SPEAKER_06,SPEAKER_06,information any public comment Taylor Taylor Taylor yep so that memo that you received I while we were sitting here I was trying to look online to see if it was made public made available to the public and I can't find it so where would I be able to see that or is it not actually available to the pu,information any public comment Taylor Taylor Taylor yep so that memo that you received I while we were sitting here I was trying to look online to see if it was made public made available to the public and I can't find it so where would I be able to see that or is it not actually available to the pu
qwen3.5-9b-q6,"Planning Commission Meeting - September 3, 2025 [5PuBv9zFX3I]",chunk_identical,104,101,1,0,4794.02,SPEAKER_13,SPEAKER_13,on it it's not been made public yet we received it this evening any other,on it it's not been made public yet we received it this evening any other
qwen3.5-9b-q8,"Planning Commission Meeting - September 3, 2025 [5PuBv9zFX3I]",text_differs,63,61,1,0,2850.64,SPEAKER_07,SPEAKER_07,we would also have a lot more information ourselves because again as Betsy noted it the the person who's appealing the decision that was made by the zoning officer that's happening September 22nd so that will have happened at that point and um there will have been also opportunities through city cou,additional October 15th meeting which would be a regular meeting at that point we would also have a lot more information ourselves because again as Betsy noted it the the person who's appealing the decision that was made by the zoning officer that's happening September 22nd so that will have happene
qwen3.5-9b-q8,"Planning Commission Meeting - September 3, 2025 [5PuBv9zFX3I]",chunk_shifted,64,62,1,0,2955.75,SPEAKER_12,SPEAKER_12,that's something yeah i just wanted to uh kind of support uh what um porter was saying you know i think the idea was to get information about how this decision was made i think it's disappointing to me that the administration has chosen not uh to engage with that us on that i agree you know with thi,that's something yeah i just wanted to uh kind of support uh what um porter was saying you know i think the idea was to get information about how this decision was made i think it's disappointing to me that the administration has chosen not uh to engage with that us on that i agree you know with thi
qwen3.5-9b-q8,"Planning Commission Meeting - September 3, 2025 [5PuBv9zFX3I]",chunk_shifted,66,64,0,1,3098.26,SPEAKER_08,SPEAKER_08,stolzbus and mr stevens over here um i'm open to the idea of not having a public hearing if we're not going to get the participation of the administration which i also think is a disappointment uh disservice to the residents of the city of lancaster who want transparency i feel like what we were doi,stolzbus and mr stevens over here um i'm open to the idea of not having a public hearing if we're not going to get the participation of the administration which i also think is a disappointment uh disservice to the residents of the city of lancaster who want transparency i feel like what we were doi
qwen3.5-9b-q8,"Planning Commission Meeting - September 3, 2025 [5PuBv9zFX3I]",chunk_shifted,67,65,0,1,3230.02,SPEAKER_13,SPEAKER_13,as well um agreed i don't think we need a public hearing but and especially because i think the public may be confused about our role but i do think we should keep it as an agenda item possibly on that october first meeting for having it um still just to allow for it to be part of the conversation a,as well um agreed i don't think we need a public hearing but and especially because i think the public may be confused about our role but i do think we should keep it as an agenda item possibly on that october first meeting for having it um still just to allow for it to be part of the conversation a
qwen3.5-9b-q8,"Planning Commission Meeting - September 3, 2025 [5PuBv9zFX3I]",chunk_shifted,70,68,1,0,3391.8,SPEAKER_05,SPEAKER_05,forward in light of transparency are we able to put this schedule that's on the bullet on the faq page just so it's easily accessible by the public to be able to see when these milestones are being met and to know when um key participation opportunities will present themselves what does it mean you ,forward in light of transparency are we able to put this schedule that's on the bullet on the faq page just so it's easily accessible by the public to be able to see when these milestones are being met and to know when um key participation opportunities will present themselves what does it mean you 
deepseek-r1-7b,"Traffic Commission March 11, 2025 [r8TO3Zdd1uI]",chunk_shifted,99,99,1,0,2473.86,SPEAKER_09,SPEAKER_09,The clarification was that the loading zone would be put back behind the handicap zone.,The clarification was that the loading zone would be put back behind the handicap zone.
deepseek-r1-7b,"Traffic Commission March 11, 2025 [r8TO3Zdd1uI]",chunk_shifted,103,101,1,0,2498.14,SPEAKER_02,SPEAKER_02,"And I just want to clarify, the loading zone was in front of MADCAP, not a building character.","And I just want to clarify, the loading zone was in front of MADCAP, not a building character."
deepseek-r1-7b,"Traffic Commission March 11, 2025 [r8TO3Zdd1uI]",chunk_shifted,116,116,1,0,2623.98,SPEAKER_04,SPEAKER_04,So would you be okay with it being denied?,So would you be okay with it being denied?
deepseek-r1-7b,"Traffic Commission March 11, 2025 [r8TO3Zdd1uI]",chunk_shifted,167,166,1,0,3536.55,SPEAKER_02,SPEAKER_02,confirmation of jurisdiction so motion made is there a second any further,confirmation of jurisdiction so motion made is there a second any further
deepseek-r1-7b,"Traffic Commission March 11, 2025 [r8TO3Zdd1uI]",chunk_shifted,171,170,0,1,3696.03,SPEAKER_03,SPEAKER_03,So enforcement is only permitted based on the ordinance after 10 p.m.,So enforcement is only permitted based on the ordinance after 10 p.m.
deepseek-r1-7b,"Traffic Commission March 11, 2025 [r8TO3Zdd1uI]",chunk_shifted,181,180,1,0,3940.68,SPEAKER_10,SPEAKER_10,that there is a certain weight and size that they're not supposed to be part of it so the,that there is a certain weight and size that they're not supposed to be part of it so the
deepseek-r1-7b,"Traffic Commission March 11, 2025 [r8TO3Zdd1uI]",chunk_shifted,183,182,1,0,3977.29,SPEAKER_10,SPEAKER_10,and we'll see if there's anything else additional we can do to make changes,and we'll see if there's anything else additional we can do to make changes
deepseek-r1-7b,"Traffic Commission March 11, 2025 [r8TO3Zdd1uI]",chunk_shifted,192,191,0,1,4166.6,SPEAKER_04,SPEAKER_04,this is being addressed administratively as well no action is necessary so that completes our new business action agenda the next is the consent agenda and traditionally what we've done is look at each of these items and there's one item 13-2025 science having been tentatively approved or installed ,this is being addressed administratively as well no action is necessary so that completes our new business action agenda the next is the consent agenda and traditionally what we've done is look at each of these items and there's one item 13-2025 science having been tentatively approved or installed 
gemma-4-4b,"Traffic Commission March 11, 2025 [r8TO3Zdd1uI]",chunk_shifted,112,110,1,0,2586.96,SPEAKER_09,SPEAKER_09,"The more action is down this way because they can hit the Belvedere, they can hit the store across the street, they can hit all the antiques, and they can hit the gallery, and they change over. They can hit the pop-up shop, and they change constantly.","The more action is down this way because they can hit the Belvedere, they can hit the store across the street, they can hit all the antiques, and they can hit the gallery, and they change over. They can hit the pop-up shop, and they change constantly."
gemma-4-4b,"Traffic Commission March 11, 2025 [r8TO3Zdd1uI]",chunk_shifted,113,111,0,1,2605.4,SPEAKER_05,SPEAKER_05,So would you rather not have a load zone and have one further south?,So would you rather not have a load zone and have one further south?
gemma-4-4b,"Traffic Commission March 11, 2025 [r8TO3Zdd1uI]",chunk_shifted,135,134,1,0,2907.39,SPEAKER_02,SPEAKER_02,"answer that question here but why why is neither block from this block there's no setbacks. So on North Queen Street. So you're parking within 20 feet of a crosswalk based on the vehicle code. But that's not true because on Chesson Street, there's no setback. Well, it's not, it's not marked everywhe","answer that question here but why why is neither block from this block there's no setbacks. So on North Queen Street. So you're parking within 20 feet of a crosswalk based on the vehicle code. But that's not true because on Chesson Street, there's no setback. Well, it's not, it's not marked everywhe"
gemma-4-4b,"Traffic Commission March 11, 2025 [r8TO3Zdd1uI]",chunk_shifted,148,147,0,1,3090.97,SPEAKER_04,SPEAKER_04,"and she you know her customers like $3,000 a day I mean if you see it's all","and she you know her customers like $3,000 a day I mean if you see it's all"
gemma-4-4b,"Traffic Commission March 11, 2025 [r8TO3Zdd1uI]",chunk_shifted,150,149,1,0,3104.71,SPEAKER_03,SPEAKER_03,zone I mean have people sleeping on the ground okay okay okay thank you very,zone I mean have people sleeping on the ground okay okay okay thank you very
gemma-4-4b,"Traffic Commission March 11, 2025 [r8TO3Zdd1uI]",chunk_shifted,154,153,0,1,3198.55,SPEAKER_00,SPEAKER_00,yes good afternoon have you received the packet of information that i gave to mindy gable yes,yes good afternoon have you received the packet of information that i gave to mindy gable yes
gemma-4-4b,"Traffic Commission March 11, 2025 [r8TO3Zdd1uI]",chunk_shifted,156,155,1,0,3227.35,SPEAKER_00,SPEAKER_00,public right of way well actually it is and that's what i'm trying to to do with that is show that it is a public street and it has gone back and forth over 50 years that i've been involved with it that is private or public and i i don't understand what the city's problem is with it if it's not if i,public right of way well actually it is and that's what i'm trying to to do with that is show that it is a public street and it has gone back and forth over 50 years that i've been involved with it that is private or public and i i don't understand what the city's problem is with it if it's not if i
gemma-4-4b,"Traffic Commission March 11, 2025 [r8TO3Zdd1uI]",chunk_shifted,158,157,0,1,3290.3,SPEAKER_00,SPEAKER_00,"the city has threatened has threatened to take us to court and i said fine take us to court because because I know we'll win, because it has to be a city street, because it's the Hamilton lots. If it's not a city street, then streets such as Christian, Cherry, Mifflin, those cannot be city streets t","the city has threatened has threatened to take us to court and i said fine take us to court because because I know we'll win, because it has to be a city street, because it's the Hamilton lots. If it's not a city street, then streets such as Christian, Cherry, Mifflin, those cannot be city streets t"
gemma-4-4b,"Traffic Commission March 11, 2025 [r8TO3Zdd1uI]",chunk_shifted,162,161,1,0,3414.86,SPEAKER_00,SPEAKER_00,did the city patch some of the potholes it may have been a mistake no they've always they've,did the city patch some of the potholes it may have been a mistake no they've always they've
gemma-4-4b,"Traffic Commission March 11, 2025 [r8TO3Zdd1uI]",chunk_shifted,173,172,1,0,3702.03,SPEAKER_03,SPEAKER_03,"So during the daytime, as you see the pictures here, the tow trucks are parked. They're legally parked. So like I said, they do not fall under the commercial vehicle designation. designation. So you could post the, you know, no commercial vehicle signs just as they're posted in 11 o'clock, but it wo","So during the daytime, as you see the pictures here, the tow trucks are parked. They're legally parked. So like I said, they do not fall under the commercial vehicle designation. designation. So you could post the, you know, no commercial vehicle signs just as they're posted in 11 o'clock, but it wo"
gemma-4-4b,"Traffic Commission March 11, 2025 [r8TO3Zdd1uI]",chunk_shifted,179,178,1,0,3910.33,SPEAKER_10,SPEAKER_10,enforcement well if they have a park there when the majority of the community that comes home from work and they do have to move it in order for them to have the space there to park so I would say they'd have to move it out of the,enforcement well if they have a park there when the majority of the community that comes home from work and they do have to move it in order for them to have the space there to park so I would say they'd have to move it out of the
gemma-4-4b,"Traffic Commission March 11, 2025 [r8TO3Zdd1uI]",chunk_shifted,182,181,0,1,3946.36,SPEAKER_03,SPEAKER_03,oversize again the way the organs is written the overweight and oversized it is about the weight it's not the overall dimension of the vehicle it's so it's the weight of the vehicle these vehicles are not blocking any sight lines or near a stop sign or anything like that causing a hazard or preventi,oversize again the way the organs is written the overweight and oversized it is about the weight it's not the overall dimension of the vehicle it's so it's the weight of the vehicle these vehicles are not blocking any sight lines or near a stop sign or anything like that causing a hazard or preventi
gemma-4-4b,"Traffic Commission March 11, 2025 [r8TO3Zdd1uI]",chunk_shifted,187,186,1,0,4038.02,SPEAKER_03,SPEAKER_03,"Okay. Like I said, I spoke to her in January of this year. And like I said, I don't have the dates on when we issued tickets, but we did issue tickets on all of our tow trucks, which the vehicle owner called me, upset about it, obviously, responded to the station, spoke to the desk sergeant. uh, sor","Okay. Like I said, I spoke to her in January of this year. And like I said, I don't have the dates on when we issued tickets, but we did issue tickets on all of our tow trucks, which the vehicle owner called me, upset about it, obviously, responded to the station, spoke to the desk sergeant. uh, sor"
ministral-8b,"Traffic Commission March 11, 2025 [r8TO3Zdd1uI]",chunk_shifted,105,103,1,0,2505.18,SPEAKER_06,SPEAKER_06,I think Marty was paying for that loading zone that's a whole nother,I think Marty was paying for that loading zone that's a whole nother
ministral-8b,"Traffic Commission March 11, 2025 [r8TO3Zdd1uI]",chunk_shifted,112,110,1,0,2586.96,SPEAKER_09,SPEAKER_09,"The more action is down this way because they can hit the Belvedere, they can hit the store across the street, they can hit all the antiques, and they can hit the gallery, and they change over. They can hit the pop-up shop, and they change constantly.","The more action is down this way because they can hit the Belvedere, they can hit the store across the street, they can hit all the antiques, and they can hit the gallery, and they change over. They can hit the pop-up shop, and they change constantly."
ministral-8b,"Traffic Commission March 11, 2025 [r8TO3Zdd1uI]",chunk_shifted,113,111,0,1,2605.4,SPEAKER_05,SPEAKER_05,So would you rather not have a load zone and have one further south?,So would you rather not have a load zone and have one further south?
ministral-8b,"Traffic Commission March 11, 2025 [r8TO3Zdd1uI]",chunk_shifted,134,133,0,1,2860.48,SPEAKER_09,SPEAKER_09,between the traffic commission and the individual there's no emails going back and forth there's no you can't get anybody to talk to you the alder I could never I got Ben accidentally he picked the phone up accidentally to call out and I was on the line I had to tell him that his his mailbox was ful,between the traffic commission and the individual there's no emails going back and forth there's no you can't get anybody to talk to you the alder I could never I got Ben accidentally he picked the phone up accidentally to call out and I was on the line I had to tell him that his his mailbox was ful
ministral-8b,"Traffic Commission March 11, 2025 [r8TO3Zdd1uI]",chunk_shifted,135,134,0,1,2907.39,SPEAKER_02,SPEAKER_02,"answer that question here but why why is neither block from this block there's no setbacks. So on North Queen Street. So you're parking within 20 feet of a crosswalk based on the vehicle code. But that's not true because on Chesson Street, there's no setback. Well, it's not, it's not marked everywhe","answer that question here but why why is neither block from this block there's no setbacks. So on North Queen Street. So you're parking within 20 feet of a crosswalk based on the vehicle code. But that's not true because on Chesson Street, there's no setback. Well, it's not, it's not marked everywhe"
ministral-8b,"Traffic Commission March 11, 2025 [r8TO3Zdd1uI]",chunk_shifted,154,153,1,0,3198.55,SPEAKER_00,SPEAKER_00,yes good afternoon have you received the packet of information that i gave to mindy gable yes,yes good afternoon have you received the packet of information that i gave to mindy gable yes
ministral-8b,"Traffic Commission March 11, 2025 [r8TO3Zdd1uI]",chunk_shifted,160,159,1,0,3366.88,SPEAKER_00,SPEAKER_00,that adjudicates that type of a case well okay when i was talking with the city's council for this uh neil albert we agreed that it was they agreed it was a city street their only contention was the width of the street the city at that point in time that was their only contention,that adjudicates that type of a case well okay when i was talking with the city's council for this uh neil albert we agreed that it was they agreed it was a city street their only contention was the width of the street the city at that point in time that was their only contention
ministral-8b,"Traffic Commission March 11, 2025 [r8TO3Zdd1uI]",chunk_shifted,162,161,1,0,3414.86,SPEAKER_00,SPEAKER_00,did the city patch some of the potholes it may have been a mistake no they've always they've,did the city patch some of the potholes it may have been a mistake no they've always they've
ministral-8b,"Traffic Commission March 11, 2025 [r8TO3Zdd1uI]",chunk_shifted,173,172,0,1,3702.03,SPEAKER_03,SPEAKER_03,"So during the daytime, as you see the pictures here, the tow trucks are parked. They're legally parked. So like I said, they do not fall under the commercial vehicle designation. designation. So you could post the, you know, no commercial vehicle signs just as they're posted in 11 o'clock, but it wo","So during the daytime, as you see the pictures here, the tow trucks are parked. They're legally parked. So like I said, they do not fall under the commercial vehicle designation. designation. So you could post the, you know, no commercial vehicle signs just as they're posted in 11 o'clock, but it wo"
ministral-8b,"Traffic Commission March 11, 2025 [r8TO3Zdd1uI]",chunk_shifted,182,181,0,1,3946.36,SPEAKER_03,SPEAKER_03,oversize again the way the organs is written the overweight and oversized it is about the weight it's not the overall dimension of the vehicle it's so it's the weight of the vehicle these vehicles are not blocking any sight lines or near a stop sign or anything like that causing a hazard or preventi,oversize again the way the organs is written the overweight and oversized it is about the weight it's not the overall dimension of the vehicle it's so it's the weight of the vehicle these vehicles are not blocking any sight lines or near a stop sign or anything like that causing a hazard or preventi
ministral-8b,"Traffic Commission March 11, 2025 [r8TO3Zdd1uI]",chunk_shifted,183,182,1,0,3977.29,SPEAKER_10,SPEAKER_10,and we'll see if there's anything else additional we can do to make changes,and we'll see if there's anything else additional we can do to make changes
ministral-8b,"Traffic Commission March 11, 2025 [r8TO3Zdd1uI]",chunk_shifted,184,183,0,1,3980.81,SPEAKER_04,SPEAKER_04,"I think part of it may be having clarity in the immediate neighborhood of what to do and when these vehicles are allowed and when they're not allowed, so that one gets into the right rhythm, but also enforcing the trucks not being there when they're not supposed to be there, so that there's greater ","I think part of it may be having clarity in the immediate neighborhood of what to do and when these vehicles are allowed and when they're not allowed, so that one gets into the right rhythm, but also enforcing the trucks not being there when they're not supposed to be there, so that there's greater "
ministral-8b,"Traffic Commission March 11, 2025 [r8TO3Zdd1uI]",chunk_shifted,189,188,1,0,4092.36,SPEAKER_03,SPEAKER_03,"She was aware because I know then there was the call came back about one of her vehicles, which was legally parked as well. So it just became a back and forth between, you know, neighbors at that point in time. But like I said, we did our best to try to handle the situation at that point in time bas","She was aware because I know then there was the call came back about one of her vehicles, which was legally parked as well. So it just became a back and forth between, you know, neighbors at that point in time. But like I said, we did our best to try to handle the situation at that point in time bas"
ministral-8b,"Traffic Commission March 11, 2025 [r8TO3Zdd1uI]",chunk_shifted,190,189,0,1,4114.54,SPEAKER_04,SPEAKER_04,"So it would be greatly appreciated if you can follow through and see if that situation has changed. Now that the weather is changing, it may be something that needs to be repeated in order to reinforce to people that they shouldn't be parking here. Yes. When they're not allowed to be parking there, ","So it would be greatly appreciated if you can follow through and see if that situation has changed. Now that the weather is changing, it may be something that needs to be repeated in order to reinforce to people that they shouldn't be parking here. Yes. When they're not allowed to be parking there, "
phi-4,"Traffic Commission March 11, 2025 [r8TO3Zdd1uI]",chunk_shifted,112,110,1,0,2586.96,SPEAKER_09,SPEAKER_09,"The more action is down this way because they can hit the Belvedere, they can hit the store across the street, they can hit all the antiques, and they can hit the gallery, and they change over. They can hit the pop-up shop, and they change constantly.","The more action is down this way because they can hit the Belvedere, they can hit the store across the street, they can hit all the antiques, and they can hit the gallery, and they change over. They can hit the pop-up shop, and they change constantly."
phi-4,"Traffic Commission March 11, 2025 [r8TO3Zdd1uI]",chunk_shifted,113,111,0,1,2605.4,SPEAKER_05,SPEAKER_05,So would you rather not have a load zone and have one further south?,So would you rather not have a load zone and have one further south?
phi-4,"Traffic Commission March 11, 2025 [r8TO3Zdd1uI]",chunk_shifted,134,133,1,0,2860.48,SPEAKER_09,SPEAKER_09,between the traffic commission and the individual there's no emails going back and forth there's no you can't get anybody to talk to you the alder I could never I got Ben accidentally he picked the phone up accidentally to call out and I was on the line I had to tell him that his his mailbox was ful,between the traffic commission and the individual there's no emails going back and forth there's no you can't get anybody to talk to you the alder I could never I got Ben accidentally he picked the phone up accidentally to call out and I was on the line I had to tell him that his his mailbox was ful
phi-4,"Traffic Commission March 11, 2025 [r8TO3Zdd1uI]",chunk_shifted,135,134,1,0,2907.39,SPEAKER_02,SPEAKER_02,"answer that question here but why why is neither block from this block there's no setbacks. So on North Queen Street. So you're parking within 20 feet of a crosswalk based on the vehicle code. But that's not true because on Chesson Street, there's no setback. Well, it's not, it's not marked everywhe","answer that question here but why why is neither block from this block there's no setbacks. So on North Queen Street. So you're parking within 20 feet of a crosswalk based on the vehicle code. But that's not true because on Chesson Street, there's no setback. Well, it's not, it's not marked everywhe"
phi-4,"Traffic Commission March 11, 2025 [r8TO3Zdd1uI]",chunk_shifted,136,135,1,0,2962.56,SPEAKER_09,SPEAKER_09,"Street? First to get what on Queen Street? The setbacks. The pavement markings and the delineators? The pavement markings. The pavement markings and the posts? I guess the posts haven't gone in. No, on the streets. I mean, we've done it on many intersections throughout the city. I don't know of any.","Street? First to get what on Queen Street? The setbacks. The pavement markings and the delineators? The pavement markings. The pavement markings and the posts? I guess the posts haven't gone in. No, on the streets. I mean, we've done it on many intersections throughout the city. I don't know of any."
phi-4,"Traffic Commission March 11, 2025 [r8TO3Zdd1uI]",chunk_shifted,137,136,1,0,2993.05,SPEAKER_02,SPEAKER_02,"It's, you know, it's part of the vehicle code. So we try to emphasize it at certain locations by putting those paper markings down.","It's, you know, it's part of the vehicle code. So we try to emphasize it at certain locations by putting those paper markings down."
phi-4,"Traffic Commission March 11, 2025 [r8TO3Zdd1uI]",chunk_shifted,144,143,1,0,3057.56,SPEAKER_04,SPEAKER_04,You had said that there were loading zones where there were no businesses.,You had said that there were loading zones where there were no businesses.
phi-4,"Traffic Commission March 11, 2025 [r8TO3Zdd1uI]",chunk_shifted,146,145,1,0,3065.91,SPEAKER_03,SPEAKER_03,"Okay, what's the set up?","Okay, what's the set up?"
phi-4,"Traffic Commission March 11, 2025 [r8TO3Zdd1uI]",chunk_shifted,150,149,0,1,3104.71,SPEAKER_03,SPEAKER_03,zone I mean have people sleeping on the ground okay okay okay thank you very,zone I mean have people sleeping on the ground okay okay okay thank you very
phi-4,"Traffic Commission March 11, 2025 [r8TO3Zdd1uI]",chunk_shifted,155,154,0,1,3208.04,SPEAKER_04,SPEAKER_04,it's extensive have you all read it i've read much of it and what i what i'm finding though is that it may be a again this may be a situation that we as a traffic commission don't have jurisdiction because it is not part of the public right of way because it's not what part of the,it's extensive have you all read it i've read much of it and what i what i'm finding though is that it may be a again this may be a situation that we as a traffic commission don't have jurisdiction because it is not part of the public right of way because it's not what part of the
phi-4,"Traffic Commission March 11, 2025 [r8TO3Zdd1uI]",chunk_shifted,160,159,0,1,3366.88,SPEAKER_00,SPEAKER_00,that adjudicates that type of a case well okay when i was talking with the city's council for this uh neil albert we agreed that it was they agreed it was a city street their only contention was the width of the street the city at that point in time that was their only contention,that adjudicates that type of a case well okay when i was talking with the city's council for this uh neil albert we agreed that it was they agreed it was a city street their only contention was the width of the street the city at that point in time that was their only contention
phi-4,"Traffic Commission March 11, 2025 [r8TO3Zdd1uI]",chunk_shifted,161,160,0,1,3390.56,SPEAKER_04,SPEAKER_04,and they have not passed that on to you or no one seems to know that i will say that it was not documented that it was a city street that was an opinion not a not set then over the summer why,and they have not passed that on to you or no one seems to know that i will say that it was not documented that it was a city street that was an opinion not a not set then over the summer why
phi-4,"Traffic Commission March 11, 2025 [r8TO3Zdd1uI]",chunk_shifted,162,161,0,1,3414.86,SPEAKER_00,SPEAKER_00,did the city patch some of the potholes it may have been a mistake no they've always they've,did the city patch some of the potholes it may have been a mistake no they've always they've
phi-4,"Traffic Commission March 11, 2025 [r8TO3Zdd1uI]",chunk_shifted,166,165,0,1,3478.52,SPEAKER_04,SPEAKER_04,i would suggest is either through your your solicitor or ours seek the remedy what how do you get it designated one way or the other if it becomes a public street then we can talk about parking and how and where parking can or cannot be restricted but if it is not public we cannot or if it is not cl,i would suggest is either through your your solicitor or ours seek the remedy what how do you get it designated one way or the other if it becomes a public street then we can talk about parking and how and where parking can or cannot be restricted but if it is not public we cannot or if it is not cl
phi-4,"Traffic Commission March 11, 2025 [r8TO3Zdd1uI]",chunk_shifted,181,180,1,0,3940.68,SPEAKER_10,SPEAKER_10,that there is a certain weight and size that they're not supposed to be part of it so the,that there is a certain weight and size that they're not supposed to be part of it so the
phi-4,"Traffic Commission March 11, 2025 [r8TO3Zdd1uI]",chunk_shifted,182,181,0,1,3946.36,SPEAKER_03,SPEAKER_03,oversize again the way the organs is written the overweight and oversized it is about the weight it's not the overall dimension of the vehicle it's so it's the weight of the vehicle these vehicles are not blocking any sight lines or near a stop sign or anything like that causing a hazard or preventi,oversize again the way the organs is written the overweight and oversized it is about the weight it's not the overall dimension of the vehicle it's so it's the weight of the vehicle these vehicles are not blocking any sight lines or near a stop sign or anything like that causing a hazard or preventi
phi-4,"Traffic Commission March 11, 2025 [r8TO3Zdd1uI]",chunk_shifted,185,184,0,1,4012.2,SPEAKER_03,SPEAKER_03,"And that information, again, was provided. I'm just curious as to how recent this complaint has kind of come to your attention, just because, like I said, we did put a decent amount of effort into resolving this problem.","And that information, again, was provided. I'm just curious as to how recent this complaint has kind of come to your attention, just because, like I said, we did put a decent amount of effort into resolving this problem."
phi-4,"Traffic Commission March 11, 2025 [r8TO3Zdd1uI]",chunk_shifted,186,185,0,1,4031.06,SPEAKER_10,SPEAKER_10,"I think she said that she had forwarded to Mr. Campbell a year ago, so this is a continual.","I think she said that she had forwarded to Mr. Campbell a year ago, so this is a continual."
phi-4,"Traffic Commission March 11, 2025 [r8TO3Zdd1uI]",chunk_shifted,191,190,0,1,4149.48,SPEAKER_10,SPEAKER_10,none of this time it's administratively addressed,none of this time it's administratively addressed
qwen3.5-9b-q6,"Traffic Commission March 11, 2025 [r8TO3Zdd1uI]",chunk_identical,14,14,0,1,873.44,SPEAKER_01,SPEAKER_01,"Yeah, there's a few complications here. There's a tree at that corner that's very close to the corner that might need some work. There's also a stormwater inlet there. Whenever we're adding ramps, we have to consider when we lower the curb also moving those inlets. So it can add up to be quite a bit","Yeah, there's a few complications here. There's a tree at that corner that's very close to the corner that might need some work. There's also a stormwater inlet there. Whenever we're adding ramps, we have to consider when we lower the curb also moving those inlets. So it can add up to be quite a bit"
qwen3.5-9b-q6,"Traffic Commission March 11, 2025 [r8TO3Zdd1uI]",chunk_identical,27,27,1,0,1214.26,SPEAKER_08,SPEAKER_08,requester is mr josh novak yes yes um good afternoon i'm josh novak i'm the general manager for the lancaster marriott and lancaster county convention center and before you as the agenda indicated is the renewal um for utilization of the parking spots uh designated parking spots there on east king s,requester is mr josh novak yes yes um good afternoon i'm josh novak i'm the general manager for the lancaster marriott and lancaster county convention center and before you as the agenda indicated is the renewal um for utilization of the parking spots uh designated parking spots there on east king s
qwen3.5-9b-q6,"Traffic Commission March 11, 2025 [r8TO3Zdd1uI]",chunk_identical,65,65,0,1,2000.69,SPEAKER_05,SPEAKER_05,request was withdrawn at the meeting and it looks like in the intro there's been a new request that was handled administratively for a handicapped parking spot which has been installed and then another request for a load zone and i see um that the recommendation from summer i believe was to deny it ,request was withdrawn at the meeting and it looks like in the intro there's been a new request that was handled administratively for a handicapped parking spot which has been installed and then another request for a load zone and i see um that the recommendation from summer i believe was to deny it 
qwen3.5-9b-q6,"Traffic Commission March 11, 2025 [r8TO3Zdd1uI]",chunk_identical,75,75,0,1,2149.95,SPEAKER_02,SPEAKER_02,safest place to get off is right onto the payment so mid-block would be closer to the guild that's,safest place to get off is right onto the payment so mid-block would be closer to the guild that's
qwen3.5-9b-q6,"Traffic Commission March 11, 2025 [r8TO3Zdd1uI]",chunk_identical,77,77,0,1,2185.98,SPEAKER_05,SPEAKER_05,for it you know it's not like I come to meetings all the time so I don't know,for it you know it's not like I come to meetings all the time so I don't know
qwen3.5-9b-q6,"Traffic Commission March 11, 2025 [r8TO3Zdd1uI]",chunk_identical,80,80,0,1,2271.21,SPEAKER_04,SPEAKER_04,Or just as an administrative clarification.,Or just as an administrative clarification.
qwen3.5-9b-q6,"Traffic Commission March 11, 2025 [r8TO3Zdd1uI]",chunk_identical,90,90,0,1,2412.44,SPEAKER_09,SPEAKER_09,i mean we've got the people got tickets there sure so had it been had a hold on just a second,i mean we've got the people got tickets there sure so had it been had a hold on just a second
qwen3.5-9b-q6,"Traffic Commission March 11, 2025 [r8TO3Zdd1uI]",chunk_identical,91,91,0,1,2419.64,SPEAKER_04,SPEAKER_04,had it been removed had that loading zone been removed or was it just now it's not enforced,had it been removed had that loading zone been removed or was it just now it's not enforced
qwen3.5-9b-q6,"Traffic Commission March 11, 2025 [r8TO3Zdd1uI]",chunk_shifted,103,101,0,1,2498.14,SPEAKER_02,SPEAKER_02,"And I just want to clarify, the loading zone was in front of MADCAP, not a building character.","And I just want to clarify, the loading zone was in front of MADCAP, not a building character."
qwen3.5-9b-q6,"Traffic Commission March 11, 2025 [r8TO3Zdd1uI]",chunk_shifted,112,110,1,0,2586.96,SPEAKER_09,SPEAKER_09,"The more action is down this way because they can hit the Belvedere, they can hit the store across the street, they can hit all the antiques, and they can hit the gallery, and they change over. They can hit the pop-up shop, and they change constantly.","The more action is down this way because they can hit the Belvedere, they can hit the store across the street, they can hit all the antiques, and they can hit the gallery, and they change over. They can hit the pop-up shop, and they change constantly."
qwen3.5-9b-q6,"Traffic Commission March 11, 2025 [r8TO3Zdd1uI]",chunk_shifted,113,111,0,1,2605.4,SPEAKER_05,SPEAKER_05,So would you rather not have a load zone and have one further south?,So would you rather not have a load zone and have one further south?
qwen3.5-9b-q6,"Traffic Commission March 11, 2025 [r8TO3Zdd1uI]",chunk_shifted,114,112,0,1,2608.4,SPEAKER_09,SPEAKER_09,I would rather bring it back to where it was for 41 years.,I would rather bring it back to where it was for 41 years.
qwen3.5-9b-q6,"Traffic Commission March 11, 2025 [r8TO3Zdd1uI]",chunk_shifted,135,134,1,0,2907.39,SPEAKER_02,SPEAKER_02,"answer that question here but why why is neither block from this block there's no setbacks. So on North Queen Street. So you're parking within 20 feet of a crosswalk based on the vehicle code. But that's not true because on Chesson Street, there's no setback. Well, it's not, it's not marked everywhe","answer that question here but why why is neither block from this block there's no setbacks. So on North Queen Street. So you're parking within 20 feet of a crosswalk based on the vehicle code. But that's not true because on Chesson Street, there's no setback. Well, it's not, it's not marked everywhe"
qwen3.5-9b-q6,"Traffic Commission March 11, 2025 [r8TO3Zdd1uI]",chunk_shifted,136,135,1,0,2962.56,SPEAKER_09,SPEAKER_09,"Street? First to get what on Queen Street? The setbacks. The pavement markings and the delineators? The pavement markings. The pavement markings and the posts? I guess the posts haven't gone in. No, on the streets. I mean, we've done it on many intersections throughout the city. I don't know of any.","Street? First to get what on Queen Street? The setbacks. The pavement markings and the delineators? The pavement markings. The pavement markings and the posts? I guess the posts haven't gone in. No, on the streets. I mean, we've done it on many intersections throughout the city. I don't know of any."
qwen3.5-9b-q6,"Traffic Commission March 11, 2025 [r8TO3Zdd1uI]",chunk_shifted,137,136,1,0,2993.05,SPEAKER_02,SPEAKER_02,"It's, you know, it's part of the vehicle code. So we try to emphasize it at certain locations by putting those paper markings down.","It's, you know, it's part of the vehicle code. So we try to emphasize it at certain locations by putting those paper markings down."
qwen3.5-9b-q6,"Traffic Commission March 11, 2025 [r8TO3Zdd1uI]",chunk_shifted,139,138,0,1,3007.15,SPEAKER_09,SPEAKER_09,I trust your opinion. My digging in is it doesn't do anything. It takes up parking spaces. That's what it does. It sets back people. Now you have on Lemon Street you still have two loading zones on Lemon Street at two different locations with no businesses. What happens there? Does that make sense?,I trust your opinion. My digging in is it doesn't do anything. It takes up parking spaces. That's what it does. It sets back people. Now you have on Lemon Street you still have two loading zones on Lemon Street at two different locations with no businesses. What happens there? Does that make sense?
qwen3.5-9b-q6,"Traffic Commission March 11, 2025 [r8TO3Zdd1uI]",chunk_shifted,141,140,0,1,3047.68,SPEAKER_09,SPEAKER_09,The one at Smiley's Deli that's a loading zone.,The one at Smiley's Deli that's a loading zone.
qwen3.5-9b-q6,"Traffic Commission March 11, 2025 [r8TO3Zdd1uI]",chunk_shifted,144,143,1,0,3057.56,SPEAKER_04,SPEAKER_04,You had said that there were loading zones where there were no businesses.,You had said that there were loading zones where there were no businesses.
qwen3.5-9b-q6,"Traffic Commission March 11, 2025 [r8TO3Zdd1uI]",chunk_shifted,150,149,0,1,3104.71,SPEAKER_03,SPEAKER_03,zone I mean have people sleeping on the ground okay okay okay thank you very,zone I mean have people sleeping on the ground okay okay okay thank you very
qwen3.5-9b-q6,"Traffic Commission March 11, 2025 [r8TO3Zdd1uI]",chunk_shifted,154,153,0,1,3198.55,SPEAKER_00,SPEAKER_00,yes good afternoon have you received the packet of information that i gave to mindy gable yes,yes good afternoon have you received the packet of information that i gave to mindy gable yes
qwen3.5-9b-q6,"Traffic Commission March 11, 2025 [r8TO3Zdd1uI]",chunk_shifted,155,154,0,1,3208.04,SPEAKER_04,SPEAKER_04,it's extensive have you all read it i've read much of it and what i what i'm finding though is that it may be a again this may be a situation that we as a traffic commission don't have jurisdiction because it is not part of the public right of way because it's not what part of the,it's extensive have you all read it i've read much of it and what i what i'm finding though is that it may be a again this may be a situation that we as a traffic commission don't have jurisdiction because it is not part of the public right of way because it's not what part of the
qwen3.5-9b-q6,"Traffic Commission March 11, 2025 [r8TO3Zdd1uI]",chunk_shifted,157,156,0,1,3253.58,SPEAKER_04,SPEAKER_04,public no most of the streets in the city of lancaster are public but this one for a variety of reasons including some of the information that you had submitted is indicated to not public street and we would not be able to act on it until it is until or unless it is designated a public street so we',public no most of the streets in the city of lancaster are public but this one for a variety of reasons including some of the information that you had submitted is indicated to not public street and we would not be able to act on it until it is until or unless it is designated a public street so we'
qwen3.5-9b-q6,"Traffic Commission March 11, 2025 [r8TO3Zdd1uI]",chunk_shifted,159,158,0,1,3332.0,SPEAKER_04,SPEAKER_04,guess the unfortunate thing is that this one has been in contention and we as traffic commission cannot take action on it unless and until it is made clear that it is designated as a public street so i i'm not in a position to argue okay like if if there's proof that can be presented with a with a c,guess the unfortunate thing is that this one has been in contention and we as traffic commission cannot take action on it unless and until it is made clear that it is designated as a public street so i i'm not in a position to argue okay like if if there's proof that can be presented with a with a c
qwen3.5-9b-q6,"Traffic Commission March 11, 2025 [r8TO3Zdd1uI]",chunk_shifted,162,161,1,0,3414.86,SPEAKER_00,SPEAKER_00,did the city patch some of the potholes it may have been a mistake no they've always they've,did the city patch some of the potholes it may have been a mistake no they've always they've
qwen3.5-9b-q6,"Traffic Commission March 11, 2025 [r8TO3Zdd1uI]",chunk_shifted,163,162,1,0,3421.93,SPEAKER_02,SPEAKER_02,done it for years i think it's been a question of whether it's public or private and the documentation that you provided from the former mayor and public works director that it was private is what the city is going with because that's the last correspondence provided to you related to the status of ,done it for years i think it's been a question of whether it's public or private and the documentation that you provided from the former mayor and public works director that it was private is what the city is going with because that's the last correspondence provided to you related to the status of 
qwen3.5-9b-q6,"Traffic Commission March 11, 2025 [r8TO3Zdd1uI]",chunk_shifted,164,163,1,0,3450.6,SPEAKER_04,SPEAKER_04,otherwise and there are a number of those throughout the city that are either private or shared alleys,otherwise and there are a number of those throughout the city that are either private or shared alleys
qwen3.5-9b-q6,"Traffic Commission March 11, 2025 [r8TO3Zdd1uI]",chunk_shifted,175,174,0,1,3798.08,SPEAKER_10,SPEAKER_10,"but I didn't. I would have to schedule for her to come in to see because she does work, so she's not able to come around this time. But she did bring it to my attention. And the elderlies that are living on the opposite direction that the neighbor question was, they're elderly, and they had to get t","but I didn't. I would have to schedule for her to come in to see because she does work, so she's not able to come around this time. But she did bring it to my attention. And the elderlies that are living on the opposite direction that the neighbor question was, they're elderly, and they had to get t"
qwen3.5-9b-q6,"Traffic Commission March 11, 2025 [r8TO3Zdd1uI]",chunk_shifted,176,175,0,1,3832.32,SPEAKER_04,SPEAKER_04,it seems like it's more like it's an enforcement issue um which means that please correct me if this is not the appropriate strategy that in the short term since they are not illegally parked during that day when they are illegally parked one needs to call for them to be ticketed and hopefully that ,it seems like it's more like it's an enforcement issue um which means that please correct me if this is not the appropriate strategy that in the short term since they are not illegally parked during that day when they are illegally parked one needs to call for them to be ticketed and hopefully that 
qwen3.5-9b-q6,"Traffic Commission March 11, 2025 [r8TO3Zdd1uI]",chunk_shifted,177,176,0,1,3868.59,SPEAKER_03,SPEAKER_03,i would say that would be um our only course of action at this point of time uh outside of you know a new ordinance being rewritten,i would say that would be um our only course of action at this point of time uh outside of you know a new ordinance being rewritten
qwen3.5-9b-q8,"Traffic Commission March 11, 2025 [r8TO3Zdd1uI]",chunk_identical,13,13,1,0,864.44,SPEAKER_05,SPEAKER_05,You mentioned that in the future you might add another ramp and a crosswalk. Is that a future project just because it involves more cost than putting up the signs?,You mentioned that in the future you might add another ramp and a crosswalk. Is that a future project just because it involves more cost than putting up the signs?
qwen3.5-9b-q8,"Traffic Commission March 11, 2025 [r8TO3Zdd1uI]",chunk_shifted,99,99,0,1,2473.86,SPEAKER_09,SPEAKER_09,The clarification was that the loading zone would be put back behind the handicap zone.,The clarification was that the loading zone would be put back behind the handicap zone.
qwen3.5-9b-q8,"Traffic Commission March 11, 2025 [r8TO3Zdd1uI]",chunk_shifted,103,101,0,1,2498.14,SPEAKER_02,SPEAKER_02,"And I just want to clarify, the loading zone was in front of MADCAP, not a building character.","And I just want to clarify, the loading zone was in front of MADCAP, not a building character."
qwen3.5-9b-q8,"Traffic Commission March 11, 2025 [r8TO3Zdd1uI]",chunk_shifted,112,110,1,0,2586.96,SPEAKER_09,SPEAKER_09,"The more action is down this way because they can hit the Belvedere, they can hit the store across the street, they can hit all the antiques, and they can hit the gallery, and they change over. They can hit the pop-up shop, and they change constantly.","The more action is down this way because they can hit the Belvedere, they can hit the store across the street, they can hit all the antiques, and they can hit the gallery, and they change over. They can hit the pop-up shop, and they change constantly."
qwen3.5-9b-q8,"Traffic Commission March 11, 2025 [r8TO3Zdd1uI]",chunk_shifted,113,111,0,1,2605.4,SPEAKER_05,SPEAKER_05,So would you rather not have a load zone and have one further south?,So would you rather not have a load zone and have one further south?
qwen3.5-9b-q8,"Traffic Commission March 11, 2025 [r8TO3Zdd1uI]",chunk_shifted,114,112,0,1,2608.4,SPEAKER_09,SPEAKER_09,I would rather bring it back to where it was for 41 years.,I would rather bring it back to where it was for 41 years.
qwen3.5-9b-q8,"Traffic Commission March 11, 2025 [r8TO3Zdd1uI]",chunk_shifted,139,138,0,1,3007.15,SPEAKER_09,SPEAKER_09,I trust your opinion. My digging in is it doesn't do anything. It takes up parking spaces. That's what it does. It sets back people. Now you have on Lemon Street you still have two loading zones on Lemon Street at two different locations with no businesses. What happens there? Does that make sense?,I trust your opinion. My digging in is it doesn't do anything. It takes up parking spaces. That's what it does. It sets back people. Now you have on Lemon Street you still have two loading zones on Lemon Street at two different locations with no businesses. What happens there? Does that make sense?
qwen3.5-9b-q8,"Traffic Commission March 11, 2025 [r8TO3Zdd1uI]",chunk_shifted,140,139,0,1,3045.52,SPEAKER_03,SPEAKER_03,What locations are those?,What locations are those?
qwen3.5-9b-q8,"Traffic Commission March 11, 2025 [r8TO3Zdd1uI]",chunk_shifted,141,140,0,1,3047.68,SPEAKER_09,SPEAKER_09,The one at Smiley's Deli that's a loading zone.,The one at Smiley's Deli that's a loading zone.
qwen3.5-9b-q8,"Traffic Commission March 11, 2025 [r8TO3Zdd1uI]",chunk_shifted,144,143,1,0,3057.56,SPEAKER_04,SPEAKER_04,You had said that there were loading zones where there were no businesses.,You had said that there were loading zones where there were no businesses.
qwen3.5-9b-q8,"Traffic Commission March 11, 2025 [r8TO3Zdd1uI]",chunk_shifted,148,147,1,0,3090.97,SPEAKER_04,SPEAKER_04,"and she you know her customers like $3,000 a day I mean if you see it's all","and she you know her customers like $3,000 a day I mean if you see it's all"
qwen3.5-9b-q8,"Traffic Commission March 11, 2025 [r8TO3Zdd1uI]",chunk_shifted,149,148,1,0,3101.49,SPEAKER_09,SPEAKER_09,the pictures that I put up there you can see what's happening to that loading,the pictures that I put up there you can see what's happening to that loading
qwen3.5-9b-q8,"Traffic Commission March 11, 2025 [r8TO3Zdd1uI]",chunk_shifted,154,153,0,1,3198.55,SPEAKER_00,SPEAKER_00,yes good afternoon have you received the packet of information that i gave to mindy gable yes,yes good afternoon have you received the packet of information that i gave to mindy gable yes
qwen3.5-9b-q8,"Traffic Commission March 11, 2025 [r8TO3Zdd1uI]",chunk_shifted,155,154,0,1,3208.04,SPEAKER_04,SPEAKER_04,it's extensive have you all read it i've read much of it and what i what i'm finding though is that it may be a again this may be a situation that we as a traffic commission don't have jurisdiction because it is not part of the public right of way because it's not what part of the,it's extensive have you all read it i've read much of it and what i what i'm finding though is that it may be a again this may be a situation that we as a traffic commission don't have jurisdiction because it is not part of the public right of way because it's not what part of the
qwen3.5-9b-q8,"Traffic Commission March 11, 2025 [r8TO3Zdd1uI]",chunk_shifted,157,156,0,1,3253.58,SPEAKER_04,SPEAKER_04,public no most of the streets in the city of lancaster are public but this one for a variety of reasons including some of the information that you had submitted is indicated to not public street and we would not be able to act on it until it is until or unless it is designated a public street so we',public no most of the streets in the city of lancaster are public but this one for a variety of reasons including some of the information that you had submitted is indicated to not public street and we would not be able to act on it until it is until or unless it is designated a public street so we'
qwen3.5-9b-q8,"Traffic Commission March 11, 2025 [r8TO3Zdd1uI]",chunk_shifted,159,158,0,1,3332.0,SPEAKER_04,SPEAKER_04,guess the unfortunate thing is that this one has been in contention and we as traffic commission cannot take action on it unless and until it is made clear that it is designated as a public street so i i'm not in a position to argue okay like if if there's proof that can be presented with a with a c,guess the unfortunate thing is that this one has been in contention and we as traffic commission cannot take action on it unless and until it is made clear that it is designated as a public street so i i'm not in a position to argue okay like if if there's proof that can be presented with a with a c
qwen3.5-9b-q8,"Traffic Commission March 11, 2025 [r8TO3Zdd1uI]",chunk_shifted,162,161,1,0,3414.86,SPEAKER_00,SPEAKER_00,did the city patch some of the potholes it may have been a mistake no they've always they've,did the city patch some of the potholes it may have been a mistake no they've always they've
qwen3.5-9b-q8,"Traffic Commission March 11, 2025 [r8TO3Zdd1uI]",chunk_shifted,163,162,1,0,3421.93,SPEAKER_02,SPEAKER_02,done it for years i think it's been a question of whether it's public or private and the documentation that you provided from the former mayor and public works director that it was private is what the city is going with because that's the last correspondence provided to you related to the status of ,done it for years i think it's been a question of whether it's public or private and the documentation that you provided from the former mayor and public works director that it was private is what the city is going with because that's the last correspondence provided to you related to the status of 
qwen3.5-9b-q8,"Traffic Commission March 11, 2025 [r8TO3Zdd1uI]",chunk_shifted,164,163,1,0,3450.6,SPEAKER_04,SPEAKER_04,otherwise and there are a number of those throughout the city that are either private or shared alleys,otherwise and there are a number of those throughout the city that are either private or shared alleys
qwen3.5-9b-q8,"Traffic Commission March 11, 2025 [r8TO3Zdd1uI]",chunk_shifted,165,164,1,0,3462.6,SPEAKER_00,SPEAKER_00,okay it'll tie up the traffic some of the times then because we have to unload tractor trailers i mean we've been operating there for next year next year will be our 100th year of operating there so it'll just tie up the traffic when we have to unload tractor trailers,okay it'll tie up the traffic some of the times then because we have to unload tractor trailers i mean we've been operating there for next year next year will be our 100th year of operating there so it'll just tie up the traffic when we have to unload tractor trailers
qwen3.5-9b-q8,"Traffic Commission March 11, 2025 [r8TO3Zdd1uI]",chunk_shifted,175,174,0,1,3798.08,SPEAKER_10,SPEAKER_10,"but I didn't. I would have to schedule for her to come in to see because she does work, so she's not able to come around this time. But she did bring it to my attention. And the elderlies that are living on the opposite direction that the neighbor question was, they're elderly, and they had to get t","but I didn't. I would have to schedule for her to come in to see because she does work, so she's not able to come around this time. But she did bring it to my attention. And the elderlies that are living on the opposite direction that the neighbor question was, they're elderly, and they had to get t"
qwen3.5-9b-q8,"Traffic Commission March 11, 2025 [r8TO3Zdd1uI]",chunk_shifted,176,175,0,1,3832.32,SPEAKER_04,SPEAKER_04,it seems like it's more like it's an enforcement issue um which means that please correct me if this is not the appropriate strategy that in the short term since they are not illegally parked during that day when they are illegally parked one needs to call for them to be ticketed and hopefully that ,it seems like it's more like it's an enforcement issue um which means that please correct me if this is not the appropriate strategy that in the short term since they are not illegally parked during that day when they are illegally parked one needs to call for them to be ticketed and hopefully that 
qwen3.5-9b-q8,"Traffic Commission March 11, 2025 [r8TO3Zdd1uI]",chunk_shifted,177,176,0,1,3868.59,SPEAKER_03,SPEAKER_03,i would say that would be um our only course of action at this point of time uh outside of you know a new ordinance being rewritten,i would say that would be um our only course of action at this point of time uh outside of you know a new ordinance being rewritten
qwen3.5-9b-q8,"Traffic Commission March 11, 2025 [r8TO3Zdd1uI]",chunk_shifted,182,181,0,1,3946.36,SPEAKER_03,SPEAKER_03,oversize again the way the organs is written the overweight and oversized it is about the weight it's not the overall dimension of the vehicle it's so it's the weight of the vehicle these vehicles are not blocking any sight lines or near a stop sign or anything like that causing a hazard or preventi,oversize again the way the organs is written the overweight and oversized it is about the weight it's not the overall dimension of the vehicle it's so it's the weight of the vehicle these vehicles are not blocking any sight lines or near a stop sign or anything like that causing a hazard or preventi
