condition,meeting,block_id,in_baseline,in_condition,speaker,start,word_count,text
A2_size3_off0_repeat,"City Council Committee Meeting - February 3, 2025 [aHT_ba_YwG8]",69,1,0,SPEAKER_07,3712.07,39,listed for the cbd job dollars to repair do you have a stock number how many we have funded with cdbg how many are going to be funded and the repairs being done is there a stock number a
A2_size3_off0_repeat,"City Council Committee Meeting - February 3, 2025 [aHT_ba_YwG8]",71,1,0,SPEAKER_07,3808.62,15,so so you're looking at probably repairing what three houses with that particular money depends
A2_size3_off0_repeat,"City Council Meeting - April 29, 2025 [5N3AIQLoNPU]_standard",92,1,0,SPEAKER_00,5918.18,5,"Council President, if I may."
A2_size3_off0_repeat,"City Council Meeting - August 12, 2025 [Pg4nxjg-PUw]_standard",58,1,0,SPEAKER_21,4377.06,14,you council president the economic development committee did not meet thank you finance committee
A2_size3_off0_repeat,"City Council Meeting - August 12, 2025 [Pg4nxjg-PUw]_standard",107,0,1,SPEAKER_18,6144.36,359,comments for this Alexander King 600 block of North Shippen so kind of to play up Tony Dastro's comments I'd like to say parking management in the city is an unmitigated disaster it seems to be a sort of grassroots sort of thing which seems to be the dumbest way to plan anything I've lived in a lot 
A2_size3_off0_repeat,"City Council Meeting - August 26, 2025 [WImQYrQa0EM]",54,1,0,SPEAKER_15,3693.54,250,equipment or well I can share what I know specifically related to the AV equipment and maybe just the technological expenses overall you can address but um yes so there there has been money allocated for the av equipment um for this year uh there's a company that we've engaged to make long needed up
A2_size3_off0_repeat,"City Council Meeting - August 26, 2025 [WImQYrQa0EM]",55,1,0,SPEAKER_14,3775.38,35,add yeah um yeah thanks i will just say too that this is we're actually purchasing the equipment with the grant that we received so it's not coming out of the general operating fund budget
A2_size3_off0_repeat,"City Council Meeting - February 11, 2025 [JJbmuzCmd6s]_standard",16,1,0,SPEAKER_03,695.13,10,council president the Economic Development Committee did not meet thank
A2_size3_off0_repeat,"City Council Meeting - February 11, 2025 [JJbmuzCmd6s]_standard",61,1,0,SPEAKER_08,1779.99,15,She can explain it now. Okay. That's why I'm asking. Great. Just wanna make sure.
A2_size3_off0_repeat,"City Council Meeting - July 22, 2025 [Y4mI4udbAfM]",31,0,1,SPEAKER_25,3220.95,522,next speaker next speaker is Ann Torres good evening hi my name is Ann Torres I live in lettuce but I work in Lancaster years back my friend had a baby through IVF they finally had their baby but over time they noticed that he was having issues breathing in and out of hospitals extensive stays but n
A2_size3_off0_repeat,"City Council Meeting - July 22, 2025 [Y4mI4udbAfM]",64,1,0,SPEAKER_22,6235.04,246,the unfunded category can you talk a little bit more about that yes um there were some assumptions made and this is a combination of upgrades that we might need to make in our separate sewer areas these this is a placeholder because we don't know yet what those might be the other thing the other sor
A2_size3_off0_repeat,"City Council Meeting - June 10, 2025 [PqPxK5dVghI]_standard",68,0,1,SPEAKER_14,2966.87,16,"I will hear a motion. Council President, if I may, I'd like to nominate Erica Molina-Potter."
A2_size3_off0_repeat,"City Council Meeting - June 10, 2025 [PqPxK5dVghI]_standard",111,1,0,SPEAKER_04,4005.4,86,questions thank you miss Grievous to answer your question a couple things the critical repair program isn't comprised of millions of dollars it's a few hundred thousand dollars the many of the programs within this budget are for owner-occupied dwellings and if there is a tenant the landlord is requi
A2_size3_off0_repeat,"City Council Meeting - May 27, 2025 [vexHgMfzvKE]_standard",43,1,0,SPEAKER_08,2330.88,18,file and not a sharepoint link that we could access or a pdf or something like that just
A2_size3_off0_repeat,"City Council Meeting - September 9, 2025 [H5Gp_GuYYYg]_standard",75,1,0,SPEAKER_03,3972.78,203,director campbell thank you and i just want to say to director campbell and director stephen campbell as well because i know they've worked closely together on this that i'm incredibly proud that we have this capital budget in front of us it's really it's kind of a momentous thing and i'm glad that 
A2_size3_off0_repeat,"Planning Commission Meeting - September 3, 2025 [5PuBv9zFX3I]_standard",45,1,0,SPEAKER_03,2258.78,47,finalized our comments yet but even with it being tabled twice I'm not sure if they'll be able to get to a point where it would be able to be approved conditionally within that time frame so you can take a vote or you can table it
A2_size3_off0_repeat,"Planning Commission Meeting - September 3, 2025 [5PuBv9zFX3I]_standard",46,1,0,SPEAKER_07,2277.7,322,so one thing one thing I don't I don't mean to remember for you did you have something more I don't want to interrupt you one thing to remember with this is that because it is a flexible residential development it differs a little bit from a land development because they can't get the same time exte
A2_size3_off0_repeat,"Planning Commission Meeting - September 3, 2025 [5PuBv9zFX3I]_standard",47,1,0,SPEAKER_03,2401.89,34,time they come we need to advertise for it well that's not 100 correct so if it's tabled at the hearing then they they wouldn't need to re-advertise but we would need a court
B_size3_off1,"City Council Committee Meeting - February 3, 2025 [aHT_ba_YwG8]",5,1,0,SPEAKER_10,491.94,138,you mr. vice president the personal committee has two items on the agenda but the first item is a push to back to the next committee meeting and the second item is the nomination for reappointment to the city revitalization and Improvement Zone Authority Shelby Norman. She currently serves on the bo
B_size3_off1,"City Council Committee Meeting - February 3, 2025 [aHT_ba_YwG8]",21,0,1,SPEAKER_12,1344.78,77,because of it thank you for presentation director Campbell I'm sure we'll get more to this in the March meeting in the first and second reading but can you just talk a little bit about the timeline of some of these projects and compared to the distribution of some of the funds through the disburseme
B_size3_off1,"City Council Committee Meeting - February 3, 2025 [aHT_ba_YwG8]",24,0,1,SPEAKER_12,1616.15,43,"That helps a lot. And just my follow-up question is, given that these are some of the first three-year plans, are we confident in our ability to service the whole debt, given the need for additional bonds after the planning or design phase?"
B_size3_off1,"City Council Committee Meeting - February 3, 2025 [aHT_ba_YwG8]",38,1,0,SPEAKER_07,1996.69,57,"My last question, I'm sorry. I just thought of this just because I know that there's a large, there's a big question mark on what the federal government is going to be doing. Have you received anything or any notices of grants that may have been already either denied or that they are going forward w"
B_size3_off1,"City Council Committee Meeting - February 3, 2025 [aHT_ba_YwG8]",48,0,1,SPEAKER_10,2469.77,33,"Thank you, Constable Hirsch. Thank you, Dr. Campbell, for the presentation. What would be the role of the city in those projects? Will the city be involved in ongoing oversight of those projects?"
B_size3_off1,"City Council Committee Meeting - February 3, 2025 [aHT_ba_YwG8]",67,1,0,SPEAKER_01,3631.16,20,that we have good question the only funding that i saw that went to the shelters was from 2021 that
B_size3_off1,"City Council Committee Meeting - February 3, 2025 [aHT_ba_YwG8]",69,1,0,SPEAKER_07,3712.07,39,listed for the cbd job dollars to repair do you have a stock number how many we have funded with cdbg how many are going to be funded and the repairs being done is there a stock number a
B_size3_off1,"City Council Committee Meeting - February 3, 2025 [aHT_ba_YwG8]",71,1,0,SPEAKER_07,3808.62,15,so so you're looking at probably repairing what three houses with that particular money depends
B_size3_off1,"City Council Committee Meeting - March 3, 2025 [qEcut0Mpq30]",6,1,0,SPEAKER_12,357.94,436,well thank you very much for inviting me this evening I have not actually been to a City Council meeting or a committee's City Council meeting before so this is kind of my first first opportunity so I grew up in Lancaster County graduate of Warwick High School after law school I moved back after a s
B_size3_off1,"City Council Committee Meeting - March 3, 2025 [qEcut0Mpq30]",10,0,1,SPEAKER_16,528.0,33,"Councillor Collins. Thank you, Mr. Grouch, for taking our questions and your willingness to serve. How can we use CRITS to help promote economic development and equitable economic development here in the city?"
B_size3_off1,"City Council Committee Meeting - March 3, 2025 [qEcut0Mpq30]",11,1,0,SPEAKER_12,541.73,189,"Well, I think you've already been doing it. You know, like I said, just the way that Lancaster City has changed just in the last few years and certainly over the last 10 or 15 years or 20 years, I mean, it looks completely different than when I grew up. There's always a new coffee shop opening up, a"
B_size3_off1,"City Council Committee Meeting - March 3, 2025 [qEcut0Mpq30]",19,0,1,SPEAKER_08,1230.89,1037,Thank You Tina Good afternoon. I'm sorry. Good evening members of council. Thank you for being let me be here tonight to work with you the presentation I handed out to you and is Will look similar for those of you who might have been here about three years ago when the last you know multi-purpose fi
B_size3_off1,"City Council Committee Meeting - March 3, 2025 [qEcut0Mpq30]",31,1,0,SPEAKER_15,2305.17,66,didn't talk about this but some of the work that he did in the kind of amortization is really to stack some of those so for example there's a couple are five years or ten years those are actually that financing is actually um shown more at the beginning of the the term so that doesn't stretch out as
B_size3_off1,"City Council Committee Meeting - March 3, 2025 [qEcut0Mpq30]",33,1,0,SPEAKER_09,2332.9,157,question um could perhaps go to either director campbell although um it's just a very general question and it is some of the projects that are listed in this i know are are not maintenance but they're extending the useful life of the assets so they're almost like rehabilitation and not repair so to 
B_size3_off1,"City Council Committee Meeting - March 3, 2025 [qEcut0Mpq30]",55,1,0,SPEAKER_04,3157.97,13,so do we know if records will be destroyed that has counselors at
B_size3_off1,"City Council Committee Meeting - March 3, 2025 [qEcut0Mpq30]",57,1,0,SPEAKER_04,3200.48,15,weren't provided with the specifics just a list and they're asking those documents be destroyed
B_size3_off1,"City Council Committee Meeting - March 3, 2025 [qEcut0Mpq30]",61,1,0,SPEAKER_03,3341.19,197,good evening health members i'm pleased to be here today to share in updating you all as director campbell mentioned on lancaster's urban forestry program this is an effort that continues to grow in both impact and engagement at the heart of this work is our new urban forester mike meyer who in just
B_size3_off1,"City Council Committee Meeting - March 3, 2025 [qEcut0Mpq30]",63,1,0,SPEAKER_09,3936.94,108,i spoke right when i see this presentation it's it's a it's it's wonderful in so many ways you note I feel like I see street treats as something that if the city invests in in the short term has huge long-term benefits in so many different ways and the fact that you all are engaging the community in
B_size3_off1,"City Council Committee Meeting - March 3, 2025 [qEcut0Mpq30]",72,1,0,SPEAKER_06,4389.29,69,"Is there any type of metrics or studies or any type of research that shows a particular tree or trees in general that have more susceptibility of becoming disease? I'm sure that there are particular ones, but I'm familiar only with a few trees. I'm not, I have allergies around this season, so trust "
B_size3_off1,"City Council Committee Meeting - March 3, 2025 [qEcut0Mpq30]",84,0,1,SPEAKER_16,5176.51,15,happy happy to do that as well with the timeline of the project thank you
B_size3_off1,"City Council Committee Meeting - March 3, 2025 [qEcut0Mpq30]",95,1,0,SPEAKER_05,5473.62,38,much. Do we have a context of the cost for retaining special counsel for a variety of we know that we do this for a variety of reasons. Do you have an idea of a cost of this?
B_size3_off1,"City Council Committee Meeting - March 3, 2025 [qEcut0Mpq30]",105,0,1,SPEAKER_05,5584.82,133,miss Diaz mr. Hirsch hi hi thank you and then councilmembers we also have resolution 21 2025 on our committee of the whole agenda this evening it's recognizing Women's History Month we typically bring this forward I'm proud to introduce it again recognizing the impact of women in the history of both
B_size3_off1,"City Council Committee Meeting - March 3, 2025 [qEcut0Mpq30]",106,1,0,SPEAKER_10,5645.64,10,Roya hi mr. Glees hi miss Diaz mr. Hershey hi
B_size3_off1,"City Council Committee Meeting - September 2, 2025 [bNf9xj20-xg]_standard",13,0,1,SPEAKER_00,1041.27,1768,uh good uh uh thank you tina um for that introduction and great to be before you again as indicated uh we talked about this earlier this year i know time flies here we are in september already um i put before you a narrative and uh some one financing schedule and one graph so hopefully we can walk r
B_size3_off1,"City Council Committee Meeting - September 2, 2025 [bNf9xj20-xg]_standard",14,0,1,SPEAKER_11,1685.05,193,me entertain those can i just add quickly too i don't don't think anybody from dpw is here from public works but i did just want to say the timeline might seem a bit aggressive and we did talk to them about that quite a bit so it sounds like we will have three different contractors doing the work be
B_size3_off1,"City Council Committee Meeting - September 2, 2025 [bNf9xj20-xg]_standard",20,0,1,SPEAKER_14,1945.78,72,and this might not be the question for you this might actually be more of a question for public works but i just see that there's an estimated four to six month delivery for the materials how solid do we feel about that given i mean i don't know what if anything is being sourced from overseas but wi
B_size3_off1,"City Council Committee Meeting - September 2, 2025 [bNf9xj20-xg]_standard",38,0,1,SPEAKER_14,2316.07,80,question um if it were up to me i would probably you know if i could wave a magic wand me personally i would take uh traffic off of the west grant street portion by market but i do know that some box trucks do go through there every now and then are we OK with the height in light of that. I don't kn
B_size3_off1,"City Council Committee Meeting - September 2, 2025 [bNf9xj20-xg]_standard",40,0,1,SPEAKER_14,2354.44,15,They probably yeah they probably only overhang like the sidewalk so I'm sure it's fine.
B_size3_off1,"City Council Committee Meeting - September 2, 2025 [bNf9xj20-xg]_standard",41,0,1,SPEAKER_12,2361.58,18,but how far is the bump out i guess that's the question yeah thank you councillor hirsch that
B_size3_off1,"City Council Committee Meeting - September 2, 2025 [bNf9xj20-xg]_standard",49,1,0,SPEAKER_13,3034.4,5,"If I may, Councilor Craig?"
B_size3_off1,"City Council Committee Meeting - September 2, 2025 [bNf9xj20-xg]_standard",52,1,0,SPEAKER_10,3050.7,17,"So they can visit our website at anchorlancaster.org, there is information there about volunteering and about giving."
B_size3_off1,"City Council Committee Meeting - September 2, 2025 [bNf9xj20-xg]_standard",53,1,0,SPEAKER_07,3059.2,26,know it's a passionate subject in our community today so the more that we can help invest our resources into organizations like yours I think it's
B_size3_off1,"City Council Committee Meeting - September 2, 2025 [bNf9xj20-xg]_standard",54,1,0,SPEAKER_11,3066.84,48,worth mentioning thank you thank you can I just add to you I believe the total project is about 1.6 million is that is that correct at least that's what my notes are saying so a little bit more is what I'm saying no it is it's actually
B_size3_off1,"City Council Committee Meeting - September 2, 2025 [bNf9xj20-xg]_standard",55,1,0,SPEAKER_10,3082.38,47,two and a half to three million yes for the day center alone to to put the wall up and lower the ceiling a little bit and put in the unit for heating and cooling is about a hundred and forty thousand thank you are there any
B_size3_off1,"City Council Committee Meeting - September 2, 2025 [bNf9xj20-xg]_standard",69,1,0,SPEAKER_09,3572.8,38,was that the rotten eggs that was the rotten eggs yes just just so everybody knows there was an incident with the spill of rotten eggs so uh but that was our hazard incident it was nothing more
B_size3_off1,"City Council Committee Meeting - September 2, 2025 [bNf9xj20-xg]_standard",73,1,0,SPEAKER_16,3637.87,18,received any response from you or or the chief but you're welcome to bring that forward uh please
B_size3_off1,"City Council Committee Meeting - September 2, 2025 [bNf9xj20-xg]_standard",74,1,0,SPEAKER_09,3645.31,20,feel free to forward me the email request that you sent to chief and i because i didn't receive it
B_size3_off1,"City Council Committee Meeting - September 2, 2025 [bNf9xj20-xg]_standard",76,1,0,SPEAKER_09,3659.46,38,chief mendez and and i would just qualify that if i may and until there's a meeting right you had requested a meeting with chief and i okay thank you thank you that would be all for public
B_size3_off1,"City Council Meeting - April 29, 2025 [5N3AIQLoNPU]_standard",9,1,0,SPEAKER_10,1546.22,265,miss lopez good evening good evening jessica lopez manchester city first let me start by saying hi i hope everyone is having a good evening um i truly do appreciate the echo cause for the for council member diaz to resign and the outcry of accountability excuse you i'm talking Could we please have o
B_size3_off1,"City Council Meeting - April 29, 2025 [5N3AIQLoNPU]_standard",11,0,1,SPEAKER_10,1670.43,145,"Folks in the room, please. But where we do need that accountability from her, and yes, from our mayor, and from you, because you had your own issues like everybody else. So, where we do need accountability, let's not get lost in what actually brought us here. An attack on our youth, our black and br"
B_size3_off1,"City Council Meeting - April 29, 2025 [5N3AIQLoNPU]_standard",19,1,0,SPEAKER_15,1859.56,33,wanted to start off by saying it's an honor to be in this room this is my first time being here after the chamber has been named after my grandfather nelson polite senior
B_size3_off1,"City Council Meeting - April 29, 2025 [5N3AIQLoNPU]_standard",46,1,0,SPEAKER_14,3081.3,41,"Okay. I'll finish it up. Thank you. You are responsible for what you post on social media, so just be aware of that. think you do owe muslim women an apology thank you thank you mr harris our next speaker yes"
B_size3_off1,"City Council Meeting - April 29, 2025 [5N3AIQLoNPU]_standard",47,0,1,SPEAKER_04,3098.68,13,madam president next is sandra rosario of washington borough miss rosario good evening
B_size3_off1,"City Council Meeting - April 29, 2025 [5N3AIQLoNPU]_standard",56,0,1,SPEAKER_10,3934.58,156,Jessica Lopez the felon with less felonies than our president huh so let me start by reminding you right that for the last five years I've been here more than every single one of yous in this room so we're user thick today I hope yous are thick in two weeks and I hope you're thick weeks after that b
B_size3_off1,"City Council Meeting - April 29, 2025 [5N3AIQLoNPU]_standard",73,1,0,SPEAKER_22,4596.88,345,thank you good evening daryl legacy 100 block of north mary again um i just want to make two points one i appreciate the statement of letting it happen at the ballot box and i i'm sure that counselor yes is not going to stand down so i think we're all going to have that so i think that's great that'
B_size3_off1,"City Council Meeting - April 29, 2025 [5N3AIQLoNPU]_standard",80,0,1,SPEAKER_01,5181.5,14,"Mr. Acosta. I just got an operation, so that's why I'm like this, okay?"
B_size3_off1,"City Council Meeting - April 29, 2025 [5N3AIQLoNPU]_standard",92,1,0,SPEAKER_00,5918.18,5,"Council President, if I may."
B_size3_off1,"City Council Meeting - August 12, 2025 [Pg4nxjg-PUw]_standard",10,0,1,SPEAKER_07,1214.88,19,please next is alexander king mr king good evening good evening i live on the 600 block of north
B_size3_off1,"City Council Meeting - August 12, 2025 [Pg4nxjg-PUw]_standard",11,0,1,SPEAKER_18,1220.72,277,"shipping street and i've been reading about the data center uh projects for lancaster city with with increasing alarm in the newspaper. My, Memphis was mentioned previously, my son lives in Memphis, goes to college there, and he's been telling me some real horror stories about how data centers in th"
B_size3_off1,"City Council Meeting - August 12, 2025 [Pg4nxjg-PUw]_standard",19,0,1,SPEAKER_05,1758.07,524,please next speaker is patricia eckman good evening i'm from this lampeter township i've been reading the articles in the lexington newspaper concerning the proposed data centers at greenfield road and harrisburg pike preliminary construction has already begun at the greenfield road site prior to th
B_size3_off1,"City Council Meeting - August 12, 2025 [Pg4nxjg-PUw]_standard",24,0,1,SPEAKER_24,2312.0,236,our next speaker mr harris is dan weigel good evening uh dan weigel uh clarendon drive um as you may have noticed there's a petition going around um there's a petition going around in our community about the data center we have hundreds of signatures on it it's been in the news obviously this is a b
B_size3_off1,"City Council Meeting - August 12, 2025 [Pg4nxjg-PUw]_standard",31,1,0,SPEAKER_24,2557.46,16,and members of the city government thank you i look forward to your actions counselor craig
B_size3_off1,"City Council Meeting - August 12, 2025 [Pg4nxjg-PUw]_standard",32,0,1,SPEAKER_23,2569.61,64,thank you council president um i am very interested in everything that everyone has to say but it's really difficult when someone's at the speaker and and i know you want to applaud them because what they're saying is good but if we can't hear them you know then i'm getting half half of what they're
B_size3_off1,"City Council Meeting - August 12, 2025 [Pg4nxjg-PUw]_standard",35,1,0,SPEAKER_11,2607.14,7,"Good evening. Good evening, everyone. Thank you."
B_size3_off1,"City Council Meeting - August 12, 2025 [Pg4nxjg-PUw]_standard",50,0,1,SPEAKER_29,3850.6,385,uh tony dash's 700 block in new holland avenue so what i signed up to talk about was actually parking um but i'm going to connect these two issues because you have some issues that web out over time the city has a parking issue it depends on how you look at it in what perspective that issue is maybe
B_size3_off1,"City Council Meeting - August 12, 2025 [Pg4nxjg-PUw]_standard",53,0,1,SPEAKER_11,4023.93,27,"and then may I also have you start with your block of residence? Thank you, oh, I'm sorry. So I'm in the 100 block of North Main."
B_size3_off1,"City Council Meeting - August 12, 2025 [Pg4nxjg-PUw]_standard",58,1,0,SPEAKER_21,4377.06,14,you council president the economic development committee did not meet thank you finance committee
B_size3_off1,"City Council Meeting - August 12, 2025 [Pg4nxjg-PUw]_standard",59,1,0,SPEAKER_22,4381.54,99,councillor arroyo thank you council president the finance committee meeting did or i'm sorry the finance committee did meet we had one item on the on the agenda we heard from director of administrative services tina campbell yesterday for the 2025 mid-year budget report overall the city's finances a
B_size3_off1,"City Council Meeting - August 12, 2025 [Pg4nxjg-PUw]_standard",63,0,1,SPEAKER_00,4439.08,55,committee met last evening august 11 and reviewed the appointments to the downtown investment district already and a board of plumbing examiners and the committee also reviewed re-appointments to the sign commission public art advisory board higher education authority and the board of plumbing exami
B_size3_off1,"City Council Meeting - August 12, 2025 [Pg4nxjg-PUw]_standard",75,0,1,SPEAKER_23,4719.32,209,community planning thank you council president um we reviewed this in committee um a few weeks ago and it was brought forth to today administration resolution 50 2025 authorizing a grant authorizing a ground lease agreement for a sunnyside environmental center we were presented by our solicitor mr h
B_size3_off1,"City Council Meeting - August 12, 2025 [Pg4nxjg-PUw]_standard",78,1,0,SPEAKER_11,5131.94,120,highlighting all of those all the pieces that it took to get us to this time I I know I am personally extremely excited for this development on Sunnyside a long dormant area in the city development has been difficult to crack and I am appreciative that this includes an element of preserving the natu
B_size3_off1,"City Council Meeting - August 12, 2025 [Pg4nxjg-PUw]_standard",81,1,0,SPEAKER_29,5227.17,254,forward to this project i think this is going to be a good investment in the environmental values our community is starting to stand behind but i also want to use this as an opportunity to kind of speak to when investment comes in one area we do have to be mindful of what occurs around it there's go
B_size3_off1,"City Council Meeting - August 12, 2025 [Pg4nxjg-PUw]_standard",87,0,1,SPEAKER_12,5564.02,146,thank you council president this resolution authorizes a routine update to our memorandum of understanding with the lancaster county conservation district the changes being made are primarily administrative in nature including minor word changes uh and allowing lccd to provide documents online and o
B_size3_off1,"City Council Meeting - August 12, 2025 [Pg4nxjg-PUw]_standard",93,0,1,SPEAKER_23,5705.53,28,Craig thank you council president I'm gonna ask that mr. Cohen come and speak on this because my computer died and my notes are in there thank you
B_size3_off1,"City Council Meeting - August 12, 2025 [Pg4nxjg-PUw]_standard",105,1,0,SPEAKER_02,6080.55,125,"Thank you, Frank Arcolio, Old Trinity Place. I know I've been critical of the administration with respect to the data centers, but I believe in giving credit where credit is due and in order to be fair. I sat through a tremendously detailed presentation on the five-year plan for the Department of Pu"
B_size3_off1,"City Council Meeting - August 12, 2025 [Pg4nxjg-PUw]_standard",107,0,1,SPEAKER_18,6144.36,359,comments for this Alexander King 600 block of North Shippen so kind of to play up Tony Dastro's comments I'd like to say parking management in the city is an unmitigated disaster it seems to be a sort of grassroots sort of thing which seems to be the dumbest way to plan anything I've lived in a lot 
B_size3_off1,"City Council Meeting - August 26, 2025 [WImQYrQa0EM]",13,0,1,SPEAKER_15,908.68,78,"I'm not necessarily sure about that, because that's going to depend on the process that will be used to make these recommendations and draft the ordinance. I want to stress that it is not specifically about this project. It's about all projects, including theirs. So we do want to address issues abou"
B_size3_off1,"City Council Meeting - August 26, 2025 [WImQYrQa0EM]",14,1,0,SPEAKER_08,941.12,4,That's all I have.
B_size3_off1,"City Council Meeting - August 26, 2025 [WImQYrQa0EM]",16,1,0,SPEAKER_01,985.0,275,yes uh i'm frank arcolio from old trinity place um i i have heard that any ordinance or amendment to the zoning code that would be introduced or requested by council go to the planning commission and then be a draft of a suggested ordinance come out of that and then obviously be presented to Council
B_size3_off1,"City Council Meeting - August 26, 2025 [WImQYrQa0EM]",22,1,0,SPEAKER_07,1450.0,14,speaker please our first speaker is irene grievous thank you good evening good evening
B_size3_off1,"City Council Meeting - August 26, 2025 [WImQYrQa0EM]",23,0,1,SPEAKER_06,1464.08,358,my name is irene grievous and i'm on the 400 block of west end avenue i am here today to raise an issue that has gone unresolved for four years this prolonged and unexplained condemnation of my property located on 901 manor street this has placed a tremendous amount of burden on me personally and ne
B_size3_off1,"City Council Meeting - August 26, 2025 [WImQYrQa0EM]",54,1,0,SPEAKER_15,3693.54,250,equipment or well I can share what I know specifically related to the AV equipment and maybe just the technological expenses overall you can address but um yes so there there has been money allocated for the av equipment um for this year uh there's a company that we've engaged to make long needed up
B_size3_off1,"City Council Meeting - August 26, 2025 [WImQYrQa0EM]",55,1,0,SPEAKER_14,3775.38,35,add yeah um yeah thanks i will just say too that this is we're actually purchasing the equipment with the grant that we received so it's not coming out of the general operating fund budget
B_size3_off1,"City Council Meeting - August 26, 2025 [WImQYrQa0EM]",61,1,0,SPEAKER_07,3926.8,96,president thank you considering the following applications and recommendations from the Historical Commission for improvements to properties within the Heritage Conservation District first is Kiana Castro owner of 550 hand Avenue proposes construction of an uncovered stoop on the facade of a two-sto
B_size3_off1,"City Council Meeting - August 26, 2025 [WImQYrQa0EM]",77,1,0,SPEAKER_04,4866.22,324,"Just very briefly, wanted to thank our folks for coming out tonight to continue to advocate for how we want our community to be built in the future and sharing information. Also love the graphics that were also brought up here earlier, so thank you for all your hard work on that. One thing I do wann"
B_size3_off1,"City Council Meeting - February 11, 2025 [JJbmuzCmd6s]_standard",16,1,0,SPEAKER_03,695.13,10,council president the Economic Development Committee did not meet thank
B_size3_off1,"City Council Meeting - February 11, 2025 [JJbmuzCmd6s]_standard",17,1,0,SPEAKER_04,698.73,156,you Finance Committee counselor Arroyo Thank You council president the Finance Committee did meet we had three items on our agenda for that evening we discussed resolution number 1225 amending the supplemental pension plan for city employees and resolution number 1325 exonerating of utility fees exc
B_size3_off1,"City Council Meeting - February 11, 2025 [JJbmuzCmd6s]_standard",27,0,1,SPEAKER_00,889.01,54,clicks thank you madam president that this nomination was this was with you to February 3rd by the personal committee and full consoles now I'll make a motion to reappoint the Shelby Norman to the city revitalization and improvement zone authority for a term from December 31st of 2024 to December 31
B_size3_off1,"City Council Meeting - February 11, 2025 [JJbmuzCmd6s]_standard",34,0,1,SPEAKER_09,1045.73,43,with with this room thank you very much council Hirsch I'll just say whoever figured out that we owned 82% specifically of the road at kudos to them spent a lot of time in GIS I bet yeah any additional council comments on
B_size3_off1,"City Council Meeting - February 11, 2025 [JJbmuzCmd6s]_standard",43,1,0,SPEAKER_04,1210.02,126,through this resolution during our last finance committee meeting we are amending the city of lancaster supplemental pension plan to reflect the correct amount of matching contribution for police officers hired on or after january 1 of 2011. the plan currently incorrectly states that this is a 25 th
B_size3_off1,"City Council Meeting - February 11, 2025 [JJbmuzCmd6s]_standard",54,0,1,SPEAKER_02,1437.66,147,second we have a motion and a second counselor craig thank you council president as presented by deputy director geyser and community development administrator jen rummel at committee meeting on the third they are recommending substantial amendments to each of the annual action plans from for 2021 t
B_size3_off1,"City Council Meeting - February 11, 2025 [JJbmuzCmd6s]_standard",63,0,1,SPEAKER_08,1834.58,14,um you want to reassess and make changes for what for what you're reassessing
B_size3_off1,"City Council Meeting - July 22, 2025 [Y4mI4udbAfM]",31,0,1,SPEAKER_25,3220.95,522,next speaker next speaker is Ann Torres good evening hi my name is Ann Torres I live in lettuce but I work in Lancaster years back my friend had a baby through IVF they finally had their baby but over time they noticed that he was having issues breathing in and out of hospitals extensive stays but n
B_size3_off1,"City Council Meeting - July 22, 2025 [Y4mI4udbAfM]",38,0,1,SPEAKER_13,3704.84,50,council while uh council president if i may while we're getting the technology situated mayor srachi um i i want to just acknowledge the work of the department of public works in preparing for council the first ever capital plan to be presented this is one of the requirements that
B_size3_off1,"City Council Meeting - July 22, 2025 [Y4mI4udbAfM]",45,1,0,SPEAKER_26,4524.05,111,go forward for all of these presentations thank you for that dr campbell i appreciate it a quick question that may help provide context here the grant column are grants that we have we know we have received only okay and uh not to say there won't be additional grants in the future and then i also wa
B_size3_off1,"City Council Meeting - July 22, 2025 [Y4mI4udbAfM]",64,1,0,SPEAKER_22,6235.04,246,the unfunded category can you talk a little bit more about that yes um there were some assumptions made and this is a combination of upgrades that we might need to make in our separate sewer areas these this is a placeholder because we don't know yet what those might be the other thing the other sor
B_size3_off1,"City Council Meeting - July 22, 2025 [Y4mI4udbAfM]",67,0,1,SPEAKER_22,6375.32,215,sure um i'm trying to do some fast math in my head here i know that through a half a million dollars in arpa funding that the city received through the lancaster clean water partners we are installing about 380 new street trees this year we are i think we're about halfway through that target so prob
B_size3_off1,"City Council Meeting - July 22, 2025 [Y4mI4udbAfM]",77,0,1,SPEAKER_30,7412.26,37,counselor colleagues Thank You madam president and thank you for the presentation and I'm not sure who would answer this question and how is the department working to minimize the cost of those projects we can we
B_size3_off1,"City Council Meeting - July 22, 2025 [Y4mI4udbAfM]",79,1,0,SPEAKER_30,7480.94,14,unforeseen circumstance thank you thank you madam president thank you council royal maybe this
B_size3_off1,"City Council Meeting - June 10, 2025 [PqPxK5dVghI]_standard",20,1,0,SPEAKER_11,1355.13,455,great honor to be able to introduce this um resolution of june king for the last few years um so i'm going to read the resolution as it's as it is has been written the road road to freedom has been arduous for africans and the important work of equality continues today and historically historically 
B_size3_off1,"City Council Meeting - June 10, 2025 [PqPxK5dVghI]_standard",28,0,1,SPEAKER_10,1826.26,66,to see tony dash's 700 block new holland avenue i'm also glad to see this uh because i mean this can be said about the first resolution as well with the net with the federal government turning over everything trying to erase people from our country removing transgender individuals from the military 
B_size3_off1,"City Council Meeting - June 10, 2025 [PqPxK5dVghI]_standard",45,0,1,SPEAKER_12,2523.98,30,thank you madam president the personal committee did meet on june 2nd and review a nomination for appointment to the shade tree commission and nominations for reappointment to the civil
B_size3_off1,"City Council Meeting - June 10, 2025 [PqPxK5dVghI]_standard",49,1,0,SPEAKER_11,2624.6,34,any comments on this uh this appointment um i was just very impressed with um christopher mr sloth overall um his view on life and um his experience and background thank you very much
B_size3_off1,"City Council Meeting - June 10, 2025 [PqPxK5dVghI]_standard",70,1,0,SPEAKER_14,2987.77,182,motioning and seconding counselor Hirsch I was you know impressed with Erica's background in the legal world and this particularly I was impressed by a story she told him which she talked about a time where she kind of had to admit that she made a mistake but felt better about bringing that to light
B_size3_off1,"City Council Meeting - June 10, 2025 [PqPxK5dVghI]_standard",103,0,1,SPEAKER_15,3784.41,16,tonight certainly i have nothing additional to add but glad to take any questions members of
B_size3_off1,"City Council Meeting - June 10, 2025 [PqPxK5dVghI]_standard",111,1,0,SPEAKER_04,4005.4,86,questions thank you miss Grievous to answer your question a couple things the critical repair program isn't comprised of millions of dollars it's a few hundred thousand dollars the many of the programs within this budget are for owner-occupied dwellings and if there is a tenant the landlord is requi
B_size3_off1,"City Council Meeting - June 10, 2025 [PqPxK5dVghI]_standard",119,0,1,SPEAKER_03,4396.64,254,comment period and I just wanted to add the Spanish interpreter that was here for a translation should have been translating via is this being recorded I'm not sure if it's if it's being recorded she should have been used because she was asked to come for the spanish-speaking people in Lancaster cit
B_size3_off1,"City Council Meeting - June 10, 2025 [PqPxK5dVghI]_standard",123,0,1,SPEAKER_02,4672.63,179,know they're doing yes so ugi is an independent contractor you'll often see trucks for miller pipeline that are working in neighborhoods that information is also available on the construction page they are responsible not only for trench repair after they dig holes in the street to replace the gas l
B_size3_off1,"City Council Meeting - May 27, 2025 [vexHgMfzvKE]_standard",1,1,0,SPEAKER_08,120.5,17,who are willing and able please rise for the pledge of allegiance mr harris would you please
B_size3_off1,"City Council Meeting - May 27, 2025 [vexHgMfzvKE]_standard",9,1,0,SPEAKER_03,450.28,515,lappy's new avenge chair um i just want to give a little background on me so i'm originally from harrisburg pa actually i come from a really traditional vietnamese family and they both on both sides they settled in the u.s as refugees because of the war and so growing up in central pa the dichotomy 
B_size3_off1,"City Council Meeting - May 27, 2025 [vexHgMfzvKE]_standard",19,0,1,SPEAKER_18,1303.82,18,okay i will continue next time thank you thank you appreciate it mr harris do we have any
B_size3_off1,"City Council Meeting - May 27, 2025 [vexHgMfzvKE]_standard",28,1,0,SPEAKER_17,1699.6,37,president and hello good evening it's very nice to see you again could you tell us about a time when you had an ethical dilemma and how you solved it yeah so um let me think here
B_size3_off1,"City Council Meeting - May 27, 2025 [vexHgMfzvKE]_standard",31,0,1,SPEAKER_12,1787.1,95,have not I've been working on my schooling the last few years and before that we were running a business so this is kind of the first time I've had any of the free time if you will to engage in something like this and I feel like this would be a great place to do it because I love this community I l
B_size3_off1,"City Council Meeting - May 27, 2025 [vexHgMfzvKE]_standard",35,0,1,SPEAKER_04,1878.46,39,"these policies are fully ethical good thank you that's all right thank you council president Thank you, Theodore, for your willingness to serve. How would you handle a situation where someone you know is subject to an ethics complaint?"
B_size3_off1,"City Council Meeting - May 27, 2025 [vexHgMfzvKE]_standard",36,1,0,SPEAKER_12,1894.72,126,"Well, in that case, in a situation like this, I have my friends, I have my family, but at the end of the day, I was raised by a Marine, and it's all about the good of the entire community. It's about the good of your entire platoon, and unfortunately sometimes that means that you have to turn your b"
B_size3_off1,"City Council Meeting - May 27, 2025 [vexHgMfzvKE]_standard",43,1,0,SPEAKER_08,2330.88,18,file and not a sharepoint link that we could access or a pdf or something like that just
B_size3_off1,"City Council Meeting - May 27, 2025 [vexHgMfzvKE]_standard",57,1,0,SPEAKER_06,4070.22,83,really excellent so thank you mayor's Raji thank thank you I just want to when we receive the award in 2019 we are one of the high-impact HUD recipients which made us one of a handful on par with Detroit and Baltimore the state of Rhode Island and Houston and I don't mean to put you on the spot but 
B_size3_off1,"City Council Meeting - May 27, 2025 [vexHgMfzvKE]_standard",72,1,0,SPEAKER_02,4572.15,32,happened is that correct um that's correct this one actually you guys approved back in march but because of a timing issue with the county planning's approval it's actually back before you
B_size3_off1,"City Council Meeting - May 27, 2025 [vexHgMfzvKE]_standard",80,1,0,SPEAKER_04,4719.88,12,comments on the resolution counselor royal counselor thank you council president um
B_size3_off1,"City Council Meeting - May 27, 2025 [vexHgMfzvKE]_standard",93,0,1,SPEAKER_05,5303.12,73,council tonight council president if i may counselor i just wanted to make the other members of council aware that the home rule study transition committee did meet on may 6th and went over both the administrative code as well as the ethics code which will be which we are currently doing the intervi
B_size3_off1,"City Council Meeting - September 9, 2025 [H5Gp_GuYYYg]_standard",11,1,0,SPEAKER_12,699.22,24,"You can use either one of the mics there, Zaira, thank you, and you may just have to turn it on with the button."
B_size3_off1,"City Council Meeting - September 9, 2025 [H5Gp_GuYYYg]_standard",17,0,1,SPEAKER_06,1236.72,129,time to thank you all thank you other council comments that's president thank you zyra for the presentation um thank you for all of the tremendous work that you and your department are doing it's really important I if I understood the one statistic on the one slide correctly you said that 34.8 perce
B_size3_off1,"City Council Meeting - September 9, 2025 [H5Gp_GuYYYg]_standard",45,1,0,SPEAKER_08,3321.46,173,one other piece in answer to that question too uh is that i think being on ewell plaza and all of the community events that are happening in ewell plaza and bins park is growing awareness in the community of the library because it's right there and other than a couple i started with the library less
B_size3_off1,"City Council Meeting - September 9, 2025 [H5Gp_GuYYYg]_standard",47,0,1,SPEAKER_10,3382.93,146,remember we had a little incident last march with uh story hour and i want to say that although it was horrible as we went through it it has brought the staff together the silver lining is we all realized what the mission and vision were and work very hard now to stay within that and to be welcoming
B_size3_off1,"City Council Meeting - September 9, 2025 [H5Gp_GuYYYg]_standard",75,1,0,SPEAKER_03,3972.78,203,director campbell thank you and i just want to say to director campbell and director stephen campbell as well because i know they've worked closely together on this that i'm incredibly proud that we have this capital budget in front of us it's really it's kind of a momentous thing and i'm glad that 
B_size3_off1,"City Council Meeting - September 9, 2025 [H5Gp_GuYYYg]_standard",92,1,0,SPEAKER_03,4511.74,54,very much a question for you uh one first thank you for answering the important question was that is the horse and still the native park there so thank you um and two i guess i did not realize that the facility wasn't already owned by the library so who are the owners currently
B_size3_off1,"Planning Commission Meeting - September 3, 2025 [5PuBv9zFX3I]_standard",30,0,1,SPEAKER_11,1814.88,17,appreciate that number four staff report to planning commission um so i was just going to give
B_size3_off1,"Planning Commission Meeting - September 3, 2025 [5PuBv9zFX3I]_standard",35,0,1,SPEAKER_07,2055.31,72,the land and so it would be you know for them to determine what was going to happen with the land because whether or not the mosaic land development goes there willow valley owns the land right and so it it would just be kind of a redetermination they probably my guess is that they would either resu
B_size3_off1,"Planning Commission Meeting - September 3, 2025 [5PuBv9zFX3I]_standard",36,0,1,SPEAKER_08,2080.58,32,okay assumption so i just want to make sure so the plan that's currently in place would expire and they'd need to go through the whole process again if they if the
B_size3_off1,"Planning Commission Meeting - September 3, 2025 [5PuBv9zFX3I]_standard",45,1,0,SPEAKER_03,2258.78,47,finalized our comments yet but even with it being tabled twice I'm not sure if they'll be able to get to a point where it would be able to be approved conditionally within that time frame so you can take a vote or you can table it
B_size3_off1,"Planning Commission Meeting - September 3, 2025 [5PuBv9zFX3I]_standard",47,1,0,SPEAKER_03,2401.89,34,time they come we need to advertise for it well that's not 100 correct so if it's tabled at the hearing then they they wouldn't need to re-advertise but we would need a court
B_size3_off1,"Planning Commission Meeting - September 3, 2025 [5PuBv9zFX3I]_standard",63,1,0,SPEAKER_07,2850.64,248,we would also have a lot more information ourselves because again as Betsy noted it the the person who's appealing the decision that was made by the zoning officer that's happening September 22nd so that will have happened at that point and um there will have been also opportunities through city cou
B_size3_off1,"Planning Commission Meeting - September 3, 2025 [5PuBv9zFX3I]_standard",68,1,0,SPEAKER_02,3260.53,310,i mean i think it needs to be something that we continue just again just just to be able to provide information to the public about what the city is doing i mean i think as uh lauren and as staff has already uh shared there there are irons in the fire um that the city is has responded to public inpu
B_size3_off1,"Planning Commission Meeting - September 3, 2025 [5PuBv9zFX3I]_standard",70,1,0,SPEAKER_05,3391.8,66,forward in light of transparency are we able to put this schedule that's on the bullet on the faq page just so it's easily accessible by the public to be able to see when these milestones are being met and to know when um key participation opportunities will present themselves what does it mean you 
B_size3_off1,"Planning Commission Meeting - September 3, 2025 [5PuBv9zFX3I]_standard",73,0,1,SPEAKER_08,3553.02,71,um yeah i agree with your sentiment i mean i'll ask the uh voting members of the commission tonight if any of them are interested in making a motion to request um to us in like a packet form for our next meet at least to have for our next meeting if not discuss uh any materials provided to LMP repor
B_size3_off1,"Planning Commission Meeting - September 3, 2025 [5PuBv9zFX3I]_standard",74,0,1,SPEAKER_02,3581.64,14,data center or if that's not legally feasible kind of a memo summarizing the
B_size3_off1,"Planning Commission Meeting - September 3, 2025 [5PuBv9zFX3I]_standard",75,0,1,SPEAKER_08,3590.75,134,process no I mean no I think a memo still would be good like summarizing but to the point that there is a resident who has their own case to make before the zoning hearing board the original documentation and for two reasons one them having that to reflect on is like this is what it was not a summar
B_size3_off1,"Planning Commission Meeting - September 3, 2025 [5PuBv9zFX3I]_standard",76,0,1,SPEAKER_07,3648.64,14,receive I guess I'm just unclear of what materials exactly you would like to
B_size3_off1,"Planning Commission Meeting - September 3, 2025 [5PuBv9zFX3I]_standard",77,0,1,SPEAKER_08,3659.37,36,receive any information provided to LMP reporters you can do that through a right to know request as well we can do it through a right to know request as well but we can also do
B_size3_off1,"Planning Commission Meeting - September 3, 2025 [5PuBv9zFX3I]_standard",78,0,1,SPEAKER_02,3671.31,57,it as a body i would i would say just receive in memo form a written summary of the process that was used to make the determination by the zoning officer is that is that like kind of a level because i can appreciate that there needs to be a level of specificity to make our request
B_size3_off1,"Planning Commission Meeting - September 3, 2025 [5PuBv9zFX3I]_standard",88,0,1,SPEAKER_02,4131.46,241,very briefly just to clarify I think some of my earlier comments and questions that my only purpose really to suggest some of the things we talked about was really in the interest of public education I certainly did not want to give the impression that was in any way trying to undermine the credibil
B_size3_off1,"Planning Commission Meeting - September 3, 2025 [5PuBv9zFX3I]_standard",92,1,0,SPEAKER_09,4257.86,23,so like so do you mind if i i don't want i don't want to get away from my head um i appreciate
B_size3_off1,"Planning Commission Meeting - September 3, 2025 [5PuBv9zFX3I]_standard",96,0,1,SPEAKER_04,4444.37,17,a timeline perspective and remind me when your proposals are due and when is the decision being
B_size3_off1,"Planning Commission Meeting - September 3, 2025 [5PuBv9zFX3I]_standard",98,0,1,SPEAKER_07,4560.23,114,occur I would also add to that that we have residences online that are not filling and so I think that there's also right and so right so but it's kind of like a circular domino effect right because if they're they're not filling so they're not building more it depends on what the builder wants to b
B_size3_off1,"Planning Commission Meeting - September 3, 2025 [5PuBv9zFX3I]_standard",99,0,1,SPEAKER_05,4624.22,96,"waiting game yeah and I'll close with one final statement I think it would be great as a group to kind of come back and maybe huddle up I don't know what you want to call it on the comprehensive plan it's just been a while since I I think we've kind of discussed the goals, objectives, and I think ju"
B_size3_off1,"Planning Commission Meeting - September 3, 2025 [5PuBv9zFX3I]_standard",100,0,1,SPEAKER_12,4654.39,207,"All right, and I also have my final statement. I do, I wanna just, you know, I think it's good that we're holding off on the hearing. I think it's good that we're keeping the data center as an agenda item, and I think we should revisit the idea of requesting a memo. mean i don't think it is i don't "
B_size3_off1,"Planning Commission Meeting - September 3, 2025 [5PuBv9zFX3I]_standard",101,0,1,SPEAKER_07,4719.06,69,mean to oversimplify of course the zoning officer consulted with the city solicitor as well as additional attorneys I mean it wasn't nobody operates in a vacuum in City Hall so for sure there were other meetings what I meant to imply was more that there's not a huge paper trail and so there is proce
B_size3_off1,"Planning Commission Meeting - September 3, 2025 [5PuBv9zFX3I]_standard",102,0,1,SPEAKER_12,4747.05,14,you're not gonna find which is also why it's really important just to have
C_size1,"City Council Committee Meeting - February 3, 2025 [aHT_ba_YwG8]",5,1,0,SPEAKER_10,491.94,138,you mr. vice president the personal committee has two items on the agenda but the first item is a push to back to the next committee meeting and the second item is the nomination for reappointment to the city revitalization and Improvement Zone Authority Shelby Norman. She currently serves on the bo
C_size1,"City Council Committee Meeting - February 3, 2025 [aHT_ba_YwG8]",23,0,1,SPEAKER_00,1410.76,505,you again that's a very accurate representation what what that 30-year plan shows is the work that needs to get done from now until the end of that 20 or 30 year period depending on which fund it is we anticipate each of these projects that are listed or each of these categories of projects that are
C_size1,"City Council Committee Meeting - February 3, 2025 [aHT_ba_YwG8]",24,0,1,SPEAKER_12,1616.15,43,"That helps a lot. And just my follow-up question is, given that these are some of the first three-year plans, are we confident in our ability to service the whole debt, given the need for additional bonds after the planning or design phase?"
C_size1,"City Council Committee Meeting - February 3, 2025 [aHT_ba_YwG8]",33,0,1,SPEAKER_04,1814.0,39,yeah yeah i mean i think this is the open forum for the community um we you know we'll provide all of that um in in march before it's actually voted on so there will be opportunities for the
C_size1,"City Council Committee Meeting - February 3, 2025 [aHT_ba_YwG8]",37,0,1,SPEAKER_04,1966.69,90,yeah um so the one that i will point out is the vision zero work um so that is uh most of that that i believe it's 2.1 of the 2.7 million um is actually for matching funds for the grant that we received for the safe streets for all um we're currently unclear if we'll receive all of that federal fund
C_size1,"City Council Committee Meeting - February 3, 2025 [aHT_ba_YwG8]",39,0,1,SPEAKER_04,2021.14,54,um i'll say that it's been pretty unclear at this point um we are understanding that anything that was contracted is moving ahead so that's what we're kind of going with at this point but we're still trying to kind of determine that i think um yeah thank you very much any additional questions
C_size1,"City Council Committee Meeting - February 3, 2025 [aHT_ba_YwG8]",43,0,1,SPEAKER_08,2203.7,159,much now I understand you know when I read the amounts in the resolution I don't think it came up in our conversation this morning but in the resolution it said something to the effect of like the city is paying 82% of that roughly sixty to seventy thousand dollar cost now you just said that that's 
C_size1,"City Council Committee Meeting - February 3, 2025 [aHT_ba_YwG8]",48,0,1,SPEAKER_10,2469.77,33,"Thank you, Constable Hirsch. Thank you, Dr. Campbell, for the presentation. What would be the role of the city in those projects? Will the city be involved in ongoing oversight of those projects?"
C_size1,"City Council Committee Meeting - February 3, 2025 [aHT_ba_YwG8]",55,0,1,SPEAKER_01,2672.41,95,and i will pass it over to jen thank you hopefully i didn't push the button all right uh thank you madam mayor and student castle i'm pleased to speak to you tonight about the community development block grant substantial amendment process hopefully my screen will continue to glow up there okay befo
C_size1,"City Council Committee Meeting - February 3, 2025 [aHT_ba_YwG8]",56,1,0,SPEAKER_07,2710.96,11,is it possible to speak up a little bit yes yes
C_size1,"City Council Committee Meeting - February 3, 2025 [aHT_ba_YwG8]",57,0,1,SPEAKER_01,2713.28,1475,"My apologies. Is this better? Yes. Okay. Thank you. The CDBG program, which is administered by the Administration of Housing and Urban Development, provides annual grants to entitlement states, cities, and counties to help develop viable urban communities in providing funding to support the provisio"
C_size1,"City Council Committee Meeting - February 3, 2025 [aHT_ba_YwG8]",62,0,1,SPEAKER_03,3519.27,166,one of the main um components is to make sure that we are spending in low to moderate census tracts or with low to moderate income individuals and we have to choose one or the other of these methodologies to ensure that we're serving low and moderate income individuals with each and every activity t
C_size1,"City Council Committee Meeting - February 3, 2025 [aHT_ba_YwG8]",71,1,0,SPEAKER_07,3808.62,15,so so you're looking at probably repairing what three houses with that particular money depends
C_size1,"City Council Committee Meeting - March 3, 2025 [qEcut0Mpq30]",5,1,0,SPEAKER_14,301.99,99,councillor colleagues thank you madam president the personal committee has two items on the agenda for tonight the first item is the nomination of Stephen gross for appointment to the city revitalization and improvement zone authority mr groff is nominated due to his experience and a pair request of
C_size1,"City Council Committee Meeting - March 3, 2025 [qEcut0Mpq30]",19,0,1,SPEAKER_08,1230.89,1037,Thank You Tina Good afternoon. I'm sorry. Good evening members of council. Thank you for being let me be here tonight to work with you the presentation I handed out to you and is Will look similar for those of you who might have been here about three years ago when the last you know multi-purpose fi
C_size1,"City Council Committee Meeting - March 3, 2025 [qEcut0Mpq30]",26,0,1,SPEAKER_06,2069.94,74,sorry it's I don't know I'm sorry I do you do have it great under that three years 370 million which may be directed to the handle and I mean the since we're doing these projects being that we don't first we really don't know what's how it's gonna happen with all the federal regulations in regards t
C_size1,"City Council Committee Meeting - March 3, 2025 [qEcut0Mpq30]",28,0,1,SPEAKER_16,2157.1,61,point does that am I saying that accurately enough okay if you can talk a little bit about the budgetary impact in the individual funds and how from a budget from a financial planning and you know for the next five years how are these budgetary impacts also being looked at from a planning side yeah 
C_size1,"City Council Committee Meeting - March 3, 2025 [qEcut0Mpq30]",31,1,0,SPEAKER_15,2305.17,66,didn't talk about this but some of the work that he did in the kind of amortization is really to stack some of those so for example there's a couple are five years or ten years those are actually that financing is actually um shown more at the beginning of the the term so that doesn't stretch out as
C_size1,"City Council Committee Meeting - March 3, 2025 [qEcut0Mpq30]",35,0,1,SPEAKER_09,2579.7,24,you director Campbell that's good to know that the other municipalities are are looking to collaborate in that way thank you actually before before
C_size1,"City Council Committee Meeting - March 3, 2025 [qEcut0Mpq30]",37,0,1,SPEAKER_00,2628.56,516,about that type of discussion up until relatively recently i would say up until the last few years maybe three three to five years ago we often did our capital planning based on what was on the immediate horizon what we saw if we walked around what we perceived as the work that needed to be done or 
C_size1,"City Council Committee Meeting - March 3, 2025 [qEcut0Mpq30]",47,0,1,SPEAKER_15,2953.31,81,one more thing um we just want to talk through the the timing a little bit on this so this is an ordinance um we are planning to have the first reading obviously um next week if if that is if it's moved to that point um and then um hopefully the second reading on march 25th um that at least is the a
C_size1,"City Council Committee Meeting - March 3, 2025 [qEcut0Mpq30]",55,1,0,SPEAKER_04,3157.97,13,so do we know if records will be destroyed that has counselors at
C_size1,"City Council Committee Meeting - March 3, 2025 [qEcut0Mpq30]",60,0,1,SPEAKER_00,3253.28,142,department on trees for people so while they're getting the technology set up i want to um thank you very much for our opportunity to describe to you the trees for people program it's an initiative from um just before i got here uh which culminated in a report in 2020 i believe and at that point we 
C_size1,"City Council Committee Meeting - March 3, 2025 [qEcut0Mpq30]",61,1,0,SPEAKER_03,3341.19,197,good evening health members i'm pleased to be here today to share in updating you all as director campbell mentioned on lancaster's urban forestry program this is an effort that continues to grow in both impact and engagement at the heart of this work is our new urban forester mike meyer who in just
C_size1,"City Council Committee Meeting - March 3, 2025 [qEcut0Mpq30]",62,0,1,SPEAKER_07,3418.9,1245,you for the introduction so as a quick reintroduction to the trees for people plan this is the city's plan for improving our urban forests and also making sure that everyone in the city no matter their location or status has access to the benefits of trees and that natural environment it's a really 
C_size1,"City Council Committee Meeting - March 3, 2025 [qEcut0Mpq30]",73,0,1,SPEAKER_07,4420.46,324,"I made some promises that I wouldn't get too involved in talking about the tree inventory database, because I'm super excited about it. But I will say that we are very aware of certain species having certain problems. It's a nature kind of thing. We, of course, have the ash trees, which we've had so"
C_size1,"City Council Committee Meeting - March 3, 2025 [qEcut0Mpq30]",74,0,1,SPEAKER_06,4535.43,35,remember which tree i really like the albavita tree no but the geometry is very once it starts getting larger it's really hard to maintain but thank you so much for that information no problem
C_size1,"City Council Committee Meeting - March 3, 2025 [qEcut0Mpq30]",81,1,0,SPEAKER_13,4917.19,16,project thank you um this is for the construction of three new single family attached dwellings
C_size1,"City Council Committee Meeting - March 3, 2025 [qEcut0Mpq30]",86,0,1,SPEAKER_09,5256.81,19,a quick question uh you said that there is a hearing on april 8th that's taking place at the
C_size1,"City Council Committee Meeting - March 3, 2025 [qEcut0Mpq30]",89,0,1,SPEAKER_11,5318.6,107,"on this for quite a while now, the three parties like CEREC, SDOL, and the city. The main purpose here is ensuring that we are creating a holistic campus at this particular site around Brandon Park so that we're able to provide the park amenities, recreation services, and a new school to serve the g"
C_size1,"City Council Committee Meeting - March 3, 2025 [qEcut0Mpq30]",95,1,0,SPEAKER_05,5473.62,38,much. Do we have a context of the cost for retaining special counsel for a variety of we know that we do this for a variety of reasons. Do you have an idea of a cost of this?
C_size1,"City Council Committee Meeting - March 3, 2025 [qEcut0Mpq30]",106,1,0,SPEAKER_10,5645.64,10,Roya hi mr. Glees hi miss Diaz mr. Hershey hi
C_size1,"City Council Committee Meeting - September 2, 2025 [bNf9xj20-xg]_standard",13,0,1,SPEAKER_00,1041.27,1768,uh good uh uh thank you tina um for that introduction and great to be before you again as indicated uh we talked about this earlier this year i know time flies here we are in september already um i put before you a narrative and uh some one financing schedule and one graph so hopefully we can walk r
C_size1,"City Council Committee Meeting - September 2, 2025 [bNf9xj20-xg]_standard",20,0,1,SPEAKER_14,1945.78,72,and this might not be the question for you this might actually be more of a question for public works but i just see that there's an estimated four to six month delivery for the materials how solid do we feel about that given i mean i don't know what if anything is being sourced from overseas but wi
C_size1,"City Council Committee Meeting - September 2, 2025 [bNf9xj20-xg]_standard",32,0,1,SPEAKER_14,2189.01,21,on google maps and yeah it's it's going to be like a space or two at most so that's what hurts
C_size1,"City Council Committee Meeting - September 2, 2025 [bNf9xj20-xg]_standard",38,0,1,SPEAKER_14,2316.07,80,question um if it were up to me i would probably you know if i could wave a magic wand me personally i would take uh traffic off of the west grant street portion by market but i do know that some box trucks do go through there every now and then are we OK with the height in light of that. I don't kn
C_size1,"City Council Committee Meeting - September 2, 2025 [bNf9xj20-xg]_standard",47,0,1,SPEAKER_14,2972.26,166,council as a whole thank you council craig just also echoing so much gratitude for the work that anchor does and in particular the willingness to collaborate with other organizations in the city i think is really commendable and it shows you know that we can do a lot to meet a lot of need um and i t
C_size1,"City Council Committee Meeting - September 2, 2025 [bNf9xj20-xg]_standard",49,1,0,SPEAKER_13,3034.4,5,"If I may, Councilor Craig?"
C_size1,"City Council Committee Meeting - September 2, 2025 [bNf9xj20-xg]_standard",52,1,0,SPEAKER_10,3050.7,17,"So they can visit our website at anchorlancaster.org, there is information there about volunteering and about giving."
C_size1,"City Council Committee Meeting - September 2, 2025 [bNf9xj20-xg]_standard",53,1,0,SPEAKER_07,3059.2,26,know it's a passionate subject in our community today so the more that we can help invest our resources into organizations like yours I think it's
C_size1,"City Council Committee Meeting - September 2, 2025 [bNf9xj20-xg]_standard",61,0,1,SPEAKER_05,3249.77,362,"good evening council good evening mayor this is a culmination of a two-year project that I've been working on with the Lancaster County Emergency Management Agency and fellow municipal leaders in emergency management to update the county hazard mitigation plan. The original plan was written in 2019,"
C_size1,"City Council Committee Meeting - September 2, 2025 [bNf9xj20-xg]_standard",62,0,1,SPEAKER_16,3417.3,38,thank you so much i do have a question for you would this be with the grants would that be in addition to the FEMA grants as well or is that all combined so there used to be
C_size1,"City Council Committee Meeting - September 2, 2025 [bNf9xj20-xg]_standard",63,0,1,SPEAKER_05,3430.73,86,two FEMA grants that we were eligible for one of the grant one of the grants is no longer active the grant that is still active is the hazard mitigation grant program it's centered around natural hazard resistance which is like earthquakes floods winter storms summer storms that kind of stuff so not
C_size1,"City Council Committee Meeting - September 2, 2025 [bNf9xj20-xg]_standard",67,0,1,SPEAKER_08,3539.68,34,planning to work with the neighboring county i just wanted to make sure that the work that we're doing would cover any outside third party that is coming in and absolutely so they're currently
C_size1,"City Council Committee Meeting - September 2, 2025 [bNf9xj20-xg]_standard",68,0,1,SPEAKER_05,3552.53,46,contracting with lebanon county and we actually had an incident since they took over that we've that we worked together on it went very seamless we don't see a difference so far but we're looking forward to the future thank you and that concludes my questions
C_size1,"City Council Committee Meeting - September 2, 2025 [bNf9xj20-xg]_standard",72,1,0,SPEAKER_09,3631.79,19,chief mendez and i uh to have a discussion um per your comments at the last meeting i haven't
C_size1,"City Council Committee Meeting - September 2, 2025 [bNf9xj20-xg]_standard",73,1,0,SPEAKER_16,3637.87,18,received any response from you or or the chief but you're welcome to bring that forward uh please
C_size1,"City Council Committee Meeting - September 2, 2025 [bNf9xj20-xg]_standard",74,1,0,SPEAKER_09,3645.31,20,feel free to forward me the email request that you sent to chief and i because i didn't receive it
C_size1,"City Council Committee Meeting - September 2, 2025 [bNf9xj20-xg]_standard",76,1,0,SPEAKER_09,3659.46,38,chief mendez and and i would just qualify that if i may and until there's a meeting right you had requested a meeting with chief and i okay thank you thank you that would be all for public
C_size1,"City Council Committee Meeting - September 2, 2025 [bNf9xj20-xg]_standard",82,0,1,SPEAKER_07,3749.28,38,the end of september uh and mr harris correct me if i'm wrong but i believe this has to go through committee so the first meeting in november would be the or the committee meeting in november is
C_size1,"City Council Committee Meeting - September 2, 2025 [bNf9xj20-xg]_standard",83,0,1,SPEAKER_16,3760.7,33,when committee well is it september excuse me october i'm skipping a month here all right well that would be the first committee meeting then in october and hopefully i'll get a response
C_size1,"City Council Committee Meeting - September 2, 2025 [bNf9xj20-xg]_standard",92,0,1,SPEAKER_14,4389.5,134,yeah I think we should do this and I'll just I was just gonna quickly add just from the research that I had been doing a lot of it is just about setting up a like I mean I hate to use the word framework because that sounds very I don't know I don't know what the other word would be but just kind of 
C_size1,"City Council Meeting - April 29, 2025 [5N3AIQLoNPU]_standard",11,0,1,SPEAKER_10,1670.43,145,"Folks in the room, please. But where we do need that accountability from her, and yes, from our mayor, and from you, because you had your own issues like everybody else. So, where we do need accountability, let's not get lost in what actually brought us here. An attack on our youth, our black and br"
C_size1,"City Council Meeting - April 29, 2025 [5N3AIQLoNPU]_standard",20,0,1,SPEAKER_14,1867.2,18,and i live on his in his property our polite estate in the 500 block of north street
C_size1,"City Council Meeting - April 29, 2025 [5N3AIQLoNPU]_standard",23,0,1,SPEAKER_15,2108.1,16,get that same leeway as other individuals but thank you and i appreciate the opportunity to
C_size1,"City Council Meeting - April 29, 2025 [5N3AIQLoNPU]_standard",34,1,0,SPEAKER_19,2493.34,31,towards our black and muslim neighbors that she has been proud to display on social media most recently counselor diaz attacked counselor ahmed's identity as a refugee and in sierra mr
C_size1,"City Council Meeting - April 29, 2025 [5N3AIQLoNPU]_standard",46,1,0,SPEAKER_14,3081.3,41,"Okay. I'll finish it up. Thank you. You are responsible for what you post on social media, so just be aware of that. think you do owe muslim women an apology thank you thank you mr harris our next speaker yes"
C_size1,"City Council Meeting - April 29, 2025 [5N3AIQLoNPU]_standard",56,0,1,SPEAKER_10,3934.58,156,Jessica Lopez the felon with less felonies than our president huh so let me start by reminding you right that for the last five years I've been here more than every single one of yous in this room so we're user thick today I hope yous are thick in two weeks and I hope you're thick weeks after that b
C_size1,"City Council Meeting - April 29, 2025 [5N3AIQLoNPU]_standard",71,0,1,SPEAKER_17,4457.75,109,thank you mr dastra uh just to interject really quickly to answer a question i will also agree that this is an unusual situation um the charter which you helped to draft does require two meetings per month so we needed to hold this meeting and also just personally even if it didn't um i would have w
C_size1,"City Council Meeting - April 29, 2025 [5N3AIQLoNPU]_standard",76,0,1,SPEAKER_17,4803.6,18,know your last name can you just say your full name oh yeah ashley martinez thank you appreciate
C_size1,"City Council Meeting - April 29, 2025 [5N3AIQLoNPU]_standard",92,1,0,SPEAKER_00,5918.18,5,"Council President, if I may."
C_size1,"City Council Meeting - August 12, 2025 [Pg4nxjg-PUw]_standard",3,0,1,SPEAKER_07,666.73,14,like to thank mr. Harris for turning them around thank you very much I
C_size1,"City Council Meeting - August 12, 2025 [Pg4nxjg-PUw]_standard",10,0,1,SPEAKER_07,1214.88,19,please next is alexander king mr king good evening good evening i live on the 600 block of north
C_size1,"City Council Meeting - August 12, 2025 [Pg4nxjg-PUw]_standard",11,0,1,SPEAKER_18,1220.72,277,"shipping street and i've been reading about the data center uh projects for lancaster city with with increasing alarm in the newspaper. My, Memphis was mentioned previously, my son lives in Memphis, goes to college there, and he's been telling me some real horror stories about how data centers in th"
C_size1,"City Council Meeting - August 12, 2025 [Pg4nxjg-PUw]_standard",19,0,1,SPEAKER_05,1758.07,524,please next speaker is patricia eckman good evening i'm from this lampeter township i've been reading the articles in the lexington newspaper concerning the proposed data centers at greenfield road and harrisburg pike preliminary construction has already begun at the greenfield road site prior to th
C_size1,"City Council Meeting - August 12, 2025 [Pg4nxjg-PUw]_standard",29,0,1,SPEAKER_06,2478.41,155,are you with us this is a conversation that i want to continue to have because there are some of the things that you're demanding that i can't i can't respond to most especially around the public utility commission and the regulation of electricity and so i i hear you on the air quality water use ut
C_size1,"City Council Meeting - August 12, 2025 [Pg4nxjg-PUw]_standard",31,1,0,SPEAKER_24,2557.46,16,and members of the city government thank you i look forward to your actions counselor craig
C_size1,"City Council Meeting - August 12, 2025 [Pg4nxjg-PUw]_standard",32,0,1,SPEAKER_23,2569.61,64,thank you council president um i am very interested in everything that everyone has to say but it's really difficult when someone's at the speaker and and i know you want to applaud them because what they're saying is good but if we can't hear them you know then i'm getting half half of what they're
C_size1,"City Council Meeting - August 12, 2025 [Pg4nxjg-PUw]_standard",35,1,0,SPEAKER_11,2607.14,7,"Good evening. Good evening, everyone. Thank you."
C_size1,"City Council Meeting - August 12, 2025 [Pg4nxjg-PUw]_standard",37,0,1,SPEAKER_11,2740.64,69,thank you thank you ms mosnowski to um to address that very specific question i do think it's important to mention that this was not an ordinance that was brought forward to council because of the processes that the owner of the property chose to take it did not come before any body of the city admi
C_size1,"City Council Meeting - August 12, 2025 [Pg4nxjg-PUw]_standard",43,0,1,SPEAKER_07,3354.46,18,next is i'm sorry lindsay fitting good evening hello my name is lindsay fitting i live on the
C_size1,"City Council Meeting - August 12, 2025 [Pg4nxjg-PUw]_standard",50,0,1,SPEAKER_29,3850.6,385,uh tony dash's 700 block in new holland avenue so what i signed up to talk about was actually parking um but i'm going to connect these two issues because you have some issues that web out over time the city has a parking issue it depends on how you look at it in what perspective that issue is maybe
C_size1,"City Council Meeting - August 12, 2025 [Pg4nxjg-PUw]_standard",53,0,1,SPEAKER_11,4023.93,27,"and then may I also have you start with your block of residence? Thank you, oh, I'm sorry. So I'm in the 100 block of North Main."
C_size1,"City Council Meeting - August 12, 2025 [Pg4nxjg-PUw]_standard",59,1,0,SPEAKER_22,4381.54,99,councillor arroyo thank you council president the finance committee meeting did or i'm sorry the finance committee did meet we had one item on the on the agenda we heard from director of administrative services tina campbell yesterday for the 2025 mid-year budget report overall the city's finances a
C_size1,"City Council Meeting - August 12, 2025 [Pg4nxjg-PUw]_standard",75,0,1,SPEAKER_23,4719.32,209,community planning thank you council president um we reviewed this in committee um a few weeks ago and it was brought forth to today administration resolution 50 2025 authorizing a grant authorizing a ground lease agreement for a sunnyside environmental center we were presented by our solicitor mr h
C_size1,"City Council Meeting - August 12, 2025 [Pg4nxjg-PUw]_standard",76,0,1,SPEAKER_11,4844.02,107,involved the sunny side thank you very much counselor craig i know we have uh director delphs coming uh to to address us this evening i want to thank you for being here in addition to your notes i would also add i think i recall that there was a lot of work done about community benefit for this envi
C_size1,"City Council Meeting - August 12, 2025 [Pg4nxjg-PUw]_standard",77,0,1,SPEAKER_03,4877.94,619,to it but otherwise okay good evening council is that okay yeah that's perfect thank you uh very good and uh thank you councillor craig and president baquet for the questions i'm so pleased to be here to talk about this action and this project here tonight as you know this has been a long time in th
C_size1,"City Council Meeting - August 12, 2025 [Pg4nxjg-PUw]_standard",80,0,1,SPEAKER_27,5212.38,18,comments from the public thank you tony diastra 700 block of new holland avenue i am also looking
C_size1,"City Council Meeting - August 12, 2025 [Pg4nxjg-PUw]_standard",93,0,1,SPEAKER_23,5705.53,28,Craig thank you council president I'm gonna ask that mr. Cohen come and speak on this because my computer died and my notes are in there thank you
C_size1,"City Council Meeting - August 12, 2025 [Pg4nxjg-PUw]_standard",95,0,1,SPEAKER_23,5760.19,34,mentioning too that the building sat for a long period of time over well close to nine years and now it's being revitalized to bring you know to add some beautification to the area
C_size1,"City Council Meeting - August 12, 2025 [Pg4nxjg-PUw]_standard",102,0,1,SPEAKER_20,5956.92,14,data center how amazing is that we're getting something that preserves our environment and
C_size1,"City Council Meeting - August 12, 2025 [Pg4nxjg-PUw]_standard",107,0,1,SPEAKER_18,6144.36,359,comments for this Alexander King 600 block of North Shippen so kind of to play up Tony Dastro's comments I'd like to say parking management in the city is an unmitigated disaster it seems to be a sort of grassroots sort of thing which seems to be the dumbest way to plan anything I've lived in a lot 
C_size1,"City Council Meeting - August 12, 2025 [Pg4nxjg-PUw]_standard",110,0,1,SPEAKER_06,6390.44,673,thank you council president i i want to just echo what we have heard at the last couple council meetings and in conversations that i've been having in the community related to the data centers and just to reaffirm that we hear your concerns about water utilization air quality noise the permitting th
C_size1,"City Council Meeting - August 12, 2025 [Pg4nxjg-PUw]_standard",111,0,1,SPEAKER_11,6650.56,95,update on the man of youth house um these projects take a long time we make these investments we did so a couple years ago so it's nice to get the update in it it's really happening so i appreciate that the next item on the agenda is a report of the president of council i did speak earlier and with 
C_size1,"City Council Meeting - August 26, 2025 [WImQYrQa0EM]",9,0,1,SPEAKER_04,815.41,66,to thank you for making this motion i think as many folks are probably here tonight for i think it's probably long overdue that we start considering um our zoning and what does it mean and how does it reflect the community that we want to build here so i'm looking forward to hearing the recommendati
C_size1,"City Council Meeting - August 26, 2025 [WImQYrQa0EM]",10,1,0,SPEAKER_08,834.69,55,if i may president counselor diaz will there be opportunity for the members of the community to speak against or for um anything that they feel that is not in co basically possibly not in the way they wish to have this um proposal plan be done for the ia data center yes counselor diaz
C_size1,"City Council Meeting - August 26, 2025 [WImQYrQa0EM]",13,0,1,SPEAKER_15,908.68,78,"I'm not necessarily sure about that, because that's going to depend on the process that will be used to make these recommendations and draft the ordinance. I want to stress that it is not specifically about this project. It's about all projects, including theirs. So we do want to address issues abou"
C_size1,"City Council Meeting - August 26, 2025 [WImQYrQa0EM]",14,1,0,SPEAKER_08,941.12,4,That's all I have.
C_size1,"City Council Meeting - August 26, 2025 [WImQYrQa0EM]",22,1,0,SPEAKER_07,1450.0,14,speaker please our first speaker is irene grievous thank you good evening good evening
C_size1,"City Council Meeting - August 26, 2025 [WImQYrQa0EM]",23,0,1,SPEAKER_06,1464.08,358,my name is irene grievous and i'm on the 400 block of west end avenue i am here today to raise an issue that has gone unresolved for four years this prolonged and unexplained condemnation of my property located on 901 manor street this has placed a tremendous amount of burden on me personally and ne
C_size1,"City Council Meeting - August 26, 2025 [WImQYrQa0EM]",54,1,0,SPEAKER_15,3693.54,250,equipment or well I can share what I know specifically related to the AV equipment and maybe just the technological expenses overall you can address but um yes so there there has been money allocated for the av equipment um for this year uh there's a company that we've engaged to make long needed up
C_size1,"City Council Meeting - August 26, 2025 [WImQYrQa0EM]",55,1,0,SPEAKER_14,3775.38,35,add yeah um yeah thanks i will just say too that this is we're actually purchasing the equipment with the grant that we received so it's not coming out of the general operating fund budget
C_size1,"City Council Meeting - August 26, 2025 [WImQYrQa0EM]",61,1,0,SPEAKER_07,3926.8,96,president thank you considering the following applications and recommendations from the Historical Commission for improvements to properties within the Heritage Conservation District first is Kiana Castro owner of 550 hand Avenue proposes construction of an uncovered stoop on the facade of a two-sto
C_size1,"City Council Meeting - August 26, 2025 [WImQYrQa0EM]",70,0,1,SPEAKER_15,4554.42,18,are there any other commenters for this period good evening my name is mick widrick i live just
C_size1,"City Council Meeting - August 26, 2025 [WImQYrQa0EM]",77,1,0,SPEAKER_04,4866.22,324,"Just very briefly, wanted to thank our folks for coming out tonight to continue to advocate for how we want our community to be built in the future and sharing information. Also love the graphics that were also brought up here earlier, so thank you for all your hard work on that. One thing I do wann"
C_size1,"City Council Meeting - February 11, 2025 [JJbmuzCmd6s]_standard",8,1,0,SPEAKER_02,519.22,26,councillor Craig council president this resolution was read into record during the committee meeting last week and I don't feel the need to reread it because
C_size1,"City Council Meeting - February 11, 2025 [JJbmuzCmd6s]_standard",16,1,0,SPEAKER_03,695.13,10,council president the Economic Development Committee did not meet thank
C_size1,"City Council Meeting - February 11, 2025 [JJbmuzCmd6s]_standard",17,1,0,SPEAKER_04,698.73,156,you Finance Committee counselor Arroyo Thank You council president the Finance Committee did meet we had three items on our agenda for that evening we discussed resolution number 1225 amending the supplemental pension plan for city employees and resolution number 1325 exonerating of utility fees exc
C_size1,"City Council Meeting - February 11, 2025 [JJbmuzCmd6s]_standard",34,0,1,SPEAKER_09,1045.73,43,with with this room thank you very much council Hirsch I'll just say whoever figured out that we owned 82% specifically of the road at kudos to them spent a lot of time in GIS I bet yeah any additional council comments on
C_size1,"City Council Meeting - February 11, 2025 [JJbmuzCmd6s]_standard",43,1,0,SPEAKER_04,1210.02,126,through this resolution during our last finance committee meeting we are amending the city of lancaster supplemental pension plan to reflect the correct amount of matching contribution for police officers hired on or after january 1 of 2011. the plan currently incorrectly states that this is a 25 th
C_size1,"City Council Meeting - February 11, 2025 [JJbmuzCmd6s]_standard",49,1,0,SPEAKER_04,1318.33,124,is a resolution that is brought before council on an annual basis it is done because the city tracks water and sewers sewer usage as city properties mostly to detect leaks or unusual usage we don't bill ourselves for this usage the charges are exonerated annually to clear them from the financial acc
C_size1,"City Council Meeting - February 11, 2025 [JJbmuzCmd6s]_standard",55,0,1,SPEAKER_06,1522.2,319,miss geyser do you have anything to add yes thank you thanks for the summary uh the lengthy summary of our long amendments um this evening i just wanted to uh highlight two things um that we are recommending these changes presuming that we will get the 2025 cdbg funding for the city however with the
C_size1,"City Council Meeting - February 11, 2025 [JJbmuzCmd6s]_standard",61,1,0,SPEAKER_08,1779.99,15,She can explain it now. Okay. That's why I'm asking. Great. Just wanna make sure.
C_size1,"City Council Meeting - February 11, 2025 [JJbmuzCmd6s]_standard",63,0,1,SPEAKER_08,1834.58,14,um you want to reassess and make changes for what for what you're reassessing
C_size1,"City Council Meeting - February 11, 2025 [JJbmuzCmd6s]_standard",81,1,0,SPEAKER_07,2179.13,373,the mayor mayor sir thank you council president first i'm pleased to share that the city of lancaster along with the school district of lancaster was awarded 74 000 by the pennsylvania commission on crime and delinquency the state grant will allow a school district and partners to research and desig
C_size1,"City Council Meeting - February 11, 2025 [JJbmuzCmd6s]_standard",83,1,0,SPEAKER_03,2325.55,111,i just wanted to report back to the members of council that the government study transition committee did meet on january 29th and went over the purview of our work which is to make sure and ensure the transition to a homework charter moves in a timely manner with both the administrative code and th
C_size1,"City Council Meeting - July 22, 2025 [Y4mI4udbAfM]",12,0,1,SPEAKER_26,1854.22,16,evening we will move our next speaker is Amy Ernst good evening my name is Amy
C_size1,"City Council Meeting - July 22, 2025 [Y4mI4udbAfM]",16,0,1,SPEAKER_26,2143.71,192,mr. Tolan just for clarification and I appreciate your words the information was provided at my report at the top of the meeting was a way to disseminate the information that was given at the press event earlier tonight um not necessarily a a judgment statement but the factual information that was s
C_size1,"City Council Meeting - July 22, 2025 [Y4mI4udbAfM]",31,0,1,SPEAKER_25,3220.95,522,next speaker next speaker is Ann Torres good evening hi my name is Ann Torres I live in lettuce but I work in Lancaster years back my friend had a baby through IVF they finally had their baby but over time they noticed that he was having issues breathing in and out of hospitals extensive stays but n
C_size1,"City Council Meeting - July 22, 2025 [Y4mI4udbAfM]",38,0,1,SPEAKER_13,3704.84,50,council while uh council president if i may while we're getting the technology situated mayor srachi um i i want to just acknowledge the work of the department of public works in preparing for council the first ever capital plan to be presented this is one of the requirements that
C_size1,"City Council Meeting - July 22, 2025 [Y4mI4udbAfM]",50,0,1,SPEAKER_21,4929.16,30,that we would be at risk of losing at this point all the grants that are shown there we're under contract for so I don't anticipate any change there thank
C_size1,"City Council Meeting - July 22, 2025 [Y4mI4udbAfM]",64,1,0,SPEAKER_22,6235.04,246,the unfunded category can you talk a little bit more about that yes um there were some assumptions made and this is a combination of upgrades that we might need to make in our separate sewer areas these this is a placeholder because we don't know yet what those might be the other thing the other sor
C_size1,"City Council Meeting - July 22, 2025 [Y4mI4udbAfM]",66,1,0,SPEAKER_01,6349.53,69,council president just had a brief question on the trees for people program and i understand that that's going forward over the next couple years into 2028 can you just reiterate what the what the goal is as far as like number of trees planted over the next three years and then if you happen to have
C_size1,"City Council Meeting - July 22, 2025 [Y4mI4udbAfM]",67,0,1,SPEAKER_22,6375.32,215,sure um i'm trying to do some fast math in my head here i know that through a half a million dollars in arpa funding that the city received through the lancaster clean water partners we are installing about 380 new street trees this year we are i think we're about halfway through that target so prob
C_size1,"City Council Meeting - July 22, 2025 [Y4mI4udbAfM]",73,0,1,SPEAKER_22,7204.92,222,yes so the water street sewer separation will be built ahead of the water street bike boulevard project that cindy spoke about these this will remove approximately 40 acres of impervious drainage that is today going into the angle side sewer shed which is the city's largest combined sewer system and
C_size1,"City Council Meeting - July 22, 2025 [Y4mI4udbAfM]",74,0,1,SPEAKER_26,7307.76,121,there as well thank you for that context that's exactly the kind of kind of connection i was hoping to make with that question and then my second question is um the last line on the first uh slide the last one on the list annual escrow special and emergency improvements so obviously we have to put s
C_size1,"City Council Meeting - July 22, 2025 [Y4mI4udbAfM]",77,0,1,SPEAKER_30,7412.26,37,counselor colleagues Thank You madam president and thank you for the presentation and I'm not sure who would answer this question and how is the department working to minimize the cost of those projects we can we
C_size1,"City Council Meeting - July 22, 2025 [Y4mI4udbAfM]",84,0,1,SPEAKER_26,7763.36,16,are things that get delayed thank you so now I'd like to talk about our water
C_size1,"City Council Meeting - July 22, 2025 [Y4mI4udbAfM]",89,1,0,SPEAKER_28,8663.68,38,while the public makes their way up sure if i may just wanted to express my gratitude to the public work scene for putting this presentation together and uh clearly for all the work that you guys do
C_size1,"City Council Meeting - July 22, 2025 [Y4mI4udbAfM]",93,0,1,SPEAKER_07,8785.04,25,plan specifically good evening good evening Taylor Raymond 500 block of st. Joseph Street is this presentation going to be available on the website that's
C_size1,"City Council Meeting - July 22, 2025 [Y4mI4udbAfM]",117,0,1,SPEAKER_06,9868.24,338,you'll say that you'll do though much concern but not involved with decisions that are made by you but we are sick and tired of hearing your song telling how you are gonna change right from wrong cuz if you really want to hear our views you haven't done nothing and that's the case here we have an op
C_size1,"City Council Meeting - June 10, 2025 [PqPxK5dVghI]_standard",20,1,0,SPEAKER_11,1355.13,455,great honor to be able to introduce this um resolution of june king for the last few years um so i'm going to read the resolution as it's as it is has been written the road road to freedom has been arduous for africans and the important work of equality continues today and historically historically 
C_size1,"City Council Meeting - June 10, 2025 [PqPxK5dVghI]_standard",28,0,1,SPEAKER_10,1826.26,66,to see tony dash's 700 block new holland avenue i'm also glad to see this uh because i mean this can be said about the first resolution as well with the net with the federal government turning over everything trying to erase people from our country removing transgender individuals from the military 
C_size1,"City Council Meeting - June 10, 2025 [PqPxK5dVghI]_standard",50,0,1,SPEAKER_04,2645.1,122,um counselor craig i would agree with you i thought mr salt was uh particularly well well suited for this position um and he was also among all the applicants affirmed um that they are residents of the city that they had not held any political position uh political action committee position uh in th
C_size1,"City Council Meeting - June 10, 2025 [PqPxK5dVghI]_standard",53,0,1,SPEAKER_11,2719.98,93,yeah i just i just wanted to hear her counselor craig if you wish sure um his work with um fair trade and his work with the 10 000 villages and what he does what i mean he's been a ton of places where he has been in control of and in charge of helping people sell different products in their own coun
C_size1,"City Council Meeting - June 10, 2025 [PqPxK5dVghI]_standard",70,1,0,SPEAKER_14,2987.77,182,motioning and seconding counselor Hirsch I was you know impressed with Erica's background in the legal world and this particularly I was impressed by a story she told him which she talked about a time where she kind of had to admit that she made a mistake but felt better about bringing that to light
C_size1,"City Council Meeting - June 10, 2025 [PqPxK5dVghI]_standard",71,0,1,SPEAKER_04,3055.55,110,are really valuable thank you very much council hirsch i would also add that i i want to say that all five of the the folks that came in before council i was very impressed with and i think that we had a number of great nominees and so the selection of three is by nature of what we're required to do
C_size1,"City Council Meeting - June 10, 2025 [PqPxK5dVghI]_standard",84,0,1,SPEAKER_04,3494.8,37,thank you counselor craig to clarify i think the architects and the firm was here they mentioned airbnb but it was an airbnb style hotel yes thank you so not a licensed airbnb no correct and and
C_size1,"City Council Meeting - June 10, 2025 [PqPxK5dVghI]_standard",95,0,1,SPEAKER_07,3657.94,29,the city of lancaster approving the juneteenth flag raising on june 19 2026 to acknowledge the emancipation of african americans brought forth by the national association for the advancement
C_size1,"City Council Meeting - June 10, 2025 [PqPxK5dVghI]_standard",102,0,1,SPEAKER_04,3771.05,34,questions they can ask her thank you rebecca good evening and thank you for being with us at our committee meeting to thoroughly review the action plan if you have anything additional to add
C_size1,"City Council Meeting - June 10, 2025 [PqPxK5dVghI]_standard",105,0,1,SPEAKER_04,3803.5,88,very much any additional council comments on the action plan i'll just say rebecca you and your team have put together it always amazes me how your team puts together this plan with a little less every year but still manages to do just as much if not more every single year so your creativity and you
C_size1,"City Council Meeting - June 10, 2025 [PqPxK5dVghI]_standard",107,1,0,SPEAKER_14,3848.57,90,counselor any additional council comments council president thank you um just want to echo my comment that i made at the committee meeting which is that um this pot of money can be allocated to a lot of different things um you know know this from my background uh working at the county level with the
C_size1,"City Council Meeting - June 10, 2025 [PqPxK5dVghI]_standard",111,1,0,SPEAKER_04,4005.4,86,questions thank you miss Grievous to answer your question a couple things the critical repair program isn't comprised of millions of dollars it's a few hundred thousand dollars the many of the programs within this budget are for owner-occupied dwellings and if there is a tenant the landlord is requi
C_size1,"City Council Meeting - June 10, 2025 [PqPxK5dVghI]_standard",113,0,1,SPEAKER_10,4188.98,28,resolution mr. Dastra 700 block New Holland Avenue I just want to thank mr. Arroyo for being transparent about the refusal and I look forward to seeing the
C_size1,"City Council Meeting - June 10, 2025 [PqPxK5dVghI]_standard",119,0,1,SPEAKER_03,4396.64,254,comment period and I just wanted to add the Spanish interpreter that was here for a translation should have been translating via is this being recorded I'm not sure if it's if it's being recorded she should have been used because she was asked to come for the spanish-speaking people in Lancaster cit
C_size1,"City Council Meeting - May 27, 2025 [vexHgMfzvKE]_standard",1,1,0,SPEAKER_08,120.5,17,who are willing and able please rise for the pledge of allegiance mr harris would you please
C_size1,"City Council Meeting - May 27, 2025 [vexHgMfzvKE]_standard",21,0,1,SPEAKER_12,1444.22,16,thank you for having me sorry about me being the one conflict we make it work
C_size1,"City Council Meeting - May 27, 2025 [vexHgMfzvKE]_standard",26,0,1,SPEAKER_12,1645.96,159,understand that at the end of the day we we all have biases but those do need to be kept at home and that's the same same thing at work as well so for instance I don't believe in any like you know any form of censorship as a librarian that is in our entire code of ethics it's it's you know it's a fo
C_size1,"City Council Meeting - May 27, 2025 [vexHgMfzvKE]_standard",28,1,0,SPEAKER_17,1699.6,37,president and hello good evening it's very nice to see you again could you tell us about a time when you had an ethical dilemma and how you solved it yeah so um let me think here
C_size1,"City Council Meeting - May 27, 2025 [vexHgMfzvKE]_standard",29,0,1,SPEAKER_12,1713.85,143,"I would say, actually, it came down, my previous job, I worked at another library before this one, I was out at E-Town, and we had a lot of books that were propaganda, you might say, anti-trans, with dubious medical information in them, but they were circulating, some of the patrons in that area wer"
C_size1,"City Council Meeting - May 27, 2025 [vexHgMfzvKE]_standard",31,0,1,SPEAKER_12,1787.1,95,have not I've been working on my schooling the last few years and before that we were running a business so this is kind of the first time I've had any of the free time if you will to engage in something like this and I feel like this would be a great place to do it because I love this community I l
C_size1,"City Council Meeting - May 27, 2025 [vexHgMfzvKE]_standard",38,0,1,SPEAKER_12,1946.84,176,build trust in the community I think it's everything I I think if you see you know the people that you voted for if you see them engaging in things that are that are dishonest if you see them kind of not standing up for the little guy sometimes not that I'm saying anyone's doing that by the way that
C_size1,"City Council Meeting - May 27, 2025 [vexHgMfzvKE]_standard",43,1,0,SPEAKER_08,2330.88,18,file and not a sharepoint link that we could access or a pdf or something like that just
C_size1,"City Council Meeting - May 27, 2025 [vexHgMfzvKE]_standard",53,0,1,SPEAKER_09,3945.58,164,"Thank you very much to all of you for all of your amazing work. Yes, a huge round of applause to you and your entire team and tell Craig thank you as well. I just wanted to say that I remember I was just coming on to council when the grant came to us in 2019. I remember us, if I remember correctly, "
C_size1,"City Council Meeting - May 27, 2025 [vexHgMfzvKE]_standard",55,1,0,SPEAKER_17,4039.46,15,that's a Craig yeah I just want to say piggyback on what councillor has said
C_size1,"City Council Meeting - May 27, 2025 [vexHgMfzvKE]_standard",64,1,0,SPEAKER_16,4364.18,167,reviewed this at committee and at our previous meeting uh good evening city council mayor members of the public um thank you councillor craig i i think that was an excellent summary i i really don't have very much to add i know as a bill this is the second reading before council we also addressed it
C_size1,"City Council Meeting - May 27, 2025 [vexHgMfzvKE]_standard",80,1,0,SPEAKER_04,4719.88,12,comments on the resolution counselor royal counselor thank you council president um
C_size1,"City Council Meeting - September 9, 2025 [H5Gp_GuYYYg]_standard",11,1,0,SPEAKER_12,699.22,24,"You can use either one of the mics there, Zaira, thank you, and you may just have to turn it on with the button."
C_size1,"City Council Meeting - September 9, 2025 [H5Gp_GuYYYg]_standard",15,0,1,SPEAKER_03,1184.69,49,"Thank you so much for your presentation this evening and highlighting the work of the Language Access Program. It's really vital to ensuring that everyone has access to city services. and just excited to recognize Welcoming Week September 12th through the 21st. Councilors, any questions or comments?"
C_size1,"City Council Meeting - September 9, 2025 [H5Gp_GuYYYg]_standard",18,0,1,SPEAKER_03,1279.45,56,doing thank you any other council comments on the resolution comments from the public on the resolution as you may be the first person you may need just to flip it on perfect all right thank you can you hear me okay yeah thank you of course my name is rachel helwig i'm the associate director
C_size1,"City Council Meeting - September 9, 2025 [H5Gp_GuYYYg]_standard",32,0,1,SPEAKER_03,1714.88,84,on this resolution thank you very much councilor hirsch i appreciate you bringing this to our attention and the explanation that you provided both here and writing to counselors so we had a full understanding of what's been going on are there any additional council comments on the resolution from th
C_size1,"City Council Meeting - September 9, 2025 [H5Gp_GuYYYg]_standard",38,0,1,SPEAKER_09,2121.08,20,this period we do have a president next is irene bravis thank you good evening um i am here again
C_size1,"City Council Meeting - September 9, 2025 [H5Gp_GuYYYg]_standard",44,0,1,SPEAKER_03,3293.51,72,the building thank you so much it's it's always nice to hear about opportunities for spaces where people can just exist without the expectation to spend any money because we don't have any of those besides the library and that's why it's so valuable so thank you for that counselors any questions or 
C_size1,"City Council Meeting - September 9, 2025 [H5Gp_GuYYYg]_standard",47,0,1,SPEAKER_10,3382.93,146,remember we had a little incident last march with uh story hour and i want to say that although it was horrible as we went through it it has brought the staff together the silver lining is we all realized what the mission and vision were and work very hard now to stay within that and to be welcoming
C_size1,"City Council Meeting - September 9, 2025 [H5Gp_GuYYYg]_standard",75,1,0,SPEAKER_03,3972.78,203,director campbell thank you and i just want to say to director campbell and director stephen campbell as well because i know they've worked closely together on this that i'm incredibly proud that we have this capital budget in front of us it's really it's kind of a momentous thing and i'm glad that 
C_size1,"City Council Meeting - September 9, 2025 [H5Gp_GuYYYg]_standard",97,0,1,SPEAKER_10,4667.89,103,good at I would make it very simple and say numbers of attendees and the feedback from the community our programming has jumped year after year since we've moved so that's three years but it we are keeping the programs that the community comes come and and participate in and after a while we let go 
C_size1,"City Council Meeting - September 9, 2025 [H5Gp_GuYYYg]_standard",100,0,1,SPEAKER_10,4757.08,223,"IN A VARIETY OF WAYS. AGAIN, COMING IN AND USING TECHNOLOGY FOR FREE. WHEN WE WERE IN THE BUILDING THAT WAS ACROSS THE STREET, WE HAD 12 PUBLIC COMPUTERS AND MAYBE IN THE LAST YEAR that we were there there were people one or two people at them immediately upon moving we have 16 that are always alway"
C_size1,"Planning Commission Meeting - September 3, 2025 [5PuBv9zFX3I]_standard",8,0,1,SPEAKER_02,1281.57,52,hi just a couple questions how old is the existing store that's on the site and i was wondering if you possible just to briefly summarize um how the current the new store differs from the current one is it going to be like a larger store does it have more pumps
C_size1,"Planning Commission Meeting - September 3, 2025 [5PuBv9zFX3I]_standard",32,0,1,SPEAKER_02,2014.11,31,there's a 18th century building that's part of their project as part of that minor plan does that include making sure that they're maintaining that structure to ensure it doesn't deteriorate
C_size1,"Planning Commission Meeting - September 3, 2025 [5PuBv9zFX3I]_standard",33,0,1,SPEAKER_07,2024.85,58,over the two-year period that's a great question i don't think that that is part of the minor plan but it is on their property and so they would i mean as just part of it being your own parcel you would have to you would have to maintain it right so what can the public expect if
C_size1,"Planning Commission Meeting - September 3, 2025 [5PuBv9zFX3I]_standard",35,0,1,SPEAKER_07,2055.31,72,the land and so it would be you know for them to determine what was going to happen with the land because whether or not the mosaic land development goes there willow valley owns the land right and so it it would just be kind of a redetermination they probably my guess is that they would either resu
C_size1,"Planning Commission Meeting - September 3, 2025 [5PuBv9zFX3I]_standard",36,0,1,SPEAKER_08,2080.58,32,okay assumption so i just want to make sure so the plan that's currently in place would expire and they'd need to go through the whole process again if they if the
C_size1,"Planning Commission Meeting - September 3, 2025 [5PuBv9zFX3I]_standard",37,0,1,SPEAKER_07,2093.97,42,the minor the minor plan they're in they have to abide by that for the two years and at the end they have to either tell us when they're going to build or provide us with a new plan okay thank you
C_size1,"Planning Commission Meeting - September 3, 2025 [5PuBv9zFX3I]_standard",45,1,0,SPEAKER_03,2258.78,47,finalized our comments yet but even with it being tabled twice I'm not sure if they'll be able to get to a point where it would be able to be approved conditionally within that time frame so you can take a vote or you can table it
C_size1,"Planning Commission Meeting - September 3, 2025 [5PuBv9zFX3I]_standard",58,0,1,SPEAKER_00,2647.11,83,zoning hearing board and it seems that the city in this case believes that the Planning Commission's purpose for basically our position would make more sense if we worked in tandem with what City Council produces and have them essentially as the lead does that sound what they're essentially saying C
C_size1,"Planning Commission Meeting - September 3, 2025 [5PuBv9zFX3I]_standard",68,1,0,SPEAKER_02,3260.53,310,i mean i think it needs to be something that we continue just again just just to be able to provide information to the public about what the city is doing i mean i think as uh lauren and as staff has already uh shared there there are irons in the fire um that the city is has responded to public inpu
C_size1,"Planning Commission Meeting - September 3, 2025 [5PuBv9zFX3I]_standard",71,0,1,SPEAKER_00,3424.8,233,I would like to even though we don't have 75 people in attendance today to talk about it I would like just to note it so that is somehow on a record that we did receive the memo today as was stated before literally right before the meeting and the third paragraph of it in case the memo is not made p
C_size1,"Planning Commission Meeting - September 3, 2025 [5PuBv9zFX3I]_standard",75,0,1,SPEAKER_08,3590.75,134,process no I mean no I think a memo still would be good like summarizing but to the point that there is a resident who has their own case to make before the zoning hearing board the original documentation and for two reasons one them having that to reflect on is like this is what it was not a summar
C_size1,"Planning Commission Meeting - September 3, 2025 [5PuBv9zFX3I]_standard",76,0,1,SPEAKER_07,3648.64,14,receive I guess I'm just unclear of what materials exactly you would like to
C_size1,"Planning Commission Meeting - September 3, 2025 [5PuBv9zFX3I]_standard",78,0,1,SPEAKER_02,3671.31,57,it as a body i would i would say just receive in memo form a written summary of the process that was used to make the determination by the zoning officer is that is that like kind of a level because i can appreciate that there needs to be a level of specificity to make our request
C_size1,"Planning Commission Meeting - September 3, 2025 [5PuBv9zFX3I]_standard",80,0,1,SPEAKER_07,3784.5,173,there's no stack of papers i mean again and i don't and i don't mean to simplify but this was a decision that was made by a person in their job in their official capacity this is what his profession is as a zoning officer yes there were alternatives absolutely so he could have chosen to use this at 
C_size1,"Planning Commission Meeting - September 3, 2025 [5PuBv9zFX3I]_standard",83,0,1,SPEAKER_05,3992.67,105,reporter and all of this are we able to add um an exception to that that the dates with it that are noted within this memo will be clearly communicated to the public so their opportunity to participate is easy enough for everybody to understand like i want everybody who was here two weeks ago to kno
C_size1,"Planning Commission Meeting - September 3, 2025 [5PuBv9zFX3I]_standard",88,0,1,SPEAKER_02,4131.46,241,very briefly just to clarify I think some of my earlier comments and questions that my only purpose really to suggest some of the things we talked about was really in the interest of public education I certainly did not want to give the impression that was in any way trying to undermine the credibil
C_size1,"Planning Commission Meeting - September 3, 2025 [5PuBv9zFX3I]_standard",92,1,0,SPEAKER_09,4257.86,23,so like so do you mind if i i don't want i don't want to get away from my head um i appreciate
C_size1,"Planning Commission Meeting - September 3, 2025 [5PuBv9zFX3I]_standard",98,0,1,SPEAKER_07,4560.23,114,occur I would also add to that that we have residences online that are not filling and so I think that there's also right and so right so but it's kind of like a circular domino effect right because if they're they're not filling so they're not building more it depends on what the builder wants to b
C_size1,"Planning Commission Meeting - September 3, 2025 [5PuBv9zFX3I]_standard",99,0,1,SPEAKER_05,4624.22,96,"waiting game yeah and I'll close with one final statement I think it would be great as a group to kind of come back and maybe huddle up I don't know what you want to call it on the comprehensive plan it's just been a while since I I think we've kind of discussed the goals, objectives, and I think ju"
C_size1,"Planning Commission Meeting - September 3, 2025 [5PuBv9zFX3I]_standard",100,0,1,SPEAKER_12,4654.39,207,"All right, and I also have my final statement. I do, I wanna just, you know, I think it's good that we're holding off on the hearing. I think it's good that we're keeping the data center as an agenda item, and I think we should revisit the idea of requesting a memo. mean i don't think it is i don't "
D_size5,"City Council Committee Meeting - February 3, 2025 [aHT_ba_YwG8]",5,1,0,SPEAKER_10,491.94,138,you mr. vice president the personal committee has two items on the agenda but the first item is a push to back to the next committee meeting and the second item is the nomination for reappointment to the city revitalization and Improvement Zone Authority Shelby Norman. She currently serves on the bo
D_size5,"City Council Committee Meeting - February 3, 2025 [aHT_ba_YwG8]",21,0,1,SPEAKER_12,1344.78,77,because of it thank you for presentation director Campbell I'm sure we'll get more to this in the March meeting in the first and second reading but can you just talk a little bit about the timeline of some of these projects and compared to the distribution of some of the funds through the disburseme
D_size5,"City Council Committee Meeting - February 3, 2025 [aHT_ba_YwG8]",24,0,1,SPEAKER_12,1616.15,43,"That helps a lot. And just my follow-up question is, given that these are some of the first three-year plans, are we confident in our ability to service the whole debt, given the need for additional bonds after the planning or design phase?"
D_size5,"City Council Committee Meeting - February 3, 2025 [aHT_ba_YwG8]",48,0,1,SPEAKER_10,2469.77,33,"Thank you, Constable Hirsch. Thank you, Dr. Campbell, for the presentation. What would be the role of the city in those projects? Will the city be involved in ongoing oversight of those projects?"
D_size5,"City Council Committee Meeting - February 3, 2025 [aHT_ba_YwG8]",64,1,0,SPEAKER_02,3591.11,43,around the 2026 23rd plan wonderful just a quick comment I'll say from voting on this item just because the organization that I work for assets is listed as an organization in the action plans same from voting thank you are there any
D_size5,"City Council Committee Meeting - February 3, 2025 [aHT_ba_YwG8]",67,1,0,SPEAKER_01,3631.16,20,that we have good question the only funding that i saw that went to the shelters was from 2021 that
D_size5,"City Council Committee Meeting - February 3, 2025 [aHT_ba_YwG8]",71,1,0,SPEAKER_07,3808.62,15,so so you're looking at probably repairing what three houses with that particular money depends
D_size5,"City Council Committee Meeting - March 3, 2025 [qEcut0Mpq30]",5,1,0,SPEAKER_14,301.99,99,councillor colleagues thank you madam president the personal committee has two items on the agenda for tonight the first item is the nomination of Stephen gross for appointment to the city revitalization and improvement zone authority mr groff is nominated due to his experience and a pair request of
D_size5,"City Council Committee Meeting - March 3, 2025 [qEcut0Mpq30]",10,0,1,SPEAKER_16,528.0,33,"Councillor Collins. Thank you, Mr. Grouch, for taking our questions and your willingness to serve. How can we use CRITS to help promote economic development and equitable economic development here in the city?"
D_size5,"City Council Committee Meeting - March 3, 2025 [qEcut0Mpq30]",28,0,1,SPEAKER_16,2157.1,61,point does that am I saying that accurately enough okay if you can talk a little bit about the budgetary impact in the individual funds and how from a budget from a financial planning and you know for the next five years how are these budgetary impacts also being looked at from a planning side yeah 
D_size5,"City Council Committee Meeting - March 3, 2025 [qEcut0Mpq30]",33,1,0,SPEAKER_09,2332.9,157,question um could perhaps go to either director campbell although um it's just a very general question and it is some of the projects that are listed in this i know are are not maintenance but they're extending the useful life of the assets so they're almost like rehabilitation and not repair so to 
D_size5,"City Council Committee Meeting - March 3, 2025 [qEcut0Mpq30]",63,1,0,SPEAKER_09,3936.94,108,i spoke right when i see this presentation it's it's a it's it's wonderful in so many ways you note I feel like I see street treats as something that if the city invests in in the short term has huge long-term benefits in so many different ways and the fact that you all are engaging the community in
D_size5,"City Council Committee Meeting - March 3, 2025 [qEcut0Mpq30]",64,1,0,SPEAKER_05,3979.16,90,thank you for the presentation this evening it's nice to meet you uh officially uh thank you could you speak a bit about i know that there are probably some residents who have uh have had bad experiences with street trees in the past and uh could you speak to ways that this new plan addresses concer
D_size5,"City Council Committee Meeting - March 3, 2025 [qEcut0Mpq30]",65,1,0,SPEAKER_07,4011.4,490,in kind of two different ways uh the first one is process uh especially since i started i've been working with um various people within the city to make sure that we have a a good effective process for addressing these concerns like when a tree branch comes down or when someone needs to have assista
D_size5,"City Council Committee Meeting - March 3, 2025 [qEcut0Mpq30]",66,1,0,SPEAKER_06,4176.38,95,good way any other question or comment from in regards to replacing some of trees do you have like specific trees that you might have found that they're disease that need removal is there any issues I mean I know one particular one that has not been removed and it's causing especially when the wind 
D_size5,"City Council Committee Meeting - March 3, 2025 [qEcut0Mpq30]",72,1,0,SPEAKER_06,4389.29,69,"Is there any type of metrics or studies or any type of research that shows a particular tree or trees in general that have more susceptibility of becoming disease? I'm sure that there are particular ones, but I'm familiar only with a few trees. I'm not, I have allergies around this season, so trust "
D_size5,"City Council Committee Meeting - March 3, 2025 [qEcut0Mpq30]",79,1,0,SPEAKER_13,4817.04,85,to this resolution good evening thank you um this resolution is related to the sewage facilities plan i'm sure you guys are all familiar with having to pass these um this project is um making sure I have the right is for a single building that is going to be turned into four apartments. So right now
D_size5,"City Council Committee Meeting - March 3, 2025 [qEcut0Mpq30]",84,0,1,SPEAKER_16,5176.51,15,happy happy to do that as well with the timeline of the project thank you
D_size5,"City Council Committee Meeting - March 3, 2025 [qEcut0Mpq30]",95,1,0,SPEAKER_05,5473.62,38,much. Do we have a context of the cost for retaining special counsel for a variety of we know that we do this for a variety of reasons. Do you have an idea of a cost of this?
D_size5,"City Council Committee Meeting - March 3, 2025 [qEcut0Mpq30]",106,1,0,SPEAKER_10,5645.64,10,Roya hi mr. Glees hi miss Diaz mr. Hershey hi
D_size5,"City Council Committee Meeting - September 2, 2025 [bNf9xj20-xg]_standard",15,1,0,SPEAKER_07,1749.97,35,later date for the presentation um a couple questions uh with this being short-term financing is the rate variable or is this a fixed rate i see here there's a five percent yeah that's an
D_size5,"City Council Committee Meeting - September 2, 2025 [bNf9xj20-xg]_standard",41,0,1,SPEAKER_12,2361.58,18,but how far is the bump out i guess that's the question yeah thank you councillor hirsch that
D_size5,"City Council Committee Meeting - September 2, 2025 [bNf9xj20-xg]_standard",44,1,0,SPEAKER_10,2676.5,595,the explanation good evening thank you for taking the opportunity to hear what i have to say tonight so anchor lancaster is a non-profit that works with the homeless and low income here in lancaster city right now we are our program is housed inside of first united methodist church we've been rentin
D_size5,"City Council Committee Meeting - September 2, 2025 [bNf9xj20-xg]_standard",49,1,0,SPEAKER_13,3034.4,5,"If I may, Councilor Craig?"
D_size5,"City Council Committee Meeting - September 2, 2025 [bNf9xj20-xg]_standard",54,1,0,SPEAKER_11,3066.84,48,worth mentioning thank you thank you can I just add to you I believe the total project is about 1.6 million is that is that correct at least that's what my notes are saying so a little bit more is what I'm saying no it is it's actually
D_size5,"City Council Committee Meeting - September 2, 2025 [bNf9xj20-xg]_standard",55,1,0,SPEAKER_10,3082.38,47,two and a half to three million yes for the day center alone to to put the wall up and lower the ceiling a little bit and put in the unit for heating and cooling is about a hundred and forty thousand thank you are there any
D_size5,"City Council Committee Meeting - September 2, 2025 [bNf9xj20-xg]_standard",62,0,1,SPEAKER_16,3417.3,38,thank you so much i do have a question for you would this be with the grants would that be in addition to the FEMA grants as well or is that all combined so there used to be
D_size5,"City Council Committee Meeting - September 2, 2025 [bNf9xj20-xg]_standard",67,0,1,SPEAKER_08,3539.68,34,planning to work with the neighboring county i just wanted to make sure that the work that we're doing would cover any outside third party that is coming in and absolutely so they're currently
D_size5,"City Council Committee Meeting - September 2, 2025 [bNf9xj20-xg]_standard",73,1,0,SPEAKER_16,3637.87,18,received any response from you or or the chief but you're welcome to bring that forward uh please
D_size5,"City Council Committee Meeting - September 2, 2025 [bNf9xj20-xg]_standard",91,1,0,SPEAKER_02,4355.28,48,public why people can't do this already I mean like what about this bill makes this it people able to do it doesn't you know like why why do we need this bill so that people can do this is it federal federally not allowed state not allowed
D_size5,"City Council Meeting - April 29, 2025 [5N3AIQLoNPU]_standard",11,0,1,SPEAKER_10,1670.43,145,"Folks in the room, please. But where we do need that accountability from her, and yes, from our mayor, and from you, because you had your own issues like everybody else. So, where we do need accountability, let's not get lost in what actually brought us here. An attack on our youth, our black and br"
D_size5,"City Council Meeting - April 29, 2025 [5N3AIQLoNPU]_standard",13,1,0,SPEAKER_10,1736.19,91,everyone will get there and the new mayor takes Deneen seat I pray that this community that's worried about all the wrong things learns how to make bike policy accessible and prioritizes our children because I came in here for one specific reason and y'all turned it into this Janet show so while the
D_size5,"City Council Meeting - April 29, 2025 [5N3AIQLoNPU]_standard",31,0,1,SPEAKER_04,2451.1,19,next speaker is uh david miller glick of the first block of paper street thank you good evening mr
D_size5,"City Council Meeting - April 29, 2025 [5N3AIQLoNPU]_standard",56,0,1,SPEAKER_10,3934.58,156,Jessica Lopez the felon with less felonies than our president huh so let me start by reminding you right that for the last five years I've been here more than every single one of yous in this room so we're user thick today I hope yous are thick in two weeks and I hope you're thick weeks after that b
D_size5,"City Council Meeting - April 29, 2025 [5N3AIQLoNPU]_standard",58,1,0,SPEAKER_10,3989.51,218,will have order in the room now this is the problem because comments that she made opened the door for a white man to sit here and tell a black woman to take off her headdress so i'm the problem i'm the problem apparently and not the person who took an oath to stand for every single body not just th
D_size5,"City Council Meeting - April 29, 2025 [5N3AIQLoNPU]_standard",94,1,0,SPEAKER_00,5922.82,160,"In regards to the meeting tonight and what was discussed here, I'm disappointed and I'm frustrated by what I saw, and that's all I'm gonna say, because I think it does come down to whether the individuals of the public respect each other enough to let each other speak. And I am frustrated that that "
D_size5,"City Council Meeting - August 12, 2025 [Pg4nxjg-PUw]_standard",11,0,1,SPEAKER_18,1220.72,277,"shipping street and i've been reading about the data center uh projects for lancaster city with with increasing alarm in the newspaper. My, Memphis was mentioned previously, my son lives in Memphis, goes to college there, and he's been telling me some real horror stories about how data centers in th"
D_size5,"City Council Meeting - August 12, 2025 [Pg4nxjg-PUw]_standard",24,0,1,SPEAKER_24,2312.0,236,our next speaker mr harris is dan weigel good evening uh dan weigel uh clarendon drive um as you may have noticed there's a petition going around um there's a petition going around in our community about the data center we have hundreds of signatures on it it's been in the news obviously this is a b
D_size5,"City Council Meeting - August 12, 2025 [Pg4nxjg-PUw]_standard",28,1,0,SPEAKER_24,2460.98,38,to you sitting up front i turn the question on you do you hear us and are you with us please raise your hands a bit higher please everyone on city council mayor sirachi do you hear us
D_size5,"City Council Meeting - August 12, 2025 [Pg4nxjg-PUw]_standard",35,1,0,SPEAKER_11,2607.14,7,"Good evening. Good evening, everyone. Thank you."
D_size5,"City Council Meeting - August 12, 2025 [Pg4nxjg-PUw]_standard",48,1,0,SPEAKER_02,3672.96,362,"Next speaker is Frank Arcoglio. Good evening. Arcoglio. Frank Arcoglio, Old Trinity Place. So at the last council meeting, I asked the great Watergate question, which is, what did you know, and when did you know it? Well, I think I've got some answers. The planning commission had no idea. They had t"
D_size5,"City Council Meeting - August 12, 2025 [Pg4nxjg-PUw]_standard",50,0,1,SPEAKER_29,3850.6,385,uh tony dash's 700 block in new holland avenue so what i signed up to talk about was actually parking um but i'm going to connect these two issues because you have some issues that web out over time the city has a parking issue it depends on how you look at it in what perspective that issue is maybe
D_size5,"City Council Meeting - August 12, 2025 [Pg4nxjg-PUw]_standard",53,0,1,SPEAKER_11,4023.93,27,"and then may I also have you start with your block of residence? Thank you, oh, I'm sorry. So I'm in the 100 block of North Main."
D_size5,"City Council Meeting - August 12, 2025 [Pg4nxjg-PUw]_standard",58,1,0,SPEAKER_21,4377.06,14,you council president the economic development committee did not meet thank you finance committee
D_size5,"City Council Meeting - August 12, 2025 [Pg4nxjg-PUw]_standard",59,1,0,SPEAKER_22,4381.54,99,councillor arroyo thank you council president the finance committee meeting did or i'm sorry the finance committee did meet we had one item on the on the agenda we heard from director of administrative services tina campbell yesterday for the 2025 mid-year budget report overall the city's finances a
D_size5,"City Council Meeting - August 12, 2025 [Pg4nxjg-PUw]_standard",63,0,1,SPEAKER_00,4439.08,55,committee met last evening august 11 and reviewed the appointments to the downtown investment district already and a board of plumbing examiners and the committee also reviewed re-appointments to the sign commission public art advisory board higher education authority and the board of plumbing exami
D_size5,"City Council Meeting - August 12, 2025 [Pg4nxjg-PUw]_standard",78,1,0,SPEAKER_11,5131.94,120,highlighting all of those all the pieces that it took to get us to this time I I know I am personally extremely excited for this development on Sunnyside a long dormant area in the city development has been difficult to crack and I am appreciative that this includes an element of preserving the natu
D_size5,"City Council Meeting - August 12, 2025 [Pg4nxjg-PUw]_standard",80,0,1,SPEAKER_27,5212.38,18,comments from the public thank you tony diastra 700 block of new holland avenue i am also looking
D_size5,"City Council Meeting - August 12, 2025 [Pg4nxjg-PUw]_standard",87,0,1,SPEAKER_12,5564.02,146,thank you council president this resolution authorizes a routine update to our memorandum of understanding with the lancaster county conservation district the changes being made are primarily administrative in nature including minor word changes uh and allowing lccd to provide documents online and o
D_size5,"City Council Meeting - August 12, 2025 [Pg4nxjg-PUw]_standard",103,1,0,SPEAKER_19,5961.93,356,"and we're destroying the environment at the same time. The priorities aren't there for me. I don't see it. And Mayor Sirachi, I want to address you directly here because you say you can't do anything, right? But as Frank pointed out, you were super, super excited about this building. So why didn't y"
D_size5,"City Council Meeting - August 12, 2025 [Pg4nxjg-PUw]_standard",105,1,0,SPEAKER_02,6080.55,125,"Thank you, Frank Arcolio, Old Trinity Place. I know I've been critical of the administration with respect to the data centers, but I believe in giving credit where credit is due and in order to be fair. I sat through a tremendously detailed presentation on the five-year plan for the Department of Pu"
D_size5,"City Council Meeting - August 12, 2025 [Pg4nxjg-PUw]_standard",107,0,1,SPEAKER_18,6144.36,359,comments for this Alexander King 600 block of North Shippen so kind of to play up Tony Dastro's comments I'd like to say parking management in the city is an unmitigated disaster it seems to be a sort of grassroots sort of thing which seems to be the dumbest way to plan anything I've lived in a lot 
D_size5,"City Council Meeting - August 12, 2025 [Pg4nxjg-PUw]_standard",110,0,1,SPEAKER_06,6390.44,673,thank you council president i i want to just echo what we have heard at the last couple council meetings and in conversations that i've been having in the community related to the data centers and just to reaffirm that we hear your concerns about water utilization air quality noise the permitting th
D_size5,"City Council Meeting - August 26, 2025 [WImQYrQa0EM]",22,1,0,SPEAKER_07,1450.0,14,speaker please our first speaker is irene grievous thank you good evening good evening
D_size5,"City Council Meeting - August 26, 2025 [WImQYrQa0EM]",23,0,1,SPEAKER_06,1464.08,358,my name is irene grievous and i'm on the 400 block of west end avenue i am here today to raise an issue that has gone unresolved for four years this prolonged and unexplained condemnation of my property located on 901 manor street this has placed a tremendous amount of burden on me personally and ne
D_size5,"City Council Meeting - August 26, 2025 [WImQYrQa0EM]",32,1,0,SPEAKER_07,1977.7,17,speaker mr harris uh sarah edder hinojosa good evening my name is sarah edder hinojosa i'm from
D_size5,"City Council Meeting - August 26, 2025 [WImQYrQa0EM]",54,1,0,SPEAKER_15,3693.54,250,equipment or well I can share what I know specifically related to the AV equipment and maybe just the technological expenses overall you can address but um yes so there there has been money allocated for the av equipment um for this year uh there's a company that we've engaged to make long needed up
D_size5,"City Council Meeting - August 26, 2025 [WImQYrQa0EM]",55,1,0,SPEAKER_14,3775.38,35,add yeah um yeah thanks i will just say too that this is we're actually purchasing the equipment with the grant that we received so it's not coming out of the general operating fund budget
D_size5,"City Council Meeting - February 11, 2025 [JJbmuzCmd6s]_standard",16,1,0,SPEAKER_03,695.13,10,council president the Economic Development Committee did not meet thank
D_size5,"City Council Meeting - February 11, 2025 [JJbmuzCmd6s]_standard",17,1,0,SPEAKER_04,698.73,156,you Finance Committee counselor Arroyo Thank You council president the Finance Committee did meet we had three items on our agenda for that evening we discussed resolution number 1225 amending the supplemental pension plan for city employees and resolution number 1325 exonerating of utility fees exc
D_size5,"City Council Meeting - February 11, 2025 [JJbmuzCmd6s]_standard",54,0,1,SPEAKER_02,1437.66,147,second we have a motion and a second counselor craig thank you council president as presented by deputy director geyser and community development administrator jen rummel at committee meeting on the third they are recommending substantial amendments to each of the annual action plans from for 2021 t
D_size5,"City Council Meeting - February 11, 2025 [JJbmuzCmd6s]_standard",65,0,1,SPEAKER_08,1859.33,39,this measure yeah but you're turning it in you're you're also really doing the annual action plan right you're taking all that into consideration without so meaning that there is funds available for housing and that's what these fun
D_size5,"City Council Meeting - July 22, 2025 [Y4mI4udbAfM]",9,1,0,SPEAKER_17,1633.73,439,just you're already doing it please begin with your block thank you right into the mic and I know that the one is going to be cooled by air instead of water but air cooling could mean significant noise pollution for anyone living within a quarter mile of it the decibels reach well over those conside
D_size5,"City Council Meeting - July 22, 2025 [Y4mI4udbAfM]",31,0,1,SPEAKER_25,3220.95,522,next speaker next speaker is Ann Torres good evening hi my name is Ann Torres I live in lettuce but I work in Lancaster years back my friend had a baby through IVF they finally had their baby but over time they noticed that he was having issues breathing in and out of hospitals extensive stays but n
D_size5,"City Council Meeting - July 22, 2025 [Y4mI4udbAfM]",45,1,0,SPEAKER_26,4524.05,111,go forward for all of these presentations thank you for that dr campbell i appreciate it a quick question that may help provide context here the grant column are grants that we have we know we have received only okay and uh not to say there won't be additional grants in the future and then i also wa
D_size5,"City Council Meeting - July 22, 2025 [Y4mI4udbAfM]",64,1,0,SPEAKER_22,6235.04,246,the unfunded category can you talk a little bit more about that yes um there were some assumptions made and this is a combination of upgrades that we might need to make in our separate sewer areas these this is a placeholder because we don't know yet what those might be the other thing the other sor
D_size5,"City Council Meeting - July 22, 2025 [Y4mI4udbAfM]",74,0,1,SPEAKER_26,7307.76,121,there as well thank you for that context that's exactly the kind of kind of connection i was hoping to make with that question and then my second question is um the last line on the first uh slide the last one on the list annual escrow special and emergency improvements so obviously we have to put s
D_size5,"City Council Meeting - July 22, 2025 [Y4mI4udbAfM]",77,0,1,SPEAKER_30,7412.26,37,counselor colleagues Thank You madam president and thank you for the presentation and I'm not sure who would answer this question and how is the department working to minimize the cost of those projects we can we
D_size5,"City Council Meeting - July 22, 2025 [Y4mI4udbAfM]",117,0,1,SPEAKER_06,9868.24,338,you'll say that you'll do though much concern but not involved with decisions that are made by you but we are sick and tired of hearing your song telling how you are gonna change right from wrong cuz if you really want to hear our views you haven't done nothing and that's the case here we have an op
D_size5,"City Council Meeting - June 10, 2025 [PqPxK5dVghI]_standard",13,1,0,SPEAKER_18,801.33,622,"This is a change. So thank you, Ramocho, for the insights of the many challenges that are being faced by our refugee and immigrant community. I am here to provide a small update on how the Office of Language Services supports our refugee and immigrant community, especially our neighbors who might be"
D_size5,"City Council Meeting - June 10, 2025 [PqPxK5dVghI]_standard",20,1,0,SPEAKER_11,1355.13,455,great honor to be able to introduce this um resolution of june king for the last few years um so i'm going to read the resolution as it's as it is has been written the road road to freedom has been arduous for africans and the important work of equality continues today and historically historically 
D_size5,"City Council Meeting - June 10, 2025 [PqPxK5dVghI]_standard",22,1,0,SPEAKER_10,1613.3,104,good evening uh tony dash 700 block new holland avenue um juneteenth is a important holiday to celebrate uh lancaster does have a lot of great abolitionists and just if anybody in the room or watching uh wants to learn more about the history of lancaster's involvement in the underground railroad bet
D_size5,"City Council Meeting - June 10, 2025 [PqPxK5dVghI]_standard",28,0,1,SPEAKER_10,1826.26,66,to see tony dash's 700 block new holland avenue i'm also glad to see this uh because i mean this can be said about the first resolution as well with the net with the federal government turning over everything trying to erase people from our country removing transgender individuals from the military 
D_size5,"City Council Meeting - June 10, 2025 [PqPxK5dVghI]_standard",49,1,0,SPEAKER_11,2624.6,34,any comments on this uh this appointment um i was just very impressed with um christopher mr sloth overall um his view on life and um his experience and background thank you very much
D_size5,"City Council Meeting - June 10, 2025 [PqPxK5dVghI]_standard",68,0,1,SPEAKER_14,2966.87,16,"I will hear a motion. Council President, if I may, I'd like to nominate Erica Molina-Potter."
D_size5,"City Council Meeting - June 10, 2025 [PqPxK5dVghI]_standard",70,1,0,SPEAKER_14,2987.77,182,motioning and seconding counselor Hirsch I was you know impressed with Erica's background in the legal world and this particularly I was impressed by a story she told him which she talked about a time where she kind of had to admit that she made a mistake but felt better about bringing that to light
D_size5,"City Council Meeting - June 10, 2025 [PqPxK5dVghI]_standard",111,1,0,SPEAKER_04,4005.4,86,questions thank you miss Grievous to answer your question a couple things the critical repair program isn't comprised of millions of dollars it's a few hundred thousand dollars the many of the programs within this budget are for owner-occupied dwellings and if there is a tenant the landlord is requi
D_size5,"City Council Meeting - June 10, 2025 [PqPxK5dVghI]_standard",112,1,0,SPEAKER_03,4042.1,322,the resolution there's Gomez I just want to piggyback on what Irene said yes there's lots of residents being delayed ignored and denied my father in particularly who is an owner-occupant and me myself we are not given the opportunity nor irene but several of her issues and no she did not say that it
D_size5,"City Council Meeting - June 10, 2025 [PqPxK5dVghI]_standard",127,1,0,SPEAKER_05,4911.58,170,comments council president if i may counselor ahmed i just want to thank the gentleman who came out and spoke about the importance of pedestrian and uh bikeless uh safety as i spent my afternoon uh visiting a dear friend who's in the trauma unit an lgh who was hit by a vehicle riding his bike this p
D_size5,"City Council Meeting - May 27, 2025 [vexHgMfzvKE]_standard",23,1,0,SPEAKER_12,1495.02,338,"Thank you. Yeah. So thank you for having me again. I am Theodore Griffiths, I'm a librarian, and I'm the manager of all of the business services and circulation at the Lancaster Public Library right along the way there. Beyond all of my librarian duties, I help local entrepreneurs with all of our bu"
D_size5,"City Council Meeting - May 27, 2025 [vexHgMfzvKE]_standard",31,0,1,SPEAKER_12,1787.1,95,have not I've been working on my schooling the last few years and before that we were running a business so this is kind of the first time I've had any of the free time if you will to engage in something like this and I feel like this would be a great place to do it because I love this community I l
D_size5,"City Council Meeting - May 27, 2025 [vexHgMfzvKE]_standard",36,1,0,SPEAKER_12,1894.72,126,"Well, in that case, in a situation like this, I have my friends, I have my family, but at the end of the day, I was raised by a Marine, and it's all about the good of the entire community. It's about the good of your entire platoon, and unfortunately sometimes that means that you have to turn your b"
D_size5,"City Council Meeting - May 27, 2025 [vexHgMfzvKE]_standard",37,1,0,SPEAKER_05,1937.22,30,council president and thank you theodore for your uh willingness to serve and answering our questions this evening how do you believe that integrity and honesty and elected officials can
D_size5,"City Council Meeting - May 27, 2025 [vexHgMfzvKE]_standard",57,1,0,SPEAKER_06,4070.22,83,really excellent so thank you mayor's Raji thank thank you I just want to when we receive the award in 2019 we are one of the high-impact HUD recipients which made us one of a handful on par with Detroit and Baltimore the state of Rhode Island and Houston and I don't mean to put you on the spot but 
D_size5,"City Council Meeting - May 27, 2025 [vexHgMfzvKE]_standard",58,1,0,SPEAKER_07,4101.13,225,bragging rights thank you mayor and i just appreciate so much your support and how much you've talked us up because it has helped in a lot of different a lot of different areas and the resources that we've received we are one of the top performing we actually um you know as i mentioned we decreased 
D_size5,"City Council Meeting - May 27, 2025 [vexHgMfzvKE]_standard",72,1,0,SPEAKER_02,4572.15,32,happened is that correct um that's correct this one actually you guys approved back in march but because of a timing issue with the county planning's approval it's actually back before you
D_size5,"City Council Meeting - May 27, 2025 [vexHgMfzvKE]_standard",81,0,1,SPEAKER_05,4726.77,22,councilor med uh the time of the flag raising i believe it is 10 a.m i would have to get back to
D_size5,"City Council Meeting - May 27, 2025 [vexHgMfzvKE]_standard",88,0,1,SPEAKER_09,4841.02,85,that will conclude our legislative agenda this evening the next item in front of us is our second public comment period again this is open for items not previously heard on the agenda duration of comments is limited to three minutes per speaker if there's anyone wishing to participate in this public
D_size5,"City Council Meeting - May 27, 2025 [vexHgMfzvKE]_standard",89,1,0,SPEAKER_18,4874.0,317,name and block of residence record thank you and I'm trying sorry that I'm trying to continue again what I left I will be the first person that I am calling the lawful people as a criminal because I'm thinking they by not giving the justice to people they committing crime they encouraging the people
D_size5,"City Council Meeting - May 27, 2025 [vexHgMfzvKE]_standard",93,0,1,SPEAKER_05,5303.12,73,council tonight council president if i may counselor i just wanted to make the other members of council aware that the home rule study transition committee did meet on may 6th and went over both the administrative code as well as the ethics code which will be which we are currently doing the intervi
D_size5,"City Council Meeting - September 9, 2025 [H5Gp_GuYYYg]_standard",3,0,1,SPEAKER_05,622.26,11,Motion to approve. Second. We have a motion and a second.
D_size5,"City Council Meeting - September 9, 2025 [H5Gp_GuYYYg]_standard",11,1,0,SPEAKER_12,699.22,24,"You can use either one of the mics there, Zaira, thank you, and you may just have to turn it on with the button."
D_size5,"City Council Meeting - September 9, 2025 [H5Gp_GuYYYg]_standard",38,0,1,SPEAKER_09,2121.08,20,this period we do have a president next is irene bravis thank you good evening um i am here again
D_size5,"City Council Meeting - September 9, 2025 [H5Gp_GuYYYg]_standard",42,1,0,SPEAKER_03,3093.86,106,questions thank you so much for your presentation this evening um i do have a question off the bat so having seen you know these presentations for now several years it seems sort of anecdotally if i'm remembering correctly that your participation has gone up since your new location could someone uh 
D_size5,"City Council Meeting - September 9, 2025 [H5Gp_GuYYYg]_standard",75,1,0,SPEAKER_03,3972.78,203,director campbell thank you and i just want to say to director campbell and director stephen campbell as well because i know they've worked closely together on this that i'm incredibly proud that we have this capital budget in front of us it's really it's kind of a momentous thing and i'm glad that 
D_size5,"Planning Commission Meeting - September 3, 2025 [5PuBv9zFX3I]_standard",7,1,0,SPEAKER_01,1088.54,498,great which is number two please i apologize did you state your name yes terry dealo with integrated consulting thank you yes of course um so what you're looking at on the existing conditions plan is this is the site as it exists today there is we're at the intersection of manheim pike and dillervil
D_size5,"Planning Commission Meeting - September 3, 2025 [5PuBv9zFX3I]_standard",19,1,0,SPEAKER_07,1599.42,87,with where this is proceeding yes again um the they were at the shade i will i will speak for terry and say that they actually went to the shade tree commission twice and so they went through once and then they had to go back so um they have they've done their their best to really um to try to meet 
D_size5,"Planning Commission Meeting - September 3, 2025 [5PuBv9zFX3I]_standard",32,0,1,SPEAKER_02,2014.11,31,there's a 18th century building that's part of their project as part of that minor plan does that include making sure that they're maintaining that structure to ensure it doesn't deteriorate
D_size5,"Planning Commission Meeting - September 3, 2025 [5PuBv9zFX3I]_standard",33,0,1,SPEAKER_07,2024.85,58,over the two-year period that's a great question i don't think that that is part of the minor plan but it is on their property and so they would i mean as just part of it being your own parcel you would have to you would have to maintain it right so what can the public expect if
D_size5,"Planning Commission Meeting - September 3, 2025 [5PuBv9zFX3I]_standard",48,0,1,SPEAKER_07,2413.97,12,reporter at each hearing and you would have to just continue the
D_size5,"Planning Commission Meeting - September 3, 2025 [5PuBv9zFX3I]_standard",49,0,1,SPEAKER_03,2418.02,14,public hearing so it would still be the same public hearing just continue so
D_size5,"Planning Commission Meeting - September 3, 2025 [5PuBv9zFX3I]_standard",50,1,0,SPEAKER_05,2423.43,21,and if i'm understanding the conditional approval would that give them approval to then finalize their plans and go into development
D_size5,"Planning Commission Meeting - September 3, 2025 [5PuBv9zFX3I]_standard",63,1,0,SPEAKER_07,2850.64,248,we would also have a lot more information ourselves because again as Betsy noted it the the person who's appealing the decision that was made by the zoning officer that's happening September 22nd so that will have happened at that point and um there will have been also opportunities through city cou
D_size5,"Planning Commission Meeting - September 3, 2025 [5PuBv9zFX3I]_standard",66,1,0,SPEAKER_08,3098.26,330,stolzbus and mr stevens over here um i'm open to the idea of not having a public hearing if we're not going to get the participation of the administration which i also think is a disappointment uh disservice to the residents of the city of lancaster who want transparency i feel like what we were doi
D_size5,"Planning Commission Meeting - September 3, 2025 [5PuBv9zFX3I]_standard",68,1,0,SPEAKER_02,3260.53,310,i mean i think it needs to be something that we continue just again just just to be able to provide information to the public about what the city is doing i mean i think as uh lauren and as staff has already uh shared there there are irons in the fire um that the city is has responded to public inpu
D_size5,"Planning Commission Meeting - September 3, 2025 [5PuBv9zFX3I]_standard",70,1,0,SPEAKER_05,3391.8,66,forward in light of transparency are we able to put this schedule that's on the bullet on the faq page just so it's easily accessible by the public to be able to see when these milestones are being met and to know when um key participation opportunities will present themselves what does it mean you 
D_size5,"Planning Commission Meeting - September 3, 2025 [5PuBv9zFX3I]_standard",96,0,1,SPEAKER_04,4444.37,17,a timeline perspective and remind me when your proposals are due and when is the decision being
D_size5,"Planning Commission Meeting - September 3, 2025 [5PuBv9zFX3I]_standard",98,0,1,SPEAKER_07,4560.23,114,occur I would also add to that that we have residences online that are not filling and so I think that there's also right and so right so but it's kind of like a circular domino effect right because if they're they're not filling so they're not building more it depends on what the builder wants to b
D_size5,"Planning Commission Meeting - September 3, 2025 [5PuBv9zFX3I]_standard",99,0,1,SPEAKER_05,4624.22,96,"waiting game yeah and I'll close with one final statement I think it would be great as a group to kind of come back and maybe huddle up I don't know what you want to call it on the comprehensive plan it's just been a while since I I think we've kind of discussed the goals, objectives, and I think ju"
D_size5,"Planning Commission Meeting - September 3, 2025 [5PuBv9zFX3I]_standard",100,0,1,SPEAKER_12,4654.39,207,"All right, and I also have my final statement. I do, I wanna just, you know, I think it's good that we're holding off on the hearing. I think it's good that we're keeping the data center as an agenda item, and I think we should revisit the idea of requesting a memo. mean i don't think it is i don't "
