video_id,condition,phrase,qa_pass,asr_transcription,asr_words,words_aligned,wavelet_scores,wavelet_top_index,wavelet_top_word,praat_scores,praat_top_index,praat_top_word,seconds
4Iqrm82LED4,rep_00,i didn't say he stole the money,True,sentence I didn't say he stole the money,8,7,"[0.0, 2.188, 0.235, 0.017, 0.466, 0.046, 0.085]",1,didn't,"[-3.375, 4.379, 2.202, -0.042, -0.812, -1.821, -1.11]",1,didn't,0.003
4Iqrm82LED4,rep_01,i didn't say he stole the money,True,I didn't say he stole the money,7,7,"[0.028, 2.495, 0.039, 0.0, 0.126, 0.011, 0.0]",1,didn't,"[2.325, 4.574, -1.555, -1.983, -2.25, -2.07, 0.959]",1,didn't,0.002
4Iqrm82LED4,rep_02,i didn't say he stole the money,True,I didn't say he stole the money,7,7,"[0.709, 2.166, -0.032, -0.004, 0.166, 0.014, 0.018]",1,didn't,"[0.87, 3.57, 1.48, -2.415, -1.412, -1.443, -0.65]",1,didn't,0.002
4Iqrm82LED4,rep_03,i didn't say he stole the money,True,I didn't say he stole the money,7,7,"[0.826, 1.695, -0.093, 2.621, 0.162, 0.045, 0.0]",3,he,"[0.795, -0.118, 1.628, 2.928, -2.051, -2.627, -0.555]",3,he,0.002
4Iqrm82LED4,rep_04,i didn't say he stole the money,True,I didn't say he stole the money,7,7,"[1.133, 0.718, 0.001, -0.046, 2.186, -0.051, 0.0]",4,stole,"[-0.64, 0.153, -0.666, 1.889, 2.403, -2.55, -0.589]",4,stole,0.002
4Iqrm82LED4,rep_05,i didn't say he stole the money,True,I didn't say he stole the money,7,7,"[0.314, 0.0, 0.101, -0.017, 0.071, 1.988, -0.008]",5,the,"[-2.173, -0.33, -0.638, -2.138, 2.008, 3.493, -0.222]",5,the,0.002
4Iqrm82LED4,rep_06,i didn't say he stole the money,True,I didn't say he stole that money,7,7,"[0.073, 0.784, 0.319, 0.0, 0.302, 3.208, -0.076]",5,the,"[-0.205, -0.227, -0.579, -1.96, 1.69, 0.081, 1.201]",4,stole,0.002
4Iqrm82LED4,rep_07,i didn't say he stole the money,True,I didn't say he stole the money,7,7,"[1.092, 0.117, 1.543, 0.0, 0.544, -0.022, 1.805]",6,money,"[-1.639, 1.197, 1.255, -1.806, -0.404, -1.133, 2.531]",6,money,0.002
YXSkyQIKPeU,rep_00,finish work at 1 00 p m,False,We'll finish work at 1pm,5,3,"[-0.002, 2.247, 0.078, null, null, null, null]",1,work,"[-0.822, 2.111, -1.195, null, null, null, null]",1,work,0.001
YXSkyQIKPeU,rep_01,finish work at 1 00 p m,True,We will finish work at 1 p m,8,6,"[0.646, 1.88, 0.636, 0.147, null, 0.283, 0.0]",1,work,"[2.372, 3.401, -1.076, -0.182, null, -0.099, 0.231]",1,work,0.001
YXSkyQIKPeU,rep_02,finish work at 1 00 p m,False,So we finished work at 1pmc,6,2,"[null, 1.813, 0.242, null, null, null, null]",1,work,"[null, -0.576, -2.607, null, null, null, null]",1,work,0.001
YXSkyQIKPeU,rep_03,finish work at 1 00 p m,True,We will finish work at 1 p m,8,6,"[0.553, 0.277, 0.694, -0.013, null, 0.037, 0.806]",6,m,"[0.18, 0.383, 1.436, -2.919, null, -0.981, 1.844]",6,m,0.001
YXSkyQIKPeU,rep_04,finish work at 1 00 p m,True,We'll finish work at 1 p m,7,6,"[2.18, 0.011, -0.027, 0.167, null, 0.009, -0.002]",0,finish,"[2.794, 1.103, -1.498, 2.079, null, -2.666, -3.268]",0,finish,0.001
YXSkyQIKPeU,rep_05,finish work at 1 00 p m,True,you'll finish the work at 1 p m,8,6,"[1.704, 1.177, -0.029, 0.418, null, 0.0, 0.016]",0,finish,"[0.402, 0.079, 0.384, -1.945, null, -3.076, 0.407]",6,m,0.001
YXSkyQIKPeU,rep_06,finish work at 1 00 p m,False,You will finish this work at 1 pm,8,4,"[0.713, 0.449, 0.171, 2.503, null, null, null]",3,1,"[0.438, -1.554, -2.738, 0.485, null, null, null]",3,1,0.002
YXSkyQIKPeU,rep_07,finish work at 1 00 p m,False,We'll finish the work at 1pm,6,3,"[0.025, 0.056, -0.002, null, null, null, null]",1,work,"[-0.028, -0.357, -1.835, null, null, null, null]",0,finish,0.001
YXSkyQIKPeU,rep_08,finish work at 1 00 p m,False,finish the walk at 1 p m,7,5,"[0.468, null, 0.0, 0.27, null, 0.151, 0.008]",0,finish,"[1.059, null, -0.217, -1.425, null, -1.877, 1.698]",6,m,0.001
YXSkyQIKPeU,rep_09,finish work at 1 00 p m,True,finish the work at 1 p m,7,6,"[2.765, 0.684, -0.017, 0.368, null, 0.025, -0.006]",0,finish,"[2.081, 2.783, -1.682, -1.87, null, -2.371, -0.913]",1,work,0.001
YXSkyQIKPeU,rep_10,finish work at 1 00 p m,True,We'll finish work at 1 p m,7,6,"[0.257, 1.581, -0.01, 0.149, null, 0.0, -0.001]",1,work,"[2.397, 3.667, -1.288, -1.322, null, -2.394, -1.023]",1,work,0.001
YXSkyQIKPeU,rep_11,finish work at 1 00 p m,False,finish the vocal one plump,5,1,"[0.404, null, null, null, null, null, null]",0,finish,"[-0.421, null, null, null, null, null, null]",0,finish,0.001
YXSkyQIKPeU,rep_12,finish work at 1 00 p m,False,I'll finish the work at 1pm,6,3,"[0.285, 2.73, 0.094, null, null, null, null]",1,work,"[-0.226, 2.773, 0.57, null, null, null, null]",1,work,0.002
YXSkyQIKPeU,rep_13,finish work at 1 00 p m,False,We'll finish work at 1 pm,6,4,"[-0.009, 2.023, 0.0, 1.964, null, null, null]",1,work,"[1.067, 2.312, -3.246, 1.45, null, null, null]",1,work,0.001
YXSkyQIKPeU,rep_14,finish work at 1 00 p m,False,can use the work at one pier,7,2,"[null, 1.53, -0.077, null, null, null, null]",1,work,"[null, 0.856, 1.099, null, null, null, null]",2,at,0.001
_8UYCo7-fqY,rep_00,i didn't say he stole the money,True,I didn't say he stole the money,7,7,"[2.564, 0.085, -0.009, -0.005, 0.731, -0.021, 0.071]",0,i,"[4.679, -0.813, 0.067, -2.928, 2.311, -2.744, -0.572]",0,i,0.002
_8UYCo7-fqY,rep_01,i didn't say he stole the money,True,I didn't say he stole the money,7,7,"[2.124, 1.047, 0.381, -0.007, 0.0, 0.714, 0.0]",0,i,"[2.637, 1.712, 1.871, -0.883, -1.776, -3.045, -0.515]",0,i,0.002
_8UYCo7-fqY,rep_02,i didn't say he stole the money,True,I didn't say stole the money,6,6,"[-0.012, 2.743, 0.519, null, 0.147, -0.023, 0.0]",1,didn't,"[-2.133, 1.757, 0.136, null, -1.471, -0.494, 2.205]",6,money,0.002
_8UYCo7-fqY,rep_03,i didn't say he stole the money,True,I didn't say he stole the money,7,7,"[1.037, -0.082, 0.079, 1.939, 0.263, -0.037, 0.0]",3,he,"[-1.327, -0.886, 0.386, 3.466, 1.438, -0.404, -2.674]",3,he,0.002
_8UYCo7-fqY,rep_04,i didn't say he stole the money,True,I didn't say he stole the money,7,7,"[0.945, 0.0, -0.041, 2.076, 1.268, -0.075, 0.0]",3,he,"[2.862, -1.06, -0.393, 1.349, 1.102, -1.973, -1.887]",0,i,0.002
_8UYCo7-fqY,rep_05,i didn't say he stole the money,False,I didn't say store the money,6,5,"[0.184, 0.003, 0.001, null, null, 0.239, -0.011]",5,the,"[1.165, -3.241, -3.223, null, null, 2.839, -0.148]",5,the,0.002
_8UYCo7-fqY,rep_06,i didn't say he stole the money,True,I didn't say he stole the money,7,7,"[0.963, 1.167, 0.0, -0.109, 0.142, 2.343, 0.12]",5,the,"[0.41, -1.432, -1.789, -3.202, 0.743, 2.664, 2.607]",5,the,0.003
_8UYCo7-fqY,rep_07,i didn't say he stole the money,True,I didn't say he stole the money,7,7,"[1.659, -0.03, 0.119, -0.061, 0.976, -0.053, 1.531]",0,i,"[3.654, 0.359, -0.953, -4.092, 0.223, -2.299, 3.109]",0,i,0.002
NqU2s2CgrUI,rep_00,i never said i stole his money,True,I never said I stole his money,7,7,"[1.398, -0.072, 1.888, 0.0, 0.545, 0.054, 0.146]",2,said,"[2.17, 1.459, 2.736, -0.437, -1.041, -2.583, -2.304]",2,said,0.001
NqU2s2CgrUI,rep_01,i never said i stole his money,True,I never said I stole his money,7,7,"[0.269, 0.009, 1.69, -0.019, 0.62, -0.007, 0.189]",2,said,"[0.168, 1.657, 2.645, -2.232, 0.522, -2.259, -0.501]",2,said,0.001
NqU2s2CgrUI,rep_02,i never said i stole his money,True,I never said I stole his money,7,7,"[1.788, 1.513, 0.499, 0.042, 0.017, 0.0, 0.109]",0,i,"[2.617, 2.637, 1.893, -1.559, 0.062, -3.204, -2.446]",1,never,0.002
NqU2s2CgrUI,rep_03,i never said i stole his money,True,me I never said I stole his money,8,7,"[1.266, -0.0, 3.162, -0.016, 0.264, 0.011, 0.141]",2,said,"[-0.05, -0.062, 2.096, 1.344, -0.677, -1.474, -1.16]",2,said,0.002
NqU2s2CgrUI,rep_04,i never said i stole his money,True,I never said I stole his money,7,7,"[1.129, 0.0, 0.523, 2.689, 0.132, -0.013, 0.103]",3,i,"[2.59, -1.473, 0.341, 1.936, 2.228, -3.925, -1.697]",0,i,0.002
NqU2s2CgrUI,rep_05,i never said i stole his money,True,I never said I stole his money,7,7,"[0.041, 0.155, 0.647, 0.001, 2.23, 0.119, 0.067]",4,stole,"[0.417, 0.513, 0.601, -2.984, 2.306, 1.844, -2.696]",4,stole,0.001
NqU2s2CgrUI,rep_06,i never said i stole his money,True,I never said I stole his money,7,7,"[0.664, -0.018, 0.516, -0.08, 0.715, 2.929, -0.035]",5,his,"[0.045, -2.751, 1.061, -3.644, 0.186, 3.277, 1.825]",5,his,0.001
NqU2s2CgrUI,rep_07,i never said i stole his money,True,I never said I stole his money,7,7,"[1.682, 0.01, 0.81, -0.118, 1.267, 0.01, 0.62]",0,i,"[2.01, 1.594, 1.518, -3.958, 0.023, -3.16, 1.974]",0,i,0.002
HouoQHlyNaU,rep_00,word he is flying to jakarta tomorrow we mean that,True,the first word he is flying to Jakarta tomorrow we mean that he,13,10,"[0.774, 3.135, 0.667, 0.23, 0.061, 0.261, 0.311, 2.805, 0.0, 0.442]",1,he,"[1.505, 1.476, 2.542, -1.056, -1.52, -0.916, 1.003, 1.333, 1.281, 0.531]",2,is,0.003
HouoQHlyNaU,rep_01,word he is flying to jakarta tomorrow we mean that,True,word He is flying to Jakarta tomorrow We mean that he's,11,10,"[0.952, 0.112, 3.873, 0.195, 0.012, 0.153, 0.001, 0.0, 0.791, 0.0]",2,is,"[1.307, -1.751, 3.871, 0.772, -2.127, -1.23, 0.62, -0.747, 0.818, 0.665]",2,is,0.003
HouoQHlyNaU,rep_02,word he is flying to jakarta tomorrow we mean that,True,third word he is flying to Jakarta tomorrow We mean that he's,12,10,"[0.267, 0.039, 0.45, 3.407, 0.364, 0.244, 0.244, 0.405, 0.0, -0.029]",3,flying,"[1.966, -1.506, -1.572, 1.802, 1.333, -1.41, 0.352, 1.109, -0.312, -1.609]",0,word,0.004
HouoQHlyNaU,rep_03,word he is flying to jakarta tomorrow we mean that,True,fourth word he is flying to Jakarta tomorrow We mean that he is,13,10,"[0.719, 0.327, 0.064, 0.336, 3.241, 0.593, 0.29, 0.0, 0.601, 0.0]",4,to,"[1.129, -1.554, 2.039, -1.578, 1.936, 0.329, 2.608, -1.117, -0.905, -1.175]",6,tomorrow,0.003
HouoQHlyNaU,rep_04,word he is flying to jakarta tomorrow we mean that,True,fifth word he is flying to Jakarta tomorrow We mean that,11,10,"[0.124, 0.15, 0.321, 0.455, 0.16, 3.934, 0.464, 0.007, 0.02, 0.244]",5,jakarta,"[-0.285, -2.375, 0.47, -2.285, -2.955, 1.573, 3.374, -0.914, -0.117, 0.544]",6,tomorrow,0.003
HouoQHlyNaU,rep_05,word he is flying to jakarta tomorrow we mean that,True,word He is flying to Jakarta tomorrow We mean that he's,11,10,"[0.544, 0.291, 1.314, 0.537, 0.059, 0.303, 2.801, 0.0, 0.458, 0.0]",6,tomorrow,"[0.013, 1.399, 3.378, -2.295, -2.004, -1.442, 3.612, -0.11, 0.1, -1.078]",6,tomorrow,0.003
d2SF3DHXeC8,rep_00,tom will drive to the airport on monday,True,Tom will drive to the airport on Monday,8,8,"[3.025, 0.016, 0.504, -0.075, 0.0, 0.354, 0.46, 0.228]",0,tom,"[4.236, 0.878, 0.741, -2.868, -0.752, -0.065, -1.721, -0.448]",0,tom,0.002
d2SF3DHXeC8,rep_01,tom will drive to the airport on monday,True,So Tom will drive to the airport on Monday,9,8,"[3.22, 0.103, 0.142, 0.002, 0.0, 0.022, 0.055, 0.241]",0,tom,"[6.29, 0.839, -0.525, -3.004, -2.084, -1.661, -1.765, -0.212]",0,tom,0.002
d2SF3DHXeC8,rep_02,tom will drive to the airport on monday,True,Tom will drive to the airport on Monday,8,8,"[0.375, 0.549, 2.767, -0.027, 0.0, 0.33, 0.046, 0.069]",2,drive,"[0.025, 0.623, 3.839, 1.2, -2.769, 0.335, -2.168, -1.084]",2,drive,0.002
d2SF3DHXeC8,rep_03,tom will drive to the airport on monday,True,Tom will drive to the airport on Monday,8,8,"[0.261, 0.224, 3.162, 0.064, 0.0, 0.137, 0.047, 0.006]",2,drive,"[-0.018, 0.409, 5.239, 0.602, -1.879, -1.646, -1.589, -1.118]",2,drive,0.002
d2SF3DHXeC8,rep_04,tom will drive to the airport on monday,True,Tom will drive to the airport on Monday,8,8,"[0.837, -0.064, 0.837, -0.054, 0.0, 3.109, 0.485, 0.052]",5,airport,"[-0.484, -2.355, 1.376, -0.589, -0.035, 4.052, -0.105, -1.86]",5,airport,0.002
d2SF3DHXeC8,rep_05,tom will drive to the airport on monday,True,Tom will drive to the airport on Monday,8,8,"[0.946, 0.049, 0.542, -0.045, 0.0, 1.163, 0.656, 2.566]",7,monday,"[1.802, 0.138, -1.006, -3.332, -2.794, 0.465, 0.162, 4.564]",7,monday,0.002
X02JYzY5eO8,rep_00,i didn't say he stole her money,True,I didn't say he stole her money,7,7,"[2.576, 0.025, -0.015, 0.077, 0.211, -0.002, 0.003]",0,i,"[5.033, 2.149, -0.475, -1.473, -1.248, -3.168, -0.817]",0,i,0.002
X02JYzY5eO8,rep_01,i didn't say he stole her money,True,I didn't say he stole her money,7,7,"[3.482, 0.095, 0.003, -0.002, -0.029, 0.063, 0.023]",0,i,"[3.29, 2.668, -0.819, -1.627, 0.706, -2.446, -1.772]",0,i,0.002
X02JYzY5eO8,rep_02,i didn't say he stole her money,True,I didn't say he stole her money,7,7,"[0.621, 3.435, 0.504, -0.009, 0.126, -0.004, 0.007]",1,didn't,"[1.552, 4.625, 0.594, -2.897, -1.115, -1.676, -1.083]",1,didn't,0.002
X02JYzY5eO8,rep_03,i didn't say he stole her money,True,I didn't say he stole her money,7,7,"[-0.087, 1.334, 2.37, 1.083, 0.415, 0.069, 0.104]",2,say,"[-1.218, 2.274, 1.69, 1.691, -0.108, -2.733, -1.598]",1,didn't,0.002
X02JYzY5eO8,rep_04,i didn't say he stole her money,True,I didn't say he stole her money,7,7,"[0.0, 0.549, -0.01, 2.606, 0.46, 0.022, 0.024]",3,he,"[-0.758, 0.043, -0.855, 0.576, 4.318, -1.81, -1.513]",4,stole,0.002
X02JYzY5eO8,rep_05,i didn't say he stole her money,True,him I didn't say he stole her money,8,7,"[0.0, 1.674, 0.05, 0.159, 2.947, 0.036, 0.027]",4,stole,"[-0.711, 0.652, -1.324, -1.636, 1.212, 3.464, -1.884]",5,her,0.002
X02JYzY5eO8,rep_06,i didn't say he stole her money,True,I didn't say he stole her money,7,7,"[0.0, 1.186, -0.023, -0.014, 0.669, 2.797, 0.168]",5,her,"[0.463, 2.608, -0.931, -3.96, -1.263, 3.276, -0.193]",5,her,0.002
X02JYzY5eO8,rep_07,i didn't say he stole her money,True,I didn't say he stole her money,7,7,"[0.0, 2.932, -0.011, -0.013, 0.367, 0.008, 0.785]",1,didn't,"[1.426, 4.318, -1.174, -2.572, -0.826, -2.0, 0.829]",1,didn't,0.002
LLOopgVk6gc,rep_00,i never said she stole your money,True,I never said she stole your money,7,7,"[1.914, 2.342, 0.157, -0.002, 0.106, -0.003, 0.0]",1,never,"[4.825, 1.445, -0.875, -2.222, 0.865, -3.855, -0.181]",0,i,0.002
LLOopgVk6gc,rep_01,i never said she stole your money,True,I never said she stole your money,7,7,"[2.192, 0.314, 0.12, 0.002, 0.128, -0.016, 0.081]",0,i,"[3.372, 3.964, -1.096, -3.418, -1.457, -2.897, 1.532]",1,never,0.002
LLOopgVk6gc,rep_02,i never said she stole your money,True,I never said she stole your money,7,7,"[0.037, 0.783, 3.339, 0.725, 0.192, 0.0, 0.022]",2,said,"[0.547, -0.386, 3.224, 3.811, -1.442, -3.271, -2.482]",3,she,0.003
LLOopgVk6gc,rep_03,i never said she stole your money,True,I never said she stole your money,7,7,"[0.358, 0.0, 3.066, 0.352, 0.246, -0.049, 0.0]",2,said,"[-0.507, 0.775, 1.986, 2.789, 1.255, -3.888, -2.409]",3,she,0.002
LLOopgVk6gc,rep_04,i never said she stole your money,True,I never said SHE stole your money,7,7,"[0.071, 0.0, 0.652, 2.817, 0.287, -0.037, 0.0]",3,she,"[1.98, -0.487, 1.567, 0.624, 2.368, -3.27, -2.783]",4,stole,0.002
LLOopgVk6gc,rep_05,i never said she stole your money,True,I never said she stole your money,7,7,"[0.0, 0.006, 0.02, 0.0, 0.137, 2.033, 0.0]",5,your,"[-0.175, 0.436, 1.172, -1.559, 0.424, 2.533, -2.831]",5,your,0.002
LLOopgVk6gc,rep_06,i never said she stole your money,True,I never said she stole your money,7,7,"[0.033, 0.631, 0.164, -0.072, 0.41, 1.736, 2.629]",6,money,"[0.265, 2.889, -0.29, -3.817, -0.677, -0.287, 1.917]",1,never,0.002
t6-DUp8dH6M,rep_00,i never said she stole my money,True,I never said she stole my money,7,7,"[2.338, 0.054, 1.609, -0.027, 0.0, 0.962, 0.386]",0,i,"[2.341, 0.666, 2.767, -2.504, -0.491, -1.264, -1.516]",2,said,0.002
t6-DUp8dH6M,rep_01,i never said she stole my money,True,I never said she stole my money,7,7,"[1.698, 0.059, 1.815, -0.019, 0.649, -0.002, 0.543]",2,said,"[3.168, -0.293, 1.085, -1.679, 0.487, -1.061, -1.706]",0,i,0.002
t6-DUp8dH6M,rep_02,i never said she stole my money,True,I never said she stole my money,7,7,"[2.078, 0.0, 1.107, -0.059, 0.975, 0.041, 0.447]",0,i,"[2.767, 0.766, 2.231, -1.797, -0.527, -1.331, -2.109]",0,i,0.002
t6-DUp8dH6M,rep_03,i never said she stole my money,True,I never said she stole my money,7,7,"[1.904, 0.0, 1.453, 0.945, 1.097, -0.05, 0.59]",0,i,"[2.162, 0.867, 2.032, -3.257, -0.128, -0.279, -1.396]",0,i,0.002
t6-DUp8dH6M,rep_04,i never said she stole my money,True,I never said she stole my money,7,7,"[1.423, 0.0, 1.303, 0.045, 1.883, -0.019, 0.818]",4,stole,"[1.948, 1.304, 2.143, -1.019, -2.072, -1.337, -0.967]",2,said,0.002
t6-DUp8dH6M,rep_05,i never said she stole my money,True,I never said she stole my money,7,7,"[1.661, 0.0, 0.953, -0.04, 1.874, 0.478, 0.0]",4,stole,"[2.54, 0.951, 2.226, -2.301, -0.553, -0.916, -1.947]",0,i,0.002
t6-DUp8dH6M,rep_06,i never said she stole my money,True,I never said she stole my money,7,7,"[1.879, 0.0, 1.55, 0.008, 1.0, 0.011, 0.766]",0,i,"[2.457, 1.082, 2.563, -2.006, -0.94, -1.244, -1.911]",2,said,0.002
zdYCW4QH1-Q,rep_00,i never said she stole my money,True,I never said she stole my money,7,7,"[3.303, 0.311, 0.092, 0.002, 0.181, 0.011, 0.005]",0,i,"[5.889, 0.341, -0.396, -2.726, -0.716, -0.977, -1.413]",0,i,0.002
zdYCW4QH1-Q,rep_01,i never said she stole my money,True,I never said she stole my money,7,7,"[-0.006, 2.294, 0.183, 0.006, 0.0, 0.17, 0.004]",1,never,"[2.471, 4.518, 1.46, -2.722, -2.397, -2.244, -1.085]",1,never,0.002
zdYCW4QH1-Q,rep_02,i never said she stole my money,True,I never said she stole my money,7,7,"[1.074, -0.021, 2.525, 0.09, 0.044, 0.01, 0.0]",2,said,"[2.649, 1.479, 3.857, 0.077, -2.217, -3.012, -2.834]",2,said,0.002
zdYCW4QH1-Q,rep_03,i never said she stole my money,True,I never said she stole my money,7,7,"[0.507, 0.0, 2.125, 1.809, 0.418, 0.0, 0.031]",2,said,"[-0.642, -1.452, 1.647, 3.257, 1.911, -2.684, -2.037]",3,she,0.002
zdYCW4QH1-Q,rep_04,i never said she stole my money,True,I never said she stole my money,7,7,"[0.501, 0.0, 0.2, 0.303, 1.985, 0.334, -0.001]",4,stole,"[-1.233, -1.975, 0.241, 0.237, 3.654, 1.968, -2.893]",4,stole,0.002
zdYCW4QH1-Q,rep_05,i never said she stole my money,True,I never said she stole my money,7,7,"[0.153, -0.01, 0.652, 0.0, 2.468, -0.022, 1.284]",4,stole,"[-2.126, -1.849, -0.243, -2.809, 1.915, 4.586, 0.526]",5,my,0.002
zdYCW4QH1-Q,rep_06,i never said she stole my money,True,I never said she stole my money,7,7,"[0.13, -0.028, 1.682, 0.043, 0.801, 0.0, 1.599]",2,said,"[-2.871, 1.008, 0.417, -2.57, -0.127, 1.424, 2.719]",6,money,0.002
xGQ7OORxRCI,rep_00,are you in bed are you in bed are you in bed,True,are you in bed are you in bed are you in bed,12,12,"[0.142, 0.0, 1.497, -0.023, 0.105, 0.0, 2.756, 1.344, 0.265, 0.0, -0.031, 2.125]",6,in,"[0.231, -0.197, 1.613, 0.51, -0.269, -0.423, 2.05, 1.668, 0.121, -3.257, -3.246, 1.199]",6,in,0.003
xGQ7OORxRCI,rep_01,are you in bed are you in bed are you in bed,False,stress,1,0,"[null, null, null, null, null, null, null, null, null, null, null, null]",,,"[null, null, null, null, null, null, null, null, null, null, null, null]",,,0.002
xGQ7OORxRCI,rep_02,are you in bed are you in bed are you in bed,True,are you in bed are you in bed are you in bed,12,12,"[2.366, 0.0, -0.031, 0.88, 1.257, 0.0, -0.077, 2.906, 0.8, 0.0, -0.028, 1.753]",7,bed,"[1.099, 0.601, -2.833, -2.976, 3.245, 1.45, -2.401, 0.683, -0.292, -0.777, -0.018, 2.217]",4,are,0.003
xGQ7OORxRCI,rep_03,are you in bed are you in bed are you in bed,True,Are you in bed,4,4,"[1.745, 0.0, 0.109, 1.901, null, null, null, null, null, null, null, null]",3,bed,"[0.647, -0.541, 0.358, -0.465, null, null, null, null, null, null, null, null]",0,are,0.002
xGQ7OORxRCI,rep_04,are you in bed are you in bed are you in bed,True,Are you in bed,4,4,"[2.179, 0.0, -0.008, 0.183, null, null, null, null, null, null, null, null]",0,are,"[3.45, 0.341, -2.601, -1.19, null, null, null, null, null, null, null, null]",0,are,0.002
xGQ7OORxRCI,rep_05,are you in bed are you in bed are you in bed,True,Are you in bed,4,4,"[2.428, 0.0, 0.06, 0.405, null, null, null, null, null, null, null, null]",0,are,"[-0.367, 0.326, 0.932, -0.891, null, null, null, null, null, null, null, null]",2,in,0.002
xGQ7OORxRCI,rep_06,are you in bed are you in bed are you in bed,True,Are you in bed Are you in bed Are you in bed,12,12,"[1.124, -0.066, 0.424, 1.954, 0.0, 0.435, 0.082, 2.654, 0.912, 0.0, -0.006, 1.124]",7,bed,"[0.093, -1.86, 1.06, 3.199, -1.466, 0.457, -0.818, 3.052, -0.377, -1.783, -2.36, 0.805]",3,bed,0.002
bIBUNreInpU,rep_00,to be or not to be that is the question,False,to be or not to be that is a quest,10,10,"[0.088, 2.908, 0.067, 0.558, -0.059, 1.043, 0.038, 1.909, 0.242, 0.0]",1,be,"[-0.001, 2.362, -0.821, 0.011, -2.04, -1.415, 1.498, 0.721, -0.597, 0.282]",1,be,0.004
bIBUNreInpU,rep_01,to be or not to be that is the question,True,To be or not to be that is the question,10,10,"[0.751, 1.248, 0.701, 1.915, 0.006, 0.003, 0.033, 0.0, 0.019, 0.359]",3,not,"[1.866, 2.22, 1.637, 2.32, -1.392, -2.606, -1.234, -3.021, -3.364, 3.575]",9,question,0.002
bIBUNreInpU,rep_02,to be or not to be that is the question,True,To be or not to be that is the question,10,10,"[0.307, 0.809, 0.038, 1.403, -0.077, 2.015, 0.025, 1.529, 0.186, 0.234]",5,be,"[-0.349, 2.401, 2.09, 1.054, -1.866, 2.867, -0.447, -0.854, -2.965, -1.932]",5,be,0.002
bIBUNreInpU,rep_03,to be or not to be that is the question,True,To be or not to be That IS the question,10,10,"[1.057, 0.19, 0.0, 0.245, -0.025, 0.452, -0.119, 2.249, 1.379, 0.463]",7,is,"[0.213, -0.573, -2.688, -1.793, -2.201, -0.586, -0.778, 4.385, 3.106, 0.915]",7,is,0.002
bIBUNreInpU,rep_04,to be or not to be that is the question,True,To be or not to be that is THE question,10,10,"[0.929, 0.194, 0.0, 0.214, 0.068, 0.237, 0.0, 0.165, 1.919, 0.47]",8,the,"[-0.516, 0.017, -0.805, -0.333, -2.925, 0.285, -2.128, -2.816, 5.045, 4.178]",8,the,0.002
bIBUNreInpU,rep_05,to be or not to be that is the question,True,To be or not to be that is the question,10,10,"[0.101, 2.238, 0.205, -0.009, -0.009, 0.23, 0.236, 0.047, 0.219, 1.016]",1,be,"[0.639, 3.838, 1.978, -0.299, -2.292, -0.518, -0.439, -1.878, -1.818, 0.789]",1,be,0.003
jjj3ajhFHzI,rep_00,i didn't say he stole the money,True,I didn't say he stole the money,7,7,"[0.278, 2.369, -0.008, 0.003, 0.28, -0.002, 0.032]",1,didn't,"[0.443, 3.904, 0.743, -1.045, -1.228, -3.674, 0.857]",1,didn't,0.001
jjj3ajhFHzI,rep_01,i didn't say he stole the money,True,I didn't say he stole the money,7,7,"[2.489, 0.583, 0.02, 0.019, 0.178, 0.0, -0.004]",0,i,"[4.606, 2.641, -0.575, -1.323, -0.547, -3.083, -1.719]",0,i,0.002
jjj3ajhFHzI,rep_02,i didn't say he stole the money,True,I didn't say he stole the money,7,7,"[-0.028, 2.575, -0.025, 0.0, 0.403, 0.019, 0.162]",1,didn't,"[-0.136, 2.583, 0.808, -2.65, -1.135, -2.104, 2.635]",6,money,0.002
jjj3ajhFHzI,rep_03,i didn't say he stole the money,True,He I didn't say he stole the money,8,7,"[0.0, 1.858, 0.151, 2.33, 0.076, 0.0, 0.001]",3,he,"[1.448, 0.708, -0.638, 1.093, 0.678, -3.249, -1.954]",0,i,0.002
jjj3ajhFHzI,rep_04,i didn't say he stole the money,True,Stole I didn't say he stole the money,8,7,"[0.034, 1.006, 0.0, 0.003, 0.037, 0.917, -0.005]",1,didn't,"[-1.05, 3.431, -0.652, -2.512, -1.966, 1.173, -1.835]",1,didn't,0.002
jjj3ajhFHzI,rep_05,i didn't say he stole the money,True,word I didn't say he stole the money,8,7,"[-0.016, 2.933, 0.378, -0.059, 0.837, 0.042, 0.831]",1,didn't,"[-1.904, 2.986, 1.208, -0.563, 0.546, -0.871, 0.279]",1,didn't,0.002
PqsH_jQKhpw,rep_00,i didn't tell her you stole his wallet i didn't tell her you stole his wallet i,True,I didn't tell her you stole his wallet I didn't tell her you stole his wallet,16,16,"[1.743, 2.403, 1.008, -0.029, 0.037, 0.567, 0.046, 0.24, 0.0, 2.628, 0.642, 0.113, 0.267, 0.851, -0.0, 0.206, null]",9,didn't,"[0.849, 3.216, 0.869, 1.747, -1.504, -0.327, -2.641, -0.24, -1.232, 2.731, 0.219, 0.739, -0.494, -0.079, -1.692, -2.162, null]",1,didn't,0.005
PqsH_jQKhpw,rep_01,i didn't tell her you stole his wallet i didn't tell her you stole his wallet i,True,I didn't tell her you stole his wallet I didn't tell her you stole his wallet his wallet,18,16,"[0.18, 1.582, -0.302, 3.958, 0.0, 0.348, 0.009, 0.38, 0.09, 0.925, 0.0, 2.765, 0.149, 0.005, 0.003, 0.674, null]",3,her,"[0.269, 1.888, 1.63, 3.332, 0.153, -1.225, -1.623, -0.933, 2.227, 0.943, 1.217, 2.151, -1.17, -1.726, -2.238, -0.234, null]",3,her,0.006
PqsH_jQKhpw,rep_02,i didn't tell her you stole his wallet i didn't tell her you stole his wallet i,True,I didn't tell her you stole his wallet I didn't tell her you stole his wallet,16,16,"[0.043, 2.86, 0.109, 2.984, 0.261, 0.069, 0.039, 0.483, 0.0, 1.873, 0.077, 1.361, 0.198, 0.063, -0.004, 0.0, null]",3,her,"[1.536, 2.991, 0.638, 3.417, 0.889, -2.477, -2.667, 0.895, -1.547, 1.926, -0.135, 1.429, -0.77, -2.242, -3.483, -0.4, null]",3,her,0.005
PqsH_jQKhpw,rep_03,i didn't tell her you stole his wallet i didn't tell her you stole his wallet i,True,I didn't tell her you stole his wallet I didn't tell her you stole his wallet I tell,18,17,"[0.023, 1.707, 0.032, 0.249, 3.746, 0.129, 0.026, 0.558, 0.0, 1.556, 0.009, 0.097, 2.762, -0.013, -0.019, 0.799, 0.072]",4,you,"[0.949, 1.759, -0.055, -0.113, 3.591, 0.769, -2.98, 1.031, -2.264, 0.909, -0.493, -0.549, 2.342, 1.56, -3.151, -1.633, 1.074]",4,you,0.005
PqsH_jQKhpw,rep_04,i didn't tell her you stole his wallet i didn't tell her you stole his wallet i,True,I didn't tell her you stole his wallet I didn't tell her you stole his wallet,16,16,"[0.165, 1.537, 0.082, 0.0, 0.107, 0.106, 2.814, 0.348, 0.0, 1.56, 0.0, 0.017, 0.051, 2.003, -0.011, -0.005, null]",6,his,"[0.103, 1.409, 1.081, -0.61, -0.426, 2.073, 1.83, -0.067, -2.345, 0.943, -0.353, -0.497, -1.076, 0.842, 0.838, -3.746, null]",5,stole,0.005
PqsH_jQKhpw,rep_05,i didn't tell her you stole his wallet i didn't tell her you stole his wallet i,True,I didn't tell her you stole his wallet I didn't tell her you stole his wallet I,17,17,"[0.397, 1.918, 0.0, 0.023, -0.009, 0.196, 0.079, 3.209, -0.015, 1.329, 0.0, 0.175, 0.0, 0.229, 0.085, 1.491, 1.18]",7,wallet,"[-1.475, 4.2, -0.088, 0.751, -1.177, -0.976, -2.113, 3.125, -1.926, 3.279, -0.466, 0.903, -1.618, -1.877, -3.039, 1.861, 0.636]",1,didn't,0.005
SOzRB9fHesQ,rep_00,i never said you stole the money maybe,False,Never said you stole the money,6,6,"[null, 1.837, 0.419, -0.031, 0.435, -0.008, 0.121, null]",1,never,"[null, 3.78, 2.131, -1.256, 0.269, -3.414, -1.51, null]",1,never,0.002
SOzRB9fHesQ,rep_01,i never said you stole the money maybe,True,I never said you stole the money,7,7,"[0.024, 2.703, 0.315, -0.088, 0.905, -0.013, 0.024, null]",1,never,"[3.781, 2.132, -0.381, -0.944, 0.311, -3.899, -1.0, null]",0,i,0.002
SOzRB9fHesQ,rep_02,i never said you stole the money maybe,True,I never said you stole the money,7,7,"[0.704, 0.469, 1.96, 0.466, 0.134, -0.008, 0.059, null]",2,said,"[1.435, 2.019, 3.318, -1.523, -1.719, -4.297, 0.767, null]",2,said,0.002
SOzRB9fHesQ,rep_03,i never said you stole the money maybe,True,I never said you stole the money maybe I am,10,8,"[0.89, 0.047, 3.647, 0.422, 0.044, 0.0, 0.429, 0.304]",2,said,"[2.58, 1.13, 3.664, 1.026, -1.371, -3.954, 1.346, -0.816]",2,said,0.002
SOzRB9fHesQ,rep_04,i never said you stole the money maybe,True,I never said you stole the money,7,7,"[0.695, -0.072, 0.957, 2.544, -0.063, 0.001, 0.062, null]",3,you,"[2.843, -0.603, 0.248, 2.133, 0.419, -3.389, -1.65, null]",0,i,0.002
SOzRB9fHesQ,rep_05,i never said you stole the money maybe,True,I never said you stole the money maybe you,9,8,"[0.301, 0.0, 0.785, -0.138, 3.185, 0.302, 0.0, 0.788]",4,stole,"[1.266, -0.783, 0.961, -0.618, 1.892, -0.401, -2.881, 2.145]",7,maybe,0.002
SOzRB9fHesQ,rep_06,i never said you stole the money maybe,True,I never said you stole the money,7,7,"[0.537, 0.0, 1.229, -0.076, 0.293, 1.639, 2.149, null]",6,money,"[2.47, 0.744, 1.658, -3.348, -0.781, -1.935, 1.192, null]",0,i,0.002
SOzRB9fHesQ,rep_07,i never said you stole the money maybe,True,I never said you stole the money maybe it was,10,8,"[0.149, 1.091, 0.365, 0.024, 0.821, -0.017, 2.937, 0.81]",6,money,"[-0.686, 2.199, 1.638, -1.305, 0.795, -1.907, 2.045, 0.648]",1,never,0.003
SOzRB9fHesQ,rep_08,i never said you stole the money maybe,True,I never said you stole the money,7,7,"[0.049, 0.178, 2.147, -0.059, 0.591, -0.068, 0.468, null]",2,said,"[-1.017, 0.173, 3.467, -2.366, 0.62, -3.897, 3.019, null]",2,said,0.002
QXCpWI0qpys,rep_00,i didn't say we should kill him this means you,True,I didn't say we should kill him This means,9,9,"[0.827, 2.797, -0.002, -0.002, -0.101, -0.005, 1.505, 1.264, 0.217, null]",1,didn't,"[0.735, 2.921, -1.18, -2.689, -2.357, -0.7, 2.196, 1.834, -0.758, null]",1,didn't,0.003
QXCpWI0qpys,rep_01,i didn't say we should kill him this means you,True,I didn't say we should kill him This means,9,9,"[4.036, 0.464, -0.005, 0.0, 0.006, 0.063, 0.242, 0.788, 0.151, null]",0,i,"[1.48, 3.466, -0.003, -1.205, -1.068, -1.276, 0.181, 1.577, -3.153, null]",1,didn't,0.003
QXCpWI0qpys,rep_02,i didn't say we should kill him this means you,True,I didn't say we should kill him This means you may have,12,10,"[0.999, 2.248, 2.103, 0.005, -0.026, 0.098, 0.831, 1.609, 0.001, 1.086]",1,didn't,"[0.432, 1.888, 1.132, 1.713, -3.126, -1.583, 3.364, 1.698, -4.493, -0.485]",6,him,0.003
QXCpWI0qpys,rep_03,i didn't say we should kill him this means you,True,I didn't say we should kill him This means you said,11,10,"[2.293, 0.044, 0.0, 2.602, 0.0, -0.152, 1.874, 2.344, 0.0, 1.173]",3,we,"[1.208, 1.465, -0.366, 0.869, 1.256, -2.495, -0.736, 1.704, -1.284, -0.429]",7,this,0.004
QXCpWI0qpys,rep_04,i didn't say we should kill him this means you,True,I didn't say we should kill him This means you said,11,10,"[3.684, 0.008, -0.123, 0.0, 1.418, 0.33, 1.122, 1.644, 0.286, 0.18]",0,i,"[0.226, 2.63, -1.209, -1.593, 0.391, 0.323, 0.167, 1.618, -0.173, -1.623]",1,didn't,0.003
QXCpWI0qpys,rep_05,i didn't say we should kill him this means you,True,I didn't say we should kill him This means you,10,10,"[1.979, 0.445, 0.151, 0.0, 0.366, -0.097, 3.193, 0.114, 0.701, 0.68]",6,him,"[0.087, 1.138, -0.166, 0.375, -0.769, 0.47, 2.564, 2.069, -1.763, -4.005]",6,him,0.003
QXCpWI0qpys,rep_06,i didn't say we should kill him this means you,True,I didn't say we should kill him This means you said,11,10,"[3.317, 0.069, -0.016, -0.016, 0.093, 0.48, 2.023, 1.574, 0.02, 1.017]",0,i,"[-0.607, 3.244, -1.53, -1.637, -2.671, -0.378, 3.558, -0.255, 1.236, -0.307]",6,him,0.004
hJO4EYUs3xs,rep_00,i never said you stole my money,True,I never said you stole my money,7,7,"[1.28, -0.094, 2.138, 0.0, 0.954, 0.076, 0.123]",2,said,"[0.569, 0.188, 1.441, -3.233, -0.664, -1.887, 3.587]",6,money,0.001
hJO4EYUs3xs,rep_01,i never said you stole my money,True,I never said you stole my money,7,7,"[1.769, 0.06, 1.708, 0.0, 0.228, 0.0, 0.149]",0,i,"[2.264, 0.88, 2.284, -3.501, -2.613, -1.383, 2.068]",2,said,0.001
hJO4EYUs3xs,rep_02,i never said you stole my money,True,I never said you stole my money,7,7,"[0.458, 0.0, 0.293, 2.982, 0.342, -0.012, 0.0]",3,you,"[-0.378, -2.342, -1.388, 4.575, 1.166, -1.479, -0.153]",3,you,0.002
hJO4EYUs3xs,rep_03,i never said you stole my money,True,I never said you stole my money,7,7,"[0.791, 0.0, 1.021, 0.0, 0.658, 0.834, 1.712]",6,money,"[0.059, -0.718, -0.713, -2.63, -1.546, 0.652, 4.897]",6,money,0.002
hJO4EYUs3xs,rep_04,i never said you stole my money,True,I never said you stole my money,7,7,"[1.704, 0.0, 1.305, -0.02, 0.255, -0.022, 1.795]",6,money,"[2.904, -0.797, 2.235, -0.412, -1.56, -4.299, 1.929]",0,i,0.001
hJO4EYUs3xs,rep_05,i never said you stole my money,True,If I say it I never said you stole my money,11,7,"[0.0, 0.485, 0.132, 2.513, 0.058, 0.102, -0.007]",3,you,"[-1.883, -0.58, -0.778, 4.422, 3.078, -1.597, -0.392]",3,you,0.002
hJO4EYUs3xs,rep_06,i never said you stole my money,True,I never said you stole my money,7,7,"[0.791, 0.022, 1.284, 0.0, 0.777, 0.242, 1.198]",2,said,"[0.685, -0.552, 0.86, -3.67, -1.401, -1.093, 5.17]",6,money,0.002
arFhTw5QS3U,rep_00,the money i didn't say she stole,True,all the money I didn't say she stole,8,7,"[-0.005, 0.263, 0.012, 2.79, 0.0, 0.048, 0.143]",3,didn't,"[-1.987, 0.281, 3.457, 3.183, -0.62, -1.782, -0.771]",2,i,0.002
arFhTw5QS3U,rep_01,the money i didn't say she stole,True,stole the money I didn't say she stole the,9,7,"[0.003, 0.168, 0.0, 1.13, 1.804, 0.056, 0.477]",4,say,"[-3.466, 0.582, -2.876, 2.031, 3.285, 3.212, 0.262]",4,say,0.002
arFhTw5QS3U,rep_02,the money i didn't say she stole,False,I didn't say she stole,5,5,"[null, null, 0.997, 1.395, 0.0, 1.847, 0.0]",5,she,"[null, null, -1.488, 1.751, -2.152, -0.03, 1.919]",6,stole,0.002
arFhTw5QS3U,rep_03,the money i didn't say she stole,True,stole the money I didn't say she stole the,9,7,"[-0.016, 0.035, 0.373, 1.658, -0.08, 0.176, 0.5]",3,didn't,"[-4.368, 1.179, 2.153, 0.636, -0.169, -0.503, 1.699]",2,i,0.002
arFhTw5QS3U,rep_04,the money i didn't say she stole,False,I didn't say she stole,5,5,"[null, null, 1.775, 1.958, 0.0, 0.046, 0.213]",3,didn't,"[null, null, 1.773, 0.309, 1.018, -2.722, -0.378]",2,i,0.002
uuxrEyho8Ig,rep_00,happy christmas to all of you,True,Happy Christmas to all of you,6,6,"[0.071, 3.287, 0.0, 0.0, 0.01, 0.056]",1,christmas,"[4.728, 0.16, 1.379, -2.001, -2.531, -1.734]",0,happy,0.002
uuxrEyho8Ig,rep_01,happy christmas to all of you,True,word happy Christmas to all of you,7,6,"[0.003, 2.786, 0.103, 0.364, 0.0, 0.006]",1,christmas,"[5.622, 1.302, -1.371, -1.787, -2.856, 0.354]",0,happy,0.002
uuxrEyho8Ig,rep_02,happy christmas to all of you,True,So happy Christmas to all of you,7,6,"[1.894, -0.111, 2.804, -0.007, 0.0, 0.0]",2,to,"[2.372, 3.324, 2.843, -1.627, -2.335, -1.616]",1,christmas,0.003
uuxrEyho8Ig,rep_03,happy christmas to all of you,True,Happy Christmas to all of you,6,6,"[0.77, 0.324, 2.404, 0.241, 0.0, 0.079]",2,to,"[0.596, 0.634, 3.111, 2.98, -3.758, -3.562]",2,to,0.002
uuxrEyho8Ig,rep_04,happy christmas to all of you,True,Happy Christmas to all of you,6,6,"[0.994, 0.0, 0.0, 0.05, 2.513, 0.003]",4,of,"[0.894, 0.577, -1.678, -1.824, 4.329, -2.299]",4,of,0.002
SWfP6kpruPQ,rep_00,are peter and helen visiting us on friday,True,Are Peter and Helen visiting us on Friday,8,8,"[2.829, 0.094, 0.09, 0.989, 0.308, 0.121, -0.049, 0.925]",0,are,"[4.386, 3.173, -1.506, -1.424, -0.995, -0.624, -1.778, -1.234]",0,are,0.002
SWfP6kpruPQ,rep_01,are peter and helen visiting us on friday,True,Are Peter and Helen visiting us on Friday,8,8,"[1.064, 0.042, 2.694, -0.017, 0.494, 0.027, -0.019, 0.239]",2,and,"[1.355, 1.114, 2.375, 1.458, 0.307, -0.495, -3.397, -2.717]",2,and,0.002
SWfP6kpruPQ,rep_02,are peter and helen visiting us on friday,True,Are Peter and Helen visiting us on Friday,8,8,"[1.67, 0.257, -0.115, 0.086, 0.74, 0.198, -0.078, 1.433]",0,are,"[-0.213, 0.968, 0.826, -1.839, 0.167, -0.177, -2.963, 3.231]",7,friday,0.002
SWfP6kpruPQ,rep_03,are peter and helen visiting us on friday,True,Are Peter and Helen visiting us on Friday,8,8,"[2.704, -0.013, -0.006, 0.014, 0.213, 0.057, -0.007, 0.084]",0,are,"[4.434, 2.57, -0.733, -1.584, 0.616, -0.496, -2.572, -2.235]",0,are,0.002
SWfP6kpruPQ,rep_04,are peter and helen visiting us on friday,True,Are Peter and Helen visiting us on Friday,8,8,"[2.043, 0.668, 0.008, 1.909, 0.229, 0.079, -0.021, 0.272]",0,are,"[1.871, 2.951, 0.244, 0.903, 0.567, -0.942, -2.889, -2.705]",1,peter,0.002
_IOkGOwZMe0,rep_00,i can't believe this can you,True,I can't believe this can you,6,6,"[1.446, 0.692, 1.953, 0.528, -0.059, 0.665]",2,believe,"[0.597, -1.159, 1.308, 3.292, -5.182, 1.144]",3,this,0.002
_IOkGOwZMe0,rep_01,i can't believe this can you,True,say I can't believe this can you,7,6,"[2.138, 0.449, 0.0, 1.267, 0.0, 0.157]",0,i,"[0.644, 0.813, -0.159, 1.934, -4.6, 2.612]",5,you,0.002
_IOkGOwZMe0,rep_02,i can't believe this can you,True,I can't believe this can you,6,6,"[1.693, 0.392, 0.0, 1.303, 0.0, 0.63]",0,i,"[0.278, 0.613, -0.042, 3.069, -4.846, 0.927]",3,this,0.001
_IOkGOwZMe0,rep_03,i can't believe this can you,True,I can't believe this can you,6,6,"[2.549, 0.789, 1.258, 0.127, -0.075, 0.324]",0,i,"[3.103, -1.578, -0.046, 2.717, -3.879, -0.317]",0,i,0.002
_IOkGOwZMe0,rep_04,i can't believe this can you,True,I can't believe this can you,6,6,"[0.228, 0.86, 2.078, 0.177, -0.089, 1.075]",2,believe,"[-0.067, -2.411, 1.919, 2.804, -4.149, 1.904]",3,this,0.002
_IOkGOwZMe0,rep_05,i can't believe this can you,True,I can't believe this can you,6,6,"[0.053, 1.696, 1.617, 0.78, -0.101, 0.617]",1,can't,"[-1.377, -1.393, -0.328, 3.947, -3.408, 2.559]",3,this,0.001
_IOkGOwZMe0,rep_06,i can't believe this can you,True,together I can't believe this can you,7,6,"[0.392, 1.748, 1.328, 1.144, -0.136, 0.581]",1,can't,"[-0.569, -2.515, -0.101, 1.986, -1.013, 0.005]",3,this,0.002
_IOkGOwZMe0,rep_07,i can't believe this can you,True,I can't believe this can you,6,6,"[1.389, 0.557, 1.995, 0.438, -0.051, 0.621]",2,believe,"[0.461, -1.178, 1.353, 3.263, -5.182, 1.282]",3,this,0.002
9rbnSTRTF-Y,rep_00,we put stress on,True,We just put stress on that,6,4,"[2.36, 1.502, 0.195, -0.008]",0,we,"[2.722, 0.608, -0.292, -3.395]",0,we,0.001
9rbnSTRTF-Y,rep_01,we put stress on,True,We usually put stress on,5,4,"[0.633, 0.111, 0.005, 0.086]",0,we,"[1.557, -0.78, -4.02, 0.09]",0,we,0.002
9rbnSTRTF-Y,rep_02,we put stress on,True,We just put stress on,5,4,"[3.148, 0.132, 0.057, 0.626]",0,we,"[0.925, -0.328, -3.435, 1.802]",3,on,0.001
9rbnSTRTF-Y,rep_03,we put stress on,True,columns we usually put stress on this,7,4,"[0.505, 0.349, 0.099, -0.006]",0,we,"[1.418, -0.162, -1.663, -3.189]",0,we,0.002
9rbnSTRTF-Y,rep_04,we put stress on,False,You push your ass on like,6,1,"[null, null, null, 1.359]",3,on,"[null, null, null, 1.818]",3,on,0.001
9rbnSTRTF-Y,rep_05,we put stress on,True,We usually put stress on,5,4,"[2.248, 0.051, 0.01, 0.045]",0,we,"[2.839, -0.962, -2.251, -2.68]",0,we,0.002
9rbnSTRTF-Y,rep_06,we put stress on,True,We usually put stress on,5,4,"[2.446, 0.061, 0.157, 0.056]",0,we,"[3.505, -1.153, -2.027, -2.827]",0,we,0.002
9rbnSTRTF-Y,rep_07,we put stress on,True,We put stress on the,5,4,"[0.332, 1.646, 0.683, 1.571]",1,put,"[-0.067, 1.422, 0.506, -0.114]",1,put,0.002
9rbnSTRTF-Y,rep_08,we put stress on,True,situation we put stress on,5,4,"[0.284, 0.0, 0.342, -0.008]",2,stress,"[-2.703, 2.366, -0.472, -1.452]",1,put,0.002
9rbnSTRTF-Y,rep_09,we put stress on,True,We usually put stress on,5,4,"[0.46, 0.452, 0.045, 0.001]",0,we,"[2.912, -0.644, -2.399, -2.505]",0,we,0.001
9rbnSTRTF-Y,rep_10,we put stress on,True,We put stress on a second,6,4,"[1.672, 1.74, 0.518, -0.004]",1,put,"[2.24, 3.015, 1.031, -2.305]",1,put,0.001
9rbnSTRTF-Y,rep_11,we put stress on,True,We put stress on us,5,4,"[1.509, 0.18, 1.338, 0.17]",0,we,"[1.884, 1.878, 0.658, -3.303]",0,we,0.002
9rbnSTRTF-Y,rep_12,we put stress on,True,We put stress on it,5,4,"[1.854, 1.334, 0.196, -0.02]",0,we,"[2.618, 2.129, 1.354, -1.66]",0,we,0.001
9rbnSTRTF-Y,rep_13,we put stress on,True,So we put stress on look,6,4,"[1.549, 0.714, 1.17, 0.378]",0,we,"[0.472, -0.473, -0.852, -1.795]",0,we,0.001
9rbnSTRTF-Y,rep_14,we put stress on,True,case we put stress on the,6,4,"[0.0, 2.462, 0.747, -0.021]",1,put,"[-1.059, 2.463, 0.708, -3.373]",1,put,0.001
s8-cCpVFELI,rep_00,you just don't know what we've been through,True,You just don't know what we've been through,8,8,"[0.182, 0.542, 2.429, 0.308, 0.118, 1.129, -0.03, 0.315]",2,don't,"[-0.764, -0.174, 3.153, -2.296, -2.981, -0.988, 0.719, 3.332]",7,through,0.001
s8-cCpVFELI,rep_01,you just don't know what we've been through,True,pause You just don't know what we've been through,9,8,"[2.024, 3.067, -0.023, -0.021, 0.0, 0.057, 0.023, 0.015]",1,just,"[3.65, 4.043, -0.297, -1.786, -1.727, -2.553, -1.226, -1.433]",1,just,0.003
s8-cCpVFELI,rep_02,you just don't know what we've been through,True,You just don't know what we've been through,8,8,"[1.204, 2.451, 0.721, -0.026, 0.0, 0.178, -0.012, 0.078]",1,just,"[3.328, 4.149, 1.746, -1.785, -1.721, -2.022, -1.925, -1.77]",1,just,0.003
s8-cCpVFELI,rep_03,you just don't know what we've been through,True,You just don't know what we've been through,8,8,"[0.657, 0.201, 2.673, 0.727, 0.0, 0.239, -0.031, 0.167]",2,don't,"[2.415, 1.96, 2.354, 0.747, -1.385, -1.553, -1.896, -2.642]",0,you,0.003
s8-cCpVFELI,rep_04,you just don't know what we've been through,True,You just don't know what we've been through,8,8,"[0.662, 0.028, 0.612, 0.645, 2.282, 0.963, 0.0, 0.279]",4,what,"[1.075, 1.933, 1.307, -0.604, 1.616, 0.697, -2.387, -3.638]",1,just,0.002
s8-cCpVFELI,rep_05,you just don't know what we've been through,True,You just don't know what we've been through,8,8,"[0.257, -0.015, 0.466, -0.051, 0.0, 1.006, 2.881, 0.59]",6,been,"[1.462, 1.569, 0.664, -0.601, -1.065, -1.096, 0.827, -1.759]",1,just,0.002
s8-cCpVFELI,rep_06,you just don't know what we've been through,True,You just don't know what we've been through,8,8,"[2.179, 0.371, 0.137, 0.0, -0.022, 0.178, -0.006, 0.041]",0,you,"[4.29, 4.521, -1.324, -2.351, -2.544, 0.438, -2.306, -0.725]",1,just,0.002
s8-cCpVFELI,rep_07,you just don't know what we've been through,True,You just don't know what we've been through,8,8,"[0.551, 2.231, 0.649, 0.0, 0.008, 0.076, -0.008, 0.224]",1,just,"[2.847, 3.702, 3.219, -2.079, -2.185, -2.319, -2.112, -1.073]",1,just,0.002
s8-cCpVFELI,rep_08,you just don't know what we've been through,True,You just don't know what we've been through,8,8,"[0.078, 0.047, 2.915, 0.01, 0.0, 0.217, -0.004, 0.12]",2,don't,"[-0.231, -0.135, 4.66, -1.792, -3.31, -0.91, 0.12, 1.597]",2,don't,0.002
s8-cCpVFELI,rep_09,you just don't know what we've been through,True,You just don't know what we've been through,8,8,"[0.351, -0.014, 0.312, -0.057, 2.716, 0.114, 0.0, 0.037]",4,what,"[1.927, -0.716, 0.697, -1.642, 3.604, 1.01, -1.905, -2.975]",4,what,0.002
s8-cCpVFELI,rep_10,you just don't know what we've been through,True,You just don't know what we've been through,8,8,"[0.184, 0.049, 0.529, 0.0, -0.006, 0.065, 2.622, 0.057]",6,been,"[0.568, 0.271, 0.082, -0.913, -1.943, -2.337, 1.971, 2.3]",7,through,0.002
s8-cCpVFELI,rep_11,you just don't know what we've been through,True,You just don't know what we've been through,8,8,"[0.081, 0.946, 0.368, 0.046, 0.004, 0.297, -0.017, 1.978]",7,through,"[-0.63, 0.399, 1.269, 0.025, -1.225, -1.268, -3.587, 5.017]",7,through,0.002
s8-cCpVFELI,rep_12,you just don't know what we've been through,True,You just don't know what we've been through,8,8,"[0.393, 0.99, 0.0, -0.001, 0.011, 0.011, 0.027, 0.087]",1,just,"[5.893, 2.693, 0.035, -1.906, -2.433, -2.34, -1.825, -0.118]",0,you,0.002
s8-cCpVFELI,rep_13,you just don't know what we've been through,True,through You just don't know what we've been through,9,8,"[0.313, 0.229, 2.384, 0.063, -0.0, 0.1, -0.006, 0.036]",2,don't,"[-1.009, 1.717, 4.957, 1.482, -2.404, -2.352, -1.679, -0.954]",2,don't,0.002
s8-cCpVFELI,rep_14,you just don't know what we've been through,True,You just don't know what we've been through,8,8,"[0.513, 0.002, 0.368, -0.023, 2.71, 0.783, 0.0, 0.172]",4,what,"[2.18, 0.708, 1.154, -1.195, 2.307, 1.459, -3.574, -3.04]",4,what,0.002
s8-cCpVFELI,rep_15,you just don't know what we've been through,True,You just don't know what we've been through,8,8,"[0.859, 0.0, 0.075, -0.046, 0.0, 0.454, 2.255, 0.35]",6,been,"[1.864, 2.055, -1.446, -3.468, -2.947, 0.242, 2.587, 1.112]",6,been,0.002
vVVB-35oeQE,rep_00,to be or not to be that is the question,False,to be or not to be that is a quest,10,10,"[0.102, 2.517, 0.042, 0.702, 0.0, 1.206, 0.019, 2.199, 0.048, 0.0]",1,be,"[-0.305, 0.675, -2.315, -0.592, 2.359, -0.548, 1.848, 0.403, -0.754, -0.771]",4,to,0.003
vVVB-35oeQE,rep_01,to be or not to be that is the question,True,To be or not to be that is the question,10,10,"[0.908, 1.459, 0.605, 1.675, 0.257, 0.034, 0.004, 0.048, 0.057, 0.281]",3,not,"[2.527, 2.381, 1.822, 1.897, -1.16, -1.218, -2.563, -4.02, -2.638, 2.971]",9,question,0.002
vVVB-35oeQE,rep_02,to be or not to be that is the question,True,to be or not to be That is the question,10,10,"[0.112, 1.554, 1.106, 0.151, 0.276, 1.393, 1.901, -0.005, 0.055, 0.021]",6,that,"[0.868, 3.062, 2.793, -0.049, -1.363, 2.673, 0.121, -3.062, -2.097, -2.948]",1,be,0.003
vVVB-35oeQE,rep_03,to be or not to be that is the question,True,To be or not to be THAT is the question,10,10,"[0.28, 0.0, 1.252, 0.316, -0.002, 0.99, 0.0, 0.717, 0.146, 0.799]",2,or,"[1.225, 1.579, 2.883, 0.828, -1.478, 1.893, -1.178, -0.71, -3.237, -1.806]",2,or,0.002
vVVB-35oeQE,rep_04,to be or not to be that is the question,True,to be or not to be that is the question,10,10,"[0.325, 0.078, 0.0, 0.27, 0.034, 0.042, 0.153, 0.067, 1.902, 0.404]",8,the,"[-0.021, -0.724, -1.279, -0.433, -2.336, -0.505, -0.949, -3.131, 3.796, 5.582]",9,question,0.002
vVVB-35oeQE,rep_05,to be or not to be that is the question,True,To be or not to be that is the question,10,10,"[0.208, 2.242, 0.0, 0.576, -0.002, 0.508, 0.0, 0.555, 0.299, 0.879]",1,be,"[2.376, 4.096, -0.048, -0.457, -1.742, 0.228, -1.911, -0.987, -2.502, 0.946]",1,be,0.002
lQ9xUAe1UHA,rep_00,i like to go to the mall,True,is I like to go to the mall,8,7,"[1.078, 0.189, 0.856, 0.03, 0.0, -0.099, 2.002]",6,mall,"[1.189, 2.433, 0.49, 0.485, -2.381, -2.41, 2.878]",6,mall,0.002
lQ9xUAe1UHA,rep_01,i like to go to the mall,True,I like to go to the mall,7,7,"[0.36, 1.149, 0.003, 0.078, 0.0, 0.0, 2.234]",6,mall,"[0.13, 3.197, -0.025, -0.472, -2.446, -3.597, 3.213]",6,mall,0.002
lQ9xUAe1UHA,rep_02,i like to go to the mall,True,I like to go to mall,6,6,"[0.116, 0.015, 0.307, 1.649, -0.209, null, 1.591]",3,go,"[1.519, 0.535, -0.606, 1.489, -4.104, null, 1.168]",0,i,0.002
lQ9xUAe1UHA,rep_03,i like to go to the mall,True,I like to go to the mall,7,7,"[0.073, 1.321, 0.798, 2.274, 0.065, -0.037, 0.362]",3,go,"[-2.444, 2.011, -0.087, 2.347, -0.291, -3.053, 1.517]",3,go,0.002
lQ9xUAe1UHA,rep_04,i like to go to the mall,True,I like to go to the mall,7,7,"[0.714, 0.0, 1.103, 0.179, -0.048, 0.0, 1.724]",6,mall,"[1.288, 0.482, 0.763, 0.057, -3.83, -2.694, 3.934]",6,mall,0.002
lQ9xUAe1UHA,rep_05,i like to go to the mall,True,I like to go to the mall,7,7,"[0.211, 0.102, 0.058, 2.298, 0.0, -0.35, 1.99]",3,go,"[-0.597, 0.692, -0.6, 0.989, -2.393, -3.184, 5.094]",6,mall,0.002
1QR3zLzrqfI,rep_00,she ordered a cake,False,shielded a cake with crayons,5,2,"[null, null, 0.959, 0.31]",2,a,"[null, null, -0.112, -1.273]",2,a,0.002
1QR3zLzrqfI,rep_01,she ordered a cake,True,She ordered a cake,4,4,"[1.593, 0.0, -0.075, 1.263]",0,she,"[1.002, -0.192, -2.541, 1.732]",3,cake,0.001
1QR3zLzrqfI,rep_02,she ordered a cake,True,She ordered a cake,4,4,"[1.739, 0.0, 0.027, 0.723]",0,she,"[2.411, -0.206, -0.804, -1.4]",0,she,0.002
1QR3zLzrqfI,rep_03,she ordered a cake,True,syllable She ordered a cake,5,4,"[0.0, 1.567, -0.06, 0.0]",1,ordered,"[-2.699, -0.089, 1.673, -0.345]",2,a,0.002
1QR3zLzrqfI,rep_04,she ordered a cake,True,For she ordered a cake,5,4,"[1.531, 0.0, 0.01, 0.678]",0,she,"[-2.048, 0.91, -0.933, 1.796]",3,cake,0.002
1QR3zLzrqfI,rep_05,she ordered a cake,True,She ordered a cake,4,4,"[1.179, 0.0, 0.005, 0.0]",0,she,"[0.061, -1.24, -0.994, 2.174]",3,cake,0.002
1QR3zLzrqfI,rep_06,she ordered a cake,True,She ordered a cake,4,4,"[0.773, 0.0, 0.027, 0.087]",0,she,"[0.0, -0.973, -1.084, 2.057]",3,cake,0.002
unOH-8kxLxA,rep_00,is this your pen,True,Is this your pen,4,4,"[0.613, -0.04, 2.99, 0.198]",2,your,"[-1.036, 1.386, 0.455, -0.804]",1,this,0.002
unOH-8kxLxA,rep_01,is this your pen,True,Is this your pen,4,4,"[0.028, 2.273, 1.232, 0.274]",1,this,"[-3.585, 2.311, 1.203, 0.071]",1,this,0.001
unOH-8kxLxA,rep_02,is this your pen,True,Is this your pen,4,4,"[3.406, 0.003, 0.074, 0.0]",0,is,"[4.815, -1.983, -2.606, -0.227]",0,is,0.002
unOH-8kxLxA,rep_03,is this your pen,True,Is this your pen,4,4,"[2.463, 0.0, 0.13, 0.0]",0,is,"[3.124, 1.178, -2.854, -1.447]",0,is,0.002
unOH-8kxLxA,rep_04,is this your pen,True,Is this your pen,4,4,"[1.935, 0.0, 1.277, 0.174]",0,is,"[2.22, 1.251, -0.546, -2.925]",0,is,0.002
unOH-8kxLxA,rep_05,is this your pen,True,Is this your pen,4,4,"[0.305, -0.093, 3.058, 0.476]",2,your,"[-0.695, 0.065, 1.704, -1.073]",2,your,0.002
U30_A9xmFL8,rep_00,i never said you stole my money i,True,I never said you stole my money I never said,10,8,"[0.736, 0.003, 1.338, -0.08, 0.447, 0.016, 0.923, 1.511]",7,i,"[-1.479, 1.105, 2.541, 0.468, -1.066, -1.456, 2.424, -3.014]",2,said,0.002
U30_A9xmFL8,rep_01,i never said you stole my money i,True,I I never said you stole my money,8,7,"[1.369, 0.047, 0.009, -0.006, 0.068, 0.068, -0.005, null]",0,i,"[1.966, 2.499, -1.182, -2.264, -1.322, -0.954, -2.141, null]",1,never,0.003
U30_A9xmFL8,rep_02,i never said you stole my money i,True,Okay I never said you stole my money,8,7,"[2.05, 0.214, 0.077, 0.0, 0.033, 0.035, 1.401, null]",0,i,"[1.931, 2.801, 0.45, -2.368, -1.678, -0.92, -0.947, null]",1,never,0.002
U30_A9xmFL8,rep_03,i never said you stole my money i,True,I never never said you stole my money I never,10,8,"[1.285, 1.947, 0.389, 0.034, 0.0, 0.163, 0.024, 0.075]",1,never,"[2.093, 2.819, 1.563, 2.637, -1.95, -2.367, -2.69, -1.365]",1,never,0.003
U30_A9xmFL8,rep_04,i never said you stole my money i,True,I never said you stole my money,7,7,"[1.614, 0.0, 2.062, 0.225, 0.028, 0.019, 0.0, null]",2,said,"[3.044, -0.462, 2.412, 2.38, -2.914, -3.371, -1.09, null]",0,i,0.002
U30_A9xmFL8,rep_05,i never said you stole my money i,True,I never said you stole my money,7,7,"[0.181, 0.0, 0.843, 0.0, 2.348, 0.774, 0.0, null]",4,stole,"[-0.81, -1.195, 0.586, 1.928, 3.029, -2.442, -1.096, null]",4,stole,0.002
U30_A9xmFL8,rep_06,i never said you stole my money i,True,So I never said you stole my money I said,10,8,"[-0.025, -0.035, 1.053, 0.049, 2.224, 0.244, 0.021, -0.006]",4,stole,"[-2.46, 0.388, 1.996, 3.517, 3.569, -0.004, -0.153, -3.723]",4,stole,0.001
U30_A9xmFL8,rep_07,i never said you stole my money i,True,Stole I never said you stole my money,8,7,"[0.115, 0.0, 0.61, 0.0, 0.408, 1.153, -0.008, null]",5,my,"[-2.456, -0.694, 0.105, -0.964, 0.916, 0.872, -2.513, null]",4,stole,0.002
U30_A9xmFL8,rep_08,i never said you stole my money i,True,Okay I never said you stole my money,8,7,"[0.0, -0.001, 0.58, 0.0, 0.909, 1.89, 1.078, null]",5,my,"[-3.171, -0.042, -0.246, -1.225, 2.834, 3.089, 0.624, null]",5,my,0.002
U30_A9xmFL8,rep_09,i never said you stole my money i,True,I never said you stole my money I said you stole,11,8,"[0.933, 0.029, 0.307, -0.068, 0.551, 0.063, 2.088, 0.0]",6,money,"[-0.231, 1.521, 1.709, -0.83, 0.943, 2.081, 4.666, -4.369]",6,money,0.002
U30_A9xmFL8,rep_10,i never said you stole my money i,True,I never said you sold my money,7,7,"[0.078, 0.0, 1.633, -0.036, 0.323, 0.004, 2.634, null]",6,money,"[-0.852, 0.498, 2.243, -1.778, 0.297, -1.408, 1.002, null]",2,said,0.002
H2naE8bAxeM,rep_00,the boy and the girl ran to school the boy and the girl ran to school,True,The boy and the girl ran to school The boy and the girl ran to school,16,16,"[1.434, 1.574, 0.043, -0.127, 0.691, 0.175, 0.012, 1.857, 1.438, 0.0, 1.233, -0.07, 0.636, 0.199, -0.016, 0.877]",7,school,"[0.726, 2.225, 1.419, -0.48, -0.272, -0.891, -2.313, 1.849, 0.502, 2.464, 2.019, 0.629, -1.124, -1.476, -3.011, -2.266]",9,boy,0.003
H2naE8bAxeM,rep_01,the boy and the girl ran to school the boy and the girl ran to school,True,The boy and the girl ran to school,8,8,"[0.106, 2.061, -0.028, 0.0, 1.829, 0.443, 0.196, 0.905, null, null, null, null, null, null, null, null]",1,boy,"[1.371, 1.688, -0.334, -3.74, 0.067, 2.588, -1.697, 0.057, null, null, null, null, null, null, null, null]",5,ran,0.003
H2naE8bAxeM,rep_02,the boy and the girl ran to school the boy and the girl ran to school,True,again The boy and the girl ran to school The boy and the girl ran to school,17,16,"[0.0, 1.797, 0.077, 0.05, 0.312, 0.62, 0.047, 0.698, 0.057, 1.45, 0.0, 0.057, 0.616, 0.399, -0.016, 0.525]",1,boy,"[-2.752, 3.233, 1.63, -0.608, -0.425, 0.279, -2.175, 0.635, -1.503, 2.633, 1.823, -0.527, -0.288, -0.772, -3.198, -1.447]",1,boy,0.003
H2naE8bAxeM,rep_03,the boy and the girl ran to school the boy and the girl ran to school,True,The boy and the girl ran to school,8,8,"[0.041, 2.008, -0.115, 0.0, 1.69, 0.786, 0.076, 0.516, null, null, null, null, null, null, null, null]",1,boy,"[-0.119, 2.296, 1.314, -4.156, 1.113, 1.436, -1.79, -0.095, null, null, null, null, null, null, null, null]",1,boy,0.003
H2naE8bAxeM,rep_04,the boy and the girl ran to school the boy and the girl ran to school,True,This the boy and the girl ran to school The boy and the girl ran to school,17,16,"[0.146, 2.234, -0.0, -0.035, 1.469, 1.358, 0.0, 0.072, 0.0, 1.848, -0.046, -0.031, 1.23, 0.996, 0.263, 0.609]",1,boy,"[-1.261, 2.869, 0.816, -3.387, 0.815, -0.098, -2.597, 1.561, -1.979, 2.611, 0.422, -3.233, 0.447, 0.949, -2.175, 0.457]",1,boy,0.003
O57QgP_o7QA,rep_00,the word home in the,True,example the word home in the sentence,7,5,"[-0.064, 0.101, 2.687, -0.002, 0.025]",2,home,"[-2.963, -0.389, 3.704, -1.932, -3.067]",2,home,0.002
O57QgP_o7QA,rep_01,the word home in the,True,Let's hear the word home in the f,8,5,"[1.588, 0.841, 1.391, -0.038, 0.113]",0,the,"[1.052, 1.562, 3.199, -0.777, -1.892]",2,home,0.001
O57QgP_o7QA,rep_02,the word home in the,True,for the word home in that,6,5,"[-0.006, 0.143, 2.301, -0.063, 0.003]",2,home,"[-3.282, -1.396, 3.293, 2.009, 0.538]",2,home,0.001
O57QgP_o7QA,rep_03,the word home in the,True,compared to the word home in the second,8,5,"[0.0, 0.095, 2.429, 1.564, -0.041]",2,home,"[-1.229, -0.737, 2.107, -2.099, -2.869]",2,home,0.002
O57QgP_o7QA,rep_04,the word home in the,True,the word home in the,5,5,"[0.746, 0.05, 2.392, 0.003, 0.009]",2,home,"[-0.966, 0.556, 3.176, 0.101, -2.867]",2,home,0.001
O57QgP_o7QA,rep_05,the word home in the,True,the word home in the sec,6,5,"[0.724, 0.234, 2.389, 0.0, -0.088]",2,home,"[-0.599, 0.609, 3.347, -2.69, -3.531]",2,home,0.001
O57QgP_o7QA,rep_06,the word home in the,True,alternate the word home from the two sides,8,5,"[0.111, 0.069, 2.373, 0.512, -0.069]",2,home,"[-0.277, 0.243, 1.871, 0.835, -2.018]",2,home,0.002
ECVS-AGRNQw,rep_00,mr brown has a black hat,True,Mr Brown has a black hat,6,6,"[2.207, 0.0, 0.255, 0.062, 0.09, 2.526]",5,hat,"[4.553, -3.272, -1.207, -1.414, -1.201, 2.541]",0,mr,0.002
ECVS-AGRNQw,rep_01,mr brown has a black hat,True,Mr Brown has a black hat,6,6,"[0.494, 0.0, 0.555, 0.015, 0.129, 2.877]",5,hat,"[0.922, -2.22, -0.728, -2.774, -0.29, 5.089]",5,hat,0.001
ECVS-AGRNQw,rep_02,mr brown has a black hat,True,for saying Mr Brown has a black hat,8,6,"[0.435, 0.0, 0.138, 1.97, 0.572, 0.151]",3,a,"[1.186, -1.588, -2.187, 3.211, 2.575, 0.297]",3,a,0.001
ECVS-AGRNQw,rep_03,mr brown has a black hat,True,Mr Brown has a black hat,6,6,"[1.654, 0.0, 0.757, 0.323, 0.74, 1.249]",0,mr,"[0.828, -1.503, -2.424, -0.823, 0.962, 2.96]",5,hat,0.001
ECVS-AGRNQw,rep_04,mr brown has a black hat,True,Mr Brown is a black hat means,7,6,"[0.833, 0.0, 2.419, 0.022, 0.361, 1.055]",2,has,"[6.507, -0.943, -1.35, -2.139, -0.739, -0.872]",0,mr,0.002
ECVS-AGRNQw,rep_05,mr brown has a black hat,True,Brown Mr Brown has a black hat means,8,6,"[3.169, 0.0, 0.734, 0.0, 0.136, 0.509]",0,mr,"[4.811, -2.344, -0.962, -3.229, -0.388, 1.339]",0,mr,0.001
YT2TcLr6y7w,rep_00,we must change now,True,that we must change now,5,4,"[0.119, 0.68, 2.335, 0.103]",2,change,"[0.957, 1.121, 1.759, -1.789]",2,change,0.001
YT2TcLr6y7w,rep_01,we must change now,True,We must change now,4,4,"[2.732, 0.016, 0.027, 0.337]",0,we,"[3.764, 1.181, -1.232, -3.713]",0,we,0.002
YT2TcLr6y7w,rep_02,we must change now,True,We must change now,4,4,"[0.24, 0.726, 2.06, 0.191]",2,change,"[0.486, 2.308, 0.283, -3.077]",1,must,0.003
YT2TcLr6y7w,rep_03,we must change now,True,We must change now,4,4,"[0.231, 0.0, 2.687, 0.384]",2,change,"[1.973, -0.997, 1.874, -2.85]",0,we,0.003
YT2TcLr6y7w,rep_04,we must change now,True,We must change now,4,4,"[1.194, -0.117, 1.474, 0.606]",2,change,"[-0.152, -3.008, -0.243, 3.403]",3,now,0.002
S5f0FKhPax0,rep_00,i want you to,True,but I want you to,5,4,"[0.323, 2.145, 0.171, 0.324]",1,want,"[0.105, 0.242, -2.35, 3.466]",3,to,0.001
S5f0FKhPax0,rep_01,i want you to,True,Right but I want you to,6,4,"[0.0, 0.286, 1.839, 0.0]",2,you,"[-1.025, 0.109, -0.337, -1.425]",1,want,0.001
S5f0FKhPax0,rep_02,i want you to,True,But I want you to do that again,8,4,"[-0.012, 0.0, 1.667, -0.108]",2,you,"[1.271, -0.242, -1.334, -2.879]",0,i,0.001
S5f0FKhPax0,rep_03,i want you to,True,I don't want you to another,6,4,"[0.163, 0.0, 1.054, 1.144]",3,to,"[-0.999, -2.129, -2.972, 1.625]",3,to,0.001
S5f0FKhPax0,rep_04,i want you to,True,I just want you to count to,7,4,"[1.098, 2.032, 0.024, -0.014]",1,want,"[0.984, 1.349, 0.725, -1.108]",1,want,0.001
S5f0FKhPax0,rep_05,i want you to,True,Now I want you to try to,7,4,"[0.02, -0.008, 0.83, 0.0]",2,you,"[0.002, 0.589, -0.97, 0.25]",1,want,0.001
S5f0FKhPax0,rep_06,i want you to,True,I want you to try to,6,4,"[0.816, 0.59, -0.074, 0.0]",0,i,"[-0.076, 0.262, -1.836, 1.009]",3,to,0.001
NBocin3yBT4,rep_00,come here come here,True,Come here Come here,4,4,"[2.714, 0.198, 0.0, 0.55]",0,come,"[-0.809, 0.026, 1.094, -0.311]",2,come,0.002
NBocin3yBT4,rep_01,come here come here,True,Come here Come here,4,4,"[2.873, 0.262, 0.026, 1.329]",0,come,"[-0.044, 1.854, 0.951, -2.761]",1,here,0.004
NBocin3yBT4,rep_02,come here come here,True,Come here Come here,4,4,"[1.954, 0.527, 0.0, 0.651]",0,come,"[0.706, -1.19, 0.067, 0.418]",0,come,0.002
NBocin3yBT4,rep_03,come here come here,True,Come here Come here,4,4,"[1.976, 0.824, 0.0, 0.474]",0,come,"[1.207, 1.632, -0.496, -2.343]",1,here,0.002
NBocin3yBT4,rep_04,come here come here,True,come here come here,4,4,"[0.051, 0.371, 2.607, 0.016]",2,come,"[0.206, -0.906, 1.912, -1.211]",2,come,0.001
uc8AgRPyFe8,rep_00,i have the word,True,I could have the word like,6,4,"[1.639, -0.025, -0.037, 0.126]",0,i,"[0.722, 0.003, -2.312, -1.985]",0,i,0.001
uc8AgRPyFe8,rep_01,i have the word,True,Or maybe I have the word hap,7,4,"[-0.003, -0.014, -0.061, 0.4]",3,word,"[1.568, -1.548, -3.11, -1.51]",0,i,0.001
uc8AgRPyFe8,rep_02,i have the word,True,Perhaps I have the word,5,4,"[0.006, -0.015, -0.004, 0.18]",3,word,"[1.297, -0.621, -3.289, -0.718]",0,i,0.001
uc8AgRPyFe8,rep_03,i have the word,True,Or maybe I have the word hope,7,4,"[0.781, 0.013, -0.039, -0.032]",0,i,"[1.026, 1.058, -3.673, -1.994]",1,have,0.001
uc8AgRPyFe8,rep_04,i have the word,True,Well now I have the word,6,4,"[0.0, -0.006, 0.144, 0.011]",2,the,"[2.254, -1.693, -1.832, 0.12]",0,i,0.001
uc8AgRPyFe8,rep_05,i have the word,True,Well now I have the word,6,4,"[2.543, -0.022, 0.322, 0.122]",0,i,"[1.639, -1.018, -3.076, -0.507]",0,i,0.001
fhhV1N2XJtg,rep_00,never said she stole my money if the,False,I never said she stole my money I,8,6,"[-0.025, 0.06, 0.0, 0.039, -0.006, 0.192, null, null]",5,money,"[0.297, -0.868, -3.103, -1.886, -2.621, 2.998, null, null]",5,money,0.002
fhhV1N2XJtg,rep_01,never said she stole my money if the,False,I never said she stole my money,7,6,"[0.0, 2.274, 0.002, 0.065, 0.013, 0.392, null, null]",1,said,"[2.25, 3.934, -2.095, -1.373, -2.243, -0.297, null, null]",1,said,0.002
fhhV1N2XJtg,rep_02,never said she stole my money if the,False,They never said she stole my money They never,9,8,"[0.0, 3.372, 0.14, 0.033, 0.003, 1.347, 0.0, 0.027]",1,said,"[-0.296, 5.246, -2.652, -0.129, -1.135, 1.615, -1.957, 0.592]",1,said,0.002
fhhV1N2XJtg,rep_03,never said she stole my money if the,False,I never said she stole my money,7,6,"[0.004, 2.316, 0.237, 0.755, 0.0, 0.094, null, null]",1,said,"[-2.503, 1.31, 3.499, 3.358, -0.822, -0.79, null, null]",2,she,0.002
fhhV1N2XJtg,rep_04,never said she stole my money if the,False,I never said she stole my money I never,9,8,"[0.267, 1.726, 0.255, 1.773, 0.153, -0.005, 0.0, 0.234]",3,stole,"[-0.874, 0.012, 0.134, 3.647, 2.744, 0.334, -3.437, -0.242]",3,stole,0.002
fhhV1N2XJtg,rep_05,never said she stole my money if the,False,I never said she stole my money,7,6,"[0.004, 1.851, 0.16, 0.023, 0.631, 1.125, null, null]",1,said,"[-1.578, 0.169, -0.867, -0.427, 2.506, 3.106, null, null]",5,money,0.002
fhhV1N2XJtg,rep_06,never said she stole my money if the,False,I never said she stole my money,7,6,"[-0.001, 1.316, 0.0, 0.033, 0.338, 3.095, null, null]",5,money,"[-3.55, 2.062, -0.355, 1.034, 2.099, 3.119, null, null]",5,money,0.002
_tsSPbAAKjc,rep_00,i didn't say you stole my money i didn't say you stole my money number,True,I didn't say you stole my money I didn't say you stole my money stole,15,15,"[0.075, 2.504, -0.041, 0.0, 0.131, 0.0, -0.0, 0.021, 4.059, -0.003, -0.025, 0.198, 0.01, 0.005, 0.058]",8,didn't,"[0.558, 2.515, 0.515, -0.778, -0.406, -1.008, 2.155, 0.873, 3.032, 0.709, -1.363, -0.74, -1.507, -2.19, -2.365]",8,didn't,0.006
_tsSPbAAKjc,rep_01,i didn't say you stole my money i didn't say you stole my money number,True,I didn't say you stole my money,7,7,"[1.628, 2.391, 0.531, 0.0, 0.008, 0.002, 0.322, null, null, null, null, null, null, null, null]",1,didn't,"[2.281, 3.403, 1.057, 0.571, -2.063, -3.002, -2.246, null, null, null, null, null, null, null, null]",1,didn't,0.004
_tsSPbAAKjc,rep_02,i didn't say you stole my money i didn't say you stole my money number,True,I didn't say you stole my money I didn't say you stole my money,14,14,"[3.749, 0.198, -0.006, 0.0, 0.338, 0.019, 0.103, 3.142, 0.162, 0.027, 0.318, 0.343, 0.011, 0.222, null]",0,i,"[0.883, 0.66, 0.639, 0.991, -1.372, -2.647, 1.124, 0.401, 2.297, 0.509, 0.293, 1.756, -1.695, -3.839, null]",8,didn't,0.005
_tsSPbAAKjc,rep_03,i didn't say you stole my money i didn't say you stole my money number,True,I didn't say you stole my money I didn't say you stole my money number six,16,15,"[1.307, 0.0, 0.0, -0.228, -0.042, 2.036, 0.0, 2.01, 3.03, 0.0, 0.0, -0.168, 2.921, 0.087, 0.075]",8,didn't,"[0.575, 0.187, -0.29, -0.68, -0.833, 1.468, -1.834, 0.893, 0.523, -0.593, -1.023, -0.329, 1.201, -0.896, -0.582]",5,my,0.006
_tsSPbAAKjc,rep_04,i didn't say you stole my money i didn't say you stole my money number,True,I didn't say you stole my money I didn't say you stole my money,14,14,"[0.106, 2.563, -0.04, 0.0, 0.145, 2.767, 0.921, 0.292, 2.42, 0.208, -0.028, 0.296, -0.026, 2.529, null]",5,my,"[-2.62, 1.17, -0.239, -0.792, -0.722, 0.186, 3.947, -0.606, 0.684, 3.347, -1.909, -1.785, -1.066, 0.404, null]",6,money,0.005
yJkfjF94YKA,rep_00,da da da da da da,True,da da da da da da da da da da da da da,13,6,"[2.012, 0.068, -0.027, 1.248, -0.005, 2.262]",5,da,"[1.793, 0.233, -1.565, 3.006, 1.3, 5.671]",5,da,0.002
yJkfjF94YKA,rep_01,da da da da da da,False,dah dah dah dah dah dah dah,7,0,"[null, null, null, null, null, null]",,,"[null, null, null, null, null, null]",,,0.002
yJkfjF94YKA,rep_02,da da da da da da,True,Da da da da da,5,5,"[1.551, 0.0, 0.0, 0.0, 0.597, null]",0,da,"[4.745, 1.138, -2.461, -2.361, -1.06, null]",0,da,0.002
yJkfjF94YKA,rep_03,da da da da da da,True,da da da da da da da,7,6,"[2.651, -0.046, 0.005, -0.057, 1.834, 0.0]",0,da,"[1.112, -0.732, -0.931, 0.646, 2.881, -1.799]",4,da,0.002
pGE2PZPqkyU,rep_00,heads up heads down heads up heads down,False,Yeah so your head's down Head's up Head's down,9,3,"[null, 0.0, 0.89, 0.005, null, null, null, null]",2,heads,"[null, 3.012, -3.119, -0.975, null, null, null, null]",1,up,0.003
pGE2PZPqkyU,rep_01,heads up heads down heads up heads down,True,Heads up Heads down Heads up Heads down,8,8,"[0.037, 3.163, 0.055, 0.005, 0.0, 1.673, -0.003, 1.378]",1,up,"[2.143, 2.818, -1.231, 0.783, -1.761, 1.343, -3.977, -0.117]",1,up,0.003
pGE2PZPqkyU,rep_02,heads up heads down heads up heads down,True,Heads up No Heads down Heads up Heads down,9,8,"[3.424, 3.424, 0.0, 2.234, 0.067, 2.071, 1.744, 0.0]",0,heads,"[-2.144, 1.059, 0.417, 1.084, -1.488, 0.746, -1.313, -1.777]",3,down,0.004
pGE2PZPqkyU,rep_03,heads up heads down heads up heads down,True,Heads up Heads down Heads up Heads down,8,8,"[2.801, -0.054, 0.325, 0.006, 2.814, 0.0, 0.889, 0.364]",4,heads,"[1.055, 2.107, -3.872, -2.433, -0.364, 2.116, -0.861, 2.253]",7,down,0.003
pGE2PZPqkyU,rep_04,heads up heads down heads up heads down,True,Heads up down Heads up Ahhhh Heads down,8,7,"[0.0, 0.089, null, 1.849, 0.0, 0.725, 0.781, 0.07]",3,down,"[-0.295, 0.841, null, -3.046, -1.249, 2.901, -0.679, -0.228]",5,up,0.005
pGE2PZPqkyU,rep_05,heads up heads down heads up heads down,True,Heads up heads down heads up,6,6,"[0.422, 0.0, 0.052, 2.153, 2.504, -0.026, null, null]",4,heads,"[-3.664, 0.946, 0.135, 3.221, -1.153, 0.515, null, null]",3,down,0.005
196G8sHNdo4,rep_00,purse a wolf stole your purse,True,a dancer A wolf stole your purse,7,5,"[null, 1.446, 0.311, 0.844, -0.004, 0.069]",1,a,"[null, -1.078, 1.338, 2.104, -0.774, -2.508]",3,stole,0.004
196G8sHNdo4,rep_01,purse a wolf stole your purse,True,stole your purse A wolf stole a purse,8,6,"[1.835, 0.349, 0.89, 0.358, -0.119, 2.042]",5,purse,"[0.622, -3.271, 0.378, 1.007, -0.911, 4.072]",5,purse,0.002
196G8sHNdo4,rep_02,purse a wolf stole your purse,True,A wolf stole your purse,5,5,"[null, 0.093, 0.0, 1.403, 0.216, 1.617]",5,purse,"[null, -3.42, -1.771, 0.077, 1.385, 3.729]",5,purse,0.002
196G8sHNdo4,rep_03,purse a wolf stole your purse,True,dog Listen a wolf stole your purse,7,5,"[null, 0.0, 1.966, 0.667, 0.033, 0.036]",2,wolf,"[null, -3.474, 2.125, 1.555, -2.187, -3.23]",2,wolf,0.002
196G8sHNdo4,rep_04,purse a wolf stole your purse,True,No a wolf stole your purse,6,6,"[1.31, -0.135, 2.012, 0.115, 0.718, 0.701]",2,wolf,"[1.53, -1.517, 2.027, 0.052, -0.475, -1.617]",2,wolf,0.002
196G8sHNdo4,rep_05,purse a wolf stole your purse,True,my purse A wolf stole your purse,7,6,"[0.02, 0.136, 0.621, 2.247, 0.268, 0.0]",3,stole,"[3.246, -2.414, 0.461, 1.869, 0.805, -3.086]",0,purse,0.002
196G8sHNdo4,rep_06,purse a wolf stole your purse,True,That's all I know A wolf stole your purse,9,5,"[null, 0.493, 0.0, 2.226, 0.368, 2.908]",5,purse,"[null, -1.029, 0.169, 0.77, 0.554, 3.142]",5,purse,0.004
196G8sHNdo4,rep_07,purse a wolf stole your purse,True,Listen a wolf stole your purse,6,6,"[1.672, 0.0, 2.125, 0.335, 0.84, 0.032]",2,wolf,"[3.016, -2.85, 2.816, 1.848, -1.57, -3.259]",0,purse,0.002
196G8sHNdo4,rep_08,purse a wolf stole your purse,True,No a wolf stole your purse,6,6,"[0.85, 0.0, 1.726, 0.0, 0.899, 1.497]",2,wolf,"[2.012, -1.49, 2.24, 0.194, -0.498, -2.458]",2,wolf,0.002
eYot_tpDj14,rep_00,exam the teacher didn't grade your,True,a sentence the teacher didn't grade your ex,8,5,"[null, 0.0, 1.83, 0.184, 0.088, 0.029]",2,teacher,"[null, -1.153, 2.447, 1.779, -0.448, -1.959]",2,teacher,0.002
eYot_tpDj14,rep_01,exam the teacher didn't grade your,True,The teacher didn't grade your exam,6,5,"[null, 0.004, 0.339, 2.279, -0.044, -0.016]",3,didn't,"[null, -0.986, 2.165, 3.138, -1.306, -2.781]",3,didn't,0.002
eYot_tpDj14,rep_02,exam the teacher didn't grade your,False,The teacher didn't grade you words,6,4,"[null, 1.156, 0.065, 1.403, 0.46, null]",3,didn't,"[null, 1.503, 0.894, 0.455, -0.871, null]",1,the,0.002
eYot_tpDj14,rep_03,exam the teacher didn't grade your,False,The teacher didn't grade you,5,5,"[null, 0.759, 0.0, 2.091, 0.003, 0.046]",3,didn't,"[null, 1.492, 1.98, 1.561, -1.926, -3.108]",2,teacher,0.002
eYot_tpDj14,rep_04,exam the teacher didn't grade your,True,exam The teacher didn't grade your exam,7,6,"[0.601, 1.413, 0.0, 2.331, 0.0, -0.079]",3,didn't,"[2.481, -0.757, -0.058, -0.166, -1.118, -0.49]",0,exam,0.002
eYot_tpDj14,rep_05,exam the teacher didn't grade your,False,third sentence the teacher didn't graduate,6,3,"[null, 0.0, 0.403, 1.623, null, null]",3,didn't,"[null, -1.26, 0.462, 1.205, null, null]",3,didn't,0.002
eYot_tpDj14,rep_06,exam the teacher didn't grade your,True,the teacher didn't grade your,5,5,"[null, -0.048, 0.335, 0.115, -0.022, 0.38]",5,your,"[null, 1.793, -0.697, -0.41, -1.038, 0.351]",1,the,0.002
eYot_tpDj14,rep_07,exam the teacher didn't grade your,True,the same sentence the teacher didn't grade your exam,9,5,"[null, 0.153, 0.242, 0.989, -0.005, 0.161]",3,didn't,"[null, -1.171, 0.977, 0.802, -0.343, -0.796]",2,teacher,0.003
eYot_tpDj14,rep_08,exam the teacher didn't grade your,False,This is the target The teacher didn't graduate,8,3,"[null, -0.012, 0.989, 1.445, null, null]",3,didn't,"[null, -1.47, 2.55, 3.14, null, null]",3,didn't,0.002
8dHDFirZVZY,rep_00,i didn't give her the pink flowers i didn't give her the pink flowers,True,I didn't give her the pink flowers I didn't give her the pink flowers,14,14,"[0.27, 1.73, -0.2, 1.761, 0.0, -0.095, 1.548, -0.007, 2.371, 0.0, 0.833, 0.0, -0.065, 1.061]",8,didn't,"[-0.076, 0.568, 1.358, 2.273, -1.111, -1.253, 2.703, 0.868, 1.22, -0.011, 0.372, -2.695, -3.101, -1.114]",6,flowers,0.003
8dHDFirZVZY,rep_01,i didn't give her the pink flowers i didn't give her the pink flowers,True,I didn't give her the pink flowers I didn't give her the pink flowers,14,14,"[0.055, 1.429, -0.073, 3.439, 0.065, -0.006, 0.158, 0.0, 1.003, -0.097, 1.406, 0.0, -0.079, 0.448]",3,her,"[-0.135, 0.222, -1.996, 1.907, 3.54, -3.101, 2.357, 0.298, -0.151, -1.962, 2.652, 0.202, -2.15, -1.683]",4,the,0.004
8dHDFirZVZY,rep_02,i didn't give her the pink flowers i didn't give her the pink flowers,True,I didn't give her the pink flowers I didn't give her the pink flowers,14,14,"[2.419, 0.0, 0.021, -0.135, 0.0, 2.388, 0.023, 2.404, 0.0, 0.0, -0.004, 0.0, 1.812, 0.356]",0,i,"[2.92, 1.76, 0.31, -0.804, -2.96, 1.339, -1.839, 3.078, 1.918, -0.296, -0.969, -3.585, 0.542, -1.413]",7,i,0.004
8dHDFirZVZY,rep_03,i didn't give her the pink flowers i didn't give her the pink flowers,True,Didn't give her the pink flowers I didn't give her the pink flowers,13,13,"[null, 1.73, 0.015, 0.0, 0.169, 0.067, 2.885, 0.217, 1.539, 0.0, -0.013, 0.0, 0.318, 1.829]",6,flowers,"[null, 3.017, 0.498, -1.35, -2.3, -2.052, 4.872, -0.793, 2.917, 0.364, -1.5, -3.14, -1.035, 0.502]",6,flowers,0.003
68TlhbC_7ns,rep_00,i did not say she carried her dog,True,I did not say she carried a dog,8,8,"[2.964, -0.011, -0.1, 0.643, 0.041, 0.481, 0.0, 0.154]",0,i,"[4.176, 3.081, -0.338, -0.62, -2.114, -1.227, -2.82, -0.138]",0,i,0.002
68TlhbC_7ns,rep_01,i did not say she carried her dog,True,I did not see she carried her dog,8,8,"[0.493, 0.0, 0.215, 3.167, 0.581, 0.098, -0.027, 0.687]",3,say,"[2.562, -0.557, -1.421, 0.404, 0.505, -1.093, -3.522, 3.124]",7,dog,0.002
68TlhbC_7ns,rep_02,i did not say she carried her dog,True,I did not say she carried a dog,8,8,"[1.457, 0.0, 0.118, 1.836, 2.012, 0.318, 0.012, 0.042]",4,she,"[2.444, 0.598, 0.957, -1.397, 1.248, 0.149, -2.149, -1.85]",0,i,0.002
68TlhbC_7ns,rep_03,i did not say she carried her dog,True,I did not say she carried a dog,8,8,"[0.498, 0.0, 0.38, 0.606, 0.036, 2.884, -0.092, -0.063]",5,carried,"[1.763, -1.05, -0.329, -0.917, -0.284, 1.347, 1.617, -2.147]",0,i,0.002
68TlhbC_7ns,rep_04,i did not say she carried her dog,True,I did not say she carried her dog,8,8,"[1.057, 0.0, 0.554, 1.562, -0.095, 0.716, 2.686, -0.052]",6,her,"[1.579, -0.587, 0.363, 0.554, -4.204, -1.374, 0.204, 3.466]",7,dog,0.002
68TlhbC_7ns,rep_05,i did not say she carried her dog,True,I did not say she carried her dog,8,8,"[0.855, -0.017, 0.005, 0.326, -0.002, 0.209, 0.024, 2.257]",7,dog,"[2.426, -0.361, -0.443, -1.184, -2.614, -1.294, -2.229, 5.699]",7,dog,0.002
-Usf78IP0yA,rep_00,why would jerry bring anything,True,responds why would Jerry bring anything,6,5,"[1.572, -0.092, 0.0, 2.421, 2.421]",3,bring,"[-1.057, -0.218, -0.538, 1.152, 1.916]",4,anything,0.002
-Usf78IP0yA,rep_01,why would jerry bring anything,True,Why would Jerry bring anything,5,5,"[1.627, -0.162, 2.199, 0.064, -0.0]",2,jerry,"[2.561, -0.942, 0.993, 1.1, -3.712]",0,why,0.002
-Usf78IP0yA,rep_02,why would jerry bring anything,True,Why would Jerry bring anything,5,5,"[0.267, 0.0, 0.35, 0.017, 2.78]",4,anything,"[0.33, -1.772, -1.561, 0.769, 2.234]",4,anything,0.002
-Usf78IP0yA,rep_03,why would jerry bring anything,True,Why would Jerry bring anything,5,5,"[1.737, -0.16, 0.0, 1.231, 0.011]",0,why,"[1.676, -0.697, -0.14, 1.454, -2.292]",0,why,0.001
-Usf78IP0yA,rep_04,why would jerry bring anything,True,Did he say why would Jerry bring anything,8,5,"[1.062, 0.102, 2.825, 0.148, 0.235]",2,jerry,"[1.517, -1.184, 2.211, 1.223, -1.445]",2,jerry,0.002
-Usf78IP0yA,rep_05,why would jerry bring anything,True,Why would Jerry bring anything,5,5,"[0.084, 0.0, 0.014, 0.351, 2.149]",4,anything,"[0.451, -0.751, -2.28, 0.553, 2.027]",4,anything,0.001
RcGkHrPSzDc,rep_00,to have an uncomfortable conversation with you,True,I need to have an uncomfortable conversation with you,9,7,"[0.029, 0.697, 0.0, 0.92, 0.5, 0.612, -0.001]",3,uncomfortable,"[1.198, -0.524, 0.038, 0.215, 0.574, -1.488, -1.279]",0,to,0.002
RcGkHrPSzDc,rep_01,to have an uncomfortable conversation with you,True,I need to have an uncomfortable conversation with you,9,7,"[0.038, 0.288, 0.0, 0.473, 0.331, 2.62, 0.002]",5,with,"[-0.126, -0.871, -1.522, 0.055, -0.369, 2.207, -2.001]",5,with,0.002
RcGkHrPSzDc,rep_02,to have an uncomfortable conversation with you,True,have to have an uncomfortable conversation with you,8,7,"[0.037, 0.563, -0.035, 0.723, 1.706, 0.204, -0.012]",4,conversation,"[2.576, -0.52, -1.889, 0.138, 0.474, -0.177, -1.134]",0,to,0.001
RcGkHrPSzDc,rep_03,to have an uncomfortable conversation with you,True,I need to have an uncomfortable conversation with you,9,7,"[0.032, 0.0, -0.003, 0.193, 2.706, 2.706, 0.154]",4,conversation,"[-1.528, -2.064, -3.455, -1.04, 0.936, 4.119, 3.101]",5,with,0.001
k8k_rNTDjJM,rep_00,who then turned out 15 years later to be,True,who turned out 15 years later to be the,9,8,"[0.147, null, 1.028, 0.299, 1.604, 0.029, 0.978, 2.397, -0.016]",7,to,"[-3.78, null, 2.114, 0.274, 4.106, 0.124, 2.824, -0.235, -3.274]",4,15,0.001
k8k_rNTDjJM,rep_01,who then turned out 15 years later to be,True,Island who then turned out 15 years later to be,10,9,"[0.107, 0.132, 0.156, 0.262, 1.94, 0.514, 1.692, -0.031, 0.0]",4,15,"[2.276, 0.297, 0.294, -0.131, -1.069, 0.08, -0.752, -1.206, 0.488]",0,who,0.001
k8k_rNTDjJM,rep_02,who then turned out 15 years later to be,True,who then turned out 15 years later to be,9,9,"[0.512, 2.04, 0.055, 0.554, 0.517, 0.084, 0.575, 0.0, 0.0]",1,then,"[0.638, 3.842, 2.362, 0.23, -0.336, -0.104, -0.647, -3.514, -2.473]",1,then,0.002
k8k_rNTDjJM,rep_03,who then turned out 15 years later to be,True,Island who then turned out 15 years later to be,10,9,"[0.36, 0.131, 0.189, 2.347, 2.097, 0.037, 0.637, 0.185, 0.0]",3,out,"[-0.852, -1.486, 1.484, 3.097, 1.745, 0.31, 1.308, -2.753, -2.6]",3,out,0.002
k8k_rNTDjJM,rep_04,who then turned out 15 years later to be,True,who then turned out 15 years later to be the leader of,12,9,"[0.224, 0.117, 0.467, 2.365, 0.226, -0.018, 3.196, 0.0, 0.0]",6,later,"[2.923, 0.117, 2.104, 3.353, 3.839, 0.016, 0.938, -2.554, -2.856]",4,15,0.002
mwKuYpjeDdM,rep_00,move the adverb to the,True,you will move the adverb to a different,8,4,"[0.925, 0.033, 2.877, 0.325, null]",2,adverb,"[0.85, -0.452, 5.231, -2.64, null]",2,adverb,0.001
mwKuYpjeDdM,rep_01,move the adverb to the,True,move the adverb before the verb,6,5,"[0.763, -0.215, 2.495, 1.835, -0.051]",2,adverb,"[1.87, -0.399, 3.016, -2.52, -1.119]",2,adverb,0.002
mwKuYpjeDdM,rep_02,move the adverb to the,True,Move the adverb to the,5,5,"[1.522, 0.293, 1.557, 0.216, 0.057]",2,adverb,"[2.241, -0.142, 2.59, -3.364, -1.325]",2,adverb,0.001
mwKuYpjeDdM,rep_03,move the adverb to the,True,Move the adverb before the verb,6,5,"[0.867, 0.0, 3.067, 1.452, -0.013]",2,adverb,"[1.981, 0.254, 2.452, 1.098, -4.544]",2,adverb,0.002
mwKuYpjeDdM,rep_04,move the adverb to the,True,Move the adverb to the beginning,6,5,"[1.899, -0.08, 2.089, 0.276, 0.0]",2,adverb,"[5.131, -0.188, 1.317, -2.917, -2.184]",0,move,0.001
mwKuYpjeDdM,rep_05,move the adverb to the,True,Move the adverb to the,5,5,"[2.58, 0.0, 0.679, 0.054, 0.0]",0,move,"[2.33, -0.209, -0.276, -3.227, 1.382]",0,move,0.001
mwKuYpjeDdM,rep_06,move the adverb to the,True,move the adverb to the,5,5,"[1.959, 0.132, 1.083, 0.221, 0.0]",0,move,"[3.484, 0.331, 1.423, -4.14, -1.098]",0,move,0.001
sBaqJO0t5Z8,rep_00,this is the last time i do this with you,True,This is the last time I do this with you,10,10,"[2.995, 0.946, 0.481, -0.065, 0.826, 0.0, 0.053, 0.178, 0.094, 0.004]",0,this,"[3.288, 2.962, 2.381, -0.811, 1.518, -2.008, -2.085, -0.363, -2.4, -2.481]",0,this,0.003
sBaqJO0t5Z8,rep_01,this is the last time i do this with you,True,This is the last time I do this with you,10,10,"[2.866, 1.06, 0.88, 0.01, 1.136, 0.033, 0.0, 0.002, 0.103, 0.001]",0,this,"[4.64, 2.775, 2.244, 0.052, 1.268, -2.364, -1.619, -1.423, -2.694, -2.88]",0,this,0.002
sBaqJO0t5Z8,rep_02,this is the last time i do this with you,True,This is the last time I do this with you,10,10,"[2.932, -0.021, -0.012, 0.159, 0.656, -0.013, 0.0, 0.256, -0.004, 0.26]",0,this,"[6.754, 1.66, -2.398, -2.063, -0.055, -2.148, -0.05, 0.044, -2.179, 0.434]",0,this,0.002
sBaqJO0t5Z8,rep_03,this is the last time i do this with you,True,This is the last time I do this with you,10,10,"[1.943, -0.138, 0.097, 1.998, 0.704, 0.026, 0.942, -0.021, 0.093, 0.0]",3,last,"[2.831, -0.934, 2.054, 3.786, 0.045, -2.044, 0.243, -0.252, -4.087, -1.641]",3,last,0.003
cciUi_bQ49k,rep_00,didn't watch a horror film at the cinema last night,True,Ed didn't watch a horror film at the cinema last night,11,10,"[0.533, 0.0, -0.194, 2.066, -0.117, 1.083, 0.0, 0.101, 0.506, 0.556]",3,horror,"[0.245, -0.858, -0.372, 0.691, 2.149, 0.391, -3.251, -0.06, -1.912, 2.285]",9,night,0.003
cciUi_bQ49k,rep_01,didn't watch a horror film at the cinema last night,True,Ed didn't watch a horror film at the cinema last night,11,10,"[1.614, -0.018, -0.098, 0.338, 0.71, 0.034, -0.044, 0.156, 2.854, 0.144]",8,last,"[2.845, -0.22, -2.336, 0.599, -1.569, -2.322, -0.908, -0.07, 2.018, 1.495]",0,didn't,0.003
cciUi_bQ49k,rep_02,didn't watch a horror film at the cinema last night,True,Ed didn't watch a horror film at the cinema last night,11,10,"[1.407, -0.019, -0.016, 0.0, 0.854, 0.051, -0.053, 2.779, 1.158, 0.713]",7,cinema,"[-0.305, -0.604, -1.169, -2.289, 0.589, 0.077, -2.482, 2.244, 2.021, 1.359]",7,cinema,0.003
cciUi_bQ49k,rep_03,didn't watch a horror film at the cinema last night,True,Ed didn't watch a horror film at the cinema last night,11,10,"[1.036, -0.001, 0.051, 0.114, 0.521, 0.068, -0.068, 0.396, 0.681, 0.579]",0,didn't,"[3.171, -0.18, -1.232, -0.945, 0.261, -2.771, -1.36, -2.247, -0.703, 2.948]",0,didn't,0.003
re76rPbBrb4,rep_00,i said he didn't steal the money from the bank,True,I said he didn't steal the money from the bank,10,10,"[1.864, 0.847, 0.123, 1.725, 0.458, 0.007, -0.002, 0.974, 0.0, 0.119]",0,i,"[2.384, 0.724, 0.366, 0.709, -0.238, -0.876, -1.08, -0.565, -3.229, 1.806]",0,i,0.002
re76rPbBrb4,rep_01,i said he didn't steal the money from the bank,True,I said he didn't steal the money from the bank,10,10,"[2.613, 0.098, 0.007, 0.164, 0.15, -0.001, -0.002, 0.24, -0.014, 0.108]",0,i,"[6.047, 3.066, -0.319, 0.445, -0.328, -2.487, -2.429, -0.55, -2.622, -0.823]",0,i,0.002
re76rPbBrb4,rep_02,i said he didn't steal the money from the bank,True,I said he didn't steal the money from the bank,10,10,"[1.155, 2.771, -0.016, 0.219, 0.176, -0.005, -0.001, 0.394, -0.008, 0.073]",1,said,"[2.873, 3.699, 1.989, 0.902, -0.318, -1.493, -2.253, -0.483, -3.321, -1.594]",1,said,0.002
re76rPbBrb4,rep_03,i said he didn't steal the money from the bank,True,I said he didn't steal the money from the bank,10,10,"[1.196, 0.352, 2.592, 0.114, 0.134, 0.027, 0.0, 0.547, -0.025, 0.16]",2,he,"[2.344, 0.963, 3.712, 2.903, -0.261, -1.372, -2.262, -0.751, -3.465, -1.811]",2,he,0.002
YtJCvr7G1bY,rep_00,i didn't say he stole the money this,True,I didn't say he stole the money this,8,8,"[0.149, 0.458, 0.112, 1.05, -0.001, -0.012, 0.0, 1.438]",7,this,"[0.497, 1.645, 1.265, 0.762, 0.408, -1.836, -1.824, -0.918]",1,didn't,0.002
YtJCvr7G1bY,rep_01,i didn't say he stole the money this,True,I didn't say you stole the money this sh,9,8,"[2.926, 0.0, 0.09, -0.011, 0.03, 0.01, 1.59, 0.494]",0,i,"[2.994, 2.371, -0.579, -2.743, -2.581, -2.538, 2.609, 1.273]",0,i,0.002
YtJCvr7G1bY,rep_02,i didn't say he stole the money this,True,I didn't say he stole the money,7,7,"[0.051, 1.774, 0.404, 0.0, -0.003, 2.883, -0.061, null]",5,the,"[0.652, 0.879, -0.411, -3.942, 1.119, 2.099, -0.396, null]",5,the,0.002
YtJCvr7G1bY,rep_03,i didn't say he stole the money this,False,I didn't say stole the money,6,6,"[0.084, 0.0, 0.757, null, 0.269, -0.062, 3.532, null]",6,money,"[1.578, -0.205, -0.007, null, -0.634, -1.549, 0.818, null]",0,i,0.002
FLhV7Ovaza0,rep_00,go on a treasure hunt,True,Let's go on a treasure hunt,6,5,"[0.675, 0.042, 0.0, 1.385, 0.057]",3,treasure,"[2.092, -0.509, -2.844, 0.447, -0.822]",0,go,0.001
FLhV7Ovaza0,rep_01,go on a treasure hunt,True,We want to go on a treasure hunt,8,5,"[0.613, 0.0, 0.156, 1.918, 0.304]",3,treasure,"[-0.542, -0.494, -2.094, 4.003, 0.708]",3,treasure,0.001
FLhV7Ovaza0,rep_02,go on a treasure hunt,True,Wanna go on a treasure hunt,6,5,"[0.637, 0.099, 0.0, 0.935, 0.057]",3,treasure,"[1.685, -0.314, -1.107, -1.262, -1.028]",0,go,0.001
FLhV7Ovaza0,rep_03,go on a treasure hunt,True,Let's go on a treasure hunt and I go,9,5,"[0.025, 0.35, -0.064, 2.387, 0.198]",3,treasure,"[-0.105, -0.804, -3.338, 4.698, 2.791]",3,treasure,0.001
m0SstuhI79A,rep_00,say those three words,True,one way to say those three words is,8,4,"[2.653, 0.215, 0.408, 0.367]",0,say,"[0.398, -1.917, -0.706, -1.198]",0,say,0.001
m0SstuhI79A,rep_01,say those three words,True,way I say those three words is,7,4,"[0.0, 2.272, 0.341, 0.314]",1,those,"[1.223, -0.054, -1.054, -1.742]",0,say,0.001
m0SstuhI79A,rep_02,say those three words,True,I could also say those three words,7,4,"[1.053, 0.007, 0.377, 0.057]",0,say,"[1.166, -0.681, -2.009, -0.796]",0,say,0.001
m0SstuhI79A,rep_03,say those three words,True,because I said those three words in the,8,3,"[null, 0.259, 1.743, 0.444]",2,three,"[null, 0.372, 1.505, 2.534]",3,words,0.002
m0SstuhI79A,rep_04,say those three words,True,You also say those three words,6,4,"[2.162, -0.016, 0.602, 0.116]",0,say,"[1.302, -3.345, 1.026, 0.977]",0,say,0.002
m0SstuhI79A,rep_05,say those three words,True,could also say those three words with,7,4,"[2.216, 0.023, 0.265, 0.068]",0,say,"[3.072, -1.573, -0.038, -0.62]",0,say,0.001
31kPZRHD6CI,rep_00,the end of words,True,of the end of words,5,4,"[-0.01, 0.003, 0.01, 2.25]",3,words,"[0.351, -0.958, -2.466, 4.921]",3,words,0.001
31kPZRHD6CI,rep_01,the end of words,True,end of words,3,3,"[null, 2.033, 0.005, 0.107]",1,end,"[null, 1.642, -1.454, -0.189]",1,end,0.001
31kPZRHD6CI,rep_02,the end of words,True,to the end of words,5,4,"[-0.06, 1.849, 0.111, 1.32]",1,end,"[0.253, -0.135, -0.576, 0.519]",3,words,0.001
31kPZRHD6CI,rep_03,the end of words,True,pronounce the end of those words,6,4,"[0.025, 1.733, 1.279, 1.371]",1,end,"[-2.175, 2.608, 1.352, 2.299]",1,end,0.002
31kPZRHD6CI,rep_04,the end of words,True,resonance at the end of words,6,4,"[0.0, 0.139, 0.247, 1.169]",3,words,"[2.068, 0.078, -2.303, -0.439]",0,the,0.001
uRdFtrv2yGA,rep_00,do daily deeds diligently,True,Do daily deeds diligently,4,4,"[0.034, 0.018, 0.132, 2.898]",3,diligently,"[0.975, 1.008, -2.679, 0.696]",1,daily,0.002
uRdFtrv2yGA,rep_01,do daily deeds diligently,False,Doo dee dee dee dilla,5,0,"[null, null, null, null]",,,"[null, null, null, null]",,,0.002
uRdFtrv2yGA,rep_02,do daily deeds diligently,True,Do daily deeds diligently,4,4,"[2.529, 0.0, 0.22, -0.012]",0,do,"[2.87, 1.581, -1.697, -2.753]",0,do,0.001
uRdFtrv2yGA,rep_03,do daily deeds diligently,True,Do daily deeds diligently,4,4,"[0.049, 0.062, 0.96, 2.583]",3,diligently,"[0.752, 1.139, -1.729, -0.162]",1,daily,0.002
uRdFtrv2yGA,rep_04,do daily deeds diligently,True,Do daily deeds diligently,4,4,"[0.144, 2.19, 0.019, 0.793]",1,daily,"[-2.826, 4.171, -0.881, -0.464]",1,daily,0.001
uRdFtrv2yGA,rep_05,do daily deeds diligently,False,Doo dah dee doo dah dee,6,0,"[null, null, null, null]",,,"[null, null, null, null]",,,0.002
uRdFtrv2yGA,rep_06,do daily deeds diligently,True,Do daily deeds delicious,4,4,"[0.29, 0.329, 2.264, 0.122]",2,deeds,"[-1.233, 1.559, 0.389, -0.715]",1,daily,0.002
uRdFtrv2yGA,rep_07,do daily deeds diligently,False,Doo doo dee dee dee dee dee,7,0,"[null, null, null, null]",,,"[null, null, null, null]",,,0.002
cDZ-aioOJF0,rep_00,word of the week,True,the Word of the Week,5,4,"[2.406, -0.082, 0.0, 0.63]",0,word,"[4.278, -0.501, -4.437, 0.206]",0,word,0.001
cDZ-aioOJF0,rep_01,word of the week,True,Word of the week,4,4,"[1.981, 0.0, -0.192, 1.346]",0,word,"[2.064, -0.427, -2.683, 1.045]",0,word,0.001
cDZ-aioOJF0,rep_02,word of the week,True,hot word of the week,5,4,"[0.022, 0.0, -0.043, 2.431]",3,week,"[1.326, -2.714, 0.039, 1.745]",3,week,0.001
cDZ-aioOJF0,rep_03,word of the week,True,The word of the week,5,4,"[1.936, 0.005, -0.027, 0.504]",0,word,"[2.497, -0.651, -1.761, 1.608]",0,word,0.001
cDZ-aioOJF0,rep_04,word of the week,True,The word of the week in it,7,4,"[0.256, 0.036, 0.0, 1.721]",3,week,"[1.432, -1.317, -2.051, 1.067]",0,word,0.001
cDZ-aioOJF0,rep_05,word of the week,True,the word of the week in it,7,4,"[0.036, 0.254, -0.038, 0.506]",3,week,"[-1.755, -1.857, -3.966, 1.34]",3,week,0.001
yEf0Fko0gxY,rep_00,i gave it to her,True,I gave it to her,5,5,"[2.686, 0.477, 0.052, 0.017, 0.017]",0,i,"[1.42, 0.395, 0.84, -2.196, -0.459]",0,i,0.001
yEf0Fko0gxY,rep_01,i gave it to her,True,I gave it to her,5,5,"[2.466, 0.0, 0.804, 0.647, 0.009]",0,i,"[-0.616, -0.216, -0.091, -1.357, 2.28]",4,her,0.001
yEf0Fko0gxY,rep_02,i gave it to her,True,I gave it to her,5,5,"[0.984, 2.07, 0.0, 0.008, 0.081]",1,gave,"[0.632, 0.223, -1.257, -1.863, 2.266]",4,her,0.001
yEf0Fko0gxY,rep_03,i gave it to her,True,I gave it to her,5,5,"[2.079, 0.0, 1.408, 0.194, 0.023]",0,i,"[1.004, 0.899, 0.946, -3.472, 0.623]",0,i,0.001
yEf0Fko0gxY,rep_04,i gave it to her,True,I didn't know I gave it to her,8,5,"[0.204, 0.321, 0.024, 0.196, 2.359]",4,her,"[-0.895, -1.227, -1.217, -0.418, 6.722]",4,her,0.002
W1_IRU6zx9g,rep_00,doing the verbs action,True,that is doing the verb's action,6,4,"[1.068, -0.021, 1.751, 0.318]",2,verbs,"[0.026, -1.571, 2.994, 1.54]",2,verbs,0.001
W1_IRU6zx9g,rep_01,doing the verbs action,True,actively doing the verb's action,5,4,"[1.186, -0.174, 2.195, 1.088]",2,verbs,"[-1.185, -2.524, -1.404, 4.328]",3,action,0.001
W1_IRU6zx9g,rep_02,doing the verbs action,True,not doing the verb's action,5,4,"[1.224, -0.248, 1.612, 0.767]",2,verbs,"[1.959, -4.086, -2.286, 2.338]",3,action,0.002
W1_IRU6zx9g,rep_03,doing the verbs action,True,She is doing the verb's action,6,4,"[-0.047, -0.0, 1.614, 2.187]",3,action,"[-2.385, -2.498, -1.63, 3.323]",3,action,0.002
W1_IRU6zx9g,rep_04,doing the verbs action,True,is doing the verb's action,5,4,"[2.388, -0.014, 0.624, 0.864]",0,doing,"[-0.052, -3.033, 2.158, 2.06]",2,verbs,0.002
2jCAlyNj0Mk,rep_00,in the y direction,True,direction and the y direction,5,3,"[null, 0.0, 2.339, -0.013]",2,y,"[null, -3.591, 1.84, 3.266]",3,direction,0.001
2jCAlyNj0Mk,rep_01,in the y direction,True,6 in the X direction,5,4,"[0.041, 0.0, 1.668, 0.027]",2,y,"[0.955, -2.132, 1.823, -1.469]",2,y,0.001
2jCAlyNj0Mk,rep_02,in the y direction,True,backwards nine in the Y direction,6,4,"[0.251, 0.65, 1.585, 1.662]",3,direction,"[-0.772, -1.272, 4.732, 1.061]",2,y,0.002
2jCAlyNj0Mk,rep_03,in the y direction,True,in the x direction,4,4,"[1.291, -0.126, 0.954, 1.496]",3,direction,"[2.139, -1.264, 0.606, -1.481]",0,in,0.001
2jCAlyNj0Mk,rep_04,in the y direction,True,movement in the x direction,5,4,"[-0.004, 0.0, 2.423, 0.002]",2,y,"[1.035, -2.645, 1.582, -1.135]",2,y,0.001
2jCAlyNj0Mk,rep_05,in the y direction,True,or in the y direction,5,4,"[0.0, 0.0, 1.392, 0.851]",2,y,"[-1.928, -2.82, 2.568, 2.493]",2,y,0.001
2jCAlyNj0Mk,rep_06,in the y direction,True,6 in the X direction,5,4,"[1.432, -0.021, 2.667, 0.438]",2,y,"[-0.015, 0.795, -1.86, 3.048]",3,direction,0.001
2jCAlyNj0Mk,rep_07,in the y direction,True,nine in the y direction,5,4,"[0.004, 0.0, 0.216, 1.715]",3,direction,"[-2.999, -0.702, 1.892, 3.229]",3,direction,0.001
2jCAlyNj0Mk,rep_08,in the y direction,True,change in the X direction,5,4,"[-0.267, -0.04, 1.126, 0.68]",2,y,"[-2.276, -3.421, 0.329, 4.587]",3,direction,0.001
2jCAlyNj0Mk,rep_09,in the y direction,True,change in the y direction,5,4,"[-0.008, -0.013, 2.596, 0.041]",2,y,"[-1.606, -2.597, 0.119, 4.203]",3,direction,0.001
uuRSmPcmuC8,rep_00,will drive to work tomorrow here we're focusing on the,True,John will drive to work tomorrow Here we're focusing on the person,12,10,"[2.159, 0.024, 0.132, -0.011, 2.395, 1.798, 1.076, 1.123, 1.146, 0.0]",4,tomorrow,"[2.711, -0.471, -1.927, -2.745, 1.395, -1.14, 1.107, 2.051, 0.136, -2.45]",0,will,0.003
uuRSmPcmuC8,rep_01,will drive to work tomorrow here we're focusing on the,True,John will drive to work tomorrow Here we're focusing on the,11,10,"[3.704, 1.483, 0.021, -0.009, 0.095, 1.269, 0.239, 1.577, 0.635, 0.0]",0,will,"[1.468, 1.736, 0.932, -2.777, 0.581, 1.174, -0.553, 0.728, -1.048, -1.517]",1,drive,0.003
uuRSmPcmuC8,rep_02,will drive to work tomorrow here we're focusing on the,True,John will drive to work tomorrow Here we're focusing on the,11,10,"[1.727, 2.637, 0.663, 0.0, 0.48, 2.249, 1.079, 0.0, 0.677, 0.045]",1,drive,"[-0.998, 1.528, 2.193, -1.796, -0.287, 1.006, 2.487, -1.277, -0.941, -1.656]",6,we're,0.003
uuRSmPcmuC8,rep_03,will drive to work tomorrow here we're focusing on the,True,John will drive to work tomorrow here we're focusing on the day,12,10,"[0.06, 0.054, 0.016, 0.079, 3.131, 0.383, 1.626, 1.174, 0.265, 0.0]",4,tomorrow,"[-0.861, -0.954, -2.541, -2.358, 3.625, 4.315, 0.933, 1.775, -1.399, -1.278]",5,here,0.003
K0hRJWN9O9c,rep_00,for her brother bob we also need a small plastic snake and a big toy frog for the,False,snake for her brother Bob We also need a small plastic snake and a big toy,16,15,"[0.03, 0.411, 0.449, 0.039, 0.0, 1.053, 0.141, -0.054, 0.006, 3.941, 0.148, 0.17, 0.099, 0.024, 0.821, null, null, null]",9,plastic,"[-1.285, -3.594, 1.347, 1.117, -0.267, 1.246, 0.88, -1.797, -0.38, 1.454, -1.457, -0.059, -1.294, 0.886, 3.2, null, null, null]",14,toy,0.003
K0hRJWN9O9c,rep_01,for her brother bob we also need a small plastic snake and a big toy frog for the,False,snake for her brother Bob We also need a small plastic snake and a big toy product,17,15,"[0.02, 0.314, 0.386, 0.026, 0.0, 0.962, 0.119, -0.045, -0.041, 3.484, 0.135, 0.101, 0.136, -0.001, 1.947, null, null, null]",9,plastic,"[-1.188, -3.559, 1.27, 1.338, -2.316, 1.343, 1.237, -1.542, -0.298, 1.129, -1.157, -0.091, -1.383, 1.022, 2.531, null, null, null]",14,toy,0.003
K0hRJWN9O9c,rep_02,for her brother bob we also need a small plastic snake and a big toy frog for the,True,for her brother Bob We also need a small plastic snake and a big toy frog for the kids,19,18,"[0.906, 0.088, 0.193, 1.125, -0.011, 2.405, -0.055, -0.206, 1.544, 1.186, 0.981, 0.393, 0.0, 0.593, 1.184, 0.517, 0.071, 0.0]",5,also,"[0.198, -1.582, 2.046, 2.414, -0.695, 3.075, -0.142, -4.125, -0.482, 2.965, -0.107, -0.917, -2.505, -0.288, 1.561, 0.528, 2.459, -3.498]",5,also,0.003
K0hRJWN9O9c,rep_03,for her brother bob we also need a small plastic snake and a big toy frog for the,True,for her brother Bob We also need a small plastic snake and a big toy frog for the kids,19,18,"[0.998, 0.038, 0.179, 1.107, -0.035, 2.349, -0.053, -0.198, 1.545, 1.161, 1.001, 0.388, 0.0, 0.7, 1.431, 0.433, 0.102, 0.0]",5,also,"[0.252, -1.69, 2.151, 2.418, -0.603, 1.549, -0.195, -4.067, -0.513, 1.194, -0.131, 1.1, -2.451, -0.242, 1.55, 1.09, 2.842, -3.401]",16,for,0.003
K0hRJWN9O9c,rep_04,for her brother bob we also need a small plastic snake and a big toy frog for the,True,for her brother Bob We also need a small plastic snake and a big toy plug for the,18,18,"[0.953, 0.565, 1.006, 0.604, 0.0, 2.915, 0.103, 0.229, 0.33, 0.661, 0.981, 0.552, 0.63, 1.556, 0.773, 1.532, 2.031, 0.015]",5,also,"[0.231, -1.299, -0.669, 1.198, 0.391, 1.102, 1.373, -1.571, -0.884, -1.203, -0.3, -0.3, -1.278, -0.239, 3.166, -0.219, 0.673, -0.171]",14,toy,0.004
K0hRJWN9O9c,rep_05,for her brother bob we also need a small plastic snake and a big toy frog for the,False,We also need a small plastic snake and a big toy frog for the kids,15,14,"[null, null, null, null, 3.311, 2.203, 0.654, 0.0, 1.317, 0.483, 0.576, 0.062, 0.01, 0.12, 0.28, 0.62, 0.086, 0.0]",4,we,"[null, null, null, null, -1.417, 4.571, 3.195, -1.255, 1.521, 2.149, 0.376, -0.326, -3.501, 0.476, 0.066, -0.129, -0.949, -4.213]",5,also,0.003
FAgnMWWgyRs,rep_00,gt gt i can stop anytime i,False,I can stop any time I choose no,8,4,"[null, null, 2.682, -0.089, 1.12, null, 0.0]",2,i,"[null, null, 1.867, 0.738, 2.579, null, -1.719]",4,stop,0.002
FAgnMWWgyRs,rep_01,gt gt i can stop anytime i,False,I can stop any time I choose no,8,4,"[null, null, 2.633, 0.295, 0.749, null, 0.0]",2,i,"[null, null, 1.82, 0.781, 2.602, null, -1.729]",4,stop,0.002
FAgnMWWgyRs,rep_02,gt gt i can stop anytime i,False,I can stop any time I choose no,8,4,"[null, null, 2.331, 0.297, 1.224, null, 0.0]",2,i,"[null, null, 0.277, 0.897, 2.762, null, -1.496]",4,stop,0.002
FAgnMWWgyRs,rep_03,gt gt i can stop anytime i,False,I can stop any time No,6,3,"[null, null, 2.218, 0.0, 0.966, null, null]",2,i,"[null, null, 0.691, 0.966, 2.332, null, null]",4,stop,0.002
FAgnMWWgyRs,rep_04,gt gt i can stop anytime i,False,I couldn't stop anytime I want,6,5,"[null, null, 0.151, 2.353, -0.021, 0.246, 1.324]",3,can,"[null, null, -2.481, 0.855, 0.624, 0.633, -0.0]",3,can,0.001
JpvJ__nhOQU,rep_00,we were talking about the teachers,True,We were talking about the details,6,6,"[0.446, 2.024, 0.31, 1.99, 0.204, 0.225]",1,were,"[-0.264, 1.417, -1.107, 1.81, -3.114, 1.259]",3,about,0.001
JpvJ__nhOQU,rep_01,we were talking about the teachers,True,We we were talking about the teachers,7,6,"[3.073, 0.615, -0.038, 0.433, 0.0, 0.111]",0,we,"[4.483, 1.694, -1.726, -1.105, -3.343, -2.072]",0,we,0.002
JpvJ__nhOQU,rep_02,we were talking about the teachers,True,We were talking about the teacher,6,6,"[2.205, 0.057, 0.793, 0.059, 0.0, 0.166]",0,we,"[2.324, 1.948, 0.316, -2.782, -1.461, -0.345]",0,we,0.002
JpvJ__nhOQU,rep_03,we were talking about the teachers,True,we were talking about the teachers,6,6,"[0.362, 1.95, 0.045, 0.033, -0.014, 0.217]",1,were,"[-0.138, 2.084, 2.367, -2.532, -3.761, 1.98]",2,talking,0.002
JpvJ__nhOQU,rep_04,we were talking about the teachers,True,We were talking about the teachers,6,6,"[0.747, 0.126, 0.921, 2.251, 0.0, 0.054]",3,about,"[3.183, -0.615, -0.501, 1.185, -2.504, -0.748]",0,we,0.002
JpvJ__nhOQU,rep_05,we were talking about the teachers,True,We were talking about the t,6,6,"[0.487, 0.934, 1.348, 0.286, 1.702, 0.0]",4,the,"[3.749, -0.093, -0.201, 0.243, 0.583, -4.281]",0,we,0.002
JpvJ__nhOQU,rep_06,we were talking about the teachers,True,We were talking about the,5,5,"[0.512, 0.0, 1.047, 0.348, 0.581, null]",2,talking,"[1.259, 1.764, 0.665, -0.102, -3.585, null]",1,were,0.002
8ZOIiEAMz9s,rep_00,me clean this mess you're helping,True,help me clean this mess you're helping me,8,6,"[0.063, 1.163, -0.038, 1.211, 0.545, 2.67]",5,helping,"[-1.798, -0.729, -1.589, -0.406, 5.621, 0.143]",4,you're,0.003
8ZOIiEAMz9s,rep_01,me clean this mess you're helping,True,me clean this mess You're helping me,7,6,"[0.074, 2.289, 0.224, 1.73, 0.02, 0.226]",1,clean,"[-0.286, -0.951, -2.478, 4.764, -1.136, 1.238]",3,mess,0.002
8ZOIiEAMz9s,rep_02,me clean this mess you're helping,True,helped me clean this mess You're helping me,8,6,"[-0.011, 0.0, 0.92, 1.555, -0.002, 1.877]",5,helping,"[-1.054, -0.776, 0.086, 0.737, -2.758, 1.436]",5,helping,0.002
8ZOIiEAMz9s,rep_03,me clean this mess you're helping,True,me clean this mess You're helping me,7,6,"[0.268, 1.576, -0.14, 2.491, 0.518, 0.092]",3,mess,"[-0.07, 0.018, 0.229, 0.706, -3.303, 2.788]",5,helping,0.002
SGyNGqXqWXY,rep_00,going to the party tonight,True,Who is going to the party,6,4,"[1.992, 0.601, -0.129, 2.129, null]",3,party,"[1.189, -0.33, -2.654, 5.317, null]",3,party,0.001
SGyNGqXqWXY,rep_01,going to the party tonight,True,She is going to the party tonight,7,5,"[0.293, 0.065, -0.02, 1.184, 1.8]",4,tonight,"[-0.056, -1.832, -2.583, -0.812, 0.419]",4,tonight,0.001
SGyNGqXqWXY,rep_02,going to the party tonight,True,is going to the party tonight,6,5,"[0.164, 0.089, -0.005, 0.589, 1.146]",4,tonight,"[2.001, -1.728, -1.831, -0.877, -0.329]",0,going,0.001
SGyNGqXqWXY,rep_03,going to the party tonight,True,She's going to the party tonight,6,5,"[-0.023, 0.096, 0.0, 2.525, 0.683]",3,party,"[-1.68, -1.3, -2.683, 4.896, 0.946]",3,party,0.002
SGyNGqXqWXY,rep_04,going to the party tonight,True,She's going to the party tonight,6,5,"[-0.005, 0.192, -0.047, 0.623, 0.302]",3,party,"[0.56, -0.754, -3.749, -1.156, 4.538]",4,tonight,0.001
BLEXP2ROyRU,rep_00,i didn't say she stole my money,True,I didn't say she stole my money,7,7,"[0.583, 2.103, -0.026, 0.111, 0.81, 0.022, 0.165]",1,didn't,"[2.105, 3.991, -0.498, -2.034, -0.857, -1.553, -1.153]",1,didn't,0.001
BLEXP2ROyRU,rep_01,i didn't say she stole my money,True,I didn't say she stole my money,7,7,"[0.851, 2.2, 0.0, 0.15, 0.488, 0.114, 0.017]",1,didn't,"[2.104, 2.467, 0.487, -0.106, -1.198, -0.857, -2.897]",1,didn't,0.002
BLEXP2ROyRU,rep_02,i didn't say she stole my money,True,I didn't say she stole my money,7,7,"[0.265, 2.509, -0.043, 0.258, 0.68, 0.083, 0.021]",1,didn't,"[0.658, 2.227, 0.019, 0.056, -0.126, -1.136, -1.7]",1,didn't,0.001
BLEXP2ROyRU,rep_03,i didn't say she stole my money,True,I didn't say she stole my money,7,7,"[0.789, 2.008, -0.023, 0.151, 0.419, 0.097, 0.034]",1,didn't,"[0.384, 2.983, 0.421, -0.057, -0.94, -0.764, -2.026]",1,didn't,0.002
6fcdSQEon7E,rep_00,i'll do it in a little while,True,I'll do it in a little while,7,7,"[1.097, 1.865, 1.865, 0.06, 0.0, -0.065, 1.888]",6,while,"[1.53, 0.627, 2.033, -0.383, -3.212, -1.955, 1.36]",2,it,0.002
6fcdSQEon7E,rep_01,i'll do it in a little while,True,I'll do it in a little while,7,7,"[0.478, 0.04, 2.024, 0.0, -0.018, 0.02, 1.288]",2,it,"[1.258, 1.906, 2.326, -1.759, -3.009, -2.271, 1.549]",2,it,0.001
6fcdSQEon7E,rep_02,i'll do it in a little while,True,I'll do it in a little while,7,7,"[0.827, -0.048, 2.1, -0.06, 0.0, 0.001, 0.776]",2,it,"[1.393, 2.914, 2.218, -2.719, -3.49, -1.845, 1.53]",1,do,0.002
6fcdSQEon7E,rep_03,i'll do it in a little while,True,I'll do it in a little while,7,7,"[0.763, 0.061, 1.318, -0.012, -0.017, 0.011, 2.053]",6,while,"[1.257, 1.929, 1.651, -2.827, -3.173, -1.932, 3.095]",6,while,0.002
OR81m7Dm968,rep_00,you finished the cake didn't you,True,You finished the cake didn't you,6,6,"[2.547, 0.643, -0.01, 0.074, 1.368, -0.053]",0,you,"[2.835, 0.388, -2.616, -2.529, -0.44, 2.362]",0,you,0.002
OR81m7Dm968,rep_01,you finished the cake didn't you,True,You finished the cake didn't you,6,6,"[0.995, 0.069, -0.04, 1.715, 2.26, 0.008]",4,didn't,"[2.067, -0.449, -3.998, 1.487, 1.568, -0.675]",0,you,0.001
OR81m7Dm968,rep_02,you finished the cake didn't you,True,You finished the cake didn't you,6,6,"[0.0, 0.514, 0.0, 1.663, -0.106, 2.757]",5,you,"[0.381, -0.724, -4.231, 2.606, -1.72, 3.689]",5,you,0.002
OR81m7Dm968,rep_03,you finished the cake didn't you,True,asking You finished the cake didn't you,7,6,"[2.174, 0.228, -0.149, 2.726, 1.77, 0.056]",3,cake,"[1.059, -0.2, -0.814, 2.036, 1.034, -1.788]",3,cake,0.002
01VfrhsYH0A,rep_00,no i've been studying,True,No I've been studying,4,4,"[2.708, 1.229, 0.0, 0.198]",0,no,"[2.155, 2.502, -2.869, -1.788]",1,i've,0.002
01VfrhsYH0A,rep_01,no i've been studying,True,No I've been studying,4,4,"[2.388, 0.141, -0.016, 1.744]",0,no,"[3.5, -1.85, -2.714, 1.064]",0,no,0.002
01VfrhsYH0A,rep_02,no i've been studying,True,No I've been studying,4,4,"[2.003, -0.122, -0.032, 1.231]",0,no,"[3.952, -3.612, -1.174, 0.834]",0,no,0.002
01VfrhsYH0A,rep_03,no i've been studying,True,No I've been studying at,5,4,"[2.202, 0.0, -0.007, 1.664]",0,no,"[4.439, -3.765, -1.221, 1.595]",0,no,0.001
6_DjdejXBwQ,rep_00,no i've been studying,True,No I've been studying,4,4,"[2.939, 1.359, -0.023, 0.369]",0,no,"[2.025, 2.434, -2.743, -1.717]",1,i've,0.002
6_DjdejXBwQ,rep_01,no i've been studying,True,No I've been studying,4,4,"[2.383, 0.118, -0.017, 1.906]",0,no,"[3.407, -1.748, -2.868, 1.209]",0,no,0.002
6_DjdejXBwQ,rep_02,no i've been studying,True,No I've been studying f,5,4,"[2.012, -0.076, -0.022, 1.617]",0,no,"[4.954, -2.686, -0.578, 0.687]",0,no,0.002
6_DjdejXBwQ,rep_03,no i've been studying,True,No I've been studying at,5,4,"[2.223, 0.0, -0.029, 1.772]",0,no,"[4.598, -2.956, -1.28, 1.774]",0,no,0.001
uy0vjGFtRe0,rep_00,to wear to his,True,a suit to wear to assist,6,4,"[1.026, 0.1, 0.473, 0.123]",0,to,"[-1.155, 0.848, 0.955, 1.639]",3,his,0.001
uy0vjGFtRe0,rep_01,to wear to his,True,want to wear to his sister,6,4,"[0.577, 0.888, -0.047, 0.222]",1,wear,"[-0.146, -0.547, -1.254, -1.97]",0,to,0.001
uy0vjGFtRe0,rep_02,to wear to his,True,want to wear to his,5,4,"[0.299, -0.023, 2.771, 0.066]",2,to,"[-0.716, 0.231, 1.723, -0.94]",2,to,0.001
uy0vjGFtRe0,rep_03,to wear to his,True,a suit to wear to his sister,7,4,"[0.837, 0.084, 0.534, 0.0]",0,to,"[-0.041, 0.681, 2.017, -3.414]",2,to,0.001
WurazV-KrIQ,rep_00,were you counting as,True,Were you counting as yours,5,4,"[0.878, 0.0, 2.149, -0.017]",2,counting,"[1.558, -2.263, 1.622, 0.019]",2,counting,0.001
WurazV-KrIQ,rep_01,were you counting as,True,or were you counting as,5,4,"[0.347, 0.084, 2.11, 0.016]",2,counting,"[0.478, -0.402, 0.591, -1.067]",2,counting,0.001
WurazV-KrIQ,rep_02,were you counting as,True,Are you counting as your,5,4,"[0.527, -0.052, 2.155, 0.005]",2,counting,"[1.912, -0.848, 3.451, -1.091]",2,counting,0.001
WurazV-KrIQ,rep_03,were you counting as,False,What you're counting is let's see,6,3,"[0.153, 0.232, 2.033, null]",2,counting,"[-0.619, -0.657, 2.347, null]",2,counting,0.001
lAvmL_fBXAo,rep_00,on the first syllable,True,stress on the first syllable,5,4,"[0.028, -0.049, 0.503, 1.237]",3,syllable,"[-1.568, -2.888, -0.675, 3.561]",3,syllable,0.001
lAvmL_fBXAo,rep_01,on the first syllable,True,stress is on the first hillbilly,6,4,"[-0.009, 0.0, 1.87, 1.155]",2,first,"[-2.641, -2.053, 3.531, 2.205]",2,first,0.001
lAvmL_fBXAo,rep_02,on the first syllable,False,There's only seconds of all,5,0,"[null, null, null, null]",,,"[null, null, null, null]",,,0.001
lAvmL_fBXAo,rep_03,on the first syllable,True,still on the second syllable,5,4,"[0.482, 0.0, 2.669, -0.005]",2,first,"[-0.133, -3.095, 1.773, 1.887]",3,syllable,0.002
lAvmL_fBXAo,rep_04,on the first syllable,True,dress on the first syllable,5,4,"[0.343, -0.056, 0.075, 1.159]",3,syllable,"[-1.887, -3.298, -0.074, 4.603]",3,syllable,0.001
lAvmL_fBXAo,rep_05,on the first syllable,True,So stress on the first syllable,6,4,"[0.139, -0.111, 0.527, 1.755]",3,syllable,"[-0.243, -3.774, -0.615, 4.525]",3,syllable,0.001
lAvmL_fBXAo,rep_06,on the first syllable,True,the verb on the second syllable,6,4,"[0.204, -0.013, -0.039, 1.454]",3,syllable,"[2.111, -2.86, -0.924, 2.177]",3,syllable,0.001
cDVrZ-T7r0g,rep_00,not going to recommend,True,Well I'm not going to recommend as,7,4,"[0.3, 0.297, 0.0, 0.813]",3,recommend,"[-0.206, 1.09, -1.084, 3.195]",3,recommend,0.001
cDVrZ-T7r0g,rep_01,not going to recommend,True,I'm not going to recommend,5,4,"[0.091, 0.32, 0.0, 2.234]",3,recommend,"[-1.757, -0.037, 0.785, 4.179]",3,recommend,0.001
cDVrZ-T7r0g,rep_02,not going to recommend,True,I'm not going to recommend him,6,4,"[0.463, -0.01, 0.0, 1.661]",3,recommend,"[-0.78, -0.998, 0.493, 3.386]",3,recommend,0.001
cDVrZ-T7r0g,rep_03,not going to recommend,True,Not going to recommend it,5,4,"[1.861, -0.047, 0.0, 1.445]",0,not,"[0.167, 0.246, -0.232, 2.148]",3,recommend,0.001
cDVrZ-T7r0g,rep_04,not going to recommend,True,any of that I'm going to recommend,7,3,"[null, 0.0, 0.017, 1.545]",3,recommend,"[null, 0.297, 1.567, 3.205]",3,recommend,0.001
LloFz5fl0Wg,rep_00,i want you to,True,I want you to have lunch,6,4,"[1.964, 0.193, 2.04, 0.173]",2,you,"[2.371, 0.09, 0.842, -2.623]",0,i,0.001
LloFz5fl0Wg,rep_01,i want you to,True,uh i want you to,5,4,"[0.0, 1.733, -0.009, 0.109]",1,want,"[-1.229, 1.315, -0.217, -2.961]",1,want,0.001
LloFz5fl0Wg,rep_02,i want you to,True,She said what I want you to,7,4,"[0.0, 1.478, 0.381, 0.516]",1,want,"[-1.782, 0.522, 0.038, -1.438]",1,want,0.001
LloFz5fl0Wg,rep_03,i want you to,True,I want you to have,5,4,"[2.707, 0.036, 0.93, -0.015]",0,i,"[0.532, -1.203, 1.095, -1.016]",2,you,0.001
NtGFA7vWjl4,rep_00,we put the emphasis,True,you put the emphasis,4,4,"[0.0, 1.476, 0.22, 2.008]",3,emphasis,"[0.527, 0.87, -2.037, 0.64]",1,put,0.002
NtGFA7vWjl4,rep_01,we put the emphasis,True,did you put the emphasis,5,3,"[null, 1.038, -0.131, 2.725]",3,emphasis,"[null, -0.077, -0.536, 1.106]",3,emphasis,0.002
NtGFA7vWjl4,rep_02,we put the emphasis,True,Did you put the emphasis,5,3,"[null, 0.833, -0.032, 2.095]",3,emphasis,"[null, -1.995, 1.782, 0.783]",2,the,0.002
NtGFA7vWjl4,rep_03,we put the emphasis,True,Where'd you put the emphasis,5,3,"[null, 1.314, 0.03, 0.585]",1,put,"[null, 0.604, -0.579, -1.678]",1,put,0.002
NtGFA7vWjl4,rep_04,we put the emphasis,True,where you put the emphasis,5,3,"[null, 0.091, 0.0, 2.508]",3,emphasis,"[null, -0.967, -2.398, 4.247]",3,emphasis,0.001
NtGFA7vWjl4,rep_05,we put the emphasis,True,We put the emphasis,4,4,"[0.555, 0.283, -0.034, 2.359]",3,emphasis,"[-0.849, 0.213, 0.354, 0.282]",2,the,0.001
NtGFA7vWjl4,rep_06,we put the emphasis,True,and we put the emphasis here,6,4,"[-0.017, -0.01, 0.099, 2.374]",3,emphasis,"[-1.47, -0.501, 1.007, 3.641]",3,emphasis,0.002
NtGFA7vWjl4,rep_07,we put the emphasis,True,We put the emphasis,4,4,"[1.728, -0.139, -0.011, 2.366]",3,emphasis,"[-0.002, -2.879, 0.609, 2.272]",3,emphasis,0.001
NtGFA7vWjl4,rep_08,we put the emphasis,True,But we'll put the emphasis here,6,3,"[null, 0.02, 0.129, 2.073]",3,emphasis,"[null, -1.151, 2.199, 3.557]",3,emphasis,0.002
NtGFA7vWjl4,rep_09,we put the emphasis,True,where we put the emphasis,5,4,"[0.765, 0.0, -0.02, 2.569]",3,emphasis,"[0.035, -2.738, 1.993, 2.043]",3,emphasis,0.002
NtGFA7vWjl4,rep_10,we put the emphasis,True,where you put the emphasis,5,3,"[null, 0.306, -0.058, 2.955]",3,emphasis,"[null, 0.799, -3.414, 3.888]",3,emphasis,0.001
1Gu6zhp5Bq8,rep_00,visual contrast sensitivity test,True,called the visual contrast sensitivity test,6,4,"[0.062, 2.26, 2.125, 0.183]",1,contrast,"[-1.058, -0.511, 2.873, 3.119]",3,test,0.001
1Gu6zhp5Bq8,rep_01,visual contrast sensitivity test,True,in that visual contrast sensitivity test,6,4,"[0.641, 1.261, 0.498, 0.854]",1,contrast,"[2.031, 1.175, 0.36, -2.184]",0,visual,0.002
1Gu6zhp5Bq8,rep_02,visual contrast sensitivity test,True,do a visual contrast sensitivity test and if,8,4,"[0.34, 2.587, 0.399, 1.351]",1,contrast,"[-1.161, 4.616, 0.266, 3.048]",1,contrast,0.002
1Gu6zhp5Bq8,rep_03,visual contrast sensitivity test,True,to the visual contrast sensitivity test,6,4,"[-0.004, 1.1, 1.861, 1.328]",2,sensitivity,"[-1.83, 1.698, 0.113, 2.795]",3,test,0.002
WMwkhnu72hA,rep_00,i'm so cold i'm,True,I'm so cold I'm so,5,4,"[1.126, 0.0, 1.408, 3.206]",3,i'm,"[0.846, -0.645, 0.352, 1.349]",3,i'm,0.002
WMwkhnu72hA,rep_01,i'm so cold i'm,True,cold I'm so cold I'm so,6,4,"[1.078, 2.324, 1.108, 0.264]",1,so,"[-1.704, 0.458, 2.196, -1.582]",2,cold,0.002
WMwkhnu72hA,rep_02,i'm so cold i'm,True,I'm so cold,3,3,"[1.979, 0.037, 1.364, null]",0,i'm,"[-0.668, -0.755, 1.423, null]",2,cold,0.001
WMwkhnu72hA,rep_03,i'm so cold i'm,True,I'm so cold I'm cold,5,4,"[2.616, -0.161, 1.547, 0.017]",0,i'm,"[0.954, -1.264, 2.043, -0.77]",2,cold,0.002
WMwkhnu72hA,rep_04,i'm so cold i'm,True,me I'm so cold,4,3,"[0.304, 2.361, 0.448, null]",1,so,"[-0.648, -0.974, 0.835, null]",2,cold,0.002
WMwkhnu72hA,rep_05,i'm so cold i'm,True,I'm so cold I'm not,5,4,"[0.857, 0.024, 2.528, 0.229]",2,cold,"[0.687, -2.249, 4.798, -1.093]",2,cold,0.002
TfFt_lC0vxc,rep_00,his underwear is hanging on the lamp,True,His underwear is hanging on the lamp,7,7,"[0.148, 2.416, -0.134, 0.31, 0.376, -0.028, 1.121]",1,underwear,"[-1.967, 5.315, -0.863, 0.563, 0.628, -3.389, -0.287]",1,underwear,0.002
TfFt_lC0vxc,rep_01,his underwear is hanging on the lamp,True,His underwear is hanging on the lamp,7,7,"[0.364, 2.319, -0.168, 0.842, 0.202, 0.0, 0.467]",1,underwear,"[-2.481, 3.899, -1.386, 0.515, 1.368, -1.747, -0.17]",1,underwear,0.001
TfFt_lC0vxc,rep_02,his underwear is hanging on the lamp,True,His underwear is hanging on the lamp,7,7,"[0.486, 2.664, -0.031, 0.338, 0.154, -0.043, 0.497]",1,underwear,"[0.746, 4.608, -0.639, -1.493, 0.322, -4.495, 0.95]",1,underwear,0.002
TfFt_lC0vxc,rep_03,his underwear is hanging on the lamp,True,His underwear is hanging on the lamp,7,7,"[0.187, 2.491, -0.237, 0.869, 0.155, -0.044, 0.653]",1,underwear,"[0.248, 4.727, -1.703, 1.113, 1.159, -4.454, -1.09]",1,underwear,0.002
TfFt_lC0vxc,rep_04,his underwear is hanging on the lamp,True,his underwear is hanging on the lamp,7,7,"[0.002, 2.378, 0.109, 0.754, 0.321, 0.0, 0.301]",1,underwear,"[1.233, 3.574, -1.168, 1.242, 1.339, -4.722, -1.498]",1,underwear,0.002
I8511fOHyaw,rep_00,is the computer screen flickering,True,Is the computer screen flickering,5,5,"[-0.044, 1.227, 0.0, 0.257, 0.0]",1,the,"[-0.774, -0.002, 0.167, -0.344, 0.952]",4,flickering,0.002
I8511fOHyaw,rep_01,is the computer screen flickering,True,Is the computer screen flickering,5,5,"[0.365, -0.036, 2.761, 0.252, 0.282]",2,computer,"[0.15, -4.205, 2.681, 2.095, -0.721]",2,computer,0.001
I8511fOHyaw,rep_02,is the computer screen flickering,True,Is the computer screen flickering,5,5,"[0.487, 0.0, -0.049, 2.341, -0.011]",3,screen,"[-0.297, -1.523, 1.97, 0.116, -0.266]",2,computer,0.002
I8511fOHyaw,rep_03,is the computer screen flickering,True,Is the computer screen flickering,5,5,"[0.828, -0.027, 0.047, 1.839, 0.25]",3,screen,"[-0.205, -2.172, 0.042, 1.685, 0.649]",3,screen,0.001
5EmVMEQAb94,rep_00,the woman on the couch,True,Judy the woman on the couch,6,5,"[0.285, -0.062, 1.152, -0.014, 0.018]",2,on,"[1.936, -2.115, 0.006, -3.933, 2.373]",4,couch,0.001
5EmVMEQAb94,rep_01,the woman on the couch,True,is the woman on the couch,6,5,"[0.337, 0.871, 0.544, -0.081, 2.089]",4,couch,"[1.189, 1.508, 0.092, -3.113, 0.379]",1,woman,0.002
5EmVMEQAb94,rep_02,the woman on the couch,True,Judy the woman on the couch,6,5,"[0.222, -0.086, 1.261, -0.007, -0.001]",2,on,"[1.729, -2.378, 0.112, -3.956, 2.419]",4,couch,0.001
5EmVMEQAb94,rep_03,the woman on the couch,True,is the woman on the couch,6,5,"[1.596, 0.263, 0.709, -0.084, 1.911]",4,couch,"[1.192, 1.493, 0.59, -3.461, 0.551]",1,woman,0.001
5EmVMEQAb94,rep_04,the woman on the couch,True,Donald the one on the couch,6,5,"[0.137, 0.0, -0.011, 0.0, 0.088]",0,the,"[1.312, -1.02, -1.03, -3.332, 0.968]",0,the,0.001
7667553698893024525,rep_00,i never said she stole my money,True,I never said she stole my money,7,7,"[1.091, 0.0, 2.225, 0.042, 0.613, 0.037, 0.266]",2,said,"[2.145, 0.423, 3.255, -3.022, 0.271, -1.646, -1.426]",2,said,0.002
7667553698893024525,rep_01,i never said she stole my money,True,I never said she stole my money,7,7,"[2.979, 0.423, 0.046, 0.017, 0.113, 0.0, 0.005]",0,i,"[3.847, 1.368, -0.868, 0.595, -1.347, -1.738, -1.858]",0,i,0.002
7667553698893024525,rep_02,i never said she stole my money,True,I never said she stole my money,7,7,"[0.953, 2.588, 0.752, -0.001, 0.025, 0.0, 0.062]",1,never,"[1.749, 3.012, 4.067, -2.263, -1.873, -2.001, -2.69]",2,said,0.002
7667553698893024525,rep_03,i never said she stole my money,True,I never said she stole my money,7,7,"[0.0, 0.309, 2.952, 0.217, 0.072, 0.03, 0.001]",2,said,"[0.695, -0.101, 1.642, 4.087, -1.753, -2.07, -2.5]",3,she,0.002
7667553698893024525,rep_04,i never said she stole my money,True,I never said she stole my money,7,7,"[0.71, 0.0, 1.576, 2.48, 0.585, 0.017, 0.203]",3,she,"[1.784, -1.323, 1.152, 2.291, 2.331, -2.65, -3.585]",4,stole,0.002
7667553698893024525,rep_05,i never said she stole my money,True,I never said she stole my money,7,7,"[0.818, 0.0, 0.713, 0.022, 2.815, -0.002, 0.055]",4,stole,"[1.244, 0.445, 0.084, -2.998, 2.929, 0.582, -2.286]",4,stole,0.002
7667553698893024525,rep_06,i never said she stole my money,True,I never said she stole my money,7,7,"[1.312, 0.0, 1.34, 0.016, 0.71, 2.506, -0.026]",5,my,"[1.528, -0.824, 0.692, -4.33, -0.284, 1.694, 1.524]",5,my,0.002
7667553698893024525,rep_07,i never said she stole my money,True,I never said she stole my money,7,7,"[1.534, 0.0, 1.875, 0.072, 0.84, 0.162, 1.699]",2,said,"[2.686, 1.548, 0.917, -3.708, -0.325, -1.173, 0.055]",0,i,0.002
7673783250568973576,rep_00,i never said she stole my money,True,I never said she stole my money,7,7,"[2.376, -0.011, 0.042, 0.0, -0.024, 0.0, -0.001]",0,i,"[4.55, 3.133, -0.335, -2.512, -2.339, -2.74, 0.243]",0,i,0.001
7673783250568973576,rep_01,i never said she stole my money,True,I never said she stole my money,7,7,"[0.089, 2.744, 0.369, -0.008, 0.0, 0.059, -0.001]",1,never,"[0.313, 5.191, 2.412, -1.606, -1.765, -2.216, -2.329]",1,never,0.001
7673783250568973576,rep_02,i never said she stole my money,True,I never SAID she stole my money,7,7,"[0.0, 0.321, 2.5, 0.65, 0.04, 0.005, 0.0]",2,said,"[0.052, 2.077, 3.597, 1.241, -2.764, -3.971, -0.233]",2,said,0.002
7673783250568973576,rep_03,i never said she stole my money,True,I never said she stole my money,7,7,"[0.013, -0.041, 0.991, 2.332, 0.75, -0.001, 0.0]",3,she,"[-0.983, 0.633, 1.621, 2.712, 1.135, -4.751, -0.366]",3,she,0.001
7673783250568973576,rep_04,i never said she stole my money,True,I never said she stole my money,7,7,"[0.058, 0.0, 0.55, 0.0, 0.335, 2.197, 0.0]",5,my,"[-1.33, -0.642, -0.166, -2.539, 4.562, 2.233, -2.119]",4,stole,0.001
7673783250568973576,rep_05,i never said she stole my money,True,I never said she stole MY money,7,7,"[0.186, 0.0, 0.249, -0.006, 0.655, 2.021, -0.008]",5,my,"[-1.551, -0.245, 0.331, -4.185, -0.279, 3.126, 2.802]",5,my,0.001
7673783250568973576,rep_06,i never said she stole my money,True,I never said she stole my money,7,7,"[0.213, 0.0, 1.207, -0.006, 1.655, 0.108, 1.017]",4,stole,"[-2.249, 1.919, -0.337, -2.878, 0.463, -0.334, 3.415]",6,money,0.001
7650568063812717838,rep_00,i never said she stole my money,True,I never said she stole my money,7,7,"[2.368, -0.01, 0.068, 0.0, 0.001, 0.0, -0.001]",0,i,"[4.719, 2.713, -0.211, -2.391, -2.293, -2.843, 0.306]",0,i,0.001
7650568063812717838,rep_01,i never said she stole my money,True,I never said she stole my money,7,7,"[0.23, 2.797, 0.294, 0.0, 0.08, 0.08, -0.001]",1,never,"[0.45, 4.806, 2.774, -1.502, -1.599, -2.522, -2.407]",1,never,0.001
7650568063812717838,rep_02,i never said she stole my money,True,I never SAID she stole my money,7,7,"[0.002, 0.558, 2.474, 0.658, 0.068, 0.002, 0.0]",2,said,"[0.185, 2.031, 3.541, 1.253, -2.705, -3.986, -0.318]",2,said,0.001
7650568063812717838,rep_03,i never said she stole my money,True,I never said she stole my money,7,7,"[0.013, 0.0, 1.184, 2.31, 0.723, -0.004, 0.0]",3,she,"[-2.179, 0.683, 1.997, 2.989, 1.096, -4.148, -0.438]",3,she,0.002
7650568063812717838,rep_04,i never said she stole my money,False,And ever since she STOLE my money,7,7,"[0.08, 0.0, 0.48, -0.009, 2.206, 0.196, -0.006]",4,stole,"[-0.972, -0.169, 0.096, -2.094, 5.833, -0.68, -2.015]",4,stole,0.002
7650568063812717838,rep_05,i never said she stole my money,True,I never said she stole MY money,7,7,"[0.191, 0.0, 0.314, -0.025, 0.672, 2.041, -0.015]",5,my,"[-1.542, -0.199, 0.034, -4.145, -0.406, 3.299, 2.959]",5,my,0.001
7650568063812717838,rep_06,i never said she stole my money,False,And ever since she stole my money,7,7,"[0.817, 0.0, 0.748, -0.029, 1.824, 0.078, 0.612]",4,stole,"[-1.66, -0.132, 1.095, -2.743, -0.037, -0.736, 4.212]",6,money,0.001
7663192709049617684,rep_00,he didn't say we should fire her,True,He didn't say we should fire her,7,7,"[1.881, 0.185, 0.0, 0.081, 0.008, 0.379, 0.077]",0,he,"[4.112, 3.603, -0.578, -1.972, -3.261, -1.195, -0.71]",0,he,0.002
7663192709049617684,rep_01,he didn't say we should fire her,True,He didn't say we should fire her,7,7,"[0.96, 2.158, 0.0, 0.005, 0.005, 0.11, 0.273]",1,didn't,"[2.766, 2.427, -0.347, -1.979, -2.66, -1.803, 1.596]",0,he,0.002
7663192709049617684,rep_02,he didn't say we should fire her,True,He didn't say we should fire her,7,7,"[0.187, 2.263, 1.036, 0.0, -0.048, 0.266, 0.056]",1,didn't,"[0.111, 0.36, 0.525, -0.305, -1.767, -1.059, 2.135]",6,her,0.002
7663192709049617684,rep_03,he didn't say we should fire her,True,He didn't say we should fire her,7,7,"[0.402, 2.025, 0.0, 0.063, 2.303, 0.124, 0.013]",4,should,"[0.958, 0.716, -1.635, -2.726, 0.571, 0.794, 1.322]",6,her,0.002
7663192709049617684,rep_04,he didn't say we should fire her,True,He didn't say we should fire her,7,7,"[0.575, 2.346, 0.0, 0.013, 0.007, 1.531, 0.008]",1,didn't,"[2.404, 1.304, -1.138, -1.679, -3.621, 0.446, 2.285]",0,he,0.002
7663192709049617684,rep_05,he didn't say we should fire her,False,Maybe we should fire her,5,4,"[null, null, null, 0.124, 0.635, 2.036, 0.15]",5,fire,"[null, null, null, -1.191, -1.994, 2.157, 3.451]",6,her,0.001
7663192709049617684,rep_06,he didn't say we should fire her,True,He didn't say we should fire her,7,7,"[0.204, 2.366, 0.0, -0.013, -0.001, 0.564, 0.737]",1,didn't,"[-0.122, 2.081, 0.28, -0.644, -1.223, -0.765, 0.392]",1,didn't,0.002
7667605758195797268,rep_00,i never said she stole my money,True,of I never said she stole my money,8,7,"[2.334, -0.104, 2.073, 0.101, 0.917, 0.028, 0.351]",0,i,"[1.556, -0.397, -0.304, -2.017, 1.061, -1.338, 2.096]",6,money,0.002
7667605758195797268,rep_01,i never said she stole my money,True,I never said she stole my money,7,7,"[0.483, 2.058, 0.21, 0.009, 0.143, 0.0, 0.046]",1,never,"[2.932, 3.199, 0.039, -1.339, -1.234, -2.924, -0.673]",1,never,0.002
7667605758195797268,rep_02,i never said she stole my money,True,I never said she stole my money,7,7,"[1.217, 2.347, 0.083, 0.0, 0.092, -0.004, 0.116]",1,never,"[1.373, 1.428, 1.119, 1.087, 0.076, -3.037, -2.046]",1,never,0.002
7667605758195797268,rep_03,i never said she stole my money,True,I never said she stole my money,7,7,"[0.185, 0.362, 2.922, 0.273, 0.047, -0.008, 0.143]",2,said,"[0.228, 1.628, 4.209, 0.712, -1.307, -3.244, -2.227]",2,said,0.003
7667605758195797268,rep_04,i never said she stole my money,True,I never said she stole my money,7,7,"[0.221, 0.0, 0.855, 3.187, 0.129, 0.0, 0.017]",3,she,"[1.833, -0.776, 0.926, 1.865, 2.013, -3.372, -2.489]",4,stole,0.003
7667605758195797268,rep_05,i never said she stole my money,True,I never said she stole my money,7,7,"[0.326, 0.0, 1.002, 0.054, 0.155, 2.433, 0.024]",5,my,"[1.585, -0.568, 1.66, -1.471, 1.447, 1.072, -3.726]",2,said,0.003
7667605758195797268,rep_06,i never said she stole my money,True,I never said she stole my money,7,7,"[0.291, 0.0, 1.208, 0.0, 0.868, 2.684, -0.043]",5,my,"[1.147, -1.241, 3.255, -3.433, 0.24, 0.703, -0.671]",2,said,0.002
7667605758195797268,rep_07,i never said she stole my money,True,I never said she stole my money,7,7,"[0.503, 0.0, 1.409, 0.0, 0.675, -0.022, 1.937]",6,money,"[0.151, -0.116, 2.739, -2.253, -0.81, -1.136, 1.425]",2,said,0.002
7285785586974133509,rep_00,i never said she stole my money,True,I never said she stole my money,7,7,"[2.567, 1.395, 0.443, 0.181, 0.056, -0.025, 0.258]",0,i,"[2.739, 3.437, 2.285, -2.716, -1.634, -4.033, -0.078]",1,never,0.002
7285785586974133509,rep_01,i never said she stole my money,True,I never said she stole my money,7,7,"[1.379, -0.155, 2.275, 0.625, 0.008, 0.0, 0.011]",2,said,"[1.701, 2.883, 2.718, -0.706, -0.726, -2.849, -3.021]",1,never,0.002
7285785586974133509,rep_02,i never said she stole my money,True,I never SAID she stole my money,7,7,"[0.014, 0.016, 2.953, 0.282, 0.148, 0.013, 0.002]",2,said,"[-0.868, 0.876, 4.915, -1.114, -0.753, -2.738, -0.318]",2,said,0.002
7285785586974133509,rep_03,i never said she stole my money,True,I never said she stole my money,7,7,"[-0.001, 0.0, 0.961, 2.448, 0.922, 0.172, -0.002]",3,she,"[-2.054, 0.469, 1.757, 1.101, 3.335, -1.787, -2.821]",4,stole,0.002
7285785586974133509,rep_04,i never said she stole my money,True,I never said she stole my money,7,7,"[0.185, 0.0, 0.987, 0.657, 2.474, 0.166, 0.001]",4,stole,"[-1.981, -1.126, 1.257, -0.567, 3.576, 1.935, -3.095]",4,stole,0.002
7285785586974133509,rep_05,i never said she stole my money,True,I never said she stole my money,7,7,"[0.269, 0.0, 0.846, -0.135, 1.176, 2.259, 0.316]",5,my,"[-1.802, 0.295, 1.288, -2.802, -0.127, 2.825, 0.321]",5,my,0.002
7285785586974133509,rep_06,i never said she stole my money,True,I never said she stole my money,7,7,"[0.191, 0.0, 1.326, -0.09, 1.309, 0.711, 1.494]",6,money,"[-0.568, 0.114, 0.606, -1.593, -0.584, 0.143, 1.881]",6,money,0.002
7655073094578490644,rep_00,emma wants to travel alone to europe this summer,True,Emma wants to travel alone to Europe this summer,9,9,"[2.963, 0.129, 0.074, 0.204, 0.528, -0.005, 0.019, 0.003, 0.072]",0,emma,"[3.71, 1.058, -1.855, 1.778, 1.278, -2.48, -2.347, -0.07, -1.072]",0,emma,0.002
7655073094578490644,rep_01,emma wants to travel alone to europe this summer,True,Emma wants to travel alone to Europe this summer,9,9,"[2.557, 1.07, 0.315, 0.089, 0.472, 0.135, 0.001, 0.027, 0.183]",0,emma,"[2.581, 2.059, -0.375, 0.65, -0.949, -3.123, -3.195, 0.61, 1.743]",0,emma,0.003
7655073094578490644,rep_02,emma wants to travel alone to europe this summer,True,Emma wants to travel alone to Europe this summer,9,9,"[2.531, 0.114, 0.094, 0.195, 1.033, 0.019, -0.022, 0.407, 0.171]",0,emma,"[2.55, -0.031, -0.839, 0.255, 2.504, -0.793, -2.791, -1.455, 0.599]",0,emma,0.003
7655073094578490644,rep_03,emma wants to travel alone to europe this summer,True,Emma wants to travel alone to Europe this summer,9,9,"[2.968, -0.054, -0.032, -0.061, 1.051, -0.08, 1.453, 0.65, 0.17]",0,emma,"[2.828, 0.001, -2.359, 1.097, 2.734, -1.498, 0.608, -1.342, -2.069]",0,emma,0.002
7655073094578490644,rep_04,emma wants to travel alone to europe this summer,True,Emma wants to travel alone to Europe this summer,9,9,"[2.886, -0.015, 0.09, 0.044, 0.723, -0.016, 0.036, 0.988, 1.819]",0,emma,"[3.254, 0.249, -2.271, 0.023, -0.934, -2.619, -2.151, 0.341, 4.108]",8,summer,0.003
7655073094578490644,rep_05,emma wants to travel alone to europe this summer,False,Europe this summer,3,3,"[null, null, null, null, null, null, -0.052, 1.44, 1.686]",8,summer,"[null, null, null, null, null, null, -3.152, -0.212, 3.364]",8,summer,0.002
7608585563586710804,rep_00,i didn't eat your pizza i,True,I didn't eat your pizza Aye,6,6,"[2.802, 0.807, 0.01, 0.008, 0.005, 0.146]",0,i,"[1.197, -1.138, 0.11, -3.918, 1.287, 2.462]",5,i,0.002
7608585563586710804,rep_01,i didn't eat your pizza i,True,I didn't eat your pizza,5,5,"[0.133, 2.806, -0.107, 0.0, 1.093, null]",1,didn't,"[-2.056, 2.277, -0.558, 0.024, 0.313, null]",1,didn't,0.001
7608585563586710804,rep_02,i didn't eat your pizza i,True,I didn't eat your pizza maybe I gave it,9,6,"[0.067, 0.133, 1.567, 0.597, 2.645, 0.222]",4,pizza,"[-2.535, -0.678, 1.467, 2.146, 3.255, 1.875]",4,pizza,0.002
7608585563586710804,rep_03,i didn't eat your pizza i,True,I didn't eat your pizza,5,5,"[0.0, 0.08, 0.281, 1.808, 1.385, null]",3,your,"[-2.913, -1.934, -1.717, 3.995, 2.569, null]",3,your,0.001
7608585563586710804,rep_04,i didn't eat your pizza i,True,I didn't eat your pizza,5,5,"[0.001, 2.093, 0.091, 0.702, 1.783, null]",1,didn't,"[-3.075, 1.958, -2.143, 1.168, 2.092, null]",4,pizza,0.001
7608585563586710804,rep_05,i didn't eat your pizza i,False,We'll see you in the next episode of the Kilimanks,10,0,"[null, null, null, null, null, null]",,,"[null, null, null, null, null, null]",,,0.002
7608585563586710804,rep_06,i didn't eat your pizza i,False,with Iron Man and Gomlakull,5,0,"[null, null, null, null, null, null]",,,"[null, null, null, null, null, null]",,,0.001
7206603022649036037,rep_00,she didn't take your phone she,True,She didn't take your phone,5,5,"[2.67, 0.642, 0.0, 0.004, 0.12, null]",0,she,"[3.962, 2.246, -2.571, -2.891, -0.746, null]",0,she,0.001
7206603022649036037,rep_01,she didn't take your phone she,True,She didn't take your phone She is not,8,6,"[1.776, 3.184, 0.466, 0.174, 0.886, 0.307]",1,didn't,"[1.737, 4.776, -1.141, -2.514, -0.2, 0.251]",1,didn't,0.002
7206603022649036037,rep_02,she didn't take your phone she,True,She didn't TAKE your phone she,6,6,"[-0.045, 2.827, 2.007, 0.022, 0.114, 0.242]",1,didn't,"[-2.153, 0.427, 1.229, -0.066, 0.77, -0.208]",2,take,0.002
7206603022649036037,rep_03,she didn't take your phone she,True,She didn't take your phone she took,7,6,"[0.093, 1.413, 0.109, 2.928, -0.001, 0.102]",3,your,"[-1.502, 1.807, -1.25, 1.006, 3.347, -1.949]",4,phone,0.002
7206603022649036037,rep_04,she didn't take your phone she,True,phone She didn't take your phone She took,8,6,"[0.147, 1.542, -0.046, 0.085, 2.886, 0.235]",4,phone,"[-0.725, 2.145, -0.676, -2.312, 4.94, -1.457]",4,phone,0.002
7660492521906146580,rep_00,rice rolls i told you to buy a bunch of,False,I told you I told you to buy a bunch of,11,8,"[null, null, 1.282, 0.731, 1.272, -0.018, 0.002, -0.011, 0.0, 1.056]",2,i,"[null, null, 1.494, 1.073, 1.085, -3.029, -1.339, -2.437, -2.173, -0.761]",2,i,0.003
7660492521906146580,rep_01,rice rolls i told you to buy a bunch of,False,I told you to buy a bunch of restaurants,9,8,"[null, null, 1.941, -0.002, 0.568, -0.013, 0.653, 1.736, -0.027, 0.117]",2,i,"[null, null, 1.369, 0.828, 1.826, 0.555, 0.6, 1.188, -3.627, -2.265]",4,you,0.003
7660492521906146580,rep_02,rice rolls i told you to buy a bunch of,False,of restaurants,2,1,"[null, null, null, null, null, null, null, null, null, 0.0]",9,of,"[null, null, null, null, null, null, null, null, null, -3.0]",9,of,0.005
7660492521906146580,rep_03,rice rolls i told you to buy a bunch of,False,I told you to buy a bunch of,8,8,"[null, null, 0.014, 1.844, -0.047, -0.007, -0.137, 0.0, 0.177, 1.068]",3,told,"[null, null, 0.252, 3.518, 0.375, -0.477, -1.046, -1.843, -1.349, 0.57]",3,told,0.005
7660492521906146580,rep_04,rice rolls i told you to buy a bunch of,False,I told you to buy the bunch of ra,9,8,"[null, null, 1.491, 0.0, 1.564, 0.0, 0.052, 0.0, 0.215, 0.568]",4,you,"[null, null, 1.46, -0.501, 4.711, 1.169, -0.358, -0.702, -2.623, -2.887]",4,you,0.004
7660492521906146580,rep_05,rice rolls i told you to buy a bunch of,False,of red roses Roses,4,1,"[null, null, null, null, null, null, null, null, null, 0.0]",9,of,"[null, null, null, null, null, null, null, null, null, -3.653]",9,of,0.002
7660492521906146580,rep_06,rice rolls i told you to buy a bunch of,False,Moses,1,0,"[null, null, null, null, null, null, null, null, null, null]",,,"[null, null, null, null, null, null, null, null, null, null]",,,0.002
7660492521906146580,rep_07,rice rolls i told you to buy a bunch of,False,I had them in,4,1,"[null, null, 0.893, null, null, null, null, null, null, null]",2,i,"[null, null, -2.276, null, null, null, null, null, null, null]",2,i,0.001
7660492521906146580,rep_08,rice rolls i told you to buy a bunch of,False,I had them in,4,1,"[null, null, 0.893, null, null, null, null, null, null, null]",2,i,"[null, null, -2.276, null, null, null, null, null, null, null]",2,i,0.001
7660492521906146580,rep_09,rice rolls i told you to buy a bunch of,False,I had them in,4,1,"[null, null, 0.893, null, null, null, null, null, null, null]",2,i,"[null, null, -2.276, null, null, null, null, null, null, null]",2,i,0.001
7660492521906146580,rep_10,rice rolls i told you to buy a bunch of,False,I had to make it,5,2,"[null, null, 0.751, null, null, 0.332, null, null, null, null]",2,i,"[null, null, 0.307, null, null, -0.491, null, null, null, null]",2,i,0.001
7660492521906146580,rep_11,rice rolls i told you to buy a bunch of,False,on the internet,3,0,"[null, null, null, null, null, null, null, null, null, null]",,,"[null, null, null, null, null, null, null, null, null, null]",,,0.001
7660492521906146580,rep_12,rice rolls i told you to buy a bunch of,False,the international,2,0,"[null, null, null, null, null, null, null, null, null, null]",,,"[null, null, null, null, null, null, null, null, null, null]",,,0.001
7660492521906146580,rep_13,rice rolls i told you to buy a bunch of,False,coordination changes,2,0,"[null, null, null, null, null, null, null, null, null, null]",,,"[null, null, null, null, null, null, null, null, null, null]",,,0.001
7660492521906146580,rep_14,rice rolls i told you to buy a bunch of,False,and changes meaning,3,0,"[null, null, null, null, null, null, null, null, null, null]",,,"[null, null, null, null, null, null, null, null, null, null]",,,0.002
7660492521906146580,rep_15,rice rolls i told you to buy a bunch of,False,You,1,1,"[null, null, null, null, null, null, null, null, null, null]",,,"[null, null, null, null, 0.0, null, null, null, null, null]",4,you,0.0
7660492521906146580,rep_16,rice rolls i told you to buy a bunch of,False,You,1,1,"[null, null, null, null, null, null, null, null, null, null]",,,"[null, null, null, null, 0.0, null, null, null, null, null]",4,you,0.0
7660492521906146580,rep_17,rice rolls i told you to buy a bunch of,False,You,1,1,"[null, null, null, null, null, null, null, null, null, null]",,,"[null, null, null, null, 0.0, null, null, null, null, null]",4,you,0.0
7660492521906146580,rep_18,rice rolls i told you to buy a bunch of,False,You,1,1,"[null, null, null, null, null, null, null, null, null, null]",,,"[null, null, null, null, 0.0, null, null, null, null, null]",4,you,0.0
7660492521906146580,rep_19,rice rolls i told you to buy a bunch of,False,You,1,1,"[null, null, null, null, null, null, null, null, null, null]",,,"[null, null, null, null, 0.0, null, null, null, null, null]",4,you,0.0
7660492521906146580,rep_20,rice rolls i told you to buy a bunch of,False,You,1,1,"[null, null, null, null, null, null, null, null, null, null]",,,"[null, null, null, null, 0.0, null, null, null, null, null]",4,you,0.0
7660492521906146580,rep_21,rice rolls i told you to buy a bunch of,False,You,1,1,"[null, null, null, null, null, null, null, null, null, null]",,,"[null, null, null, null, 0.0, null, null, null, null, null]",4,you,0.0
7660492521906146580,rep_22,rice rolls i told you to buy a bunch of,False,You,1,1,"[null, null, null, null, null, null, null, null, null, null]",,,"[null, null, null, null, 0.0, null, null, null, null, null]",4,you,0.0
7660492521906146580,rep_23,rice rolls i told you to buy a bunch of,False,You,1,1,"[null, null, null, null, null, null, null, null, null, null]",,,"[null, null, null, null, 0.0, null, null, null, null, null]",4,you,0.0
7660492521906146580,rep_24,rice rolls i told you to buy a bunch of,False,You,1,1,"[null, null, null, null, null, null, null, null, null, null]",,,"[null, null, null, null, 0.0, null, null, null, null, null]",4,you,0.0
