video_id,condition,path,phrase,bucket,qa_pass,boundary,start_s,end_s,edge_start_db,edge_end_db
4Iqrm82LED4,original,stress_search/audio_repull/4Iqrm82LED4.wav,i didn't say he stole the money,spoken_explanation,,,,,,
4Iqrm82LED4,rep_00,stress_search/clips_v3/4Iqrm82LED4/rep_00.wav,i didn't say he stole the money,spoken_explanation,True,refined,76.05,78.7,-7.9,-50.1
4Iqrm82LED4,rep_01,stress_search/clips_v3/4Iqrm82LED4/rep_01.wav,i didn't say he stole the money,spoken_explanation,True,refined,105.47,107.5,-63.9,-44.8
4Iqrm82LED4,rep_02,stress_search/clips_v3/4Iqrm82LED4/rep_02.wav,i didn't say he stole the money,spoken_explanation,True,refined,119.41,121.68,-75.3,-51.8
4Iqrm82LED4,rep_03,stress_search/clips_v3/4Iqrm82LED4/rep_03.wav,i didn't say he stole the money,spoken_explanation,True,refined,133.61,137.08,-53.0,-54.8
4Iqrm82LED4,rep_04,stress_search/clips_v3/4Iqrm82LED4/rep_04.wav,i didn't say he stole the money,spoken_explanation,True,refined,151.45,154.08,-52.2,-57.9
4Iqrm82LED4,rep_05,stress_search/clips_v3/4Iqrm82LED4/rep_05.wav,i didn't say he stole the money,spoken_explanation,True,refined,163.69,165.92,-56.2,-41.5
4Iqrm82LED4,rep_06,stress_search/clips_v3/4Iqrm82LED4/rep_06.wav,i didn't say he stole the money,spoken_explanation,True,refined,176.51,178.94,-52.7,-47.0
4Iqrm82LED4,rep_07,stress_search/clips_v3/4Iqrm82LED4/rep_07.wav,i didn't say he stole the money,spoken_explanation,True,refined,186.69,188.92,-30.0,-52.4
4Iqrm82LED4,reps_only,stress_search/clips_v3/4Iqrm82LED4/reps_only.wav,i didn't say he stole the money,spoken_explanation,,,,,,
YXSkyQIKPeU,original,stress_search/audio_repull/YXSkyQIKPeU.wav,finish work at 1 00 p m,spoken_explanation,,,,,,
YXSkyQIKPeU,rep_00,stress_search/clips_v3/YXSkyQIKPeU/rep_00.wav,finish work at 1 00 p m,spoken_explanation,False,rough,28.39,30.43,-1.0,-27.1
YXSkyQIKPeU,rep_01,stress_search/clips_v3/YXSkyQIKPeU/rep_01.wav,finish work at 1 00 p m,spoken_explanation,True,refined,30.51,32.72,-31.5,-24.6
YXSkyQIKPeU,rep_02,stress_search/clips_v3/YXSkyQIKPeU/rep_02.wav,finish work at 1 00 p m,spoken_explanation,False,rough,32.89,34.72,2.8,-1.2
YXSkyQIKPeU,rep_03,stress_search/clips_v3/YXSkyQIKPeU/rep_03.wav,finish work at 1 00 p m,spoken_explanation,True,rough,34.75,36.34,0.1,-4.3
YXSkyQIKPeU,rep_04,stress_search/clips_v3/YXSkyQIKPeU/rep_04.wav,finish work at 1 00 p m,spoken_explanation,True,refined,45.62,47.25,-12.3,-24.5
YXSkyQIKPeU,rep_05,stress_search/clips_v3/YXSkyQIKPeU/rep_05.wav,finish work at 1 00 p m,spoken_explanation,True,refined,53.07,54.98,-24.6,-24.5
YXSkyQIKPeU,rep_06,stress_search/clips_v3/YXSkyQIKPeU/rep_06.wav,finish work at 1 00 p m,spoken_explanation,False,refined,62.15,64.54,-10.0,-28.6
YXSkyQIKPeU,rep_07,stress_search/clips_v3/YXSkyQIKPeU/rep_07.wav,finish work at 1 00 p m,spoken_explanation,False,refined,67.11,68.6,-5.3,-27.7
YXSkyQIKPeU,rep_08,stress_search/clips_v3/YXSkyQIKPeU/rep_08.wav,finish work at 1 00 p m,spoken_explanation,False,rough,75.22,76.75,-9.0,-7.1
YXSkyQIKPeU,rep_09,stress_search/clips_v3/YXSkyQIKPeU/rep_09.wav,finish work at 1 00 p m,spoken_explanation,True,refined,86.4,87.97,-6.4,-31.7
YXSkyQIKPeU,rep_10,stress_search/clips_v3/YXSkyQIKPeU/rep_10.wav,finish work at 1 00 p m,spoken_explanation,True,rough,91.96,93.85,-35.2,-35.9
YXSkyQIKPeU,rep_11,stress_search/clips_v3/YXSkyQIKPeU/rep_11.wav,finish work at 1 00 p m,spoken_explanation,False,rough,107.41,109.45,-0.2,-32.5
YXSkyQIKPeU,rep_12,stress_search/clips_v3/YXSkyQIKPeU/rep_12.wav,finish work at 1 00 p m,spoken_explanation,False,refined,117.57,120.08,-28.1,-32.5
YXSkyQIKPeU,rep_13,stress_search/clips_v3/YXSkyQIKPeU/rep_13.wav,finish work at 1 00 p m,spoken_explanation,False,rough,128.08,130.18,-29.4,-42.3
YXSkyQIKPeU,rep_14,stress_search/clips_v3/YXSkyQIKPeU/rep_14.wav,finish work at 1 00 p m,spoken_explanation,False,rough,145.06,146.59,-20.6,-29.5
YXSkyQIKPeU,reps_only,stress_search/clips_v3/YXSkyQIKPeU/reps_only.wav,finish work at 1 00 p m,spoken_explanation,,,,,,
_8UYCo7-fqY,original,stress_search/audio_repull/_8UYCo7-fqY.wav,i didn't say he stole the money,spoken_explanation,,,,,,
_8UYCo7-fqY,rep_00,stress_search/clips_v3/_8UYCo7-fqY/rep_00.wav,i didn't say he stole the money,spoken_explanation,True,refined,28.53,30.98,0.2,-20.4
_8UYCo7-fqY,rep_01,stress_search/clips_v3/_8UYCo7-fqY/rep_01.wav,i didn't say he stole the money,spoken_explanation,True,refined,34.05,37.6,-4.1,-33.5
_8UYCo7-fqY,rep_02,stress_search/clips_v3/_8UYCo7-fqY/rep_02.wav,i didn't say he stole the money,spoken_explanation,True,refined,40.81,43.4,-27.7,-25.1
_8UYCo7-fqY,rep_03,stress_search/clips_v3/_8UYCo7-fqY/rep_03.wav,i didn't say he stole the money,spoken_explanation,True,refined,45.43,48.4,-33.5,-31.4
_8UYCo7-fqY,rep_04,stress_search/clips_v3/_8UYCo7-fqY/rep_04.wav,i didn't say he stole the money,spoken_explanation,True,refined,53.83,56.78,-25.3,-19.8
_8UYCo7-fqY,rep_05,stress_search/clips_v3/_8UYCo7-fqY/rep_05.wav,i didn't say he stole the money,spoken_explanation,False,refined,62.45,64.98,-25.2,-29.2
_8UYCo7-fqY,rep_06,stress_search/clips_v3/_8UYCo7-fqY/rep_06.wav,i didn't say he stole the money,spoken_explanation,True,refined,71.43,75.46,-5.2,-29.1
_8UYCo7-fqY,rep_07,stress_search/clips_v3/_8UYCo7-fqY/rep_07.wav,i didn't say he stole the money,spoken_explanation,True,refined,83.25,85.94,-20.4,-16.9
_8UYCo7-fqY,reps_only,stress_search/clips_v3/_8UYCo7-fqY/reps_only.wav,i didn't say he stole the money,spoken_explanation,,,,,,
NqU2s2CgrUI,original,stress_search/audio_repull/NqU2s2CgrUI.wav,i never said i stole his money,spoken_explanation,,,,,,
NqU2s2CgrUI,rep_00,stress_search/clips_v3/NqU2s2CgrUI/rep_00.wav,i never said i stole his money,spoken_explanation,True,refined,134.79,136.96,-50.9,-34.6
NqU2s2CgrUI,rep_01,stress_search/clips_v3/NqU2s2CgrUI/rep_01.wav,i never said i stole his money,spoken_explanation,True,refined,149.5,151.49,-62.6,-32.4
NqU2s2CgrUI,rep_02,stress_search/clips_v3/NqU2s2CgrUI/rep_02.wav,i never said i stole his money,spoken_explanation,True,refined,152.18,154.83,-59.4,-28.5
NqU2s2CgrUI,rep_03,stress_search/clips_v3/NqU2s2CgrUI/rep_03.wav,i never said i stole his money,spoken_explanation,True,refined,154.66,158.41,-15.7,-32.1
NqU2s2CgrUI,rep_04,stress_search/clips_v3/NqU2s2CgrUI/rep_04.wav,i never said i stole his money,spoken_explanation,True,refined,158.94,161.61,-28.2,-34.4
NqU2s2CgrUI,rep_05,stress_search/clips_v3/NqU2s2CgrUI/rep_05.wav,i never said i stole his money,spoken_explanation,True,refined,163.07,165.36,0.3,-37.0
NqU2s2CgrUI,rep_06,stress_search/clips_v3/NqU2s2CgrUI/rep_06.wav,i never said i stole his money,spoken_explanation,True,refined,165.99,168.18,-34.3,-36.6
NqU2s2CgrUI,rep_07,stress_search/clips_v3/NqU2s2CgrUI/rep_07.wav,i never said i stole his money,spoken_explanation,True,refined,168.92,171.03,-43.0,-33.1
NqU2s2CgrUI,reps_only,stress_search/clips_v3/NqU2s2CgrUI/reps_only.wav,i never said i stole his money,spoken_explanation,,,,,,
HouoQHlyNaU,original,stress_search/audio_repull/HouoQHlyNaU.wav,word he is flying to jakarta tomorrow we mean that,spoken_explanation,,,,,,
HouoQHlyNaU,rep_00,stress_search/clips_v3/HouoQHlyNaU/rep_00.wav,word he is flying to jakarta tomorrow we mean that,spoken_explanation,True,refined,34.67,40.84,-9.0,-29.1
HouoQHlyNaU,rep_01,stress_search/clips_v3/HouoQHlyNaU/rep_01.wav,word he is flying to jakarta tomorrow we mean that,spoken_explanation,True,refined,45.21,51.64,-1.6,-29.9
HouoQHlyNaU,rep_02,stress_search/clips_v3/HouoQHlyNaU/rep_02.wav,word he is flying to jakarta tomorrow we mean that,spoken_explanation,True,refined,56.35,63.94,-25.9,-20.8
HouoQHlyNaU,rep_03,stress_search/clips_v3/HouoQHlyNaU/rep_03.wav,word he is flying to jakarta tomorrow we mean that,spoken_explanation,True,refined,70.13,76.86,-2.7,-10.0
HouoQHlyNaU,rep_04,stress_search/clips_v3/HouoQHlyNaU/rep_04.wav,word he is flying to jakarta tomorrow we mean that,spoken_explanation,True,refined,80.99,87.46,-5.6,-31.4
HouoQHlyNaU,rep_05,stress_search/clips_v3/HouoQHlyNaU/rep_05.wav,word he is flying to jakarta tomorrow we mean that,spoken_explanation,True,refined,94.37,101.16,-15.8,-16.5
HouoQHlyNaU,reps_only,stress_search/clips_v3/HouoQHlyNaU/reps_only.wav,word he is flying to jakarta tomorrow we mean that,spoken_explanation,,,,,,
d2SF3DHXeC8,original,stress_search/audio_repull/d2SF3DHXeC8.wav,tom will drive to the airport on monday,spoken_explanation,,,,,,
d2SF3DHXeC8,rep_00,stress_search/clips_v3/d2SF3DHXeC8/rep_00.wav,tom will drive to the airport on monday,spoken_explanation,True,refined,138.06,140.29,-32.1,-34.9
d2SF3DHXeC8,rep_01,stress_search/clips_v3/d2SF3DHXeC8/rep_01.wav,tom will drive to the airport on monday,spoken_explanation,True,refined,156.1,159.39,-14.7,-60.6
d2SF3DHXeC8,rep_02,stress_search/clips_v3/d2SF3DHXeC8/rep_02.wav,tom will drive to the airport on monday,spoken_explanation,True,refined,182.79,185.7,-26.4,-56.0
d2SF3DHXeC8,rep_03,stress_search/clips_v3/d2SF3DHXeC8/rep_03.wav,tom will drive to the airport on monday,spoken_explanation,True,refined,186.28,189.15,-5.1,-53.8
d2SF3DHXeC8,rep_04,stress_search/clips_v3/d2SF3DHXeC8/rep_04.wav,tom will drive to the airport on monday,spoken_explanation,True,refined,210.73,213.52,-58.5,-56.7
d2SF3DHXeC8,rep_05,stress_search/clips_v3/d2SF3DHXeC8/rep_05.wav,tom will drive to the airport on monday,spoken_explanation,True,refined,235.32,238.09,-6.1,-57.3
d2SF3DHXeC8,reps_only,stress_search/clips_v3/d2SF3DHXeC8/reps_only.wav,tom will drive to the airport on monday,spoken_explanation,,,,,,
X02JYzY5eO8,original,stress_search/audio_repull/X02JYzY5eO8.wav,i didn't say he stole her money,spoken_explanation,,,,,,
X02JYzY5eO8,rep_00,stress_search/clips_v3/X02JYzY5eO8/rep_00.wav,i didn't say he stole her money,spoken_explanation,True,refined,14.65,17.6,-43.4,-42.0
X02JYzY5eO8,rep_01,stress_search/clips_v3/X02JYzY5eO8/rep_01.wav,i didn't say he stole her money,spoken_explanation,True,refined,68.77,72.08,-47.9,-46.6
X02JYzY5eO8,rep_02,stress_search/clips_v3/X02JYzY5eO8/rep_02.wav,i didn't say he stole her money,spoken_explanation,True,refined,84.31,87.38,-0.5,-31.3
X02JYzY5eO8,rep_03,stress_search/clips_v3/X02JYzY5eO8/rep_03.wav,i didn't say he stole her money,spoken_explanation,True,refined,96.71,99.82,-2.3,-47.9
X02JYzY5eO8,rep_04,stress_search/clips_v3/X02JYzY5eO8/rep_04.wav,i didn't say he stole her money,spoken_explanation,True,refined,117.13,119.96,-44.8,-32.2
X02JYzY5eO8,rep_05,stress_search/clips_v3/X02JYzY5eO8/rep_05.wav,i didn't say he stole her money,spoken_explanation,True,refined,123.35,126.88,-18.4,-39.5
X02JYzY5eO8,rep_06,stress_search/clips_v3/X02JYzY5eO8/rep_06.wav,i didn't say he stole her money,spoken_explanation,True,refined,143.29,146.96,-45.9,-45.0
X02JYzY5eO8,rep_07,stress_search/clips_v3/X02JYzY5eO8/rep_07.wav,i didn't say he stole her money,spoken_explanation,True,refined,168.25,170.88,-45.3,-25.3
X02JYzY5eO8,reps_only,stress_search/clips_v3/X02JYzY5eO8/reps_only.wav,i didn't say he stole her money,spoken_explanation,,,,,,
LLOopgVk6gc,original,stress_search/audio_repull/LLOopgVk6gc.wav,i never said she stole your money,spoken_explanation,,,,,,
LLOopgVk6gc,rep_00,stress_search/clips_v3/LLOopgVk6gc/rep_00.wav,i never said she stole your money,spoken_explanation,True,refined,81.15,84.26,-24.1,-16.5
LLOopgVk6gc,rep_01,stress_search/clips_v3/LLOopgVk6gc/rep_01.wav,i never said she stole your money,spoken_explanation,True,refined,86.89,89.12,-14.7,-19.0
LLOopgVk6gc,rep_02,stress_search/clips_v3/LLOopgVk6gc/rep_02.wav,i never said she stole your money,spoken_explanation,True,refined,94.73,98.94,-7.9,-23.0
LLOopgVk6gc,rep_03,stress_search/clips_v3/LLOopgVk6gc/rep_03.wav,i never said she stole your money,spoken_explanation,True,refined,105.33,108.7,-18.3,-30.5
LLOopgVk6gc,rep_04,stress_search/clips_v3/LLOopgVk6gc/rep_04.wav,i never said she stole your money,spoken_explanation,True,refined,123.47,126.36,-20.9,-22.8
LLOopgVk6gc,rep_05,stress_search/clips_v3/LLOopgVk6gc/rep_05.wav,i never said she stole your money,spoken_explanation,True,refined,143.41,146.36,-18.9,-21.0
LLOopgVk6gc,rep_06,stress_search/clips_v3/LLOopgVk6gc/rep_06.wav,i never said she stole your money,spoken_explanation,True,refined,186.69,189.34,-1.9,-6.0
LLOopgVk6gc,reps_only,stress_search/clips_v3/LLOopgVk6gc/reps_only.wav,i never said she stole your money,spoken_explanation,,,,,,
t6-DUp8dH6M,original,stress_search/audio_repull/t6-DUp8dH6M.wav,i never said she stole my money,spoken_explanation,,,,,,
t6-DUp8dH6M,rep_00,stress_search/clips_v3/t6-DUp8dH6M/rep_00.wav,i never said she stole my money,spoken_explanation,True,refined,19.65,23.38,-165.8,-43.1
t6-DUp8dH6M,rep_01,stress_search/clips_v3/t6-DUp8dH6M/rep_01.wav,i never said she stole my money,spoken_explanation,True,refined,34.77,38.48,-165.3,-75.6
t6-DUp8dH6M,rep_02,stress_search/clips_v3/t6-DUp8dH6M/rep_02.wav,i never said she stole my money,spoken_explanation,True,refined,49.65,53.28,-165.5,-75.8
t6-DUp8dH6M,rep_03,stress_search/clips_v3/t6-DUp8dH6M/rep_03.wav,i never said she stole my money,spoken_explanation,True,refined,67.97,71.76,-165.6,-75.9
t6-DUp8dH6M,rep_04,stress_search/clips_v3/t6-DUp8dH6M/rep_04.wav,i never said she stole my money,spoken_explanation,True,refined,83.65,87.42,-165.5,-75.8
t6-DUp8dH6M,rep_05,stress_search/clips_v3/t6-DUp8dH6M/rep_05.wav,i never said she stole my money,spoken_explanation,True,refined,101.41,105.16,-165.5,-75.8
t6-DUp8dH6M,rep_06,stress_search/clips_v3/t6-DUp8dH6M/rep_06.wav,i never said she stole my money,spoken_explanation,True,refined,116.05,119.76,-165.5,-75.8
t6-DUp8dH6M,reps_only,stress_search/clips_v3/t6-DUp8dH6M/reps_only.wav,i never said she stole my money,spoken_explanation,,,,,,
zdYCW4QH1-Q,original,stress_search/audio_repull/zdYCW4QH1-Q.wav,i never said she stole my money,no_explanation,,,,,,
zdYCW4QH1-Q,rep_00,stress_search/clips_v3/zdYCW4QH1-Q/rep_00.wav,i never said she stole my money,no_explanation,True,refined,15.15,18.24,-37.6,-33.9
zdYCW4QH1-Q,rep_01,stress_search/clips_v3/zdYCW4QH1-Q/rep_01.wav,i never said she stole my money,no_explanation,True,refined,18.25,21.08,-33.5,-37.8
zdYCW4QH1-Q,rep_02,stress_search/clips_v3/zdYCW4QH1-Q/rep_02.wav,i never said she stole my money,no_explanation,True,refined,21.07,24.18,-38.4,-35.6
zdYCW4QH1-Q,rep_03,stress_search/clips_v3/zdYCW4QH1-Q/rep_03.wav,i never said she stole my money,no_explanation,True,refined,24.05,27.14,-31.9,-47.0
zdYCW4QH1-Q,rep_04,stress_search/clips_v3/zdYCW4QH1-Q/rep_04.wav,i never said she stole my money,no_explanation,True,refined,27.13,29.96,-41.7,-37.5
zdYCW4QH1-Q,rep_05,stress_search/clips_v3/zdYCW4QH1-Q/rep_05.wav,i never said she stole my money,no_explanation,True,refined,30.15,32.86,-38.8,-36.9
zdYCW4QH1-Q,rep_06,stress_search/clips_v3/zdYCW4QH1-Q/rep_06.wav,i never said she stole my money,no_explanation,True,refined,33.01,35.64,-37.4,-39.2
xGQ7OORxRCI,original,stress_search/audio_repull/xGQ7OORxRCI.wav,are you in bed,spoken_explanation,,,,,,
xGQ7OORxRCI,rep_00,stress_search/clips_v3/xGQ7OORxRCI/rep_00.wav,are you in bed,spoken_explanation,True,refined,20.35,21.68,-20.3,-47.9
xGQ7OORxRCI,rep_01,stress_search/clips_v3/xGQ7OORxRCI/rep_01.wav,are you in bed,spoken_explanation,True,refined,21.93,23.5,-64.8,-36.9
xGQ7OORxRCI,rep_02,stress_search/clips_v3/xGQ7OORxRCI/rep_02.wav,are you in bed,spoken_explanation,True,refined,24.9,26.48,-167.2,-44.9
xGQ7OORxRCI,rep_03,stress_search/clips_v3/xGQ7OORxRCI/rep_03.wav,are you in bed,spoken_explanation,True,refined,44.89,47.34,-45.0,-53.3
xGQ7OORxRCI,rep_04,stress_search/clips_v3/xGQ7OORxRCI/rep_04.wav,are you in bed,spoken_explanation,True,rough,47.03,49.38,-18.5,-169.4
xGQ7OORxRCI,rep_05,stress_search/clips_v3/xGQ7OORxRCI/rep_05.wav,are you in bed,spoken_explanation,True,refined,49.77,51.2,-52.4,-40.6
xGQ7OORxRCI,rep_06,stress_search/clips_v3/xGQ7OORxRCI/rep_06.wav,are you in bed,spoken_explanation,True,refined,61.97,63.9,-60.5,-81.4
xGQ7OORxRCI,rep_07,stress_search/clips_v3/xGQ7OORxRCI/rep_07.wav,are you in bed,spoken_explanation,True,refined,64.47,65.94,-27.8,-42.3
xGQ7OORxRCI,rep_08,stress_search/clips_v3/xGQ7OORxRCI/rep_08.wav,are you in bed,spoken_explanation,True,refined,66.27,67.58,-9.1,-41.2
xGQ7OORxRCI,rep_09,stress_search/clips_v3/xGQ7OORxRCI/rep_09.wav,are you in bed,spoken_explanation,True,refined,88.07,89.58,-167.1,-53.4
xGQ7OORxRCI,rep_10,stress_search/clips_v3/xGQ7OORxRCI/rep_10.wav,are you in bed,spoken_explanation,True,refined,90.39,91.94,-167.1,-44.0
xGQ7OORxRCI,rep_11,stress_search/clips_v3/xGQ7OORxRCI/rep_11.wav,are you in bed,spoken_explanation,True,refined,92.71,94.32,-166.9,-47.5
xGQ7OORxRCI,rep_12,stress_search/clips_v3/xGQ7OORxRCI/rep_12.wav,are you in bed,spoken_explanation,True,refined,120.43,121.86,-167.1,-49.0
xGQ7OORxRCI,rep_13,stress_search/clips_v3/xGQ7OORxRCI/rep_13.wav,are you in bed,spoken_explanation,True,refined,121.97,123.58,-59.0,-51.9
xGQ7OORxRCI,rep_14,stress_search/clips_v3/xGQ7OORxRCI/rep_14.wav,are you in bed,spoken_explanation,True,refined,123.71,125.24,-165.0,-52.1
xGQ7OORxRCI,rep_15,stress_search/clips_v3/xGQ7OORxRCI/rep_15.wav,are you in bed,spoken_explanation,True,refined,125.67,126.94,-167.5,-47.0
xGQ7OORxRCI,rep_16,stress_search/clips_v3/xGQ7OORxRCI/rep_16.wav,are you in bed,spoken_explanation,True,refined,127.95,129.66,-166.4,-51.0
xGQ7OORxRCI,rep_17,stress_search/clips_v3/xGQ7OORxRCI/rep_17.wav,are you in bed,spoken_explanation,True,refined,130.35,131.7,-46.1,-26.1
xGQ7OORxRCI,rep_18,stress_search/clips_v3/xGQ7OORxRCI/rep_18.wav,are you in bed,spoken_explanation,True,refined,131.91,133.74,-75.9,-25.1
xGQ7OORxRCI,rep_19,stress_search/clips_v3/xGQ7OORxRCI/rep_19.wav,are you in bed,spoken_explanation,True,refined,134.13,135.74,-167.8,-46.7
xGQ7OORxRCI,rep_20,stress_search/clips_v3/xGQ7OORxRCI/rep_20.wav,are you in bed,spoken_explanation,True,refined,136.53,138.12,-167.2,-77.5
xGQ7OORxRCI,rep_21,stress_search/clips_v3/xGQ7OORxRCI/rep_21.wav,are you in bed,spoken_explanation,True,refined,138.37,140.08,-166.3,-76.6
xGQ7OORxRCI,rep_22,stress_search/clips_v3/xGQ7OORxRCI/rep_22.wav,are you in bed,spoken_explanation,True,refined,140.33,141.94,-167.4,-77.7
xGQ7OORxRCI,rep_23,stress_search/clips_v3/xGQ7OORxRCI/rep_23.wav,are you in bed,spoken_explanation,True,refined,142.57,143.64,-30.9,-42.4
xGQ7OORxRCI,reps_only,stress_search/clips_v3/xGQ7OORxRCI/reps_only.wav,are you in bed,spoken_explanation,,,,,,
bIBUNreInpU,original,stress_search/audio_repull/bIBUNreInpU.wav,to be or not to be that is the question,spoken_explanation,,,,,,
bIBUNreInpU,rep_00,stress_search/clips_v3/bIBUNreInpU/rep_00.wav,to be or not to be that is the question,spoken_explanation,False,refined,0.0,7.54,-163.7,-10.8
bIBUNreInpU,rep_01,stress_search/clips_v3/bIBUNreInpU/rep_01.wav,to be or not to be that is the question,spoken_explanation,True,refined,19.71,22.74,-7.2,-20.7
bIBUNreInpU,rep_02,stress_search/clips_v3/bIBUNreInpU/rep_02.wav,to be or not to be that is the question,spoken_explanation,True,refined,23.69,26.2,-29.5,-7.3
bIBUNreInpU,rep_03,stress_search/clips_v3/bIBUNreInpU/rep_03.wav,to be or not to be that is the question,spoken_explanation,True,refined,27.87,30.58,-10.7,-2.5
bIBUNreInpU,rep_04,stress_search/clips_v3/bIBUNreInpU/rep_04.wav,to be or not to be that is the question,spoken_explanation,True,refined,31.45,34.16,-9.8,-14.1
bIBUNreInpU,rep_05,stress_search/clips_v3/bIBUNreInpU/rep_05.wav,to be or not to be that is the question,spoken_explanation,True,refined,46.75,51.1,-25.6,-25.4
bIBUNreInpU,reps_only,stress_search/clips_v3/bIBUNreInpU/reps_only.wav,to be or not to be that is the question,spoken_explanation,,,,,,
jjj3ajhFHzI,original,stress_search/audio_repull/jjj3ajhFHzI.wav,i didn't say he stole the money,spoken_explanation,,,,,,
jjj3ajhFHzI,rep_00,stress_search/clips_v3/jjj3ajhFHzI/rep_00.wav,i didn't say he stole the money,spoken_explanation,True,refined,17.47,19.5,-45.9,-57.0
jjj3ajhFHzI,rep_01,stress_search/clips_v3/jjj3ajhFHzI/rep_01.wav,i didn't say he stole the money,spoken_explanation,True,refined,34.97,37.34,-63.5,-61.5
jjj3ajhFHzI,rep_02,stress_search/clips_v3/jjj3ajhFHzI/rep_02.wav,i didn't say he stole the money,spoken_explanation,True,refined,47.31,49.42,-53.5,-51.5
jjj3ajhFHzI,rep_03,stress_search/clips_v3/jjj3ajhFHzI/rep_03.wav,i didn't say he stole the money,spoken_explanation,True,refined,64.29,67.88,-44.8,-45.5
jjj3ajhFHzI,rep_04,stress_search/clips_v3/jjj3ajhFHzI/rep_04.wav,i didn't say he stole the money,spoken_explanation,True,refined,80.39,83.74,-53.4,-57.4
jjj3ajhFHzI,rep_05,stress_search/clips_v3/jjj3ajhFHzI/rep_05.wav,i didn't say he stole the money,spoken_explanation,True,refined,96.35,99.34,-18.9,-58.2
jjj3ajhFHzI,reps_only,stress_search/clips_v3/jjj3ajhFHzI/reps_only.wav,i didn't say he stole the money,spoken_explanation,,,,,,
PqsH_jQKhpw,original,stress_search/audio_repull/PqsH_jQKhpw.wav,i didn't tell her you stole his wallet i didn't tell her you stole his wallet i,spoken_explanation,,,,,,
PqsH_jQKhpw,rep_00,stress_search/clips_v3/PqsH_jQKhpw/rep_00.wav,i didn't tell her you stole his wallet i didn't tell her you stole his wallet i,spoken_explanation,True,refined,212.01,221.78,-48.8,-10.4
PqsH_jQKhpw,rep_01,stress_search/clips_v3/PqsH_jQKhpw/rep_01.wav,i didn't tell her you stole his wallet i didn't tell her you stole his wallet i,spoken_explanation,True,refined,227.17,238.8,-17.7,-7.0
PqsH_jQKhpw,rep_02,stress_search/clips_v3/PqsH_jQKhpw/rep_02.wav,i didn't tell her you stole his wallet i didn't tell her you stole his wallet i,spoken_explanation,True,refined,249.09,257.68,-72.7,-10.6
PqsH_jQKhpw,rep_03,stress_search/clips_v3/PqsH_jQKhpw/rep_03.wav,i didn't tell her you stole his wallet i didn't tell her you stole his wallet i,spoken_explanation,True,refined,266.75,277.08,-67.4,-7.8
PqsH_jQKhpw,rep_04,stress_search/clips_v3/PqsH_jQKhpw/rep_04.wav,i didn't tell her you stole his wallet i didn't tell her you stole his wallet i,spoken_explanation,True,refined,283.77,292.94,-65.8,-13.3
PqsH_jQKhpw,rep_05,stress_search/clips_v3/PqsH_jQKhpw/rep_05.wav,i didn't tell her you stole his wallet i didn't tell her you stole his wallet i,spoken_explanation,True,refined,316.63,325.42,-69.8,-6.5
PqsH_jQKhpw,reps_only,stress_search/clips_v3/PqsH_jQKhpw/reps_only.wav,i didn't tell her you stole his wallet i didn't tell her you stole his wallet i,spoken_explanation,,,,,,
SOzRB9fHesQ,original,stress_search/audio_repull/SOzRB9fHesQ.wav,i never said you stole the money maybe,spoken_explanation,,,,,,
SOzRB9fHesQ,rep_00,stress_search/clips_v3/SOzRB9fHesQ/rep_00.wav,i never said you stole the money maybe,spoken_explanation,False,refined,24.23,26.26,-30.6,-28.3
SOzRB9fHesQ,rep_01,stress_search/clips_v3/SOzRB9fHesQ/rep_01.wav,i never said you stole the money maybe,spoken_explanation,True,refined,53.37,56.34,-24.1,-28.4
SOzRB9fHesQ,rep_02,stress_search/clips_v3/SOzRB9fHesQ/rep_02.wav,i never said you stole the money maybe,spoken_explanation,True,refined,59.07,61.38,-38.0,-29.4
SOzRB9fHesQ,rep_03,stress_search/clips_v3/SOzRB9fHesQ/rep_03.wav,i never said you stole the money maybe,spoken_explanation,True,refined,63.95,67.92,-30.4,-9.4
SOzRB9fHesQ,rep_04,stress_search/clips_v3/SOzRB9fHesQ/rep_04.wav,i never said you stole the money maybe,spoken_explanation,True,refined,74.95,77.86,-30.8,-6.4
SOzRB9fHesQ,rep_05,stress_search/clips_v3/SOzRB9fHesQ/rep_05.wav,i never said you stole the money maybe,spoken_explanation,True,refined,81.81,85.48,-26.5,-8.6
SOzRB9fHesQ,rep_06,stress_search/clips_v3/SOzRB9fHesQ/rep_06.wav,i never said you stole the money maybe,spoken_explanation,True,refined,92.99,96.64,-29.3,-7.0
SOzRB9fHesQ,rep_07,stress_search/clips_v3/SOzRB9fHesQ/rep_07.wav,i never said you stole the money maybe,spoken_explanation,True,refined,98.25,101.82,-29.1,-12.0
SOzRB9fHesQ,rep_08,stress_search/clips_v3/SOzRB9fHesQ/rep_08.wav,i never said you stole the money maybe,spoken_explanation,True,refined,304.41,306.36,-31.8,-34.7
SOzRB9fHesQ,reps_only,stress_search/clips_v3/SOzRB9fHesQ/reps_only.wav,i never said you stole the money maybe,spoken_explanation,,,,,,
QXCpWI0qpys,original,stress_search/audio_repull/QXCpWI0qpys.wav,i didn't say we should kill him this means you,spoken_explanation,,,,,,
QXCpWI0qpys,rep_00,stress_search/clips_v3/QXCpWI0qpys/rep_00.wav,i didn't say we should kill him this means you,spoken_explanation,True,refined,145.49,150.88,-50.5,-30.1
QXCpWI0qpys,rep_01,stress_search/clips_v3/QXCpWI0qpys/rep_01.wav,i didn't say we should kill him this means you,spoken_explanation,True,refined,174.31,180.7,-47.1,-37.7
QXCpWI0qpys,rep_02,stress_search/clips_v3/QXCpWI0qpys/rep_02.wav,i didn't say we should kill him this means you,spoken_explanation,True,refined,199.79,205.92,-34.8,-3.0
QXCpWI0qpys,rep_03,stress_search/clips_v3/QXCpWI0qpys/rep_03.wav,i didn't say we should kill him this means you,spoken_explanation,True,refined,236.95,243.88,-50.3,-11.9
QXCpWI0qpys,rep_04,stress_search/clips_v3/QXCpWI0qpys/rep_04.wav,i didn't say we should kill him this means you,spoken_explanation,True,refined,260.07,266.24,-48.1,-5.8
QXCpWI0qpys,rep_05,stress_search/clips_v3/QXCpWI0qpys/rep_05.wav,i didn't say we should kill him this means you,spoken_explanation,True,refined,287.55,293.3,-51.5,-10.7
QXCpWI0qpys,rep_06,stress_search/clips_v3/QXCpWI0qpys/rep_06.wav,i didn't say we should kill him this means you,spoken_explanation,True,refined,313.19,320.3,-49.1,-5.4
QXCpWI0qpys,reps_only,stress_search/clips_v3/QXCpWI0qpys/reps_only.wav,i didn't say we should kill him this means you,spoken_explanation,,,,,,
hJO4EYUs3xs,original,stress_search/audio_repull/hJO4EYUs3xs.wav,i never said you stole my money,spoken_explanation,,,,,,
hJO4EYUs3xs,rep_00,stress_search/clips_v3/hJO4EYUs3xs/rep_00.wav,i never said you stole my money,spoken_explanation,True,refined,62.91,64.5,-30.4,-30.9
hJO4EYUs3xs,rep_01,stress_search/clips_v3/hJO4EYUs3xs/rep_01.wav,i never said you stole my money,spoken_explanation,True,refined,66.29,68.0,-157.2,-20.3
hJO4EYUs3xs,rep_02,stress_search/clips_v3/hJO4EYUs3xs/rep_02.wav,i never said you stole my money,spoken_explanation,True,refined,70.53,73.18,-157.8,-30.5
hJO4EYUs3xs,rep_03,stress_search/clips_v3/hJO4EYUs3xs/rep_03.wav,i never said you stole my money,spoken_explanation,True,refined,75.57,78.32,-158.2,-68.7
hJO4EYUs3xs,rep_04,stress_search/clips_v3/hJO4EYUs3xs/rep_04.wav,i never said you stole my money,spoken_explanation,True,refined,85.59,87.52,-157.5,-53.2
hJO4EYUs3xs,rep_05,stress_search/clips_v3/hJO4EYUs3xs/rep_05.wav,i never said you stole my money,spoken_explanation,True,refined,90.97,93.68,2.7,-15.4
hJO4EYUs3xs,rep_06,stress_search/clips_v3/hJO4EYUs3xs/rep_06.wav,i never said you stole my money,spoken_explanation,True,refined,99.05,101.28,-159.0,-36.9
hJO4EYUs3xs,reps_only,stress_search/clips_v3/hJO4EYUs3xs/reps_only.wav,i never said you stole my money,spoken_explanation,,,,,,
arFhTw5QS3U,original,stress_search/audio_repull/arFhTw5QS3U.wav,the money i didn't say she stole,no_explanation,,,,,,
arFhTw5QS3U,rep_00,stress_search/clips_v3/arFhTw5QS3U/rep_00.wav,the money i didn't say she stole,no_explanation,True,refined,2.28,5.41,-6.4,-4.7
arFhTw5QS3U,rep_01,stress_search/clips_v3/arFhTw5QS3U/rep_01.wav,the money i didn't say she stole,no_explanation,True,refined,5.17,8.18,-5.1,-5.4
arFhTw5QS3U,rep_02,stress_search/clips_v3/arFhTw5QS3U/rep_02.wav,the money i didn't say she stole,no_explanation,False,refined,8.15,10.92,-4.1,-4.6
arFhTw5QS3U,rep_03,stress_search/clips_v3/arFhTw5QS3U/rep_03.wav,the money i didn't say she stole,no_explanation,True,refined,10.68,14.17,-4.7,-0.5
arFhTw5QS3U,rep_04,stress_search/clips_v3/arFhTw5QS3U/rep_04.wav,the money i didn't say she stole,no_explanation,False,refined,14.09,17.18,0.5,-20.2
uuxrEyho8Ig,original,stress_search/audio_repull/uuxrEyho8Ig.wav,happy christmas to all of you,spoken_explanation,,,,,,
uuxrEyho8Ig,rep_00,stress_search/clips_v3/uuxrEyho8Ig/rep_00.wav,happy christmas to all of you,spoken_explanation,True,refined,13.03,15.54,-13.7,-18.4
uuxrEyho8Ig,rep_01,stress_search/clips_v3/uuxrEyho8Ig/rep_01.wav,happy christmas to all of you,spoken_explanation,True,refined,18.35,21.56,-22.9,-27.9
uuxrEyho8Ig,rep_02,stress_search/clips_v3/uuxrEyho8Ig/rep_02.wav,happy christmas to all of you,spoken_explanation,True,refined,39.41,43.56,-30.4,-35.5
uuxrEyho8Ig,rep_03,stress_search/clips_v3/uuxrEyho8Ig/rep_03.wav,happy christmas to all of you,spoken_explanation,True,refined,82.89,85.78,-22.8,-23.8
uuxrEyho8Ig,rep_04,stress_search/clips_v3/uuxrEyho8Ig/rep_04.wav,happy christmas to all of you,spoken_explanation,True,refined,140.11,143.0,-21.1,-22.8
uuxrEyho8Ig,reps_only,stress_search/clips_v3/uuxrEyho8Ig/reps_only.wav,happy christmas to all of you,spoken_explanation,,,,,,
SWfP6kpruPQ,original,stress_search/audio_repull/SWfP6kpruPQ.wav,are peter and helen visiting us on friday,spoken_explanation,,,,,,
SWfP6kpruPQ,rep_00,stress_search/clips_v3/SWfP6kpruPQ/rep_00.wav,are peter and helen visiting us on friday,spoken_explanation,True,refined,10.03,13.78,-40.9,-33.9
SWfP6kpruPQ,rep_01,stress_search/clips_v3/SWfP6kpruPQ/rep_01.wav,are peter and helen visiting us on friday,spoken_explanation,True,refined,34.58,38.61,-53.3,-38.1
SWfP6kpruPQ,rep_02,stress_search/clips_v3/SWfP6kpruPQ/rep_02.wav,are peter and helen visiting us on friday,spoken_explanation,True,refined,42.12,45.41,-53.6,-9.6
SWfP6kpruPQ,rep_03,stress_search/clips_v3/SWfP6kpruPQ/rep_03.wav,are peter and helen visiting us on friday,spoken_explanation,True,refined,49.44,52.47,-54.3,-38.4
SWfP6kpruPQ,rep_04,stress_search/clips_v3/SWfP6kpruPQ/rep_04.wav,are peter and helen visiting us on friday,spoken_explanation,True,refined,62.42,66.07,-53.0,-35.9
SWfP6kpruPQ,reps_only,stress_search/clips_v3/SWfP6kpruPQ/reps_only.wav,are peter and helen visiting us on friday,spoken_explanation,,,,,,
_IOkGOwZMe0,original,stress_search/audio_repull/_IOkGOwZMe0.wav,i can't believe this can you,spoken_explanation,,,,,,
_IOkGOwZMe0,rep_00,stress_search/clips_v3/_IOkGOwZMe0/rep_00.wav,i can't believe this can you,spoken_explanation,True,refined,0.0,2.66,-12.4,-33.4
_IOkGOwZMe0,rep_01,stress_search/clips_v3/_IOkGOwZMe0/rep_01.wav,i can't believe this can you,spoken_explanation,True,refined,60.51,63.14,-3.5,-37.0
_IOkGOwZMe0,rep_02,stress_search/clips_v3/_IOkGOwZMe0/rep_02.wav,i can't believe this can you,spoken_explanation,True,refined,70.31,72.9,-35.3,-1.7
_IOkGOwZMe0,rep_03,stress_search/clips_v3/_IOkGOwZMe0/rep_03.wav,i can't believe this can you,spoken_explanation,True,refined,79.81,83.8,-8.0,-25.6
_IOkGOwZMe0,rep_04,stress_search/clips_v3/_IOkGOwZMe0/rep_04.wav,i can't believe this can you,spoken_explanation,True,refined,100.79,103.8,-35.1,-26.6
_IOkGOwZMe0,rep_05,stress_search/clips_v3/_IOkGOwZMe0/rep_05.wav,i can't believe this can you,spoken_explanation,True,refined,109.55,112.08,-37.8,-26.6
_IOkGOwZMe0,rep_06,stress_search/clips_v3/_IOkGOwZMe0/rep_06.wav,i can't believe this can you,spoken_explanation,True,refined,131.61,135.5,-23.6,-29.0
_IOkGOwZMe0,rep_07,stress_search/clips_v3/_IOkGOwZMe0/rep_07.wav,i can't believe this can you,spoken_explanation,True,refined,151.01,153.76,-41.9,-33.7
_IOkGOwZMe0,reps_only,stress_search/clips_v3/_IOkGOwZMe0/reps_only.wav,i can't believe this can you,spoken_explanation,,,,,,
9rbnSTRTF-Y,original,stress_search/audio_repull/9rbnSTRTF-Y.wav,we put stress on,spoken_explanation,,,,,,
9rbnSTRTF-Y,rep_00,stress_search/clips_v3/9rbnSTRTF-Y/rep_00.wav,we put stress on,spoken_explanation,True,refined,28.29,29.68,-50.3,-22.5
9rbnSTRTF-Y,rep_01,stress_search/clips_v3/9rbnSTRTF-Y/rep_01.wav,we put stress on,spoken_explanation,True,refined,59.13,61.18,-42.0,-42.9
9rbnSTRTF-Y,rep_02,stress_search/clips_v3/9rbnSTRTF-Y/rep_02.wav,we put stress on,spoken_explanation,True,refined,69.65,71.7,-63.3,-43.3
9rbnSTRTF-Y,rep_03,stress_search/clips_v3/9rbnSTRTF-Y/rep_03.wav,we put stress on,spoken_explanation,True,refined,75.21,77.94,-52.9,-21.3
9rbnSTRTF-Y,rep_04,stress_search/clips_v3/9rbnSTRTF-Y/rep_04.wav,we put stress on,spoken_explanation,False,rough,85.49,86.92,-59.5,-11.3
9rbnSTRTF-Y,rep_05,stress_search/clips_v3/9rbnSTRTF-Y/rep_05.wav,we put stress on,spoken_explanation,True,refined,151.41,154.36,-37.4,-34.0
9rbnSTRTF-Y,rep_06,stress_search/clips_v3/9rbnSTRTF-Y/rep_06.wav,we put stress on,spoken_explanation,True,refined,176.81,179.46,-29.9,-30.1
9rbnSTRTF-Y,rep_07,stress_search/clips_v3/9rbnSTRTF-Y/rep_07.wav,we put stress on,spoken_explanation,True,refined,193.81,196.94,-17.0,-0.5
9rbnSTRTF-Y,rep_08,stress_search/clips_v3/9rbnSTRTF-Y/rep_08.wav,we put stress on,spoken_explanation,True,refined,210.85,213.36,0.9,-41.5
9rbnSTRTF-Y,rep_09,stress_search/clips_v3/9rbnSTRTF-Y/rep_09.wav,we put stress on,spoken_explanation,True,refined,225.99,227.92,-44.4,-35.5
9rbnSTRTF-Y,rep_10,stress_search/clips_v3/9rbnSTRTF-Y/rep_10.wav,we put stress on,spoken_explanation,True,refined,289.35,291.14,-50.0,-1.3
9rbnSTRTF-Y,rep_11,stress_search/clips_v3/9rbnSTRTF-Y/rep_11.wav,we put stress on,spoken_explanation,True,refined,301.15,302.96,-54.3,0.1
9rbnSTRTF-Y,rep_12,stress_search/clips_v3/9rbnSTRTF-Y/rep_12.wav,we put stress on,spoken_explanation,True,refined,329.09,330.52,-62.6,-23.1
9rbnSTRTF-Y,rep_13,stress_search/clips_v3/9rbnSTRTF-Y/rep_13.wav,we put stress on,spoken_explanation,True,refined,339.65,341.0,-27.8,-14.7
9rbnSTRTF-Y,rep_14,stress_search/clips_v3/9rbnSTRTF-Y/rep_14.wav,we put stress on,spoken_explanation,True,refined,361.47,363.1,-18.8,-1.8
9rbnSTRTF-Y,reps_only,stress_search/clips_v3/9rbnSTRTF-Y/reps_only.wav,we put stress on,spoken_explanation,,,,,,
s8-cCpVFELI,original,stress_search/audio_repull/s8-cCpVFELI.wav,you just don't know what we've been through,spoken_explanation,,,,,,
s8-cCpVFELI,rep_00,stress_search/clips_v3/s8-cCpVFELI/rep_00.wav,you just don't know what we've been through,spoken_explanation,True,refined,64.79,67.28,-24.6,-30.4
s8-cCpVFELI,rep_01,stress_search/clips_v3/s8-cCpVFELI/rep_01.wav,you just don't know what we've been through,spoken_explanation,True,refined,98.95,104.48,-5.8,-35.8
s8-cCpVFELI,rep_02,stress_search/clips_v3/s8-cCpVFELI/rep_02.wav,you just don't know what we've been through,spoken_explanation,True,refined,104.67,109.02,-35.6,-36.2
s8-cCpVFELI,rep_03,stress_search/clips_v3/s8-cCpVFELI/rep_03.wav,you just don't know what we've been through,spoken_explanation,True,refined,108.95,113.7,-34.0,-33.6
s8-cCpVFELI,rep_04,stress_search/clips_v3/s8-cCpVFELI/rep_04.wav,you just don't know what we've been through,spoken_explanation,True,refined,118.43,122.5,-39.5,-37.9
s8-cCpVFELI,rep_05,stress_search/clips_v3/s8-cCpVFELI/rep_05.wav,you just don't know what we've been through,spoken_explanation,True,refined,127.25,131.38,-35.8,-34.3
s8-cCpVFELI,rep_06,stress_search/clips_v3/s8-cCpVFELI/rep_06.wav,you just don't know what we've been through,spoken_explanation,True,refined,174.63,177.48,-43.3,-38.2
s8-cCpVFELI,rep_07,stress_search/clips_v3/s8-cCpVFELI/rep_07.wav,you just don't know what we've been through,spoken_explanation,True,refined,177.59,180.48,-41.7,-38.8
s8-cCpVFELI,rep_08,stress_search/clips_v3/s8-cCpVFELI/rep_08.wav,you just don't know what we've been through,spoken_explanation,True,refined,180.45,183.56,-37.0,-36.1
s8-cCpVFELI,rep_09,stress_search/clips_v3/s8-cCpVFELI/rep_09.wav,you just don't know what we've been through,spoken_explanation,True,refined,187.49,190.78,-41.9,-40.0
s8-cCpVFELI,rep_10,stress_search/clips_v3/s8-cCpVFELI/rep_10.wav,you just don't know what we've been through,spoken_explanation,True,refined,194.99,198.42,-39.6,-35.5
s8-cCpVFELI,rep_11,stress_search/clips_v3/s8-cCpVFELI/rep_11.wav,you just don't know what we've been through,spoken_explanation,True,refined,199.87,202.66,-14.3,-33.4
s8-cCpVFELI,rep_12,stress_search/clips_v3/s8-cCpVFELI/rep_12.wav,you just don't know what we've been through,spoken_explanation,True,refined,230.65,234.42,-41.5,-43.2
s8-cCpVFELI,rep_13,stress_search/clips_v3/s8-cCpVFELI/rep_13.wav,you just don't know what we've been through,spoken_explanation,True,refined,237.93,242.58,-9.9,-34.8
s8-cCpVFELI,rep_14,stress_search/clips_v3/s8-cCpVFELI/rep_14.wav,you just don't know what we've been through,spoken_explanation,True,refined,246.99,251.02,-40.2,-38.5
s8-cCpVFELI,rep_15,stress_search/clips_v3/s8-cCpVFELI/rep_15.wav,you just don't know what we've been through,spoken_explanation,True,refined,255.17,258.9,-36.0,-33.7
s8-cCpVFELI,reps_only,stress_search/clips_v3/s8-cCpVFELI/reps_only.wav,you just don't know what we've been through,spoken_explanation,,,,,,
vVVB-35oeQE,original,stress_search/audio_repull/vVVB-35oeQE.wav,to be or not to be that is the question,spoken_explanation,,,,,,
vVVB-35oeQE,rep_00,stress_search/clips_v3/vVVB-35oeQE/rep_00.wav,to be or not to be that is the question,spoken_explanation,False,refined,0.0,7.28,-16.1,-1.3
vVVB-35oeQE,rep_01,stress_search/clips_v3/vVVB-35oeQE/rep_01.wav,to be or not to be that is the question,spoken_explanation,True,refined,31.91,34.68,-9.5,-6.7
vVVB-35oeQE,rep_02,stress_search/clips_v3/vVVB-35oeQE/rep_02.wav,to be or not to be that is the question,spoken_explanation,True,refined,50.13,55.26,-22.5,-3.5
vVVB-35oeQE,rep_03,stress_search/clips_v3/vVVB-35oeQE/rep_03.wav,to be or not to be that is the question,spoken_explanation,True,refined,62.71,66.04,-7.8,-2.0
vVVB-35oeQE,rep_04,stress_search/clips_v3/vVVB-35oeQE/rep_04.wav,to be or not to be that is the question,spoken_explanation,True,refined,92.53,95.66,-12.9,-17.8
vVVB-35oeQE,rep_05,stress_search/clips_v3/vVVB-35oeQE/rep_05.wav,to be or not to be that is the question,spoken_explanation,True,refined,129.93,134.22,-15.7,-12.2
vVVB-35oeQE,reps_only,stress_search/clips_v3/vVVB-35oeQE/reps_only.wav,to be or not to be that is the question,spoken_explanation,,,,,,
lQ9xUAe1UHA,original,stress_search/audio_repull/lQ9xUAe1UHA.wav,i like to go to the mall,spoken_explanation,,,,,,
lQ9xUAe1UHA,rep_00,stress_search/clips_v3/lQ9xUAe1UHA/rep_00.wav,i like to go to the mall,spoken_explanation,True,refined,88.46,90.87,-6.8,-48.5
lQ9xUAe1UHA,rep_01,stress_search/clips_v3/lQ9xUAe1UHA/rep_01.wav,i like to go to the mall,spoken_explanation,True,refined,93.64,95.79,-45.2,-59.2
lQ9xUAe1UHA,rep_02,stress_search/clips_v3/lQ9xUAe1UHA/rep_02.wav,i like to go to the mall,spoken_explanation,True,rough,95.16,98.4,3.8,-54.4
lQ9xUAe1UHA,rep_03,stress_search/clips_v3/lQ9xUAe1UHA/rep_03.wav,i like to go to the mall,spoken_explanation,True,refined,101.21,104.24,-7.3,-56.7
lQ9xUAe1UHA,rep_04,stress_search/clips_v3/lQ9xUAe1UHA/rep_04.wav,i like to go to the mall,spoken_explanation,True,refined,109.91,112.46,-55.2,-58.8
lQ9xUAe1UHA,rep_05,stress_search/clips_v3/lQ9xUAe1UHA/rep_05.wav,i like to go to the mall,spoken_explanation,True,refined,137.05,138.82,-34.7,-60.6
lQ9xUAe1UHA,reps_only,stress_search/clips_v3/lQ9xUAe1UHA/reps_only.wav,i like to go to the mall,spoken_explanation,,,,,,
1QR3zLzrqfI,original,stress_search/audio_repull/1QR3zLzrqfI.wav,she ordered a cake,spoken_explanation,,,,,,
1QR3zLzrqfI,rep_00,stress_search/clips_v3/1QR3zLzrqfI/rep_00.wav,she ordered a cake,spoken_explanation,False,rough,51.51,53.88,-0.4,-18.0
1QR3zLzrqfI,rep_01,stress_search/clips_v3/1QR3zLzrqfI/rep_01.wav,she ordered a cake,spoken_explanation,True,refined,60.85,62.46,-28.7,-28.2
1QR3zLzrqfI,rep_02,stress_search/clips_v3/1QR3zLzrqfI/rep_02.wav,she ordered a cake,spoken_explanation,True,refined,124.03,126.16,-2.0,-31.1
1QR3zLzrqfI,rep_03,stress_search/clips_v3/1QR3zLzrqfI/rep_03.wav,she ordered a cake,spoken_explanation,True,refined,135.49,138.56,-10.3,-14.1
1QR3zLzrqfI,rep_04,stress_search/clips_v3/1QR3zLzrqfI/rep_04.wav,she ordered a cake,spoken_explanation,True,refined,203.47,206.16,-13.3,-34.0
1QR3zLzrqfI,rep_05,stress_search/clips_v3/1QR3zLzrqfI/rep_05.wav,she ordered a cake,spoken_explanation,True,refined,210.49,213.08,-30.6,-26.1
1QR3zLzrqfI,rep_06,stress_search/clips_v3/1QR3zLzrqfI/rep_06.wav,she ordered a cake,spoken_explanation,True,refined,215.39,218.02,-43.2,-31.5
1QR3zLzrqfI,reps_only,stress_search/clips_v3/1QR3zLzrqfI/reps_only.wav,she ordered a cake,spoken_explanation,,,,,,
unOH-8kxLxA,original,stress_search/audio_repull/unOH-8kxLxA.wav,is this your pen,spoken_explanation,,,,,,
unOH-8kxLxA,rep_00,stress_search/clips_v3/unOH-8kxLxA/rep_00.wav,is this your pen,spoken_explanation,True,refined,103.87,106.42,-44.6,-40.0
unOH-8kxLxA,rep_01,stress_search/clips_v3/unOH-8kxLxA/rep_01.wav,is this your pen,spoken_explanation,True,refined,121.21,122.9,-42.2,-40.7
unOH-8kxLxA,rep_02,stress_search/clips_v3/unOH-8kxLxA/rep_02.wav,is this your pen,spoken_explanation,True,refined,134.53,137.18,-42.8,-31.9
unOH-8kxLxA,rep_03,stress_search/clips_v3/unOH-8kxLxA/rep_03.wav,is this your pen,spoken_explanation,True,refined,142.57,145.42,-40.9,-33.9
unOH-8kxLxA,rep_04,stress_search/clips_v3/unOH-8kxLxA/rep_04.wav,is this your pen,spoken_explanation,True,refined,150.21,153.12,-42.4,-36.6
unOH-8kxLxA,rep_05,stress_search/clips_v3/unOH-8kxLxA/rep_05.wav,is this your pen,spoken_explanation,True,refined,156.73,159.7,-42.1,-27.1
unOH-8kxLxA,reps_only,stress_search/clips_v3/unOH-8kxLxA/reps_only.wav,is this your pen,spoken_explanation,,,,,,
U30_A9xmFL8,original,stress_search/audio_repull/U30_A9xmFL8.wav,i never said you stole my money i,spoken_explanation,,,,,,
U30_A9xmFL8,rep_00,stress_search/clips_v3/U30_A9xmFL8/rep_00.wav,i never said you stole my money i,spoken_explanation,True,refined,57.41,61.16,-30.6,-7.7
U30_A9xmFL8,rep_01,stress_search/clips_v3/U30_A9xmFL8/rep_01.wav,i never said you stole my money i,spoken_explanation,True,refined,76.28,81.01,-21.8,-32.0
U30_A9xmFL8,rep_02,stress_search/clips_v3/U30_A9xmFL8/rep_02.wav,i never said you stole my money i,spoken_explanation,True,refined,92.25,95.12,-32.4,-33.7
U30_A9xmFL8,rep_03,stress_search/clips_v3/U30_A9xmFL8/rep_03.wav,i never said you stole my money i,spoken_explanation,True,refined,102.35,106.74,-14.4,-4.0
U30_A9xmFL8,rep_04,stress_search/clips_v3/U30_A9xmFL8/rep_04.wav,i never said you stole my money i,spoken_explanation,True,refined,118.56,121.87,-6.7,-32.5
U30_A9xmFL8,rep_05,stress_search/clips_v3/U30_A9xmFL8/rep_05.wav,i never said you stole my money i,spoken_explanation,True,refined,132.85,136.16,-37.4,-37.4
U30_A9xmFL8,rep_06,stress_search/clips_v3/U30_A9xmFL8/rep_06.wav,i never said you stole my money i,spoken_explanation,True,refined,141.37,143.5,-33.6,-16.4
U30_A9xmFL8,rep_07,stress_search/clips_v3/U30_A9xmFL8/rep_07.wav,i never said you stole my money i,spoken_explanation,True,refined,146.76,150.25,-42.6,-35.5
U30_A9xmFL8,rep_08,stress_search/clips_v3/U30_A9xmFL8/rep_08.wav,i never said you stole my money i,spoken_explanation,True,refined,156.03,158.36,-32.5,-31.1
U30_A9xmFL8,rep_09,stress_search/clips_v3/U30_A9xmFL8/rep_09.wav,i never said you stole my money i,spoken_explanation,True,refined,162.85,166.3,-36.0,-12.1
U30_A9xmFL8,rep_10,stress_search/clips_v3/U30_A9xmFL8/rep_10.wav,i never said you stole my money i,spoken_explanation,True,refined,174.89,178.12,-34.7,-18.6
U30_A9xmFL8,reps_only,stress_search/clips_v3/U30_A9xmFL8/reps_only.wav,i never said you stole my money i,spoken_explanation,,,,,,
H2naE8bAxeM,original,stress_search/audio_repull/H2naE8bAxeM.wav,the boy and the girl ran to school the boy and the girl ran to school,spoken_explanation,,,,,,
H2naE8bAxeM,rep_00,stress_search/clips_v3/H2naE8bAxeM/rep_00.wav,the boy and the girl ran to school the boy and the girl ran to school,spoken_explanation,True,refined,8.59,13.4,-57.0,-57.2
H2naE8bAxeM,rep_01,stress_search/clips_v3/H2naE8bAxeM/rep_01.wav,the boy and the girl ran to school the boy and the girl ran to school,spoken_explanation,True,refined,17.27,22.96,-49.9,-53.1
H2naE8bAxeM,rep_02,stress_search/clips_v3/H2naE8bAxeM/rep_02.wav,the boy and the girl ran to school the boy and the girl ran to school,spoken_explanation,True,refined,55.33,60.08,-6.1,-53.4
H2naE8bAxeM,rep_03,stress_search/clips_v3/H2naE8bAxeM/rep_03.wav,the boy and the girl ran to school the boy and the girl ran to school,spoken_explanation,True,refined,88.41,93.92,-53.4,-58.9
H2naE8bAxeM,rep_04,stress_search/clips_v3/H2naE8bAxeM/rep_04.wav,the boy and the girl ran to school the boy and the girl ran to school,spoken_explanation,True,refined,131.07,137.4,-2.8,-53.3
H2naE8bAxeM,reps_only,stress_search/clips_v3/H2naE8bAxeM/reps_only.wav,the boy and the girl ran to school the boy and the girl ran to school,spoken_explanation,,,,,,
O57QgP_o7QA,original,stress_search/audio_repull/O57QgP_o7QA.wav,the word home in the,spoken_explanation,,,,,,
O57QgP_o7QA,rep_00,stress_search/clips_v3/O57QgP_o7QA/rep_00.wav,the word home in the,spoken_explanation,True,refined,44.79,46.4,-3.4,-7.7
O57QgP_o7QA,rep_01,stress_search/clips_v3/O57QgP_o7QA/rep_01.wav,the word home in the,spoken_explanation,True,refined,51.45,52.5,-2.6,-20.2
O57QgP_o7QA,rep_02,stress_search/clips_v3/O57QgP_o7QA/rep_02.wav,the word home in the,spoken_explanation,True,refined,92.61,93.7,-19.0,-14.2
O57QgP_o7QA,rep_03,stress_search/clips_v3/O57QgP_o7QA/rep_03.wav,the word home in the,spoken_explanation,True,refined,98.43,100.74,-2.4,-2.0
O57QgP_o7QA,rep_04,stress_search/clips_v3/O57QgP_o7QA/rep_04.wav,the word home in the,spoken_explanation,True,refined,118.25,119.68,-37.3,-20.0
O57QgP_o7QA,rep_05,stress_search/clips_v3/O57QgP_o7QA/rep_05.wav,the word home in the,spoken_explanation,True,refined,122.63,123.6,-23.9,3.0
O57QgP_o7QA,rep_06,stress_search/clips_v3/O57QgP_o7QA/rep_06.wav,the word home in the,spoken_explanation,True,refined,156.81,159.24,2.2,-4.8
O57QgP_o7QA,reps_only,stress_search/clips_v3/O57QgP_o7QA/reps_only.wav,the word home in the,spoken_explanation,,,,,,
ECVS-AGRNQw,original,stress_search/audio_repull/ECVS-AGRNQw.wav,mr brown has a black hat,spoken_explanation,,,,,,
ECVS-AGRNQw,rep_00,stress_search/clips_v3/ECVS-AGRNQw/rep_00.wav,mr brown has a black hat,spoken_explanation,True,refined,26.95,29.22,-14.4,-26.8
ECVS-AGRNQw,rep_01,stress_search/clips_v3/ECVS-AGRNQw/rep_01.wav,mr brown has a black hat,spoken_explanation,True,refined,39.32,41.07,-13.4,-27.0
ECVS-AGRNQw,rep_02,stress_search/clips_v3/ECVS-AGRNQw/rep_02.wav,mr brown has a black hat,spoken_explanation,True,refined,56.99,59.08,-10.2,-29.3
ECVS-AGRNQw,rep_03,stress_search/clips_v3/ECVS-AGRNQw/rep_03.wav,mr brown has a black hat,spoken_explanation,True,refined,61.71,63.42,-33.5,-19.6
ECVS-AGRNQw,rep_04,stress_search/clips_v3/ECVS-AGRNQw/rep_04.wav,mr brown has a black hat,spoken_explanation,True,rough,67.71,69.87,-9.2,-5.9
ECVS-AGRNQw,rep_05,stress_search/clips_v3/ECVS-AGRNQw/rep_05.wav,mr brown has a black hat,spoken_explanation,True,refined,72.77,74.92,-2.4,-5.1
ECVS-AGRNQw,reps_only,stress_search/clips_v3/ECVS-AGRNQw/reps_only.wav,mr brown has a black hat,spoken_explanation,,,,,,
YT2TcLr6y7w,original,stress_search/audio_repull/YT2TcLr6y7w.wav,we must change now,spoken_explanation,,,,,,
YT2TcLr6y7w,rep_00,stress_search/clips_v3/YT2TcLr6y7w/rep_00.wav,we must change now,spoken_explanation,True,refined,12.05,13.38,-0.4,-5.4
YT2TcLr6y7w,rep_01,stress_search/clips_v3/YT2TcLr6y7w/rep_01.wav,we must change now,spoken_explanation,True,refined,25.35,29.4,-14.9,-56.2
YT2TcLr6y7w,rep_02,stress_search/clips_v3/YT2TcLr6y7w/rep_02.wav,we must change now,spoken_explanation,True,refined,33.91,38.18,-4.5,-53.4
YT2TcLr6y7w,rep_03,stress_search/clips_v3/YT2TcLr6y7w/rep_03.wav,we must change now,spoken_explanation,True,refined,40.89,45.02,-19.1,-58.7
YT2TcLr6y7w,rep_04,stress_search/clips_v3/YT2TcLr6y7w/rep_04.wav,we must change now,spoken_explanation,True,refined,49.15,51.18,-178.2,-5.2
YT2TcLr6y7w,reps_only,stress_search/clips_v3/YT2TcLr6y7w/reps_only.wav,we must change now,spoken_explanation,,,,,,
S5f0FKhPax0,original,stress_search/audio_repull/S5f0FKhPax0.wav,i want you to,spoken_explanation,,,,,,
S5f0FKhPax0,rep_00,stress_search/clips_v3/S5f0FKhPax0/rep_00.wav,i want you to,spoken_explanation,True,refined,57.51,58.16,-1.5,-29.3
S5f0FKhPax0,rep_01,stress_search/clips_v3/S5f0FKhPax0/rep_01.wav,i want you to,spoken_explanation,True,refined,106.99,108.38,-29.5,-7.0
S5f0FKhPax0,rep_02,stress_search/clips_v3/S5f0FKhPax0/rep_02.wav,i want you to,spoken_explanation,True,rough,107.81,108.84,-21.7,-10.5
S5f0FKhPax0,rep_03,stress_search/clips_v3/S5f0FKhPax0/rep_03.wav,i want you to,spoken_explanation,True,refined,112.59,113.38,-3.2,-1.0
S5f0FKhPax0,rep_04,stress_search/clips_v3/S5f0FKhPax0/rep_04.wav,i want you to,spoken_explanation,True,refined,130.29,131.34,-30.7,-7.2
S5f0FKhPax0,rep_05,stress_search/clips_v3/S5f0FKhPax0/rep_05.wav,i want you to,spoken_explanation,True,refined,142.33,143.14,-31.6,-3.0
S5f0FKhPax0,rep_06,stress_search/clips_v3/S5f0FKhPax0/rep_06.wav,i want you to,spoken_explanation,True,refined,144.99,146.24,-16.2,-1.7
S5f0FKhPax0,reps_only,stress_search/clips_v3/S5f0FKhPax0/reps_only.wav,i want you to,spoken_explanation,,,,,,
NBocin3yBT4,original,stress_search/audio_repull/NBocin3yBT4.wav,come here come here,spoken_explanation,,,,,,
NBocin3yBT4,rep_00,stress_search/clips_v3/NBocin3yBT4/rep_00.wav,come here come here,spoken_explanation,True,refined,42.47,45.98,-140.5,-47.2
NBocin3yBT4,rep_01,stress_search/clips_v3/NBocin3yBT4/rep_01.wav,come here come here,spoken_explanation,True,refined,64.88,70.39,-143.2,-48.8
NBocin3yBT4,rep_02,stress_search/clips_v3/NBocin3yBT4/rep_02.wav,come here come here,spoken_explanation,True,refined,97.06,99.11,-37.6,-47.4
NBocin3yBT4,rep_03,stress_search/clips_v3/NBocin3yBT4/rep_03.wav,come here come here,spoken_explanation,True,refined,101.36,103.67,-55.6,-48.9
NBocin3yBT4,rep_04,stress_search/clips_v3/NBocin3yBT4/rep_04.wav,come here come here,spoken_explanation,True,refined,133.68,135.43,-4.8,-52.7
NBocin3yBT4,reps_only,stress_search/clips_v3/NBocin3yBT4/reps_only.wav,come here come here,spoken_explanation,,,,,,
uc8AgRPyFe8,original,stress_search/audio_repull/uc8AgRPyFe8.wav,i have the word,spoken_explanation,,,,,,
uc8AgRPyFe8,rep_00,stress_search/clips_v3/uc8AgRPyFe8/rep_00.wav,i have the word,spoken_explanation,True,refined,54.69,55.84,-7.2,-14.2
uc8AgRPyFe8,rep_01,stress_search/clips_v3/uc8AgRPyFe8/rep_01.wav,i have the word,spoken_explanation,True,refined,68.99,70.2,-17.8,-11.7
uc8AgRPyFe8,rep_02,stress_search/clips_v3/uc8AgRPyFe8/rep_02.wav,i have the word,spoken_explanation,True,refined,97.45,98.58,-65.1,-40.6
uc8AgRPyFe8,rep_03,stress_search/clips_v3/uc8AgRPyFe8/rep_03.wav,i have the word,spoken_explanation,True,refined,115.87,117.1,-21.0,-22.4
uc8AgRPyFe8,rep_04,stress_search/clips_v3/uc8AgRPyFe8/rep_04.wav,i have the word,spoken_explanation,True,refined,171.95,173.0,-26.7,-21.2
uc8AgRPyFe8,rep_05,stress_search/clips_v3/uc8AgRPyFe8/rep_05.wav,i have the word,spoken_explanation,True,refined,202.99,204.2,-64.6,-49.7
uc8AgRPyFe8,reps_only,stress_search/clips_v3/uc8AgRPyFe8/reps_only.wav,i have the word,spoken_explanation,,,,,,
fhhV1N2XJtg,original,stress_search/audio_repull/fhhV1N2XJtg.wav,never said she stole my money if the,spoken_explanation,,,,,,
fhhV1N2XJtg,rep_00,stress_search/clips_v3/fhhV1N2XJtg/rep_00.wav,never said she stole my money if the,spoken_explanation,False,refined,54.97,58.82,-45.8,-9.4
fhhV1N2XJtg,rep_01,stress_search/clips_v3/fhhV1N2XJtg/rep_01.wav,never said she stole my money if the,spoken_explanation,False,refined,80.57,84.16,-75.2,-4.0
fhhV1N2XJtg,rep_02,stress_search/clips_v3/fhhV1N2XJtg/rep_02.wav,never said she stole my money if the,spoken_explanation,False,refined,106.95,110.36,-15.8,-13.6
fhhV1N2XJtg,rep_03,stress_search/clips_v3/fhhV1N2XJtg/rep_03.wav,never said she stole my money if the,spoken_explanation,False,refined,135.8,139.29,-73.9,-3.2
fhhV1N2XJtg,rep_04,stress_search/clips_v3/fhhV1N2XJtg/rep_04.wav,never said she stole my money if the,spoken_explanation,False,refined,162.24,165.55,-12.1,-17.0
fhhV1N2XJtg,rep_05,stress_search/clips_v3/fhhV1N2XJtg/rep_05.wav,never said she stole my money if the,spoken_explanation,False,refined,188.75,192.22,-17.8,-10.4
fhhV1N2XJtg,rep_06,stress_search/clips_v3/fhhV1N2XJtg/rep_06.wav,never said she stole my money if the,spoken_explanation,False,refined,219.08,222.39,-65.1,-3.8
fhhV1N2XJtg,reps_only,stress_search/clips_v3/fhhV1N2XJtg/reps_only.wav,never said she stole my money if the,spoken_explanation,,,,,,
_tsSPbAAKjc,original,stress_search/audio_repull/_tsSPbAAKjc.wav,i didn't say you stole my money i didn't say you stole my money number,spoken_explanation,,,,,,
_tsSPbAAKjc,rep_00,stress_search/clips_v3/_tsSPbAAKjc/rep_00.wav,i didn't say you stole my money i didn't say you stole my money number,spoken_explanation,True,refined,37.25,50.78,-51.9,-23.7
_tsSPbAAKjc,rep_01,stress_search/clips_v3/_tsSPbAAKjc/rep_01.wav,i didn't say you stole my money i didn't say you stole my money number,spoken_explanation,True,refined,51.85,60.14,-52.4,-51.1
_tsSPbAAKjc,rep_02,stress_search/clips_v3/_tsSPbAAKjc/rep_02.wav,i didn't say you stole my money i didn't say you stole my money number,spoken_explanation,True,refined,64.69,74.04,-42.5,-50.6
_tsSPbAAKjc,rep_03,stress_search/clips_v3/_tsSPbAAKjc/rep_03.wav,i didn't say you stole my money i didn't say you stole my money number,spoken_explanation,True,refined,93.07,106.02,-50.8,-29.5
_tsSPbAAKjc,rep_04,stress_search/clips_v3/_tsSPbAAKjc/rep_04.wav,i didn't say you stole my money i didn't say you stole my money number,spoken_explanation,True,refined,106.49,116.3,-48.4,-50.7
_tsSPbAAKjc,reps_only,stress_search/clips_v3/_tsSPbAAKjc/reps_only.wav,i didn't say you stole my money i didn't say you stole my money number,spoken_explanation,,,,,,
yJkfjF94YKA,original,stress_search/audio_repull/yJkfjF94YKA.wav,da da da da da da,spoken_explanation,,,,,,
yJkfjF94YKA,rep_00,stress_search/clips_v3/yJkfjF94YKA/rep_00.wav,da da da da da da,spoken_explanation,True,refined,105.17,109.0,-32.9,-9.5
yJkfjF94YKA,rep_01,stress_search/clips_v3/yJkfjF94YKA/rep_01.wav,da da da da da da,spoken_explanation,False,refined,108.61,112.98,-3.8,-31.1
yJkfjF94YKA,rep_02,stress_search/clips_v3/yJkfjF94YKA/rep_02.wav,da da da da da da,spoken_explanation,True,refined,176.83,179.84,-31.6,-29.3
yJkfjF94YKA,rep_03,stress_search/clips_v3/yJkfjF94YKA/rep_03.wav,da da da da da da,spoken_explanation,True,refined,207.59,210.68,-12.2,-11.0
yJkfjF94YKA,reps_only,stress_search/clips_v3/yJkfjF94YKA/reps_only.wav,da da da da da da,spoken_explanation,,,,,,
pGE2PZPqkyU,original,stress_search/audio_repull/pGE2PZPqkyU.wav,heads up heads down heads up heads down,no_explanation,,,,,,
pGE2PZPqkyU,rep_00,stress_search/clips_v3/pGE2PZPqkyU/rep_00.wav,heads up heads down heads up heads down,no_explanation,False,rough,39.69,45.48,-4.7,-37.6
pGE2PZPqkyU,rep_01,stress_search/clips_v3/pGE2PZPqkyU/rep_01.wav,heads up heads down heads up heads down,no_explanation,True,refined,48.39,54.26,-16.0,-30.4
pGE2PZPqkyU,rep_02,stress_search/clips_v3/pGE2PZPqkyU/rep_02.wav,heads up heads down heads up heads down,no_explanation,True,refined,54.49,61.76,-50.1,-31.0
pGE2PZPqkyU,rep_03,stress_search/clips_v3/pGE2PZPqkyU/rep_03.wav,heads up heads down heads up heads down,no_explanation,True,refined,61.75,67.5,-31.0,-32.5
pGE2PZPqkyU,rep_04,stress_search/clips_v3/pGE2PZPqkyU/rep_04.wav,heads up heads down heads up heads down,no_explanation,True,refined,67.73,77.3,-51.8,-29.1
pGE2PZPqkyU,rep_05,stress_search/clips_v3/pGE2PZPqkyU/rep_05.wav,heads up heads down heads up heads down,no_explanation,True,refined,78.61,86.92,-12.5,-16.3
196G8sHNdo4,original,stress_search/audio_repull/196G8sHNdo4.wav,purse a wolf stole your purse,spoken_explanation,,,,,,
196G8sHNdo4,rep_00,stress_search/clips_v3/196G8sHNdo4/rep_00.wav,purse a wolf stole your purse,spoken_explanation,True,refined,135.66,145.73,5.2,-13.1
196G8sHNdo4,rep_01,stress_search/clips_v3/196G8sHNdo4/rep_01.wav,purse a wolf stole your purse,spoken_explanation,True,refined,172.66,175.01,-0.3,-44.3
196G8sHNdo4,rep_02,stress_search/clips_v3/196G8sHNdo4/rep_02.wav,purse a wolf stole your purse,spoken_explanation,True,refined,175.18,177.57,-6.3,-52.5
196G8sHNdo4,rep_03,stress_search/clips_v3/196G8sHNdo4/rep_03.wav,purse a wolf stole your purse,spoken_explanation,True,refined,181.05,184.52,-23.6,-48.7
196G8sHNdo4,rep_04,stress_search/clips_v3/196G8sHNdo4/rep_04.wav,purse a wolf stole your purse,spoken_explanation,True,refined,189.32,192.53,-33.2,-18.7
196G8sHNdo4,rep_05,stress_search/clips_v3/196G8sHNdo4/rep_05.wav,purse a wolf stole your purse,spoken_explanation,True,refined,197.23,200.62,-17.7,-16.5
196G8sHNdo4,rep_06,stress_search/clips_v3/196G8sHNdo4/rep_06.wav,purse a wolf stole your purse,spoken_explanation,True,refined,200.63,208.26,-1.4,-15.0
196G8sHNdo4,rep_07,stress_search/clips_v3/196G8sHNdo4/rep_07.wav,purse a wolf stole your purse,spoken_explanation,True,refined,208.96,212.25,-163.6,-48.4
196G8sHNdo4,rep_08,stress_search/clips_v3/196G8sHNdo4/rep_08.wav,purse a wolf stole your purse,spoken_explanation,True,refined,213.49,217.14,-160.0,-20.3
196G8sHNdo4,reps_only,stress_search/clips_v3/196G8sHNdo4/reps_only.wav,purse a wolf stole your purse,spoken_explanation,,,,,,
eYot_tpDj14,original,stress_search/audio_repull/eYot_tpDj14.wav,exam the teacher didn't grade your,spoken_explanation,,,,,,
eYot_tpDj14,rep_00,stress_search/clips_v3/eYot_tpDj14/rep_00.wav,exam the teacher didn't grade your,spoken_explanation,True,refined,64.4,66.89,-3.1,-14.8
eYot_tpDj14,rep_01,stress_search/clips_v3/eYot_tpDj14/rep_01.wav,exam the teacher didn't grade your,spoken_explanation,True,rough,94.74,97.59,-4.9,-5.7
eYot_tpDj14,rep_02,stress_search/clips_v3/eYot_tpDj14/rep_02.wav,exam the teacher didn't grade your,spoken_explanation,False,refined,98.39,100.36,-46.8,-15.7
eYot_tpDj14,rep_03,stress_search/clips_v3/eYot_tpDj14/rep_03.wav,exam the teacher didn't grade your,spoken_explanation,False,refined,101.36,103.03,-50.7,-12.9
eYot_tpDj14,rep_04,stress_search/clips_v3/eYot_tpDj14/rep_04.wav,exam the teacher didn't grade your,spoken_explanation,True,rough,126.15,130.29,-11.2,-7.5
eYot_tpDj14,rep_05,stress_search/clips_v3/eYot_tpDj14/rep_05.wav,exam the teacher didn't grade your,spoken_explanation,False,refined,145.38,147.65,-3.0,-20.1
eYot_tpDj14,rep_06,stress_search/clips_v3/eYot_tpDj14/rep_06.wav,exam the teacher didn't grade your,spoken_explanation,True,refined,147.41,150.36,-11.4,-27.4
eYot_tpDj14,rep_07,stress_search/clips_v3/eYot_tpDj14/rep_07.wav,exam the teacher didn't grade your,spoken_explanation,True,refined,268.5,273.43,-6.1,-17.4
eYot_tpDj14,rep_08,stress_search/clips_v3/eYot_tpDj14/rep_08.wav,exam the teacher didn't grade your,spoken_explanation,False,refined,315.37,318.12,-9.0,-12.1
eYot_tpDj14,reps_only,stress_search/clips_v3/eYot_tpDj14/reps_only.wav,exam the teacher didn't grade your,spoken_explanation,,,,,,
8dHDFirZVZY,original,stress_search/audio_repull/8dHDFirZVZY.wav,i didn't give her the pink flowers i didn't give her the pink flowers,spoken_explanation,,,,,,
8dHDFirZVZY,rep_00,stress_search/clips_v3/8dHDFirZVZY/rep_00.wav,i didn't give her the pink flowers i didn't give her the pink flowers,spoken_explanation,True,refined,53.79,60.24,-48.9,-37.4
8dHDFirZVZY,rep_01,stress_search/clips_v3/8dHDFirZVZY/rep_01.wav,i didn't give her the pink flowers i didn't give her the pink flowers,spoken_explanation,True,refined,69.17,75.78,-49.2,-51.4
8dHDFirZVZY,rep_02,stress_search/clips_v3/8dHDFirZVZY/rep_02.wav,i didn't give her the pink flowers i didn't give her the pink flowers,spoken_explanation,True,refined,79.79,85.68,-54.7,-46.4
8dHDFirZVZY,rep_03,stress_search/clips_v3/8dHDFirZVZY/rep_03.wav,i didn't give her the pink flowers i didn't give her the pink flowers,spoken_explanation,True,refined,90.91,96.14,-55.3,-16.1
8dHDFirZVZY,reps_only,stress_search/clips_v3/8dHDFirZVZY/reps_only.wav,i didn't give her the pink flowers i didn't give her the pink flowers,spoken_explanation,,,,,,
68TlhbC_7ns,original,stress_search/audio_repull/68TlhbC_7ns.wav,i did not say she carried her dog,spoken_explanation,,,,,,
68TlhbC_7ns,rep_00,stress_search/clips_v3/68TlhbC_7ns/rep_00.wav,i did not say she carried her dog,spoken_explanation,True,refined,0.0,2.42,-55.2,-45.4
68TlhbC_7ns,rep_01,stress_search/clips_v3/68TlhbC_7ns/rep_01.wav,i did not say she carried her dog,spoken_explanation,True,refined,6.47,9.48,-47.9,-46.5
68TlhbC_7ns,rep_02,stress_search/clips_v3/68TlhbC_7ns/rep_02.wav,i did not say she carried her dog,spoken_explanation,True,refined,10.71,13.38,-46.8,-45.8
68TlhbC_7ns,rep_03,stress_search/clips_v3/68TlhbC_7ns/rep_03.wav,i did not say she carried her dog,spoken_explanation,True,refined,14.81,17.34,-40.8,-35.4
68TlhbC_7ns,rep_04,stress_search/clips_v3/68TlhbC_7ns/rep_04.wav,i did not say she carried her dog,spoken_explanation,True,refined,19.09,21.54,-48.3,-30.6
68TlhbC_7ns,rep_05,stress_search/clips_v3/68TlhbC_7ns/rep_05.wav,i did not say she carried her dog,spoken_explanation,True,refined,23.45,25.68,-51.3,-45.2
68TlhbC_7ns,reps_only,stress_search/clips_v3/68TlhbC_7ns/reps_only.wav,i did not say she carried her dog,spoken_explanation,,,,,,
-Usf78IP0yA,original,stress_search/audio_repull/-Usf78IP0yA.wav,why would jerry bring anything,spoken_explanation,,,,,,
-Usf78IP0yA,rep_00,stress_search/clips_v3/-Usf78IP0yA/rep_00.wav,why would jerry bring anything,spoken_explanation,True,refined,77.15,80.26,-6.6,-20.4
-Usf78IP0yA,rep_01,stress_search/clips_v3/-Usf78IP0yA/rep_01.wav,why would jerry bring anything,spoken_explanation,True,refined,95.31,97.68,-18.5,-21.6
-Usf78IP0yA,rep_02,stress_search/clips_v3/-Usf78IP0yA/rep_02.wav,why would jerry bring anything,spoken_explanation,True,refined,103.19,106.14,-21.0,-24.2
-Usf78IP0yA,rep_03,stress_search/clips_v3/-Usf78IP0yA/rep_03.wav,why would jerry bring anything,spoken_explanation,True,refined,127.79,129.58,-15.6,-24.2
-Usf78IP0yA,rep_04,stress_search/clips_v3/-Usf78IP0yA/rep_04.wav,why would jerry bring anything,spoken_explanation,True,refined,133.19,135.98,2.0,-25.3
-Usf78IP0yA,rep_05,stress_search/clips_v3/-Usf78IP0yA/rep_05.wav,why would jerry bring anything,spoken_explanation,True,refined,137.05,138.7,-31.7,-31.4
-Usf78IP0yA,reps_only,stress_search/clips_v3/-Usf78IP0yA/reps_only.wav,why would jerry bring anything,spoken_explanation,,,,,,
RcGkHrPSzDc,original,stress_search/audio_repull/RcGkHrPSzDc.wav,to have an uncomfortable conversation with you,spoken_explanation,,,,,,
RcGkHrPSzDc,rep_00,stress_search/clips_v3/RcGkHrPSzDc/rep_00.wav,to have an uncomfortable conversation with you,spoken_explanation,True,refined,75.33,78.58,-14.1,-31.6
RcGkHrPSzDc,rep_01,stress_search/clips_v3/RcGkHrPSzDc/rep_01.wav,to have an uncomfortable conversation with you,spoken_explanation,True,refined,97.27,99.56,2.9,-31.5
RcGkHrPSzDc,rep_02,stress_search/clips_v3/RcGkHrPSzDc/rep_02.wav,to have an uncomfortable conversation with you,spoken_explanation,True,refined,144.77,147.38,-10.2,-27.9
RcGkHrPSzDc,rep_03,stress_search/clips_v3/RcGkHrPSzDc/rep_03.wav,to have an uncomfortable conversation with you,spoken_explanation,True,refined,216.81,218.92,-17.8,-25.4
RcGkHrPSzDc,reps_only,stress_search/clips_v3/RcGkHrPSzDc/reps_only.wav,to have an uncomfortable conversation with you,spoken_explanation,,,,,,
k8k_rNTDjJM,original,stress_search/audio_repull/k8k_rNTDjJM.wav,who then turned out 15 years later to be,spoken_explanation,,,,,,
k8k_rNTDjJM,rep_00,stress_search/clips_v3/k8k_rNTDjJM/rep_00.wav,who then turned out 15 years later to be,spoken_explanation,True,refined,195.21,196.96,-7.2,-1.7
k8k_rNTDjJM,rep_01,stress_search/clips_v3/k8k_rNTDjJM/rep_01.wav,who then turned out 15 years later to be,spoken_explanation,True,refined,214.6,217.05,-5.4,-16.2
k8k_rNTDjJM,rep_02,stress_search/clips_v3/k8k_rNTDjJM/rep_02.wav,who then turned out 15 years later to be,spoken_explanation,True,refined,230.55,233.44,-9.7,-8.4
k8k_rNTDjJM,rep_03,stress_search/clips_v3/k8k_rNTDjJM/rep_03.wav,who then turned out 15 years later to be,spoken_explanation,True,refined,279.25,282.14,-1.8,-8.8
k8k_rNTDjJM,rep_04,stress_search/clips_v3/k8k_rNTDjJM/rep_04.wav,who then turned out 15 years later to be,spoken_explanation,True,refined,294.04,296.51,1.1,-6.2
k8k_rNTDjJM,reps_only,stress_search/clips_v3/k8k_rNTDjJM/reps_only.wav,who then turned out 15 years later to be,spoken_explanation,,,,,,
mwKuYpjeDdM,original,stress_search/audio_repull/mwKuYpjeDdM.wav,move the adverb to the,spoken_explanation,,,,,,
mwKuYpjeDdM,rep_00,stress_search/clips_v3/mwKuYpjeDdM/rep_00.wav,move the adverb to the,spoken_explanation,True,refined,10.79,12.58,-11.3,-2.5
mwKuYpjeDdM,rep_01,stress_search/clips_v3/mwKuYpjeDdM/rep_01.wav,move the adverb to the,spoken_explanation,True,refined,25.49,28.96,-21.4,-11.6
mwKuYpjeDdM,rep_02,stress_search/clips_v3/mwKuYpjeDdM/rep_02.wav,move the adverb to the,spoken_explanation,True,refined,47.87,49.86,-26.5,-28.2
mwKuYpjeDdM,rep_03,stress_search/clips_v3/mwKuYpjeDdM/rep_03.wav,move the adverb to the,spoken_explanation,True,refined,71.07,74.2,-30.9,-17.9
mwKuYpjeDdM,rep_04,stress_search/clips_v3/mwKuYpjeDdM/rep_04.wav,move the adverb to the,spoken_explanation,True,refined,94.61,96.78,-31.4,-6.1
mwKuYpjeDdM,rep_05,stress_search/clips_v3/mwKuYpjeDdM/rep_05.wav,move the adverb to the,spoken_explanation,True,refined,117.55,119.58,-30.9,-8.1
mwKuYpjeDdM,rep_06,stress_search/clips_v3/mwKuYpjeDdM/rep_06.wav,move the adverb to the,spoken_explanation,True,refined,141.71,143.44,-37.5,-3.2
mwKuYpjeDdM,reps_only,stress_search/clips_v3/mwKuYpjeDdM/reps_only.wav,move the adverb to the,spoken_explanation,,,,,,
sBaqJO0t5Z8,original,stress_search/audio_repull/sBaqJO0t5Z8.wav,this is the last time i do this with you,no_explanation,,,,,,
sBaqJO0t5Z8,rep_00,stress_search/clips_v3/sBaqJO0t5Z8/rep_00.wav,this is the last time i do this with you,no_explanation,True,refined,10.13,13.74,-40.1,-36.6
sBaqJO0t5Z8,rep_01,stress_search/clips_v3/sBaqJO0t5Z8/rep_01.wav,this is the last time i do this with you,no_explanation,True,refined,28.69,32.34,-33.7,-43.1
sBaqJO0t5Z8,rep_02,stress_search/clips_v3/sBaqJO0t5Z8/rep_02.wav,this is the last time i do this with you,no_explanation,True,refined,48.87,51.48,-38.1,-39.7
sBaqJO0t5Z8,rep_03,stress_search/clips_v3/sBaqJO0t5Z8/rep_03.wav,this is the last time i do this with you,no_explanation,True,refined,76.49,81.04,-37.0,-28.7
cciUi_bQ49k,original,stress_search/audio_repull/cciUi_bQ49k.wav,didn't watch a horror film at the cinema last night,spoken_explanation,,,,,,
cciUi_bQ49k,rep_00,stress_search/clips_v3/cciUi_bQ49k/rep_00.wav,didn't watch a horror film at the cinema last night,spoken_explanation,True,refined,171.81,175.96,-0.4,-14.7
cciUi_bQ49k,rep_01,stress_search/clips_v3/cciUi_bQ49k/rep_01.wav,didn't watch a horror film at the cinema last night,spoken_explanation,True,refined,182.13,185.94,-13.2,-14.5
cciUi_bQ49k,rep_02,stress_search/clips_v3/cciUi_bQ49k/rep_02.wav,didn't watch a horror film at the cinema last night,spoken_explanation,True,refined,192.05,196.12,-4.5,-13.0
cciUi_bQ49k,rep_03,stress_search/clips_v3/cciUi_bQ49k/rep_03.wav,didn't watch a horror film at the cinema last night,spoken_explanation,True,refined,202.22,206.23,0.4,-14.3
cciUi_bQ49k,reps_only,stress_search/clips_v3/cciUi_bQ49k/reps_only.wav,didn't watch a horror film at the cinema last night,spoken_explanation,,,,,,
re76rPbBrb4,original,stress_search/audio_repull/re76rPbBrb4.wav,i said he didn't steal the money from the bank,spoken_explanation,,,,,,
re76rPbBrb4,rep_00,stress_search/clips_v3/re76rPbBrb4/rep_00.wav,i said he didn't steal the money from the bank,spoken_explanation,True,refined,47.67,50.68,-77.6,-84.6
re76rPbBrb4,rep_01,stress_search/clips_v3/re76rPbBrb4/rep_01.wav,i said he didn't steal the money from the bank,spoken_explanation,True,refined,57.37,60.56,-55.7,-77.3
re76rPbBrb4,rep_02,stress_search/clips_v3/re76rPbBrb4/rep_02.wav,i said he didn't steal the money from the bank,spoken_explanation,True,refined,61.89,64.8,-76.1,-78.8
re76rPbBrb4,rep_03,stress_search/clips_v3/re76rPbBrb4/rep_03.wav,i said he didn't steal the money from the bank,spoken_explanation,True,refined,66.37,69.46,-40.8,-43.3
re76rPbBrb4,reps_only,stress_search/clips_v3/re76rPbBrb4/reps_only.wav,i said he didn't steal the money from the bank,spoken_explanation,,,,,,
YtJCvr7G1bY,original,stress_search/audio_repull/YtJCvr7G1bY.wav,i didn't say he stole the money,spoken_explanation,,,,,,
YtJCvr7G1bY,rep_00,stress_search/clips_v3/YtJCvr7G1bY/rep_00.wav,i didn't say he stole the money,spoken_explanation,True,refined,198.33,201.58,-24.2,-52.7
YtJCvr7G1bY,rep_01,stress_search/clips_v3/YtJCvr7G1bY/rep_01.wav,i didn't say he stole the money,spoken_explanation,True,refined,205.83,208.4,-56.3,-54.4
YtJCvr7G1bY,rep_02,stress_search/clips_v3/YtJCvr7G1bY/rep_02.wav,i didn't say he stole the money,spoken_explanation,True,refined,213.67,217.1,-62.2,-58.1
YtJCvr7G1bY,rep_03,stress_search/clips_v3/YtJCvr7G1bY/rep_03.wav,i didn't say he stole the money,spoken_explanation,True,refined,221.21,224.46,-53.5,-48.5
YtJCvr7G1bY,reps_only,stress_search/clips_v3/YtJCvr7G1bY/reps_only.wav,i didn't say he stole the money,spoken_explanation,,,,,,
FLhV7Ovaza0,original,stress_search/audio_repull/FLhV7Ovaza0.wav,go on a treasure hunt,spoken_explanation,,,,,,
FLhV7Ovaza0,rep_00,stress_search/clips_v3/FLhV7Ovaza0/rep_00.wav,go on a treasure hunt,spoken_explanation,True,refined,59.01,60.3,-2.8,-37.6
FLhV7Ovaza0,rep_01,stress_search/clips_v3/FLhV7Ovaza0/rep_01.wav,go on a treasure hunt,spoken_explanation,True,refined,80.35,81.6,-10.0,-32.4
FLhV7Ovaza0,rep_02,stress_search/clips_v3/FLhV7Ovaza0/rep_02.wav,go on a treasure hunt,spoken_explanation,True,refined,92.57,93.64,-5.8,-35.1
FLhV7Ovaza0,rep_03,stress_search/clips_v3/FLhV7Ovaza0/rep_03.wav,go on a treasure hunt,spoken_explanation,True,refined,121.33,122.56,-2.7,-4.2
FLhV7Ovaza0,reps_only,stress_search/clips_v3/FLhV7Ovaza0/reps_only.wav,go on a treasure hunt,spoken_explanation,,,,,,
m0SstuhI79A,original,stress_search/audio_repull/m0SstuhI79A.wav,say those three words,spoken_explanation,,,,,,
m0SstuhI79A,rep_00,stress_search/clips_v3/m0SstuhI79A/rep_00.wav,say those three words,spoken_explanation,True,refined,36.53,38.02,1.4,-22.8
m0SstuhI79A,rep_01,stress_search/clips_v3/m0SstuhI79A/rep_01.wav,say those three words,spoken_explanation,True,rough,36.73,38.05,-0.3,-22.8
m0SstuhI79A,rep_02,stress_search/clips_v3/m0SstuhI79A/rep_02.wav,say those three words,spoken_explanation,True,refined,51.22,52.69,-0.1,-21.0
m0SstuhI79A,rep_03,stress_search/clips_v3/m0SstuhI79A/rep_03.wav,say those three words,spoken_explanation,True,refined,70.35,71.88,-17.6,-13.8
m0SstuhI79A,rep_04,stress_search/clips_v3/m0SstuhI79A/rep_04.wav,say those three words,spoken_explanation,True,refined,73.16,74.31,-7.0,-11.2
m0SstuhI79A,rep_05,stress_search/clips_v3/m0SstuhI79A/rep_05.wav,say those three words,spoken_explanation,True,refined,90.92,92.41,-6.3,-21.5
m0SstuhI79A,reps_only,stress_search/clips_v3/m0SstuhI79A/reps_only.wav,say those three words,spoken_explanation,,,,,,
31kPZRHD6CI,original,stress_search/audio_repull/31kPZRHD6CI.wav,the end of words,spoken_explanation,,,,,,
31kPZRHD6CI,rep_00,stress_search/clips_v3/31kPZRHD6CI/rep_00.wav,the end of words,spoken_explanation,True,refined,59.96,61.05,-9.9,-23.3
31kPZRHD6CI,rep_01,stress_search/clips_v3/31kPZRHD6CI/rep_01.wav,the end of words,spoken_explanation,True,refined,71.24,72.59,-3.5,-32.0
31kPZRHD6CI,rep_02,stress_search/clips_v3/31kPZRHD6CI/rep_02.wav,the end of words,spoken_explanation,True,refined,73.04,74.75,-39.9,-21.5
31kPZRHD6CI,rep_03,stress_search/clips_v3/31kPZRHD6CI/rep_03.wav,the end of words,spoken_explanation,True,refined,100.06,102.29,-15.5,-39.0
31kPZRHD6CI,rep_04,stress_search/clips_v3/31kPZRHD6CI/rep_04.wav,the end of words,spoken_explanation,True,refined,153.31,154.58,-1.6,-37.1
31kPZRHD6CI,reps_only,stress_search/clips_v3/31kPZRHD6CI/reps_only.wav,the end of words,spoken_explanation,,,,,,
uRdFtrv2yGA,original,stress_search/audio_repull/uRdFtrv2yGA.wav,do daily deeds diligently,spoken_explanation,,,,,,
uRdFtrv2yGA,rep_00,stress_search/clips_v3/uRdFtrv2yGA/rep_00.wav,do daily deeds diligently,spoken_explanation,True,refined,212.71,214.46,-30.9,-31.4
uRdFtrv2yGA,rep_01,stress_search/clips_v3/uRdFtrv2yGA/rep_01.wav,do daily deeds diligently,spoken_explanation,False,refined,214.55,216.66,-32.9,-2.2
uRdFtrv2yGA,rep_02,stress_search/clips_v3/uRdFtrv2yGA/rep_02.wav,do daily deeds diligently,spoken_explanation,True,refined,218.59,220.9,-4.6,-25.0
uRdFtrv2yGA,rep_03,stress_search/clips_v3/uRdFtrv2yGA/rep_03.wav,do daily deeds diligently,spoken_explanation,True,refined,220.69,222.84,-13.8,-32.9
uRdFtrv2yGA,rep_04,stress_search/clips_v3/uRdFtrv2yGA/rep_04.wav,do daily deeds diligently,spoken_explanation,True,refined,222.97,225.18,-31.6,-26.2
uRdFtrv2yGA,rep_05,stress_search/clips_v3/uRdFtrv2yGA/rep_05.wav,do daily deeds diligently,spoken_explanation,False,refined,230.07,231.68,-41.0,-16.7
uRdFtrv2yGA,rep_06,stress_search/clips_v3/uRdFtrv2yGA/rep_06.wav,do daily deeds diligently,spoken_explanation,True,rough,231.69,233.24,-11.9,-6.9
uRdFtrv2yGA,rep_07,stress_search/clips_v3/uRdFtrv2yGA/rep_07.wav,do daily deeds diligently,spoken_explanation,False,rough,233.21,234.84,-9.5,3.8
uRdFtrv2yGA,reps_only,stress_search/clips_v3/uRdFtrv2yGA/reps_only.wav,do daily deeds diligently,spoken_explanation,,,,,,
cDZ-aioOJF0,original,stress_search/audio_repull/cDZ-aioOJF0.wav,word of the week,spoken_explanation,,,,,,
cDZ-aioOJF0,rep_00,stress_search/clips_v3/cDZ-aioOJF0/rep_00.wav,word of the week,spoken_explanation,True,refined,37.89,39.8,-5.4,-20.2
cDZ-aioOJF0,rep_01,stress_search/clips_v3/cDZ-aioOJF0/rep_01.wav,word of the week,spoken_explanation,True,refined,47.45,48.56,-15.3,-17.8
cDZ-aioOJF0,rep_02,stress_search/clips_v3/cDZ-aioOJF0/rep_02.wav,word of the week,spoken_explanation,True,refined,64.79,65.92,-3.5,-35.7
cDZ-aioOJF0,rep_03,stress_search/clips_v3/cDZ-aioOJF0/rep_03.wav,word of the week,spoken_explanation,True,refined,285.93,286.7,-2.6,-14.4
cDZ-aioOJF0,rep_04,stress_search/clips_v3/cDZ-aioOJF0/rep_04.wav,word of the week,spoken_explanation,True,refined,294.35,295.6,-43.7,-29.0
cDZ-aioOJF0,rep_05,stress_search/clips_v3/cDZ-aioOJF0/rep_05.wav,word of the week,spoken_explanation,True,refined,300.15,301.18,-1.8,-19.2
cDZ-aioOJF0,reps_only,stress_search/clips_v3/cDZ-aioOJF0/reps_only.wav,word of the week,spoken_explanation,,,,,,
yEf0Fko0gxY,original,stress_search/audio_repull/yEf0Fko0gxY.wav,i gave it to her,spoken_explanation,,,,,,
yEf0Fko0gxY,rep_00,stress_search/clips_v3/yEf0Fko0gxY/rep_00.wav,i gave it to her,spoken_explanation,True,refined,84.86,86.15,-17.7,-45.0
yEf0Fko0gxY,rep_01,stress_search/clips_v3/yEf0Fko0gxY/rep_01.wav,i gave it to her,spoken_explanation,True,refined,86.69,88.22,-31.5,-45.3
yEf0Fko0gxY,rep_02,stress_search/clips_v3/yEf0Fko0gxY/rep_02.wav,i gave it to her,spoken_explanation,True,refined,102.72,104.03,-17.0,-44.0
yEf0Fko0gxY,rep_03,stress_search/clips_v3/yEf0Fko0gxY/rep_03.wav,i gave it to her,spoken_explanation,True,refined,104.84,105.91,1.6,-47.1
yEf0Fko0gxY,rep_04,stress_search/clips_v3/yEf0Fko0gxY/rep_04.wav,i gave it to her,spoken_explanation,True,refined,113.72,115.39,-9.2,-34.3
yEf0Fko0gxY,reps_only,stress_search/clips_v3/yEf0Fko0gxY/reps_only.wav,i gave it to her,spoken_explanation,,,,,,
W1_IRU6zx9g,original,stress_search/audio_repull/W1_IRU6zx9g.wav,doing the verbs action,spoken_explanation,,,,,,
W1_IRU6zx9g,rep_00,stress_search/clips_v3/W1_IRU6zx9g/rep_00.wav,doing the verbs action,spoken_explanation,True,refined,14.85,16.34,-3.6,-11.5
W1_IRU6zx9g,rep_01,stress_search/clips_v3/W1_IRU6zx9g/rep_01.wav,doing the verbs action,spoken_explanation,True,refined,116.11,117.88,0.1,-45.5
W1_IRU6zx9g,rep_02,stress_search/clips_v3/W1_IRU6zx9g/rep_02.wav,doing the verbs action,spoken_explanation,True,refined,136.25,138.18,-19.5,-49.9
W1_IRU6zx9g,rep_03,stress_search/clips_v3/W1_IRU6zx9g/rep_03.wav,doing the verbs action,spoken_explanation,True,refined,172.94,174.55,-11.5,-47.0
W1_IRU6zx9g,rep_04,stress_search/clips_v3/W1_IRU6zx9g/rep_04.wav,doing the verbs action,spoken_explanation,True,refined,208.8,210.41,-15.5,-24.9
W1_IRU6zx9g,reps_only,stress_search/clips_v3/W1_IRU6zx9g/reps_only.wav,doing the verbs action,spoken_explanation,,,,,,
2jCAlyNj0Mk,original,stress_search/audio_repull/2jCAlyNj0Mk.wav,in the y direction,spoken_explanation,,,,,,
2jCAlyNj0Mk,rep_00,stress_search/clips_v3/2jCAlyNj0Mk/rep_00.wav,in the y direction,spoken_explanation,True,refined,58.85,60.38,-7.8,-41.3
2jCAlyNj0Mk,rep_01,stress_search/clips_v3/2jCAlyNj0Mk/rep_01.wav,in the y direction,spoken_explanation,True,refined,76.79,78.38,-14.4,-62.2
2jCAlyNj0Mk,rep_02,stress_search/clips_v3/2jCAlyNj0Mk/rep_02.wav,in the y direction,spoken_explanation,True,refined,124.39,127.06,-1.3,-43.2
2jCAlyNj0Mk,rep_03,stress_search/clips_v3/2jCAlyNj0Mk/rep_03.wav,in the y direction,spoken_explanation,True,refined,195.61,197.12,-10.6,-52.0
2jCAlyNj0Mk,rep_04,stress_search/clips_v3/2jCAlyNj0Mk/rep_04.wav,in the y direction,spoken_explanation,True,refined,198.13,199.58,-0.1,-13.8
2jCAlyNj0Mk,rep_05,stress_search/clips_v3/2jCAlyNj0Mk/rep_05.wav,in the y direction,spoken_explanation,True,refined,215.13,216.12,-16.9,-16.0
2jCAlyNj0Mk,rep_06,stress_search/clips_v3/2jCAlyNj0Mk/rep_06.wav,in the y direction,spoken_explanation,True,refined,230.17,232.14,-11.2,-39.8
2jCAlyNj0Mk,rep_07,stress_search/clips_v3/2jCAlyNj0Mk/rep_07.wav,in the y direction,spoken_explanation,True,refined,234.05,235.12,-5.6,-16.5
2jCAlyNj0Mk,rep_08,stress_search/clips_v3/2jCAlyNj0Mk/rep_08.wav,in the y direction,spoken_explanation,True,refined,286.61,287.94,-12.7,-11.3
2jCAlyNj0Mk,rep_09,stress_search/clips_v3/2jCAlyNj0Mk/rep_09.wav,in the y direction,spoken_explanation,True,refined,291.21,292.74,-7.2,-46.4
2jCAlyNj0Mk,reps_only,stress_search/clips_v3/2jCAlyNj0Mk/reps_only.wav,in the y direction,spoken_explanation,,,,,,
uuRSmPcmuC8,original,stress_search/audio_repull/uuRSmPcmuC8.wav,john will drive to work tomorrow,spoken_explanation,,,,,,
uuRSmPcmuC8,rep_00,stress_search/clips_v3/uuRSmPcmuC8/rep_00.wav,john will drive to work tomorrow,spoken_explanation,True,refined,63.15,65.54,-22.6,-20.6
uuRSmPcmuC8,rep_01,stress_search/clips_v3/uuRSmPcmuC8/rep_01.wav,john will drive to work tomorrow,spoken_explanation,True,refined,74.85,77.08,-5.1,-32.8
uuRSmPcmuC8,rep_02,stress_search/clips_v3/uuRSmPcmuC8/rep_02.wav,john will drive to work tomorrow,spoken_explanation,True,refined,86.97,93.06,-21.0,-32.5
uuRSmPcmuC8,rep_03,stress_search/clips_v3/uuRSmPcmuC8/rep_03.wav,john will drive to work tomorrow,spoken_explanation,True,refined,118.11,122.24,-24.1,-30.1
uuRSmPcmuC8,rep_04,stress_search/clips_v3/uuRSmPcmuC8/rep_04.wav,john will drive to work tomorrow,spoken_explanation,True,refined,137.65,142.04,-13.2,-30.9
uuRSmPcmuC8,rep_05,stress_search/clips_v3/uuRSmPcmuC8/rep_05.wav,john will drive to work tomorrow,spoken_explanation,True,refined,161.31,165.72,-15.3,-26.2
uuRSmPcmuC8,rep_06,stress_search/clips_v3/uuRSmPcmuC8/rep_06.wav,john will drive to work tomorrow,spoken_explanation,True,refined,182.19,184.74,-33.8,-17.4
uuRSmPcmuC8,reps_only,stress_search/clips_v3/uuRSmPcmuC8/reps_only.wav,john will drive to work tomorrow,spoken_explanation,,,,,,
K0hRJWN9O9c,original,stress_search/audio_repull/K0hRJWN9O9c.wav,for her brother bob we also need a small plastic snake and a big toy frog for the,spoken_explanation,,,,,,
K0hRJWN9O9c,rep_00,stress_search/clips_v3/K0hRJWN9O9c/rep_00.wav,for her brother bob we also need a small plastic snake and a big toy frog for the,spoken_explanation,False,refined,153.19,160.4,-8.0,-18.4
K0hRJWN9O9c,rep_01,stress_search/clips_v3/K0hRJWN9O9c/rep_01.wav,for her brother bob we also need a small plastic snake and a big toy frog for the,spoken_explanation,False,refined,187.27,194.46,-8.3,-16.7
K0hRJWN9O9c,rep_02,stress_search/clips_v3/K0hRJWN9O9c/rep_02.wav,for her brother bob we also need a small plastic snake and a big toy frog for the,spoken_explanation,True,refined,227.51,233.54,-4.0,-22.8
K0hRJWN9O9c,rep_03,stress_search/clips_v3/K0hRJWN9O9c/rep_03.wav,for her brother bob we also need a small plastic snake and a big toy frog for the,spoken_explanation,True,refined,252.33,258.36,-5.3,-22.5
K0hRJWN9O9c,rep_04,stress_search/clips_v3/K0hRJWN9O9c/rep_04.wav,for her brother bob we also need a small plastic snake and a big toy frog for the,spoken_explanation,True,refined,294.09,302.78,-2.3,-34.9
K0hRJWN9O9c,rep_05,stress_search/clips_v3/K0hRJWN9O9c/rep_05.wav,for her brother bob we also need a small plastic snake and a big toy frog for the,spoken_explanation,False,refined,404.51,412.2,-3.9,-22.0
K0hRJWN9O9c,reps_only,stress_search/clips_v3/K0hRJWN9O9c/reps_only.wav,for her brother bob we also need a small plastic snake and a big toy frog for the,spoken_explanation,,,,,,
FAgnMWWgyRs,original,stress_search/audio_repull/FAgnMWWgyRs.wav,gt gt i can stop anytime i,spoken_explanation,,,,,,
FAgnMWWgyRs,rep_00,stress_search/clips_v3/FAgnMWWgyRs/rep_00.wav,gt gt i can stop anytime i,spoken_explanation,False,rough,1.29,3.6,-19.7,-3.6
FAgnMWWgyRs,rep_01,stress_search/clips_v3/FAgnMWWgyRs/rep_01.wav,gt gt i can stop anytime i,spoken_explanation,False,rough,15.13,17.36,-19.6,-1.7
FAgnMWWgyRs,rep_02,stress_search/clips_v3/FAgnMWWgyRs/rep_02.wav,gt gt i can stop anytime i,spoken_explanation,False,rough,40.73,42.8,-38.2,-2.0
FAgnMWWgyRs,rep_03,stress_search/clips_v3/FAgnMWWgyRs/rep_03.wav,gt gt i can stop anytime i,spoken_explanation,False,rough,51.61,54.8,-46.8,-44.8
FAgnMWWgyRs,rep_04,stress_search/clips_v3/FAgnMWWgyRs/rep_04.wav,gt gt i can stop anytime i,spoken_explanation,False,rough,155.09,157.12,-26.7,-19.1
FAgnMWWgyRs,reps_only,stress_search/clips_v3/FAgnMWWgyRs/reps_only.wav,gt gt i can stop anytime i,spoken_explanation,,,,,,
JpvJ__nhOQU,original,stress_search/audio_repull/JpvJ__nhOQU.wav,we were talking about the teachers,spoken_explanation,,,,,,
JpvJ__nhOQU,rep_00,stress_search/clips_v3/JpvJ__nhOQU/rep_00.wav,we were talking about the teachers,spoken_explanation,True,refined,33.49,35.6,-13.8,0.0
JpvJ__nhOQU,rep_01,stress_search/clips_v3/JpvJ__nhOQU/rep_01.wav,we were talking about the teachers,spoken_explanation,True,refined,38.41,41.68,-11.8,-17.5
JpvJ__nhOQU,rep_02,stress_search/clips_v3/JpvJ__nhOQU/rep_02.wav,we were talking about the teachers,spoken_explanation,True,refined,50.63,53.98,-14.8,-16.7
JpvJ__nhOQU,rep_03,stress_search/clips_v3/JpvJ__nhOQU/rep_03.wav,we were talking about the teachers,spoken_explanation,True,refined,55.27,57.78,-9.5,-15.4
JpvJ__nhOQU,rep_04,stress_search/clips_v3/JpvJ__nhOQU/rep_04.wav,we were talking about the teachers,spoken_explanation,True,refined,58.57,62.12,-16.5,-25.8
JpvJ__nhOQU,rep_05,stress_search/clips_v3/JpvJ__nhOQU/rep_05.wav,we were talking about the teachers,spoken_explanation,True,refined,65.49,69.06,-18.1,-15.7
JpvJ__nhOQU,rep_06,stress_search/clips_v3/JpvJ__nhOQU/rep_06.wav,we were talking about the teachers,spoken_explanation,True,refined,77.51,80.9,-24.6,-18.0
JpvJ__nhOQU,reps_only,stress_search/clips_v3/JpvJ__nhOQU/reps_only.wav,we were talking about the teachers,spoken_explanation,,,,,,
8ZOIiEAMz9s,original,stress_search/audio_repull/8ZOIiEAMz9s.wav,me clean this mess you're helping,spoken_explanation,,,,,,
8ZOIiEAMz9s,rep_00,stress_search/clips_v3/8ZOIiEAMz9s/rep_00.wav,me clean this mess you're helping,spoken_explanation,True,refined,139.83,143.12,-13.5,-15.8
8ZOIiEAMz9s,rep_01,stress_search/clips_v3/8ZOIiEAMz9s/rep_01.wav,me clean this mess you're helping,spoken_explanation,True,rough,142.73,145.76,-13.9,-12.7
8ZOIiEAMz9s,rep_02,stress_search/clips_v3/8ZOIiEAMz9s/rep_02.wav,me clean this mess you're helping,spoken_explanation,True,refined,237.25,239.92,-12.8,-8.0
8ZOIiEAMz9s,rep_03,stress_search/clips_v3/8ZOIiEAMz9s/rep_03.wav,me clean this mess you're helping,spoken_explanation,True,refined,239.63,242.04,-2.5,-10.7
8ZOIiEAMz9s,reps_only,stress_search/clips_v3/8ZOIiEAMz9s/reps_only.wav,me clean this mess you're helping,spoken_explanation,,,,,,
SGyNGqXqWXY,original,stress_search/audio_repull/SGyNGqXqWXY.wav,going to the party tonight,spoken_explanation,,,,,,
SGyNGqXqWXY,rep_00,stress_search/clips_v3/SGyNGqXqWXY/rep_00.wav,going to the party tonight,spoken_explanation,True,refined,50.11,51.36,-5.8,-40.3
SGyNGqXqWXY,rep_01,stress_search/clips_v3/SGyNGqXqWXY/rep_01.wav,going to the party tonight,spoken_explanation,True,refined,52.27,54.18,-14.2,-39.9
SGyNGqXqWXY,rep_02,stress_search/clips_v3/SGyNGqXqWXY/rep_02.wav,going to the party tonight,spoken_explanation,True,refined,59.27,61.24,0.6,-38.9
SGyNGqXqWXY,rep_03,stress_search/clips_v3/SGyNGqXqWXY/rep_03.wav,going to the party tonight,spoken_explanation,True,refined,65.11,67.44,-38.3,-39.4
SGyNGqXqWXY,rep_04,stress_search/clips_v3/SGyNGqXqWXY/rep_04.wav,going to the party tonight,spoken_explanation,True,refined,73.79,75.44,-39.7,-22.4
SGyNGqXqWXY,reps_only,stress_search/clips_v3/SGyNGqXqWXY/reps_only.wav,going to the party tonight,spoken_explanation,,,,,,
BLEXP2ROyRU,original,stress_search/audio_repull/BLEXP2ROyRU.wav,i didn't say she stole my money,spoken_explanation,,,,,,
BLEXP2ROyRU,rep_00,stress_search/clips_v3/BLEXP2ROyRU/rep_00.wav,i didn't say she stole my money,spoken_explanation,True,refined,58.59,61.04,-20.5,-34.3
BLEXP2ROyRU,rep_01,stress_search/clips_v3/BLEXP2ROyRU/rep_01.wav,i didn't say she stole my money,spoken_explanation,True,refined,65.87,68.46,-25.4,-23.9
BLEXP2ROyRU,rep_02,stress_search/clips_v3/BLEXP2ROyRU/rep_02.wav,i didn't say she stole my money,spoken_explanation,True,refined,70.11,72.34,-25.8,-23.6
BLEXP2ROyRU,rep_03,stress_search/clips_v3/BLEXP2ROyRU/rep_03.wav,i didn't say she stole my money,spoken_explanation,True,refined,73.85,76.12,-46.2,-33.1
BLEXP2ROyRU,reps_only,stress_search/clips_v3/BLEXP2ROyRU/reps_only.wav,i didn't say she stole my money,spoken_explanation,,,,,,
6fcdSQEon7E,original,stress_search/audio_repull/6fcdSQEon7E.wav,i'll do it in a little while,spoken_explanation,,,,,,
6fcdSQEon7E,rep_00,stress_search/clips_v3/6fcdSQEon7E/rep_00.wav,i'll do it in a little while,spoken_explanation,True,refined,186.95,189.16,-40.5,-35.5
6fcdSQEon7E,rep_01,stress_search/clips_v3/6fcdSQEon7E/rep_01.wav,i'll do it in a little while,spoken_explanation,True,refined,190.12,191.91,-35.6,-36.5
6fcdSQEon7E,rep_02,stress_search/clips_v3/6fcdSQEon7E/rep_02.wav,i'll do it in a little while,spoken_explanation,True,refined,192.13,194.14,-46.8,-32.6
6fcdSQEon7E,rep_03,stress_search/clips_v3/6fcdSQEon7E/rep_03.wav,i'll do it in a little while,spoken_explanation,True,refined,203.66,205.49,-39.0,-39.9
6fcdSQEon7E,reps_only,stress_search/clips_v3/6fcdSQEon7E/reps_only.wav,i'll do it in a little while,spoken_explanation,,,,,,
OR81m7Dm968,original,stress_search/audio_repull/OR81m7Dm968.wav,you finished the cake didn't you,spoken_explanation,,,,,,
OR81m7Dm968,rep_00,stress_search/clips_v3/OR81m7Dm968/rep_00.wav,you finished the cake didn't you,spoken_explanation,True,refined,46.11,49.0,-19.5,-46.9
OR81m7Dm968,rep_01,stress_search/clips_v3/OR81m7Dm968/rep_01.wav,you finished the cake didn't you,spoken_explanation,True,refined,55.17,57.3,-47.1,-46.2
OR81m7Dm968,rep_02,stress_search/clips_v3/OR81m7Dm968/rep_02.wav,you finished the cake didn't you,spoken_explanation,True,refined,64.27,67.06,-44.8,-20.3
OR81m7Dm968,rep_03,stress_search/clips_v3/OR81m7Dm968/rep_03.wav,you finished the cake didn't you,spoken_explanation,True,refined,67.07,70.22,-7.4,-45.8
OR81m7Dm968,reps_only,stress_search/clips_v3/OR81m7Dm968/reps_only.wav,you finished the cake didn't you,spoken_explanation,,,,,,
01VfrhsYH0A,original,stress_search/audio_repull/01VfrhsYH0A.wav,no i've been studying,spoken_explanation,,,,,,
01VfrhsYH0A,rep_00,stress_search/clips_v3/01VfrhsYH0A/rep_00.wav,no i've been studying,spoken_explanation,True,refined,18.25,21.04,-168.4,-6.6
01VfrhsYH0A,rep_01,stress_search/clips_v3/01VfrhsYH0A/rep_01.wav,no i've been studying,spoken_explanation,True,refined,26.21,28.94,-167.4,-8.5
01VfrhsYH0A,rep_02,stress_search/clips_v3/01VfrhsYH0A/rep_02.wav,no i've been studying,spoken_explanation,True,refined,47.33,49.72,-167.8,-21.1
01VfrhsYH0A,rep_03,stress_search/clips_v3/01VfrhsYH0A/rep_03.wav,no i've been studying,spoken_explanation,True,refined,55.49,57.96,-167.6,-13.2
01VfrhsYH0A,reps_only,stress_search/clips_v3/01VfrhsYH0A/reps_only.wav,no i've been studying,spoken_explanation,,,,,,
6_DjdejXBwQ,original,stress_search/audio_repull/6_DjdejXBwQ.wav,no i've been studying,spoken_explanation,,,,,,
6_DjdejXBwQ,rep_00,stress_search/clips_v3/6_DjdejXBwQ/rep_00.wav,no i've been studying,spoken_explanation,True,refined,21.65,24.44,-168.1,-7.3
6_DjdejXBwQ,rep_01,stress_search/clips_v3/6_DjdejXBwQ/rep_01.wav,no i've been studying,spoken_explanation,True,refined,29.53,32.34,-167.4,-8.5
6_DjdejXBwQ,rep_02,stress_search/clips_v3/6_DjdejXBwQ/rep_02.wav,no i've been studying,spoken_explanation,True,refined,51.29,53.7,-167.9,-28.0
6_DjdejXBwQ,rep_03,stress_search/clips_v3/6_DjdejXBwQ/rep_03.wav,no i've been studying,spoken_explanation,True,refined,59.41,61.92,-167.4,-13.7
6_DjdejXBwQ,reps_only,stress_search/clips_v3/6_DjdejXBwQ/reps_only.wav,no i've been studying,spoken_explanation,,,,,,
uy0vjGFtRe0,original,stress_search/audio_repull/uy0vjGFtRe0.wav,to wear to his,spoken_explanation,,,,,,
uy0vjGFtRe0,rep_00,stress_search/clips_v3/uy0vjGFtRe0/rep_00.wav,to wear to his,spoken_explanation,True,refined,49.11,50.32,-2.2,-0.3
uy0vjGFtRe0,rep_01,stress_search/clips_v3/uy0vjGFtRe0/rep_01.wav,to wear to his,spoken_explanation,True,refined,53.31,54.68,-1.3,-16.3
uy0vjGFtRe0,rep_02,stress_search/clips_v3/uy0vjGFtRe0/rep_02.wav,to wear to his,spoken_explanation,True,refined,63.71,64.9,-0.4,-22.9
uy0vjGFtRe0,rep_03,stress_search/clips_v3/uy0vjGFtRe0/rep_03.wav,to wear to his,spoken_explanation,True,refined,68.01,69.22,-2.0,-1.6
uy0vjGFtRe0,reps_only,stress_search/clips_v3/uy0vjGFtRe0/reps_only.wav,to wear to his,spoken_explanation,,,,,,
WurazV-KrIQ,original,stress_search/audio_repull/WurazV-KrIQ.wav,were you counting as,no_explanation,,,,,,
WurazV-KrIQ,rep_00,stress_search/clips_v3/WurazV-KrIQ/rep_00.wav,were you counting as,no_explanation,True,refined,165.21,166.42,-25.8,-11.6
WurazV-KrIQ,rep_01,stress_search/clips_v3/WurazV-KrIQ/rep_01.wav,were you counting as,no_explanation,True,refined,166.75,168.48,-0.6,-15.6
WurazV-KrIQ,rep_02,stress_search/clips_v3/WurazV-KrIQ/rep_02.wav,were you counting as,no_explanation,True,refined,169.31,170.7,-30.4,-8.0
WurazV-KrIQ,rep_03,stress_search/clips_v3/WurazV-KrIQ/rep_03.wav,were you counting as,no_explanation,False,rough,171.13,172.44,0.0,-9.3
lAvmL_fBXAo,original,stress_search/audio_repull/lAvmL_fBXAo.wav,on the first syllable,spoken_explanation,,,,,,
lAvmL_fBXAo,rep_00,stress_search/clips_v3/lAvmL_fBXAo/rep_00.wav,on the first syllable,spoken_explanation,True,refined,26.03,27.74,-7.6,-34.5
lAvmL_fBXAo,rep_01,stress_search/clips_v3/lAvmL_fBXAo/rep_01.wav,on the first syllable,spoken_explanation,True,refined,77.21,79.02,-9.7,-56.7
lAvmL_fBXAo,rep_02,stress_search/clips_v3/lAvmL_fBXAo/rep_02.wav,on the first syllable,spoken_explanation,False,refined,89.91,91.16,-10.2,-53.2
lAvmL_fBXAo,rep_03,stress_search/clips_v3/lAvmL_fBXAo/rep_03.wav,on the first syllable,spoken_explanation,True,refined,100.33,103.22,-6.0,-55.6
lAvmL_fBXAo,rep_04,stress_search/clips_v3/lAvmL_fBXAo/rep_04.wav,on the first syllable,spoken_explanation,True,refined,138.03,139.44,-7.9,-59.4
lAvmL_fBXAo,rep_05,stress_search/clips_v3/lAvmL_fBXAo/rep_05.wav,on the first syllable,spoken_explanation,True,refined,191.15,192.98,-6.9,-57.9
lAvmL_fBXAo,rep_06,stress_search/clips_v3/lAvmL_fBXAo/rep_06.wav,on the first syllable,spoken_explanation,True,refined,241.31,243.06,-12.9,-36.9
lAvmL_fBXAo,reps_only,stress_search/clips_v3/lAvmL_fBXAo/reps_only.wav,on the first syllable,spoken_explanation,,,,,,
cDVrZ-T7r0g,original,stress_search/audio_repull/cDVrZ-T7r0g.wav,not going to recommend,no_explanation,,,,,,
cDVrZ-T7r0g,rep_00,stress_search/clips_v3/cDVrZ-T7r0g/rep_00.wav,not going to recommend,no_explanation,True,refined,211.15,212.6,-11.5,-13.9
cDVrZ-T7r0g,rep_01,stress_search/clips_v3/cDVrZ-T7r0g/rep_01.wav,not going to recommend,no_explanation,True,refined,213.17,214.26,-10.9,-14.3
cDVrZ-T7r0g,rep_02,stress_search/clips_v3/cDVrZ-T7r0g/rep_02.wav,not going to recommend,no_explanation,True,refined,215.43,216.52,-8.1,-6.4
cDVrZ-T7r0g,rep_03,stress_search/clips_v3/cDVrZ-T7r0g/rep_03.wav,not going to recommend,no_explanation,True,refined,218.19,219.46,-1.9,-12.0
cDVrZ-T7r0g,rep_04,stress_search/clips_v3/cDVrZ-T7r0g/rep_04.wav,not going to recommend,no_explanation,True,refined,219.45,221.42,-9.5,-24.3
LloFz5fl0Wg,original,stress_search/audio_repull/LloFz5fl0Wg.wav,i want you to,spoken_explanation,,,,,,
LloFz5fl0Wg,rep_00,stress_search/clips_v3/LloFz5fl0Wg/rep_00.wav,i want you to,spoken_explanation,True,refined,66.77,68.8,-9.8,-0.6
LloFz5fl0Wg,rep_01,stress_search/clips_v3/LloFz5fl0Wg/rep_01.wav,i want you to,spoken_explanation,True,refined,99.63,100.54,-12.5,-14.2
LloFz5fl0Wg,rep_02,stress_search/clips_v3/LloFz5fl0Wg/rep_02.wav,i want you to,spoken_explanation,True,refined,128.35,129.22,-4.7,-5.9
LloFz5fl0Wg,rep_03,stress_search/clips_v3/LloFz5fl0Wg/rep_03.wav,i want you to,spoken_explanation,True,refined,319.83,320.92,-29.9,-5.1
LloFz5fl0Wg,reps_only,stress_search/clips_v3/LloFz5fl0Wg/reps_only.wav,i want you to,spoken_explanation,,,,,,
NtGFA7vWjl4,original,stress_search/audio_repull/NtGFA7vWjl4.wav,we put the emphasis,spoken_explanation,,,,,,
NtGFA7vWjl4,rep_00,stress_search/clips_v3/NtGFA7vWjl4/rep_00.wav,we put the emphasis,spoken_explanation,True,refined,14.15,15.54,-2.4,-28.1
NtGFA7vWjl4,rep_01,stress_search/clips_v3/NtGFA7vWjl4/rep_01.wav,we put the emphasis,spoken_explanation,True,refined,96.47,98.04,-5.7,-36.7
NtGFA7vWjl4,rep_02,stress_search/clips_v3/NtGFA7vWjl4/rep_02.wav,we put the emphasis,spoken_explanation,True,refined,107.07,108.58,-1.0,-17.9
NtGFA7vWjl4,rep_03,stress_search/clips_v3/NtGFA7vWjl4/rep_03.wav,we put the emphasis,spoken_explanation,True,refined,169.63,171.06,0.0,-43.2
NtGFA7vWjl4,rep_04,stress_search/clips_v3/NtGFA7vWjl4/rep_04.wav,we put the emphasis,spoken_explanation,True,refined,172.15,173.32,-0.7,-23.9
NtGFA7vWjl4,rep_05,stress_search/clips_v3/NtGFA7vWjl4/rep_05.wav,we put the emphasis,spoken_explanation,True,refined,302.05,303.4,-55.6,1.3
NtGFA7vWjl4,rep_06,stress_search/clips_v3/NtGFA7vWjl4/rep_06.wav,we put the emphasis,spoken_explanation,True,refined,311.23,312.36,-21.9,-17.4
NtGFA7vWjl4,rep_07,stress_search/clips_v3/NtGFA7vWjl4/rep_07.wav,we put the emphasis,spoken_explanation,True,refined,317.29,319.16,-65.0,-4.7
NtGFA7vWjl4,rep_08,stress_search/clips_v3/NtGFA7vWjl4/rep_08.wav,we put the emphasis,spoken_explanation,True,refined,327.03,328.3,0.7,-13.9
NtGFA7vWjl4,rep_09,stress_search/clips_v3/NtGFA7vWjl4/rep_09.wav,we put the emphasis,spoken_explanation,True,refined,335.31,337.12,-14.8,-27.9
NtGFA7vWjl4,rep_10,stress_search/clips_v3/NtGFA7vWjl4/rep_10.wav,we put the emphasis,spoken_explanation,True,refined,347.87,349.22,1.6,-31.2
NtGFA7vWjl4,reps_only,stress_search/clips_v3/NtGFA7vWjl4/reps_only.wav,we put the emphasis,spoken_explanation,,,,,,
1Gu6zhp5Bq8,original,stress_search/audio_repull/1Gu6zhp5Bq8.wav,visual contrast sensitivity test,spoken_explanation,,,,,,
1Gu6zhp5Bq8,rep_00,stress_search/clips_v3/1Gu6zhp5Bq8/rep_00.wav,visual contrast sensitivity test,spoken_explanation,True,refined,322.09,324.16,-17.0,-27.0
1Gu6zhp5Bq8,rep_01,stress_search/clips_v3/1Gu6zhp5Bq8/rep_01.wav,visual contrast sensitivity test,spoken_explanation,True,refined,324.43,326.46,-5.5,-32.4
1Gu6zhp5Bq8,rep_02,stress_search/clips_v3/1Gu6zhp5Bq8/rep_02.wav,visual contrast sensitivity test,spoken_explanation,True,refined,347.53,349.5,-9.2,-13.7
1Gu6zhp5Bq8,rep_03,stress_search/clips_v3/1Gu6zhp5Bq8/rep_03.wav,visual contrast sensitivity test,spoken_explanation,True,refined,359.21,360.88,-8.3,-7.3
1Gu6zhp5Bq8,reps_only,stress_search/clips_v3/1Gu6zhp5Bq8/reps_only.wav,visual contrast sensitivity test,spoken_explanation,,,,,,
WMwkhnu72hA,original,stress_search/audio_repull/WMwkhnu72hA.wav,i'm so cold,spoken_explanation,,,,,,
WMwkhnu72hA,rep_00,stress_search/clips_v3/WMwkhnu72hA/rep_00.wav,i'm so cold,spoken_explanation,True,refined,47.41,48.94,-10.1,-20.4
WMwkhnu72hA,rep_01,stress_search/clips_v3/WMwkhnu72hA/rep_01.wav,i'm so cold,spoken_explanation,True,refined,50.26,52.35,-14.0,-21.9
WMwkhnu72hA,rep_02,stress_search/clips_v3/WMwkhnu72hA/rep_02.wav,i'm so cold,spoken_explanation,True,refined,51.79,54.96,-18.1,-22.5
WMwkhnu72hA,rep_03,stress_search/clips_v3/WMwkhnu72hA/rep_03.wav,i'm so cold,spoken_explanation,True,refined,55.33,56.93,-23.8,-22.2
WMwkhnu72hA,rep_04,stress_search/clips_v3/WMwkhnu72hA/rep_04.wav,i'm so cold,spoken_explanation,True,rough,56.86,58.91,-18.3,-24.8
WMwkhnu72hA,rep_05,stress_search/clips_v3/WMwkhnu72hA/rep_05.wav,i'm so cold,spoken_explanation,True,refined,62.37,64.4,-16.9,-26.5
WMwkhnu72hA,rep_06,stress_search/clips_v3/WMwkhnu72hA/rep_06.wav,i'm so cold,spoken_explanation,True,refined,66.99,69.92,-23.0,-18.7
WMwkhnu72hA,rep_07,stress_search/clips_v3/WMwkhnu72hA/rep_07.wav,i'm so cold,spoken_explanation,True,refined,72.35,73.7,-11.7,-16.6
WMwkhnu72hA,reps_only,stress_search/clips_v3/WMwkhnu72hA/reps_only.wav,i'm so cold,spoken_explanation,,,,,,
TfFt_lC0vxc,original,stress_search/audio_repull/TfFt_lC0vxc.wav,his underwear is hanging on the lamp,spoken_explanation,,,,,,
TfFt_lC0vxc,rep_00,stress_search/clips_v3/TfFt_lC0vxc/rep_00.wav,his underwear is hanging on the lamp,spoken_explanation,True,refined,118.93,121.66,-27.5,-28.5
TfFt_lC0vxc,rep_01,stress_search/clips_v3/TfFt_lC0vxc/rep_01.wav,his underwear is hanging on the lamp,spoken_explanation,True,refined,126.64,129.33,-31.3,-29.7
TfFt_lC0vxc,rep_02,stress_search/clips_v3/TfFt_lC0vxc/rep_02.wav,his underwear is hanging on the lamp,spoken_explanation,True,refined,155.96,159.15,-24.4,-19.7
TfFt_lC0vxc,rep_03,stress_search/clips_v3/TfFt_lC0vxc/rep_03.wav,his underwear is hanging on the lamp,spoken_explanation,True,refined,172.36,175.05,-14.5,-28.0
TfFt_lC0vxc,rep_04,stress_search/clips_v3/TfFt_lC0vxc/rep_04.wav,his underwear is hanging on the lamp,spoken_explanation,True,refined,316.63,319.84,-15.0,-18.2
TfFt_lC0vxc,reps_only,stress_search/clips_v3/TfFt_lC0vxc/reps_only.wav,his underwear is hanging on the lamp,spoken_explanation,,,,,,
I8511fOHyaw,original,stress_search/audio_repull/I8511fOHyaw.wav,is the computer screen flickering,spoken_explanation,,,,,,
I8511fOHyaw,rep_00,stress_search/clips_v3/I8511fOHyaw/rep_00.wav,is the computer screen flickering,spoken_explanation,True,refined,21.08,25.87,-9.9,-24.1
I8511fOHyaw,rep_01,stress_search/clips_v3/I8511fOHyaw/rep_01.wav,is the computer screen flickering,spoken_explanation,True,refined,29.4,31.65,-96.3,-60.0
I8511fOHyaw,rep_02,stress_search/clips_v3/I8511fOHyaw/rep_02.wav,is the computer screen flickering,spoken_explanation,True,refined,46.5,49.05,-90.2,-38.4
I8511fOHyaw,rep_03,stress_search/clips_v3/I8511fOHyaw/rep_03.wav,is the computer screen flickering,spoken_explanation,True,refined,52.94,55.03,-90.9,-47.0
I8511fOHyaw,reps_only,stress_search/clips_v3/I8511fOHyaw/reps_only.wav,is the computer screen flickering,spoken_explanation,,,,,,
5EmVMEQAb94,original,stress_search/audio_repull/5EmVMEQAb94.wav,the woman on the couch,spoken_explanation,,,,,,
5EmVMEQAb94,rep_00,stress_search/clips_v3/5EmVMEQAb94/rep_00.wav,the woman on the couch,spoken_explanation,True,refined,25.61,27.4,-2.8,-59.4
5EmVMEQAb94,rep_01,stress_search/clips_v3/5EmVMEQAb94/rep_01.wav,the woman on the couch,spoken_explanation,True,refined,29.51,31.04,-0.7,-47.7
5EmVMEQAb94,rep_02,stress_search/clips_v3/5EmVMEQAb94/rep_02.wav,the woman on the couch,spoken_explanation,True,refined,50.05,51.8,-3.5,-54.8
5EmVMEQAb94,rep_03,stress_search/clips_v3/5EmVMEQAb94/rep_03.wav,the woman on the couch,spoken_explanation,True,refined,56.75,57.96,-1.1,-14.7
5EmVMEQAb94,rep_04,stress_search/clips_v3/5EmVMEQAb94/rep_04.wav,the woman on the couch,spoken_explanation,True,refined,87.41,89.06,-12.9,-56.8
5EmVMEQAb94,reps_only,stress_search/clips_v3/5EmVMEQAb94/reps_only.wav,the woman on the couch,spoken_explanation,,,,,,
7667553698893024525,original,stress_search/tiktok/7667553698893024525__conv.wav,i never said she stole my money,spoken_explanation,,,,,,
7667553698893024525,rep_00,stress_search/clips_v3/7667553698893024525/rep_00.wav,i never said she stole my money,spoken_explanation,True,refined,5.05,7.96,0.0,-30.0
7667553698893024525,rep_01,stress_search/clips_v3/7667553698893024525/rep_01.wav,i never said she stole my money,spoken_explanation,True,refined,13.21,17.4,-34.0,-33.9
7667553698893024525,rep_02,stress_search/clips_v3/7667553698893024525/rep_02.wav,i never said she stole my money,spoken_explanation,True,refined,17.55,20.98,-32.1,-31.0
7667553698893024525,rep_03,stress_search/clips_v3/7667553698893024525/rep_03.wav,i never said she stole my money,spoken_explanation,True,refined,21.53,24.78,-31.8,-27.4
7667553698893024525,rep_04,stress_search/clips_v3/7667553698893024525/rep_04.wav,i never said she stole my money,spoken_explanation,True,refined,24.79,28.12,-32.1,-30.8
7667553698893024525,rep_05,stress_search/clips_v3/7667553698893024525/rep_05.wav,i never said she stole my money,spoken_explanation,True,refined,28.11,31.32,-33.7,-32.8
7667553698893024525,rep_06,stress_search/clips_v3/7667553698893024525/rep_06.wav,i never said she stole my money,spoken_explanation,True,refined,31.69,34.46,-32.7,-30.5
7667553698893024525,rep_07,stress_search/clips_v3/7667553698893024525/rep_07.wav,i never said she stole my money,spoken_explanation,True,refined,34.81,37.72,-32.2,-28.3
7667553698893024525,reps_only,stress_search/clips_v3/7667553698893024525/reps_only.wav,i never said she stole my money,spoken_explanation,,,,,,
7673783250568973576,original,stress_search/tiktok/7673783250568973576__conv.wav,i never said she stole my money,no_explanation,,,,,,
7673783250568973576,rep_00,stress_search/clips_v3/7673783250568973576/rep_00.wav,i never said she stole my money,no_explanation,True,refined,0.0,1.8,-36.1,-22.0
7673783250568973576,rep_01,stress_search/clips_v3/7673783250568973576/rep_01.wav,i never said she stole my money,no_explanation,True,refined,1.81,3.78,-28.8,-27.6
7673783250568973576,rep_02,stress_search/clips_v3/7673783250568973576/rep_02.wav,i never said she stole my money,no_explanation,True,refined,3.71,5.96,-29.0,-27.4
7673783250568973576,rep_03,stress_search/clips_v3/7673783250568973576/rep_03.wav,i never said she stole my money,no_explanation,True,refined,5.93,8.14,-6.8,-31.5
7673783250568973576,rep_04,stress_search/clips_v3/7673783250568973576/rep_04.wav,i never said she stole my money,no_explanation,True,refined,8.07,10.52,-33.6,-17.3
7673783250568973576,rep_05,stress_search/clips_v3/7673783250568973576/rep_05.wav,i never said she stole my money,no_explanation,True,refined,10.51,12.7,-35.8,-33.5
7673783250568973576,rep_06,stress_search/clips_v3/7673783250568973576/rep_06.wav,i never said she stole my money,no_explanation,True,refined,12.67,14.38,-33.2,-33.2
7650568063812717838,original,stress_search/tiktok/7650568063812717838__conv.wav,i never said she stole my money,no_explanation,,,,,,
7650568063812717838,rep_00,stress_search/clips_v3/7650568063812717838/rep_00.wav,i never said she stole my money,no_explanation,True,refined,0.0,1.8,-37.6,-25.1
7650568063812717838,rep_01,stress_search/clips_v3/7650568063812717838/rep_01.wav,i never said she stole my money,no_explanation,True,refined,1.79,3.78,-28.8,-27.6
7650568063812717838,rep_02,stress_search/clips_v3/7650568063812717838/rep_02.wav,i never said she stole my money,no_explanation,True,refined,3.73,5.94,-29.5,-26.0
7650568063812717838,rep_03,stress_search/clips_v3/7650568063812717838/rep_03.wav,i never said she stole my money,no_explanation,True,refined,5.89,8.14,-26.6,-31.8
7650568063812717838,rep_04,stress_search/clips_v3/7650568063812717838/rep_04.wav,i never said she stole my money,no_explanation,False,refined,8.07,10.52,-33.4,-18.5
7650568063812717838,rep_05,stress_search/clips_v3/7650568063812717838/rep_05.wav,i never said she stole my money,no_explanation,True,refined,10.51,12.7,-39.4,-36.3
7650568063812717838,rep_06,stress_search/clips_v3/7650568063812717838/rep_06.wav,i never said she stole my money,no_explanation,False,rough,12.53,14.16,-16.3,-1.4
7663192709049617684,original,stress_search/tiktok/7663192709049617684__conv.wav,he didn't say we should fire her,no_explanation,,,,,,
7663192709049617684,rep_00,stress_search/clips_v3/7663192709049617684/rep_00.wav,he didn't say we should fire her,no_explanation,True,refined,0.69,3.5,-168.7,-61.4
7663192709049617684,rep_01,stress_search/clips_v3/7663192709049617684/rep_01.wav,he didn't say we should fire her,no_explanation,True,refined,3.65,6.84,-61.8,-59.8
7663192709049617684,rep_02,stress_search/clips_v3/7663192709049617684/rep_02.wav,he didn't say we should fire her,no_explanation,True,refined,8.29,12.14,-63.2,-59.5
7663192709049617684,rep_03,stress_search/clips_v3/7663192709049617684/rep_03.wav,he didn't say we should fire her,no_explanation,True,refined,15.83,19.56,-62.6,-56.4
7663192709049617684,rep_04,stress_search/clips_v3/7663192709049617684/rep_04.wav,he didn't say we should fire her,no_explanation,True,refined,19.57,22.9,-59.7,-52.4
7663192709049617684,rep_05,stress_search/clips_v3/7663192709049617684/rep_05.wav,he didn't say we should fire her,no_explanation,False,rough,21.37,22.74,-1.5,-14.0
7663192709049617684,rep_06,stress_search/clips_v3/7663192709049617684/rep_06.wav,he didn't say we should fire her,no_explanation,True,refined,23.75,26.56,-59.5,-43.4
7667605758195797268,original,stress_search/tiktok/7667605758195797268__conv.wav,i never said she stole my money,spoken_explanation,,,,,,
7667605758195797268,rep_00,stress_search/clips_v3/7667605758195797268/rep_00.wav,i never said she stole my money,spoken_explanation,True,refined,5.31,7.92,-2.2,-21.4
7667605758195797268,rep_01,stress_search/clips_v3/7667605758195797268/rep_01.wav,i never said she stole my money,spoken_explanation,True,refined,13.59,16.14,-52.3,-46.7
7667605758195797268,rep_02,stress_search/clips_v3/7667605758195797268/rep_02.wav,i never said she stole my money,spoken_explanation,True,refined,20.73,23.6,-50.6,-51.3
7667605758195797268,rep_03,stress_search/clips_v3/7667605758195797268/rep_03.wav,i never said she stole my money,spoken_explanation,True,refined,28.27,31.66,-51.4,-53.0
7667605758195797268,rep_04,stress_search/clips_v3/7667605758195797268/rep_04.wav,i never said she stole my money,spoken_explanation,True,refined,36.5,40.53,-48.7,-49.3
7667605758195797268,rep_05,stress_search/clips_v3/7667605758195797268/rep_05.wav,i never said she stole my money,spoken_explanation,True,refined,44.71,47.76,-53.2,-42.3
7667605758195797268,rep_06,stress_search/clips_v3/7667605758195797268/rep_06.wav,i never said she stole my money,spoken_explanation,True,refined,52.21,55.08,-48.9,-40.3
7667605758195797268,rep_07,stress_search/clips_v3/7667605758195797268/rep_07.wav,i never said she stole my money,spoken_explanation,True,refined,59.97,62.52,-44.6,-32.3
7667605758195797268,reps_only,stress_search/clips_v3/7667605758195797268/reps_only.wav,i never said she stole my money,spoken_explanation,,,,,,
7285785586974133509,original,stress_search/tiktok/7285785586974133509.mp4,i never said she stole my money,no_explanation,,,,,,
7285785586974133509,rep_00,stress_search/clips_v3/7285785586974133509/rep_00.wav,i never said she stole my money,no_explanation,True,refined,7.77,10.96,-32.1,-33.1
7285785586974133509,rep_01,stress_search/clips_v3/7285785586974133509/rep_01.wav,i never said she stole my money,no_explanation,True,refined,10.71,15.02,-24.1,-34.5
7285785586974133509,rep_02,stress_search/clips_v3/7285785586974133509/rep_02.wav,i never said she stole my money,no_explanation,True,refined,15.51,18.66,-37.6,-32.5
7285785586974133509,rep_03,stress_search/clips_v3/7285785586974133509/rep_03.wav,i never said she stole my money,no_explanation,True,refined,19.25,22.68,-34.1,-35.8
7285785586974133509,rep_04,stress_search/clips_v3/7285785586974133509/rep_04.wav,i never said she stole my money,no_explanation,True,refined,23.05,27.0,-38.6,-35.6
7285785586974133509,rep_05,stress_search/clips_v3/7285785586974133509/rep_05.wav,i never said she stole my money,no_explanation,True,refined,27.16,30.81,-34.7,-35.0
7285785586974133509,rep_06,stress_search/clips_v3/7285785586974133509/rep_06.wav,i never said she stole my money,no_explanation,True,refined,31.01,34.5,-37.4,-19.9
7655073094578490644,original,stress_search/tiktok/7655073094578490644__conv.wav,emma wants to travel alone to europe this summer,no_explanation,,,,,,
7655073094578490644,rep_00,stress_search/clips_v3/7655073094578490644/rep_00.wav,emma wants to travel alone to europe this summer,no_explanation,True,refined,0.45,4.24,-60.9,-59.2
7655073094578490644,rep_01,stress_search/clips_v3/7655073094578490644/rep_01.wav,emma wants to travel alone to europe this summer,no_explanation,True,refined,4.55,8.72,-50.4,-60.7
7655073094578490644,rep_02,stress_search/clips_v3/7655073094578490644/rep_02.wav,emma wants to travel alone to europe this summer,no_explanation,True,refined,15.05,19.06,-60.7,-56.9
7655073094578490644,rep_03,stress_search/clips_v3/7655073094578490644/rep_03.wav,emma wants to travel alone to europe this summer,no_explanation,True,refined,20.19,23.94,-81.3,-59.4
7655073094578490644,rep_04,stress_search/clips_v3/7655073094578490644/rep_04.wav,emma wants to travel alone to europe this summer,no_explanation,True,refined,24.63,28.32,-63.7,-57.3
7655073094578490644,rep_05,stress_search/clips_v3/7655073094578490644/rep_05.wav,emma wants to travel alone to europe this summer,no_explanation,False,rough,26.73,27.98,-8.1,-10.2
7608585563586710804,original,stress_search/tiktok/7608585563586710804__conv.wav,i didn't eat your pizza,spoken_explanation,,,,,,
7608585563586710804,rep_00,stress_search/clips_v3/7608585563586710804/rep_00.wav,i didn't eat your pizza,spoken_explanation,True,refined,2.93,4.7,-4.8,-30.3
7608585563586710804,rep_01,stress_search/clips_v3/7608585563586710804/rep_01.wav,i didn't eat your pizza,spoken_explanation,True,refined,5.05,6.34,-1.7,-22.4
7608585563586710804,rep_02,stress_search/clips_v3/7608585563586710804/rep_02.wav,i didn't eat your pizza,spoken_explanation,False,refined,10.41,11.82,-26.1,-10.4
7608585563586710804,rep_03,stress_search/clips_v3/7608585563586710804/rep_03.wav,i didn't eat your pizza,spoken_explanation,True,refined,14.31,15.82,-6.6,-17.8
7608585563586710804,rep_04,stress_search/clips_v3/7608585563586710804/rep_04.wav,i didn't eat your pizza,spoken_explanation,True,refined,21.07,23.24,-10.7,-36.3
7608585563586710804,rep_05,stress_search/clips_v3/7608585563586710804/rep_05.wav,i didn't eat your pizza,spoken_explanation,True,refined,25.97,27.84,-4.9,-15.7
7608585563586710804,rep_06,stress_search/clips_v3/7608585563586710804/rep_06.wav,i didn't eat your pizza,spoken_explanation,False,rough,33.59,35.4,-29.0,-10.6
7608585563586710804,rep_07,stress_search/clips_v3/7608585563586710804/rep_07.wav,i didn't eat your pizza,spoken_explanation,False,rough,35.69,37.28,-7.0,-0.9
7608585563586710804,rep_08,stress_search/clips_v3/7608585563586710804/rep_08.wav,i didn't eat your pizza,spoken_explanation,False,rough,36.83,38.02,-15.9,-2.5
7608585563586710804,rep_09,stress_search/clips_v3/7608585563586710804/rep_09.wav,i didn't eat your pizza,spoken_explanation,False,rough,38.17,39.36,-11.3,0.3
7608585563586710804,reps_only,stress_search/clips_v3/7608585563586710804/reps_only.wav,i didn't eat your pizza,spoken_explanation,,,,,,
7206603022649036037,original,stress_search/tiktok/7206603022649036037.mp4,she didn't take your phone,spoken_explanation,,,,,,
7206603022649036037,rep_00,stress_search/clips_v3/7206603022649036037/rep_00.wav,she didn't take your phone,spoken_explanation,True,refined,4.75,6.98,-54.2,-52.8
7206603022649036037,rep_01,stress_search/clips_v3/7206603022649036037/rep_01.wav,she didn't take your phone,spoken_explanation,True,refined,8.89,11.42,-34.1,-50.7
7206603022649036037,rep_02,stress_search/clips_v3/7206603022649036037/rep_02.wav,she didn't take your phone,spoken_explanation,True,refined,15.09,18.48,-6.3,-42.1
7206603022649036037,rep_03,stress_search/clips_v3/7206603022649036037/rep_03.wav,she didn't take your phone,spoken_explanation,True,refined,20.91,23.12,-56.5,-53.6
7206603022649036037,rep_04,stress_search/clips_v3/7206603022649036037/rep_04.wav,she didn't take your phone,spoken_explanation,True,refined,25.33,27.22,-57.3,-57.6
7206603022649036037,reps_only,stress_search/clips_v3/7206603022649036037/reps_only.wav,she didn't take your phone,spoken_explanation,,,,,,
7660492521906146580,original,stress_search/tiktok/7660492521906146580.mp4,i told you to buy a bunch of red roses,no_explanation,,,,,,
7660492521906146580,rep_00,stress_search/clips_v3/7660492521906146580/rep_00.wav,i told you to buy a bunch of red roses,no_explanation,True,refined,9.71,14.48,-6.7,-27.6
7660492521906146580,rep_01,stress_search/clips_v3/7660492521906146580/rep_01.wav,i told you to buy a bunch of red roses,no_explanation,False,refined,33.29,37.82,0.6,-18.9
7660492521906146580,rep_02,stress_search/clips_v3/7660492521906146580/rep_02.wav,i told you to buy a bunch of red roses,no_explanation,False,refined,41.77,45.44,-12.3,-19.8
7660492521906146580,rep_03,stress_search/clips_v3/7660492521906146580/rep_03.wav,i told you to buy a bunch of red roses,no_explanation,True,refined,52.31,56.92,-44.9,-21.3
7660492521906146580,rep_04,stress_search/clips_v3/7660492521906146580/rep_04.wav,i told you to buy a bunch of red roses,no_explanation,False,rough,57.39,64.36,-0.3,-19.8
7660492521906146580,rep_05,stress_search/clips_v3/7660492521906146580/rep_05.wav,i told you to buy a bunch of red roses,no_explanation,False,rough,66.03,69.52,-6.6,-2.9
