video_id,condition,phrase,bucket,qa_pass,vendor_asr_content,vendor_asr_n_tokens,vendor_asr_finish,vendor_asr_elapsed_s,plain_content,plain_n_tokens,plain_finish,plain_elapsed_s,general_content,general_n_tokens,general_finish,general_elapsed_s
4Iqrm82LED4,rep_00,i didn't say he stole the money,spoken_explanation,True,sentence. I didn't say he stole the money.,13,stop,0.8,sentence. I didn't say he stole the money.,13,stop,0.79,sentence. I didn't say he stole the money.,13,stop,1.23
4Iqrm82LED4,rep_01,i didn't say he stole the money,spoken_explanation,True,I didn't say he stole the money.,10,stop,0.65,I didn't say he stole the money.,10,stop,0.64,I didn't say he stole the money.,10,stop,1.08
4Iqrm82LED4,rep_02,i didn't say he stole the money,spoken_explanation,True,I didn't say he stole the money.,10,stop,0.67,I didn't say he stole the money.,10,stop,0.65,I didn't say he stole the money.,10,stop,1.1
4Iqrm82LED4,rep_03,i didn't say he stole the money,spoken_explanation,True,I didn't say he stole the money.,10,stop,0.77,I didn't say he stole the money.,10,stop,0.77,I didn't *say* he stole the money.,12,stop,1.24
4Iqrm82LED4,rep_04,i didn't say he stole the money,spoken_explanation,True,I didn't say he stole the money.,10,stop,0.73,I didn't say he stole the money.,10,stop,0.73,I didn't say he stole the money.,10,stop,1.17
4Iqrm82LED4,rep_05,i didn't say he stole the money,spoken_explanation,True,I didn't say he stole the money.,10,stop,0.65,I didn't say he stole the money.,10,stop,0.65,I didn't say he stole the money.,10,stop,1.09
4Iqrm82LED4,rep_06,i didn't say he stole the money,spoken_explanation,True,I didn't say he stole the money.,10,stop,0.67,I didn't say he stole the money.,10,stop,0.67,I didn't say he stole the money.,10,stop,1.12
4Iqrm82LED4,rep_07,i didn't say he stole the money,spoken_explanation,True,I didn't say he stole the money.,10,stop,0.67,I didn't say he stole the money.,10,stop,0.64,I didn't say he stole the money.,10,stop,1.09
YXSkyQIKPeU,rep_00,finish work at 1 00 p m,spoken_explanation,False,We will finish work at 1 p.m.,11,stop,0.66,We will finish work at 1 p.m.,11,stop,0.65,We will finish work at 1 p.m.,11,stop,1.1
YXSkyQIKPeU,rep_01,finish work at 1 00 p m,spoken_explanation,True,We will finish work at one p.m.,10,stop,0.66,We will finish work at 1 p.m.,11,stop,0.67,Where we finish work at 1 p.m.,11,stop,1.11
YXSkyQIKPeU,rep_02,finish work at 1 00 p m,spoken_explanation,False,we finish work at one p m c,9,stop,0.62,we finish work at one p m c,9,stop,0.59,So we finish work at one p.m. c.,12,stop,1.09
YXSkyQIKPeU,rep_03,finish work at 1 00 p m,spoken_explanation,True,We will finish work at 1pm.,10,stop,0.6,We will finish work at 1pm.,10,stop,0.6,We will finish work at 1pm.,10,stop,1.04
YXSkyQIKPeU,rep_04,finish work at 1 00 p m,spoken_explanation,True,We'll finish work at 1 p.m.,11,stop,0.62,We'll finish work at 1 p.m.,11,stop,0.61,We'll finish work at 1 pm.,10,stop,1.04
YXSkyQIKPeU,rep_05,finish work at 1 00 p m,spoken_explanation,True,You will finish the work at 1 p.m.,12,stop,0.67,You will finish the work at 1 p.m.,12,stop,0.66,You will finish the work at 1 p.m.,12,stop,1.09
YXSkyQIKPeU,rep_06,finish work at 1 00 p m,spoken_explanation,False,You will finish this work at 1 p.m.,12,stop,0.71,You will finish this work at 1 p.m.,12,stop,0.69,You will finish this work at 1pm.,11,stop,1.11
YXSkyQIKPeU,rep_07,finish work at 1 00 p m,spoken_explanation,False,We'll finish the work at 1 p.m.,12,stop,0.62,We'll finish the work at 1 p.m.,12,stop,0.62,We'll finish the work at 1 pm.,11,stop,1.1
YXSkyQIKPeU,rep_08,finish work at 1 00 p m,spoken_explanation,False,finish the work at 1 p.m.,10,stop,0.6,finish the work at 1 p.m.,10,stop,0.59,finish the work at 1 p.m.,10,stop,1.04
YXSkyQIKPeU,rep_09,finish work at 1 00 p m,spoken_explanation,True,to finish the work at 1 p.m.,11,stop,0.62,to finish the work at 1 p.m.,11,stop,0.61,to finish the work at 1 p.m.,11,stop,1.05
YXSkyQIKPeU,rep_10,finish work at 1 00 p m,spoken_explanation,True,We'll finish work at 1 p.m.,11,stop,0.65,We'll finish work at 1 p.m.,11,stop,0.64,We'll finish work at 1 p.m.,11,stop,1.08
YXSkyQIKPeU,rep_11,finish work at 1 00 p m,spoken_explanation,False,Finish the walk at one o'clock.,9,stop,0.64,Finish the walk at one o'clock.,9,stop,0.62,Finish the work at one o'clock.,9,stop,1.06
YXSkyQIKPeU,rep_12,finish work at 1 00 p m,spoken_explanation,False,I'll finish the work at one p.m.,11,stop,0.79,I'll finish the work at one p.m.,11,stop,0.79,I'll finish the work at one p.m.,11,stop,1.21
YXSkyQIKPeU,rep_13,finish work at 1 00 p m,spoken_explanation,False,We'll finish work at one PM.,9,stop,0.62,We'll finish work at one PM.,9,stop,0.62,We'll finish work at one PM.,9,stop,1.07
YXSkyQIKPeU,rep_14,finish work at 1 00 p m,spoken_explanation,False,finish the work at 1 p.m.,10,stop,0.61,finish the work at 1 p.m.,10,stop,0.59,finish the work at 1 p.m.,10,stop,1.04
_8UYCo7-fqY,rep_00,i didn't say he stole the money,spoken_explanation,True,statement I didn't say he stole the money,10,stop,0.69,statement I didn't say he stole the money,10,stop,0.67,"statement, I didn't say he stole the money.",13,stop,1.16
_8UYCo7-fqY,rep_01,i didn't say he stole the money,spoken_explanation,True,Reflection. I didn't say he stole the money.,13,stop,0.83,Reflection. I didn't say he stole the money.,13,stop,0.85,reflection. I (1.2) didn't say he stole the money.,19,stop,1.37
_8UYCo7-fqY,rep_02,i didn't say he stole the money,spoken_explanation,True,I didn't say he stole the money.,10,stop,0.73,I didn't say he stole the money.,10,stop,0.73,I didn't say he stole the money.,10,stop,1.17
_8UYCo7-fqY,rep_03,i didn't say he stole the money,spoken_explanation,True,I didn't say he stole the money.,10,stop,0.75,I didn't say he stole the money.,10,stop,0.74,I didn't say he stole the money.,10,stop,1.16
_8UYCo7-fqY,rep_04,i didn't say he stole the money,spoken_explanation,True,I didn't say he stole the money.,10,stop,0.74,I didn't say HE stole the money.,10,stop,0.74,I didn't say he stole the money.,10,stop,1.17
_8UYCo7-fqY,rep_05,i didn't say he stole the money,spoken_explanation,False,I didn't say stole the money.,9,stop,0.7,I didn't say stole the money.,9,stop,0.7,I didn't say *stole* the money.,12,stop,1.19
_8UYCo7-fqY,rep_06,i didn't say he stole the money,spoken_explanation,True,permission. I didn't say he stole the money.,12,stop,0.85,permission. I didn't say he stole the money.,12,stop,0.85,permission. I didn't say he stole THE money.,12,stop,1.29
_8UYCo7-fqY,rep_07,i didn't say he stole the money,spoken_explanation,True,I didn't say he stole the money.,10,stop,0.72,I didn't say he stole the money.,10,stop,0.73,I didn't say he stole the money.,10,stop,1.17
NqU2s2CgrUI,rep_00,i never said i stole his money,spoken_explanation,True,I never said I stole his money.,9,stop,0.63,I never said I stole his money.,9,stop,0.63,I never said I stole his money.,9,stop,1.06
NqU2s2CgrUI,rep_01,i never said i stole his money,spoken_explanation,True,I never said I stole his money.,9,stop,0.61,I never said I stole his money.,9,stop,0.61,I never said I stole his money.,9,stop,1.04
NqU2s2CgrUI,rep_02,i never said i stole his money,spoken_explanation,True,I never said I stole his money.,9,stop,0.7,I never said I stole his money.,9,stop,0.71,I never said I stole his money.,9,stop,1.14
NqU2s2CgrUI,rep_03,i never said i stole his money,spoken_explanation,True,I never said I stole his money.,9,stop,0.79,I never said I stole his money.,9,stop,0.78,I never said I stole his money.,9,stop,1.21
NqU2s2CgrUI,rep_04,i never said i stole his money,spoken_explanation,True,I never said I stole his money.,9,stop,0.71,I never said I stole his money.,9,stop,0.7,I never said I stole his money.,9,stop,1.14
NqU2s2CgrUI,rep_05,i never said i stole his money,spoken_explanation,True,I never said I stole his money.,9,stop,0.64,I never said I stole his money.,9,stop,0.64,I never said I stole his money.,9,stop,1.07
NqU2s2CgrUI,rep_06,i never said i stole his money,spoken_explanation,True,I never said I stole his money.,9,stop,0.62,I never said I stole his money.,9,stop,0.63,I never said I stole his money.,9,stop,1.07
NqU2s2CgrUI,rep_07,i never said i stole his money,spoken_explanation,True,I never said I stole his money.,9,stop,0.62,I never said I stole his money.,9,stop,0.62,I never said I stole his money.,9,stop,1.05
HouoQHlyNaU,rep_00,word he is flying to jakarta tomorrow we mean that,spoken_explanation,True,"The first word, he is flying to Jakarta tomorrow, we mean that.",16,stop,1.04,"The first word, he is flying to Jakarta tomorrow, we mean that.",16,stop,1.03,"The first word, he is flying to Jakarta tomorrow, we mean that.",16,stop,1.48
HouoQHlyNaU,rep_01,word he is flying to jakarta tomorrow we mean that,spoken_explanation,True,"Word, he is flying to Jakarta tomorrow. We mean that he's.",16,stop,1.07,"Word, he is flying to Jakarta tomorrow. We mean that he's.",16,stop,1.07,"Word, he is flying to Jakarta tomorrow. We mean that he's.",16,stop,1.51
HouoQHlyNaU,rep_02,word he is flying to jakarta tomorrow we mean that,spoken_explanation,True,Third word: He is flying to Jakarta tomorrow. We mean that he's.,17,stop,1.1,Third word: He is flying to Jakarta tomorrow. We mean that he's.,17,stop,1.1,Third word. He is flying to Jakarta tomorrow. We mean that he's.,17,stop,1.54
HouoQHlyNaU,rep_03,word he is flying to jakarta tomorrow we mean that,spoken_explanation,True,Fourth word. He is flying to Jakarta tomorrow. We mean that he is.,17,stop,1.1,Fourth word. He is flying to Jakarta tomorrow. We mean that he is.,17,stop,1.1,Fourth word. He is flying to Jakarta tomorrow. We mean that he is.,17,stop,1.53
HouoQHlyNaU,rep_04,word he is flying to jakarta tomorrow we mean that,spoken_explanation,True,"The fifth word, he is flying to Jakarta tomorrow. We mean that.",16,stop,1.06,"The fifth word, he is flying to Jakarta tomorrow. We mean that.",16,stop,1.07,"The fifth word, he is flying to Jakarta tomorrow, we mean that.",16,stop,1.48
HouoQHlyNaU,rep_05,word he is flying to jakarta tomorrow we mean that,spoken_explanation,True,Word. He is flying to Jakarta tomorrow. We mean that he's.,16,stop,1.07,Word. He is flying to Jakarta tomorrow. We mean that he's.,16,stop,1.07,Word. He is flying to Jakarta tomorrow. We mean that he's.,16,stop,1.51
d2SF3DHXeC8,rep_00,tom will drive to the airport on monday,spoken_explanation,True,Tom will drive to the airport on Monday.,10,stop,0.65,Tom will drive to the airport on Monday.,10,stop,0.66,Tom will drive to the airport on Monday.,10,stop,1.08
d2SF3DHXeC8,rep_01,tom will drive to the airport on monday,spoken_explanation,True,So Tom will drive to the airport on Monday.,11,stop,0.8,So Tom will drive to the airport on Monday.,11,stop,0.81,So Tom will drive to the airport on Monday.,11,stop,1.24
d2SF3DHXeC8,rep_02,tom will drive to the airport on monday,spoken_explanation,True,Tom will drive to the airport on Monday.,10,stop,0.76,Tom will drive to the airport on Monday.,10,stop,0.76,Tom will drive to the airport on Monday.,10,stop,1.2
d2SF3DHXeC8,rep_03,tom will drive to the airport on monday,spoken_explanation,True,Tom will drive to the airport on Monday.,10,stop,0.76,Tom will drive to the airport on Monday.,10,stop,0.76,Tom will drive to the airport on Monday.,10,stop,1.2
d2SF3DHXeC8,rep_04,tom will drive to the airport on monday,spoken_explanation,True,Tom will drive to the airport on Monday.,10,stop,0.77,Tom will drive to the airport on Monday.,10,stop,0.77,Tom will drive to the airport on Monday.,10,stop,1.21
d2SF3DHXeC8,rep_05,tom will drive to the airport on monday,spoken_explanation,True,Tom will drive to the airport on Monday.,10,stop,0.76,Tom will drive to the airport on Monday.,10,stop,0.77,Tom will drive to the airport on Monday.,10,stop,1.19
X02JYzY5eO8,rep_00,i didn't say he stole her money,spoken_explanation,True,I didn't say he stole her money.,10,stop,0.73,I didn't say he stole her money.,10,stop,0.73,I didn't say he stole her money.,10,stop,1.18
X02JYzY5eO8,rep_01,i didn't say he stole her money,spoken_explanation,True,I didn't say he stole her money.,10,stop,0.74,I didn't say he stole her money.,10,stop,0.76,I (1.2) didn't say he stole her money.,15,stop,1.27
X02JYzY5eO8,rep_02,i didn't say he stole her money,spoken_explanation,True,I didn't say he stole her money.,10,stop,0.74,I didn't say he stole her money.,10,stop,0.73,I didn't say he stole her money.,10,stop,1.17
X02JYzY5eO8,rep_03,i didn't say he stole her money,spoken_explanation,True,I didn't say he stole her money.,10,stop,0.72,I didn't say he stole her money.,10,stop,0.72,I didn't say he stole her money.,10,stop,1.17
X02JYzY5eO8,rep_04,i didn't say he stole her money,spoken_explanation,True,I didn't say he stole her money.,10,stop,0.73,I didn't say HE stole her money.,10,stop,0.74,I didn't say he stole her money.,10,stop,1.17
X02JYzY5eO8,rep_05,i didn't say he stole her money,spoken_explanation,True,him. I didn't say he stole her money.,12,stop,0.81,him. I didn't say he stole her money.,12,stop,0.81,him. I didn't say he *stole* her money.,15,stop,1.29
X02JYzY5eO8,rep_06,i didn't say he stole her money,spoken_explanation,True,I didn't say he stole her money.,10,stop,0.77,I didn't say he stole her money.,10,stop,0.76,I didn't say he stole her money.,10,stop,1.2
X02JYzY5eO8,rep_07,i didn't say he stole her money,spoken_explanation,True,I didn't say he stole her money.,10,stop,0.71,I didn't say he stole her money.,10,stop,0.72,I didn't say he stole her money.,10,stop,1.16
LLOopgVk6gc,rep_00,i never said she stole your money,spoken_explanation,True,I never said she stole your money.,9,stop,0.72,I never said she stole your money.,9,stop,0.72,I never said she stole your money.,9,stop,1.17
LLOopgVk6gc,rep_01,i never said she stole your money,spoken_explanation,True,I never said she stole your money.,9,stop,0.63,I never said she stole your money.,9,stop,0.63,I never said she stole your money.,9,stop,1.07
LLOopgVk6gc,rep_02,i never said she stole your money,spoken_explanation,True,I never said she stole your money.,9,stop,0.77,I never said she stole your money.,9,stop,0.78,I never *said* she stole your money.,11,stop,1.26
LLOopgVk6gc,rep_03,i never said she stole your money,spoken_explanation,True,I never said she stole your money.,9,stop,0.74,I never said she stole your money.,9,stop,0.75,I never *said* she stole your money.,11,stop,1.21
LLOopgVk6gc,rep_04,i never said she stole your money,spoken_explanation,True,I never said she stole your money.,9,stop,0.71,I never said she stole your money.,9,stop,0.72,I never said *she* stole your money.,11,stop,1.19
LLOopgVk6gc,rep_05,i never said she stole your money,spoken_explanation,True,I never said she stole your money.,9,stop,0.72,I never said she stole your money.,9,stop,0.72,I never said she s- stole your money.,11,stop,1.19
LLOopgVk6gc,rep_06,i never said she stole your money,spoken_explanation,True,I never said she stole your money.,9,stop,0.74,I never said she stole your money.,9,stop,0.74,I never said she stole your money.,9,stop,1.19
t6-DUp8dH6M,rep_00,i never said she stole my money,spoken_explanation,True,I never said she stole my money.,9,stop,0.74,I never said she stole my money.,9,stop,0.73,I never said she stole my money.,9,stop,1.18
t6-DUp8dH6M,rep_01,i never said she stole my money,spoken_explanation,True,I never said she stole my money.,9,stop,0.74,I never said she stole my money.,9,stop,0.75,I never said she stole my money.,9,stop,1.19
t6-DUp8dH6M,rep_02,i never said she stole my money,spoken_explanation,True,I never said she stole my money.,9,stop,0.74,I never said she stole my money.,9,stop,0.74,I never said she stole my money.,9,stop,1.18
t6-DUp8dH6M,rep_03,i never said she stole my money,spoken_explanation,True,I never said she stole my money.,9,stop,0.76,I never said she stole my money.,9,stop,0.77,I never said she stole my money.,9,stop,1.19
t6-DUp8dH6M,rep_04,i never said she stole my money,spoken_explanation,True,I never said she stole my money.,9,stop,0.74,I never said she stole my money.,9,stop,0.75,I never said she stole my money.,9,stop,1.19
t6-DUp8dH6M,rep_05,i never said she stole my money,spoken_explanation,True,I never said she stole my money.,9,stop,0.75,I never said she stole my money.,9,stop,0.76,I never said she stole my money.,9,stop,1.19
t6-DUp8dH6M,rep_06,i never said she stole my money,spoken_explanation,True,I never said she stole my money.,9,stop,0.75,I never said she stole my money.,9,stop,0.74,I never said she stole my money.,9,stop,1.18
zdYCW4QH1-Q,rep_00,i never said she stole my money,no_explanation,True,I never said she stole my money.,9,stop,0.72,I never said she stole my money.,9,stop,0.73,I never said she stole my money.,9,stop,1.18
zdYCW4QH1-Q,rep_01,i never said she stole my money,no_explanation,True,I never said she stole my money.,9,stop,0.72,I never said she stole my money.,9,stop,0.72,I never said she stole my money.,9,stop,1.17
zdYCW4QH1-Q,rep_02,i never said she stole my money,no_explanation,True,I never said she stole my money.,9,stop,0.74,I never said she stole my money.,9,stop,0.72,I never *said* she stole my money.,11,stop,1.19
zdYCW4QH1-Q,rep_03,i never said she stole my money,no_explanation,True,I never said she stole my money.,9,stop,0.72,I never said she stole my money.,9,stop,0.72,I never said she stole my money.,9,stop,1.16
zdYCW4QH1-Q,rep_04,i never said she stole my money,no_explanation,True,I never said she stole my money.,9,stop,0.71,I never said she stole my money.,9,stop,0.72,I never said she stole my money.,9,stop,1.16
zdYCW4QH1-Q,rep_05,i never said she stole my money,no_explanation,True,I never said she stole MY money.,9,stop,0.71,I never said she stole MY money.,9,stop,0.72,I never said she stole MY money.,9,stop,1.16
zdYCW4QH1-Q,rep_06,i never said she stole my money,no_explanation,True,I never said she stole my money.,9,stop,0.72,I never said she stole my money.,9,stop,0.71,I never said she stole my money.,9,stop,1.15
xGQ7OORxRCI,rep_00,are you in bed are you in bed are you in bed,spoken_explanation,True,Are you wimbed? Are you wimbed? Are you wimbed?,19,stop,1.03,Are you wimbed? Are you wimbed? Are you wimbed?,19,stop,1.03,Are you wimbed? Are you wimbed? Are you wimbed?,19,stop,1.46
xGQ7OORxRCI,rep_01,are you in bed are you in bed are you in bed,spoken_explanation,False,Stress. Are you in bed? Are you in bed? Are you in bed?,19,stop,1.02,Stress. Are you in bed? Are you in bed? Are you in bed?,19,stop,1.03,Stress. Are you in bed? (1.2) Are you in bed? (1.2) Are you in bed?,29,stop,1.63
xGQ7OORxRCI,rep_02,are you in bed are you in bed are you in bed,spoken_explanation,True,Are you in bed? Are you in bed? Are you in bed?,16,stop,1.02,Are you in bed? Are you in bed? Are you in bed?,16,stop,1.02,Are you in bed? (1.2) Are you in bed? (1.2) Are you in bed?,26,stop,1.63
xGQ7OORxRCI,rep_03,are you in bed are you in bed are you in bed,spoken_explanation,True,Are you in bed? Are you in bed? Are you in bed?,16,stop,0.92,Are you in bed? Are you in bed? Are you in bed?,16,stop,0.91,Are you in bed? Are you in bed? Are you in bed?,16,stop,1.36
xGQ7OORxRCI,rep_04,are you in bed are you in bed are you in bed,spoken_explanation,True,Are you in bed? Are you in bed? Are you in bed?,16,stop,0.98,Are you in bed? Are you in bed? Are you in bed?,16,stop,0.98,Are you in bed? (1.2) Are you in bed? (1.2) Are you in bed?,26,stop,1.59
xGQ7OORxRCI,rep_05,are you in bed are you in bed are you in bed,spoken_explanation,True,Are you in bed? Are you in bed? Are you in bed?,16,stop,0.96,Are you in bed? Are you in bed? Are you in bed?,16,stop,0.96,Are you in bed? (1.2) Are you in bed? (1.2) Are you in bed?,26,stop,1.57
xGQ7OORxRCI,rep_06,are you in bed are you in bed are you in bed,spoken_explanation,True,Are you in bed? Are you in bed? Are you in bed?,16,stop,0.93,Are you in bed? Are you in bed? Are you in bed?,16,stop,0.94,Are you in bed? (1.2) Are you in bed? (1.2) Are you in bed?,26,stop,1.52
bIBUNreInpU,rep_00,to be or not to be that is the question,spoken_explanation,False,To be or not to be. That is the question.,13,stop,1.01,To be or not to be. That is the question.,13,stop,1.02,To be or not to be. That is the question.,13,stop,1.45
bIBUNreInpU,rep_01,to be or not to be that is the question,spoken_explanation,True,"To be or not to be, that is the question.",13,stop,0.87,"To be or not to be, that is the question.",13,stop,0.86,to be or not to be that is the question,11,stop,1.26
bIBUNreInpU,rep_02,to be or not to be that is the question,spoken_explanation,True,"To be or not to be, that is the question.",13,stop,0.82,"To be or not to be, that is the question.",13,stop,0.81,"To be or not to be, that is the question.",13,stop,1.26
bIBUNreInpU,rep_03,to be or not to be that is the question,spoken_explanation,True,To be or not to be? That is the question.,13,stop,0.82,To be or not to be? That is the question.,13,stop,0.82,To be or not to be? That is the question.,13,stop,1.27
bIBUNreInpU,rep_04,to be or not to be that is the question,spoken_explanation,True,"To be or not to be, that is the question.",13,stop,0.84,"To be or not to be, that is the question.",13,stop,0.84,"To be or not to be, that is the question.",13,stop,1.29
bIBUNreInpU,rep_05,to be or not to be that is the question,spoken_explanation,True,"To be or not to be, that is the question.",13,stop,0.9,"To be or not to be, that is the question.",13,stop,0.91,"To be or not to be, that is the question.",13,stop,1.36
jjj3ajhFHzI,rep_00,i didn't say he stole the money,spoken_explanation,True,I didn't say he stole the money.,10,stop,0.63,I didn't say he stole the money.,10,stop,0.63,I didn't say he stole the money.,10,stop,1.09
jjj3ajhFHzI,rep_01,i didn't say he stole the money,spoken_explanation,True,I didn't say he stole the money.,10,stop,0.67,I didn't say he stole the money.,10,stop,0.66,I didn't say he stole the money.,10,stop,1.11
jjj3ajhFHzI,rep_02,i didn't say he stole the money,spoken_explanation,True,I didn't say he stole the money.,10,stop,0.63,I didn't say he stole the money.,10,stop,0.64,I didn't say he stole the money.,10,stop,1.07
jjj3ajhFHzI,rep_03,i didn't say he stole the money,spoken_explanation,True,He. I didn't say he stole the money.,12,stop,0.8,He. I didn't say he stole the money.,12,stop,0.81,He. I didn't say he stole the money.,12,stop,1.24
jjj3ajhFHzI,rep_04,i didn't say he stole the money,spoken_explanation,True,stole. I didn't say he stole the money.,13,stop,0.82,stole. I didn't say he stole the money.,13,stop,0.82,stole. I didn't say he stole the money.,13,stop,1.25
jjj3ajhFHzI,rep_05,i didn't say he stole the money,spoken_explanation,True,I didn't say he stole the money.,10,stop,0.75,word I didn't say he stole the money,10,stop,0.76,I didn't say he stole the money.,10,stop,1.2
PqsH_jQKhpw,rep_00,i didn't tell her you stole his wallet i didn't tell her you stole his wallet i,spoken_explanation,True,I didn't tell her you stole his wallet. I didn't tell her you stole his wallet.,21,stop,1.16,I didn't tell her you stole his wallet. I didn't tell her you stole his wallet.,21,stop,1.17,I didn't tell her you stole his wallet. I didn't tell her you stole his wallet.,21,stop,1.59
PqsH_jQKhpw,rep_01,i didn't tell her you stole his wallet i didn't tell her you stole his wallet i,spoken_explanation,True,I didn't tell her you stole his wallet. I didn't tell her you stole his wallet. I saw.,24,stop,1.23,I didn't tell her you stole his wallet. I didn't tell her you stole his wallet.,21,stop,1.17,I didn't tell her you stole his wallet. I didn't tell her you stole his wallet. I s-,24,stop,1.64
PqsH_jQKhpw,rep_02,i didn't tell her you stole his wallet i didn't tell her you stole his wallet i,spoken_explanation,True,I didn't tell her you stole his wallet. I didn't tell her you stole his wallet.,21,stop,1.13,I didn't tell her you stole his wallet. I didn't tell her you stole his wallet.,21,stop,1.13,I didn't tell her you stole his wallet. I didn't tell her you stole his wallet.,21,stop,1.58
PqsH_jQKhpw,rep_03,i didn't tell her you stole his wallet i didn't tell her you stole his wallet i,spoken_explanation,True,I didn't tell her YOU stole his wallet. I didn't tell her YOU stole his wallet.,21,stop,1.17,I didn't tell her YOU stole his wallet. I didn't tell her YOU stole his wallet.,21,stop,1.16,I didn't tell her YOU stole his wallet. I didn't tell her YOU stole his wallet.,21,stop,1.6
PqsH_jQKhpw,rep_04,i didn't tell her you stole his wallet i didn't tell her you stole his wallet i,spoken_explanation,True,I didn't tell her you stole his wallet. I didn't tell her you stole his wallet.,21,stop,1.15,I didn't tell her you stole his wallet. I didn't tell her you stole his wallet.,21,stop,1.15,I didn't tell her you stole his wallet. I didn't tell her you stole his wallet.,21,stop,1.59
PqsH_jQKhpw,rep_05,i didn't tell her you stole his wallet i didn't tell her you stole his wallet i,spoken_explanation,True,I didn't tell her you stole his wallet. I didn't tell her you stole his wallet.,21,stop,1.16,I didn't tell her you stole his wallet. I didn't tell her you stole his wallet.,21,stop,1.16,I didn't tell her you stole his wallet. I didn't tell her you stole his wallet.,21,stop,1.6
SOzRB9fHesQ,rep_00,i never said you stole the money maybe,spoken_explanation,False,Never said you stole the money.,8,stop,0.61,Never said you stole the money.,8,stop,0.6,Never said you stole the money.,8,stop,1.04
SOzRB9fHesQ,rep_01,i never said you stole the money maybe,spoken_explanation,True,I never said you stole the money.,9,stop,0.73,I never said you stole the money.,9,stop,0.74,I never said you stole the money.,9,stop,1.17
SOzRB9fHesQ,rep_02,i never said you stole the money maybe,spoken_explanation,True,I never said you stole the money.,9,stop,0.64,I never said you stole the money.,9,stop,0.64,I never said you stole the money.,9,stop,1.08
SOzRB9fHesQ,rep_03,i never said you stole the money maybe,spoken_explanation,True,I never said you stole the money. Maybe I am.,13,stop,0.83,I never said you stole the money. Maybe I am.,13,stop,0.83,I never said you stole the money. Maybe I am-,13,stop,1.28
SOzRB9fHesQ,rep_04,i never said you stole the money maybe,spoken_explanation,True,I never said you stole the money. Maybe.,11,stop,0.81,I never said you stole the money. Maybe.,11,stop,0.82,I never said you stole the money. Maybe,10,stop,1.23
SOzRB9fHesQ,rep_05,i never said you stole the money maybe,spoken_explanation,True,I never said you stole the money. Maybe you,11,stop,0.8,I never said you stole the money. Maybe you,11,stop,0.8,I never said you *stole* the money. Maybe you-,15,stop,1.3
SOzRB9fHesQ,rep_06,i never said you stole the money maybe,spoken_explanation,True,I never said you stole the money. Maybe it,11,stop,0.78,I never said you stole the money. Maybe it,11,stop,0.79,I never said you stole the money. Maybe it-,12,stop,1.25
SOzRB9fHesQ,rep_07,i never said you stole the money maybe,spoken_explanation,True,I never said you stole the money. Maybe it was the,13,stop,0.84,I never said you stole the money. Maybe it was,12,stop,0.82,I never said you stole the money. Maybe it was-,13,stop,1.26
SOzRB9fHesQ,rep_08,i never said you stole the money maybe,spoken_explanation,True,I never said you stole the money.,9,stop,0.6,I never said you stole the money.,9,stop,0.6,I never said you stole the money.,9,stop,1.06
QXCpWI0qpys,rep_00,i didn't say we should kill him this means you,spoken_explanation,True,I didn't say we should kill him. This means.,13,stop,0.93,I didn't say we should kill him. This means.,13,stop,0.94,I didn't say we should kill him. This means,12,stop,1.36
QXCpWI0qpys,rep_01,i didn't say we should kill him this means you,spoken_explanation,True,I didn't say we should kill him. This means.,13,stop,0.96,I didn't say we should kill him. This means.,13,stop,0.97,I DIDN'T say we should kill him. This means.,16,stop,1.44
QXCpWI0qpys,rep_02,i didn't say we should kill him this means you,spoken_explanation,True,I didn't say we should kill him. This means you may have.,16,stop,0.99,I didn't say we should kill him. This means you may have.,16,stop,0.99,I didn't SAY we should kill him. (1.2) This means you may have.,22,stop,1.53
QXCpWI0qpys,rep_03,i didn't say we should kill him this means you,spoken_explanation,True,I didn't say we should kill him. This means you said.,15,stop,1.01,I didn't say we should kill him. This means you said.,15,stop,1.0,I didn't say we should kill him. This means you said,14,stop,1.41
QXCpWI0qpys,rep_04,i didn't say we should kill him this means you,spoken_explanation,True,I didn't say we should kill him. This means you said.,15,stop,0.98,I didn't say we should kill him. This means you said.,15,stop,0.98,I didn't say we should kill him. This means you said,14,stop,1.4
QXCpWI0qpys,rep_05,i didn't say we should kill him this means you,spoken_explanation,True,I didn't say we should kill him. This means you.,14,stop,0.96,I didn't say we should kill him. This means you.,14,stop,0.97,I didn't say we should kill him. This means you.,14,stop,1.41
QXCpWI0qpys,rep_06,i didn't say we should kill him this means you,spoken_explanation,True,I didn't say we should kill him. This means you said.,15,stop,1.01,I didn't say we should kill him. This means you said.,15,stop,1.0,I didn't say we should kill him. This means you said.,15,stop,1.46
hJO4EYUs3xs,rep_00,i never said you stole my money,spoken_explanation,True,I never said you stole my money.,9,stop,0.57,I never said you stole my money.,9,stop,0.57,I never said you stole my money.,9,stop,1.01
hJO4EYUs3xs,rep_01,i never said you stole my money,spoken_explanation,True,I never said you stole my money.,9,stop,0.58,I never said you stole my money.,9,stop,0.58,I never said you stole my money.,9,stop,1.02
hJO4EYUs3xs,rep_02,i never said you stole my money,spoken_explanation,True,I never said you stole my money.,9,stop,0.72,I never said you stole my money.,9,stop,0.72,I never said You stole my money.,9,stop,1.15
hJO4EYUs3xs,rep_03,i never said you stole my money,spoken_explanation,True,I never said you stole my money.,9,stop,0.72,I never said you stole my money.,9,stop,0.74,I never said you stole my money.,9,stop,1.18
hJO4EYUs3xs,rep_04,i never said you stole my money,spoken_explanation,True,I never said you stole my money.,9,stop,0.6,I never said you stole my money.,9,stop,0.6,I never said you stole my money.,9,stop,1.06
hJO4EYUs3xs,rep_05,i never said you stole my money,spoken_explanation,True,If I say I never said you stole my money.,12,stop,0.75,If I say I never said you stole my money.,12,stop,0.76,If I say I never said you stole my money.,12,stop,1.19
hJO4EYUs3xs,rep_06,i never said you stole my money,spoken_explanation,True,I never said you stole my money.,9,stop,0.63,I never said you stole my money.,9,stop,0.62,I never said you stole my money.,9,stop,1.07
arFhTw5QS3U,rep_00,the money i didn't say she stole,no_explanation,True,the money I didn't say she stole,9,stop,0.77,the money I didn't say she stole,9,stop,0.75,I didn't say she stole.,8,stop,1.17
arFhTw5QS3U,rep_01,the money i didn't say she stole,no_explanation,True,Stole the money. I didn't say she stole her money.,16,stop,0.86,Stole the money. I didn't say she stole her money.,16,stop,0.87,stole the money. I didn't say she stole the money.,15,stop,1.29
arFhTw5QS3U,rep_02,the money i didn't say she stole,no_explanation,False,Money I didn't say she stole,8,stop,0.73,money I didn't say she stole,8,stop,0.72,money. I didn't say she stole,9,stop,1.18
arFhTw5QS3U,rep_03,the money i didn't say she stole,no_explanation,True,I didn't say she stole the money.,10,stop,0.77,I didn't say she stole the money.,10,stop,0.78,I didn't say she stole the money.,10,stop,1.22
arFhTw5QS3U,rep_04,the money i didn't say she stole,no_explanation,False,money I didn't say she stole,8,stop,0.73,money I didn't say she stole,8,stop,0.74,money I didn't say she stole,8,stop,1.17
uuxrEyho8Ig,rep_00,happy christmas to all of you,spoken_explanation,True,Happy Christmas to all of you.,8,stop,0.71,Happy Christmas to all of you.,8,stop,0.7,Happy Christmas to all of you.,8,stop,1.14
uuxrEyho8Ig,rep_01,happy christmas to all of you,spoken_explanation,True,word. Happy Christmas to all of you.,10,stop,0.78,word. Happy Christmas to all of you.,10,stop,0.8,word. *Happy* Christmas to all of you.,12,stop,1.26
uuxrEyho8Ig,rep_02,happy christmas to all of you,spoken_explanation,True,So happy Christmas to all of you.,9,stop,0.8,So happy Christmas to all of you.,9,stop,0.79,So happy Christmas to all of you.,9,stop,1.23
uuxrEyho8Ig,rep_03,happy christmas to all of you,spoken_explanation,True,Happy Christmas to all of you.,8,stop,0.72,Happy Christmas to all of you.,8,stop,0.73,Happy Christmas to all of you.,8,stop,1.16
uuxrEyho8Ig,rep_04,happy christmas to all of you,spoken_explanation,True,Happy Christmas to all of you.,8,stop,0.74,Happy Christmas to all of you.,8,stop,0.74,Happy Christmas to all of you.,8,stop,1.18
SWfP6kpruPQ,rep_00,are peter and helen visiting us on friday,spoken_explanation,True,Are Peter and Helen visiting us on Friday?,10,stop,0.8,Are Peter and Helen visiting us on Friday?,10,stop,0.8,Are Peter and Helen visiting us on Friday?,10,stop,1.24
SWfP6kpruPQ,rep_01,are peter and helen visiting us on friday,spoken_explanation,True,Are Peter and Helen visiting us on Friday?,10,stop,0.79,Are Peter and Helen visiting us on Friday?,10,stop,0.8,Are Peter and Helen visiting us on Friday?,10,stop,1.22
SWfP6kpruPQ,rep_02,are peter and helen visiting us on friday,spoken_explanation,True,Are Peter and Helen visiting us on Friday?,10,stop,0.77,Are Peter and Helen visiting us on Friday?,10,stop,0.78,Are Peter and Helen visiting us on Friday?,10,stop,1.21
SWfP6kpruPQ,rep_03,are peter and helen visiting us on friday,spoken_explanation,True,Are Peter and Helen visiting us on Friday?,10,stop,0.76,Are Peter and Helen visiting us on Friday?,10,stop,0.76,Are Peter and Helen visiting us on Friday?,10,stop,1.19
SWfP6kpruPQ,rep_04,are peter and helen visiting us on friday,spoken_explanation,True,Are Peter and Helen visiting us on Friday?,10,stop,0.79,Are Peter and Helen visiting us on Friday?,10,stop,0.8,Are Peter and Helen visiting us on Friday?,10,stop,1.24
_IOkGOwZMe0,rep_00,i can't believe this can you,spoken_explanation,True,"I can't believe this, can you?",10,stop,0.74,"I can't believe this, can you?",10,stop,0.74,"I can't believe this, can you?",10,stop,1.18
_IOkGOwZMe0,rep_01,i can't believe this can you,spoken_explanation,True,"say, I can't believe this, can you?",12,stop,0.74,"say, I can't believe this, can you?",12,stop,0.74,"say, I can't believe this, can you?",12,stop,1.19
_IOkGOwZMe0,rep_02,i can't believe this can you,spoken_explanation,True,"I can't believe this, can you?",10,stop,0.71,"I can't believe this, can you?",10,stop,0.7,"I can't believe this, can you?",10,stop,1.15
_IOkGOwZMe0,rep_03,i can't believe this can you,spoken_explanation,True,"I can't believe this, can you?",10,stop,0.83,"I can't believe this, can you?",10,stop,0.83,"I can't believe this, can you?",10,stop,1.25
_IOkGOwZMe0,rep_04,i can't believe this can you,spoken_explanation,True,"I can't believe this, can you?",10,stop,0.72,"I can't believe this, can you?",10,stop,0.73,"I can't believe this, can you?",10,stop,1.17
_IOkGOwZMe0,rep_05,i can't believe this can you,spoken_explanation,True,"I can't believe this, can you?",10,stop,0.69,"I can't believe this, can you?",10,stop,0.69,"I can't believe this, can you?",10,stop,1.13
_IOkGOwZMe0,rep_06,i can't believe this can you,spoken_explanation,True,"together. I can't believe this, can you?",13,stop,0.82,"together. I can't believe this, can you?",13,stop,0.82,"together. I can't believe this, can you?",14,stop,1.29
_IOkGOwZMe0,rep_07,i can't believe this can you,spoken_explanation,True,"I can't believe this, can you?",10,stop,0.72,"I can't believe this, can you?",10,stop,0.73,"I can't believe this, can you?",11,stop,1.17
9rbnSTRTF-Y,rep_00,we put stress on,spoken_explanation,True,We just put rest on that.,8,stop,0.55,We just put rest on that.,8,stop,0.54,We just put rest on that.,8,stop,1.04
9rbnSTRTF-Y,rep_01,we put stress on,spoken_explanation,True,"we usually put stress on,",7,stop,0.61,we usually put stress on.,7,stop,0.6,We usually put stress on.,7,stop,1.02
9rbnSTRTF-Y,rep_02,we put stress on,spoken_explanation,True,We just put stress on.,7,stop,0.58,We just put stress on.,7,stop,0.57,We just put stress on.,7,stop,1.01
9rbnSTRTF-Y,rep_03,we put stress on,spoken_explanation,True,Comms. We usually put stress on a,10,stop,0.76,comms we usually put stress on a,9,stop,0.75,comms. We usually put stress on a,10,stop,1.21
9rbnSTRTF-Y,rep_04,we put stress on,spoken_explanation,False,We put yourself on.,6,stop,0.51,We put ourselves on.,6,stop,0.5,"We put yourself on, psychic.",8,stop,1.04
9rbnSTRTF-Y,rep_05,we put stress on,spoken_explanation,True,We usually put stress on.,7,stop,0.7,We usually put stress on.,7,stop,0.71,We usually put stress on.,7,stop,1.14
9rbnSTRTF-Y,rep_06,we put stress on,spoken_explanation,True,We usually put stress on.,7,stop,0.69,We usually put stress on.,7,stop,0.69,We usually put stress on.,7,stop,1.13
9rbnSTRTF-Y,rep_07,we put stress on,spoken_explanation,True,We put stress on the,6,stop,0.72,We put stress on the,6,stop,0.72,We put stress on the,6,stop,1.16
9rbnSTRTF-Y,rep_08,we put stress on,spoken_explanation,True,We push stress on.,6,stop,0.67,We push stress on.,6,stop,0.67,We push stress on.,6,stop,1.11
9rbnSTRTF-Y,rep_09,we put stress on,spoken_explanation,True,We usually put stress on,6,stop,0.56,We usually put stress on,6,stop,0.56,We usually put stress on,6,stop,1.0
9rbnSTRTF-Y,rep_10,we put stress on,spoken_explanation,True,We put shirt on a second.,8,stop,0.58,We put shirt on a second,7,stop,0.56,We put shirt on a second,7,stop,1.0
9rbnSTRTF-Y,rep_11,we put stress on,spoken_explanation,True,We put stress on a cycle.,8,stop,0.58,We put stress on a second syllable.,9,stop,0.59,We put stress on a cycle.,8,stop,1.02
9rbnSTRTF-Y,rep_12,we put stress on,spoken_explanation,True,We put stress on a,6,stop,0.52,We put stress on a,6,stop,0.5,We put stress on a,6,stop,1.0
9rbnSTRTF-Y,rep_13,we put stress on,spoken_explanation,True,So we put stress on log.,8,stop,0.53,So we put stress on log.,8,stop,0.54,So we put stress on log.,8,stop,1.02
9rbnSTRTF-Y,rep_14,we put stress on,spoken_explanation,True,case we put stress on the prep,8,stop,0.57,case we put stress on the prep,8,stop,0.57,case we put stress on the prep,8,stop,1.0
s8-cCpVFELI,rep_00,you just don't know what we've been through,spoken_explanation,True,You just don't know what we've been through.,12,stop,0.76,You just don't know what we've been through.,12,stop,0.77,You just don't know what we've been through.,12,stop,1.19
s8-cCpVFELI,rep_01,you just don't know what we've been through,spoken_explanation,True,the pause. You just don't know what we've been through.,15,stop,0.96,the pause. You just don't know what we've been through.,15,stop,0.96,the pause (1.2) you (.) just don't know what we've been through.,21,stop,1.5
s8-cCpVFELI,rep_02,you just don't know what we've been through,spoken_explanation,True,You just don't know what we've been through.,12,stop,0.84,You just don't know what we've been through.,12,stop,0.84,You just (1.2) don't know what we've been through.,17,stop,1.37
s8-cCpVFELI,rep_03,you just don't know what we've been through,spoken_explanation,True,You just don't know what we've been through.,12,stop,0.86,You just don't know what we've been through.,12,stop,0.86,You just don't know what we've been through.,12,stop,1.29
s8-cCpVFELI,rep_04,you just don't know what we've been through,spoken_explanation,True,You just don't know what we've been through.,12,stop,0.82,You just don't know what we've been through.,12,stop,0.84,You just don't know what (1.2) we've been through.,17,stop,1.35
s8-cCpVFELI,rep_05,you just don't know what we've been through,spoken_explanation,True,You just don't know what we've been through.,12,stop,0.83,You just don't know what we've been through.,12,stop,0.84,You just don't know what we've been (1.2) through.,17,stop,1.36
s8-cCpVFELI,rep_06,you just don't know what we've been through,spoken_explanation,True,You just don't know what we've been through.,12,stop,0.76,You just don't know what we've been through.,12,stop,0.77,You just don't know what we've been through.,12,stop,1.21
s8-cCpVFELI,rep_07,you just don't know what we've been through,spoken_explanation,True,You just don't know what we've been through.,12,stop,0.78,You just don't know what we've been through.,12,stop,0.77,You just don't know what we've been through.,12,stop,1.21
s8-cCpVFELI,rep_08,you just don't know what we've been through,spoken_explanation,True,You just don't know what we've been through.,12,stop,0.78,You just don't know what we've been through.,12,stop,0.78,You just don't know what we've been through.,12,stop,1.21
s8-cCpVFELI,rep_09,you just don't know what we've been through,spoken_explanation,True,You just don't know what we've been through.,12,stop,0.8,You just don't know what we've been through.,12,stop,0.79,You just don't know what we've been through.,12,stop,1.22
s8-cCpVFELI,rep_10,you just don't know what we've been through,spoken_explanation,True,You just don't know what we've been through.,12,stop,0.79,You just don't know what we've been through.,12,stop,0.8,You just don't know what we've been through.,12,stop,1.22
s8-cCpVFELI,rep_11,you just don't know what we've been through,spoken_explanation,True,You just don't know what we've been through.,12,stop,0.78,You just don't know what we've been through.,12,stop,0.78,You just don't know what we've been through.,12,stop,1.2
s8-cCpVFELI,rep_12,you just don't know what we've been through,spoken_explanation,True,You just don't know what we've been through.,12,stop,0.81,You just don't know what we've been through.,12,stop,0.81,You just don't know what we've been through.,12,stop,1.24
s8-cCpVFELI,rep_13,you just don't know what we've been through,spoken_explanation,True,through you just don't know what we've been through,12,stop,0.86,through. You just don't know what we've been through.,14,stop,0.89,You just don't know what we've been through.,12,stop,1.3
s8-cCpVFELI,rep_14,you just don't know what we've been through,spoken_explanation,True,You just don't know what we've been through.,12,stop,0.82,You just don't know what we've been through.,12,stop,0.84,You just don't know what (1.2) we've been through.,18,stop,1.37
s8-cCpVFELI,rep_15,you just don't know what we've been through,spoken_explanation,True,You just don't know what we've been through.,12,stop,0.81,You just don't know what we've been through.,12,stop,0.81,You just don't know what we've been (1.2) through.,17,stop,1.34
vVVB-35oeQE,rep_00,to be or not to be that is the question,spoken_explanation,False,To be or not to be? That is the question.,13,stop,0.98,To be or not to be? That is the question.,13,stop,0.98,To be or not to be? That is the question.,13,stop,1.41
vVVB-35oeQE,rep_01,to be or not to be that is the question,spoken_explanation,True,"To be or not to be, that is the question.",13,stop,0.84,"To be or not to be, that is the question.",13,stop,0.84,"To be or not to be, that is the question.",13,stop,1.27
vVVB-35oeQE,rep_02,to be or not to be that is the question,spoken_explanation,True,To be or not to be? That is the question.,13,stop,0.9,To be or not to be? That is the question.,13,stop,0.9,To be or not to be? That is the question.,13,stop,1.33
vVVB-35oeQE,rep_03,to be or not to be that is the question,spoken_explanation,True,"To be or not to be, that is the question.",13,stop,0.84,"To be or not to be, that is the question.",13,stop,0.84,"To be or not to be, that is the question.",13,stop,1.3
vVVB-35oeQE,rep_04,to be or not to be that is the question,spoken_explanation,True,"To be or not to be, that is THE question.",13,stop,0.82,"To be or not to be, that is THE question.",13,stop,0.83,"To be or not to be, that is THE question.",13,stop,1.27
vVVB-35oeQE,rep_05,to be or not to be that is the question,spoken_explanation,True,"To be or not to be, that is the question.",13,stop,0.91,"To be or not to be, that is the question.",13,stop,0.89,"To be or not to be, that is the question.",13,stop,1.32
lQ9xUAe1UHA,rep_00,i like to go to the mall,spoken_explanation,True,is I like to go to the mall.,10,stop,0.67,is I like to go to the mall.,10,stop,0.67,is I like to go to the mall.,10,stop,1.11
lQ9xUAe1UHA,rep_01,i like to go to the mall,spoken_explanation,True,I like to go to the mall.,9,stop,0.62,I like to go to the mall.,9,stop,0.62,I like to go to the mall.,9,stop,1.06
lQ9xUAe1UHA,rep_02,i like to go to the mall,spoken_explanation,True,Mall. I like to go to mall.,11,stop,0.84,mall I like to go to mall,8,stop,0.8,mall. I like to go to mall.,10,stop,1.26
lQ9xUAe1UHA,rep_03,i like to go to the mall,spoken_explanation,True,I like to go to the mall.,9,stop,0.73,I like to go to the mall.,9,stop,0.73,I like to go to the mall.,9,stop,1.17
lQ9xUAe1UHA,rep_04,i like to go to the mall,spoken_explanation,True,I like to go to the mall.,9,stop,0.71,I like to go to the mall.,9,stop,0.71,I like to go to the mall.,9,stop,1.16
lQ9xUAe1UHA,rep_05,i like to go to the mall,spoken_explanation,True,I like to go to the mall.,9,stop,0.6,I like to go to the mall.,9,stop,0.6,I like to go to the mall.,9,stop,1.04
1QR3zLzrqfI,rep_00,she ordered a cake,spoken_explanation,False,she ordered a cake with cream.,8,stop,0.65,she ordered a cake with cream.,8,stop,0.63,she ordered a cake with cream,7,stop,1.05
1QR3zLzrqfI,rep_01,she ordered a cake,spoken_explanation,True,She ordered a cake.,6,stop,0.53,She ordered a cake.,6,stop,0.52,She ordered a cake?,6,stop,0.96
1QR3zLzrqfI,rep_02,she ordered a cake,spoken_explanation,True,She ordered a cake.,6,stop,0.57,She ordered a cake.,6,stop,0.57,she ordered a cake,5,stop,0.99
1QR3zLzrqfI,rep_03,she ordered a cake,spoken_explanation,True,syllable she ordered a cake,8,stop,0.73,syllable she ordered a cake,8,stop,0.74,syllable. She ordered a cake.,10,stop,1.22
1QR3zLzrqfI,rep_04,she ordered a cake,spoken_explanation,True,"Example, she ordered a cake.",8,stop,0.71,"For example, she ordered a cake.",9,stop,0.73,"For example, she ordered a cake.",9,stop,1.16
1QR3zLzrqfI,rep_05,she ordered a cake,spoken_explanation,True,She ordered a cake.,6,stop,0.66,She ordered a cake.,6,stop,0.66,She ordered a cake.,6,stop,1.1
1QR3zLzrqfI,rep_06,she ordered a cake,spoken_explanation,True,She ordered a cake.,6,stop,0.67,She ordered a cake.,6,stop,0.67,She ordered a cake.,6,stop,1.1
unOH-8kxLxA,rep_00,is this your pen,spoken_explanation,True,Is this your pen?,6,stop,0.67,Is this your pen?,6,stop,0.67,Is this your pen?,6,stop,1.1
unOH-8kxLxA,rep_01,is this your pen,spoken_explanation,True,Is this your pen?,6,stop,0.54,Is this your pen?,6,stop,0.53,Is this your pen?,6,stop,0.97
unOH-8kxLxA,rep_02,is this your pen,spoken_explanation,True,Is this your pen?,6,stop,0.69,Is this your pen?,6,stop,0.69,Is this your pen?,6,stop,1.12
unOH-8kxLxA,rep_03,is this your pen,spoken_explanation,True,Is this your pen?,6,stop,0.69,Is this your pen?,6,stop,0.69,Is this your pen?,6,stop,1.13
unOH-8kxLxA,rep_04,is this your pen,spoken_explanation,True,Is this your pen?,6,stop,0.71,Is this your pen?,6,stop,0.71,Is this your pen?,6,stop,1.15
unOH-8kxLxA,rep_05,is this your pen,spoken_explanation,True,Is this your pen?,6,stop,0.71,Is this your pen?,6,stop,0.73,Is this your pen?,6,stop,1.15
U30_A9xmFL8,rep_00,i never said you stole my money i,spoken_explanation,True,I never said you stole my money. I never said you stole my money.,17,stop,0.96,I never said you stole my money. I never said you stole my money.,17,stop,0.96,I never said you stole my money. I never said you stole my money.,17,stop,1.4
U30_A9xmFL8,rep_01,i never said you stole my money i,spoken_explanation,True,Stress. I. I never said you stole my money.,14,stop,0.88,Stress. I. I never said you stole my money.,14,stop,0.9,Stress. I. I never said you stole my money.,14,stop,1.33
U30_A9xmFL8,rep_02,i never said you stole my money i,spoken_explanation,True,Okay? I never said you stole my money.,11,stop,0.77,Okay? I never said you stole my money.,11,stop,0.76,Okay? I never said you stole my money.,11,stop,1.2
U30_A9xmFL8,rep_03,i never said you stole my money i,spoken_explanation,True,I never said you stole my money. I never,11,stop,0.82,I never said you stole my money. I never,11,stop,0.83,I never said you stole my money. I never,11,stop,1.27
U30_A9xmFL8,rep_04,i never said you stole my money i,spoken_explanation,True,said I never said you stole my money,9,stop,0.76,said I never said you stole my money,9,stop,0.76,said I never said you stole my money,9,stop,1.19
U30_A9xmFL8,rep_05,i never said you stole my money i,spoken_explanation,True,I never said you stole my money.,9,stop,0.73,I never said you stole my money.,9,stop,0.73,I never said you stole my money.,9,stop,1.16
U30_A9xmFL8,rep_06,i never said you stole my money i,spoken_explanation,True,So I never said you stole my money. I said,12,stop,0.68,"So I never said you stole my money, I said",12,stop,0.68,"So I never said you stole my money, I said",12,stop,1.13
U30_A9xmFL8,rep_07,i never said you stole my money i,spoken_explanation,True,Stole? I never said you stole my money.,13,stop,0.84,Stole? I never said you stole my money.,13,stop,0.83,Stole? I never said you stole my money.,13,stop,1.27
U30_A9xmFL8,rep_08,i never said you stole my money i,spoken_explanation,True,"Okay, I never said you stole my money.",11,stop,0.68,"Okay, I never said you stole my money.",11,stop,0.68,"Okay, I never said you stole my money.",11,stop,1.11
U30_A9xmFL8,rep_09,i never said you stole my money i,spoken_explanation,True,I never said you stole my money. I said you stole.,14,stop,0.84,I never said you stole MY money. I said you stole.,14,stop,0.86,I never said you stole MY money. I said you-,13,stop,1.27
U30_A9xmFL8,rep_10,i never said you stole my money i,spoken_explanation,True,I never said you stole my money.,9,stop,0.74,I never said you stole my money. I said,11,stop,0.77,I never said you so- my money. [brackets] I said,16,stop,1.31
H2naE8bAxeM,rep_00,the boy and the girl ran to school the boy and the girl ran to school,spoken_explanation,True,The boy and the girl ran to school. The boy and the girl ran to school.,19,stop,0.96,The boy and the girl ran to school. The boy and the girl ran to school.,19,stop,0.98,The boy and the girl ran to school. The boy and the girl ran to school.,19,stop,1.42
H2naE8bAxeM,rep_01,the boy and the girl ran to school the boy and the girl ran to school,spoken_explanation,True,The boy and the girl ran to school. The boy and the girl ran to school.,19,stop,1.0,The boy and the girl ran to school. The boy and the girl ran to school.,19,stop,1.01,The boy and the girl ran to school. The boy and the girl ran to school.,19,stop,1.43
H2naE8bAxeM,rep_02,the boy and the girl ran to school the boy and the girl ran to school,spoken_explanation,True,"Again, the boy and the girl ran to school. The boy and the girl ran to school.",21,stop,1.0,The boy and the girl ran to school. The boy and the girl ran to school.,19,stop,0.97,Again. The boy and the girl ran to school. (1.2) The boy and the girl ran to school.,26,stop,1.53
H2naE8bAxeM,rep_03,the boy and the girl ran to school the boy and the girl ran to school,spoken_explanation,True,The boy and the girl ran to school. The boy and the girl ran to school.,19,stop,1.02,The boy and the girl ran to school. The boy and the girl ran to school.,19,stop,1.01,The boy and the girl ran to school. (1.2) The boy and the girl ran to school.,24,stop,1.52
H2naE8bAxeM,rep_04,the boy and the girl ran to school the boy and the girl ran to school,spoken_explanation,True,This the boy and the girl ran to school. The boy and the girl ran to school.,20,stop,1.04,This the boy and the girl ran to school. The boy and the girl ran to school.,20,stop,1.04,this. The boy and the girl ran to school. The boy and the girl ran to school.,21,stop,1.49
O57QgP_o7QA,rep_00,the word home in the,spoken_explanation,True,"For example, the word home in a sentence.",11,stop,0.61,"For example, the word home in a sentence.",11,stop,0.61,"For example, the word home in a sentence.",11,stop,1.06
O57QgP_o7QA,rep_01,the word home in the,spoken_explanation,True,Let's hear the word home in the,9,stop,0.56,Let's hear the word home in the,9,stop,0.53,Let's hear the word home in the,9,stop,1.01
O57QgP_o7QA,rep_02,the word home in the,spoken_explanation,True,for the word home in that,7,stop,0.5,for the word home in that,7,stop,0.5,for the word home in that,7,stop,0.99
O57QgP_o7QA,rep_03,the word home in the,spoken_explanation,True,Compared to the word home in the second,9,stop,0.65,Compared to the word home in the second,9,stop,0.64,Compared to the word home in the second,9,stop,1.08
O57QgP_o7QA,rep_04,the word home in the,spoken_explanation,True,The word home in the,6,stop,0.51,The word home in the,6,stop,0.5,The word home in the,6,stop,1.0
O57QgP_o7QA,rep_05,the word home in the,spoken_explanation,True,The word home in the second,7,stop,0.51,The word home in the second,7,stop,0.48,The word home in the second,7,stop,0.97
O57QgP_o7QA,rep_06,the word home in the,spoken_explanation,True,Alternate the word home from the two,9,stop,0.65,Alternate the word home from the two,9,stop,0.65,Alternate the word home from the two,9,stop,1.08
ECVS-AGRNQw,rep_00,mr brown has a black hat,spoken_explanation,True,Mr. Brown has a black hat.,9,stop,0.64,Mr. Brown has a black hat.,9,stop,0.63,Mr. Brown has a black hat.,9,stop,1.08
ECVS-AGRNQw,rep_01,mr brown has a black hat,spoken_explanation,True,Mr. Brown has a black hat.,9,stop,0.58,Mr. Brown has a black hat.,9,stop,0.58,Mr. Brown has a black hat.,9,stop,1.04
ECVS-AGRNQw,rep_02,mr brown has a black hat,spoken_explanation,True,for saying Mr. Brown has a black hat.,11,stop,0.67,for saying Mr. Brown has a black hat.,11,stop,0.66,for saying Mr. Brown has a black hat.,11,stop,1.11
ECVS-AGRNQw,rep_03,mr brown has a black hat,spoken_explanation,True,Mr. Brown has a black hat.,9,stop,0.59,Mr. Brown has a black hat.,9,stop,0.58,Mr. Brown has a black hat.,9,stop,1.02
ECVS-AGRNQw,rep_04,mr brown has a black hat,spoken_explanation,True,Mr. Brown as a black hat means,9,stop,0.62,Mr. Brown as a black hat means,9,stop,0.63,Mr. Brown as a black hat means,9,stop,1.06
ECVS-AGRNQw,rep_05,mr brown has a black hat,spoken_explanation,True,Brown. Mr. Brown has a black hat means,11,stop,0.67,Brown. Mr. Brown has a black hat means,11,stop,0.67,Brown. Mr. Brown has a black hat means,11,stop,1.1
YT2TcLr6y7w,rep_00,we must change now,spoken_explanation,True,So we must change now.,7,stop,0.52,So we must change now.,7,stop,0.52,So we must change now.,7,stop,1.01
YT2TcLr6y7w,rep_01,we must change now,spoken_explanation,True,We must change now.,6,stop,0.78,We must change now.,6,stop,0.77,We must change now.,6,stop,1.2
YT2TcLr6y7w,rep_02,we must change now,spoken_explanation,True,We must change now.,6,stop,0.79,We must change now.,6,stop,0.79,We must change now.,6,stop,1.22
YT2TcLr6y7w,rep_03,we must change now,spoken_explanation,True,We must change now.,6,stop,0.76,We must change now.,6,stop,0.77,We must change (1.2) now,10,stop,1.28
YT2TcLr6y7w,rep_04,we must change now,spoken_explanation,True,We must change now.,6,stop,0.57,We must change now.,6,stop,0.57,We must change now.,6,stop,1.01
S5f0FKhPax0,rep_00,i want you to,spoken_explanation,True,But I want you to,6,stop,0.44,But I want you to,6,stop,0.44,But I want you to,6,stop,0.92
S5f0FKhPax0,rep_01,i want you to,spoken_explanation,True,"Right, what I want you to",8,stop,0.54,"Right, what I want you to",8,stop,0.54,Right. What I want you to do.,10,stop,1.06
S5f0FKhPax0,rep_02,i want you to,spoken_explanation,True,But I want you to do that again.,10,stop,0.54,But I want you to do that again.,10,stop,0.53,But I want you to do that again.,10,stop,1.02
S5f0FKhPax0,rep_03,i want you to,spoken_explanation,True,And I want you to another,7,stop,0.46,And I want you to another,7,stop,0.47,And I want you to another,7,stop,0.96
S5f0FKhPax0,rep_04,i want you to,spoken_explanation,True,I just want you to count to,8,stop,0.52,I just want you to count to,8,stop,0.51,I just want you to count to,8,stop,1.0
S5f0FKhPax0,rep_05,i want you to,spoken_explanation,True,Now I want you to try to,8,stop,0.52,Now I want you to try to,8,stop,0.48,Now I want you to try to,8,stop,0.98
S5f0FKhPax0,rep_06,i want you to,spoken_explanation,True,I want you to try to,7,stop,0.52,I want you to try to,7,stop,0.5,I want you to try to,7,stop,1.0
NBocin3yBT4,rep_00,come here come here,spoken_explanation,True,Come here. Come here.,7,stop,0.76,Come here. Come here.,7,stop,0.75,Come here. (1.2) Come here.,12,stop,1.27
NBocin3yBT4,rep_01,come here come here,spoken_explanation,True,Come here. Come here.,7,stop,0.81,Come here. Come here.,7,stop,0.82,Come here. (1.2) Come here.,12,stop,1.35
NBocin3yBT4,rep_02,come here come here,spoken_explanation,True,"Come here, come here.",7,stop,0.58,"Come here, come here.",7,stop,0.58,"Come here, come here.",7,stop,1.03
NBocin3yBT4,rep_03,come here come here,spoken_explanation,True,"Come here, come here.",7,stop,0.61,"Come here, come here.",7,stop,0.59,"Come here, come here.",7,stop,1.03
NBocin3yBT4,rep_04,come here come here,spoken_explanation,True,"Come here, come here.",7,stop,0.56,"Come here, come here.",7,stop,0.55,"Come here, come here.",7,stop,1.0
uc8AgRPyFe8,rep_00,i have the word,spoken_explanation,True,I could have the word light.,8,stop,0.54,I could have the word light.,8,stop,0.52,I could have the word light.,8,stop,1.01
uc8AgRPyFe8,rep_01,i have the word,spoken_explanation,True,Or maybe I have the word happy.,9,stop,0.55,Or maybe I have the word happy.,9,stop,0.53,Or maybe I have the word happy.,9,stop,1.04
uc8AgRPyFe8,rep_02,i have the word,spoken_explanation,True,Perhaps I have the word,6,stop,0.5,Perhaps I have the word,6,stop,0.48,Perhaps I have the word,6,stop,0.97
uc8AgRPyFe8,rep_03,i have the word,spoken_explanation,True,Or maybe I have the word hope.,9,stop,0.55,Or maybe I have the word hope.,9,stop,0.53,Or maybe I have the word hope.,9,stop,1.03
uc8AgRPyFe8,rep_04,i have the word,spoken_explanation,True,Well now I have the word,7,stop,0.49,Well now I have the word,7,stop,0.5,Well now I have the word,7,stop,0.98
uc8AgRPyFe8,rep_05,i have the word,spoken_explanation,True,Well now I have the word.,8,stop,0.52,Well now I have the word.,8,stop,0.52,Well now I have the word.,8,stop,1.01
fhhV1N2XJtg,rep_00,never said she stole my money if the,spoken_explanation,False,I ain't never said she stole my money. I,12,stop,0.82,I ain't never said she stole my money. I,12,stop,0.81,I never said she stole my money. I,10,stop,1.22
fhhV1N2XJtg,rep_01,never said she stole my money if the,spoken_explanation,False,I never said she stole my money.,9,stop,0.77,I never said she stole my money.,9,stop,0.77,I never said she stole my money.,9,stop,1.2
fhhV1N2XJtg,rep_02,never said she stole my money if the,spoken_explanation,False,I never said she stole my money. I never said,12,stop,0.83,I never said she stole my money. I never said,12,stop,0.83,I never said she stole my money. I never said.,13,stop,1.27
fhhV1N2XJtg,rep_03,never said she stole my money if the,spoken_explanation,False,He never said she stole my money.,9,stop,0.77,He never said she stole my money.,9,stop,0.77,"He never said, *she* stole my money. If the person-",16,stop,1.33
fhhV1N2XJtg,rep_04,never said she stole my money if the,spoken_explanation,False,I never said she stole my money. I never said,12,stop,0.8,I never said she stole my money. I never said,12,stop,0.81,I never said she stole my money. I never said,12,stop,1.25
fhhV1N2XJtg,rep_05,never said she stole my money if the,spoken_explanation,False,I never said she stole my money. I never said,12,stop,0.81,I never said she stole my money. I never said.,13,stop,0.84,I never said she stole my money. I never said.,13,stop,1.27
fhhV1N2XJtg,rep_06,never said she stole my money if the,spoken_explanation,False,And never said she stole my money. If the,11,stop,0.79,And never said she stole my money. If the,11,stop,0.79,And never said she stole my money. If the,11,stop,1.23
_tsSPbAAKjc,rep_00,i didn't say you stole my money i didn't say you stole my money number,spoken_explanation,True,I didn't say you stole my money. I didn't say you stole my money.,19,stop,1.15,I didn't say you stole my money. I didn't say you stole my money.,19,stop,1.15,I didn't say you stole my money. I didn't say you stole my money.,19,stop,1.59
_tsSPbAAKjc,rep_01,i didn't say you stole my money i didn't say you stole my money number,spoken_explanation,True,I didn't say you stole my money. I didn't say you stole my money.,19,stop,1.07,I didn't say you stole my money. I didn't say you stole my money.,19,stop,1.08,I didn't say you stole my money. I didn't say you stole my money.,19,stop,1.52
_tsSPbAAKjc,rep_02,i didn't say you stole my money i didn't say you stole my money number,spoken_explanation,True,I didn't say you stole my money. I didn't say you stole my money.,19,stop,1.09,I didn't say you stole my money. I didn't say you stole my money.,19,stop,1.1,I didn't say you stole my money. (1.2) I didn't say you stole my money.,24,stop,1.62
_tsSPbAAKjc,rep_03,i didn't say you stole my money i didn't say you stole my money number,spoken_explanation,True,I didn't say you stole my money. I didn't say you stole my money. Number six.,22,stop,1.21,I didn't say you stole my money. I didn't say you stole my money. Number six.,22,stop,1.2,I didn't say you stole my money. I didn't say you stole my money. Number six.,22,stop,1.64
_tsSPbAAKjc,rep_04,i didn't say you stole my money i didn't say you stole my money number,spoken_explanation,True,I didn't say you stole my money I didn't say you stole my money,17,stop,1.06,I didn't say you stole my money I didn't say you stole my money,17,stop,1.06,I didn't say you stole MY money (1.2) I didn't say you stole MY money,22,stop,1.58
yJkfjF94YKA,rep_00,da da da da da da,spoken_explanation,True,Da da da da da da da da da da da da da da da da da da da da da da da da da da da da da da da da da da da da da da da da da da da da da da da da da da da da da da da da da da da da da da da da da da da da da da da da da da da da da da da da da da da da da da da da da da da da da da da da da da da da da da da da da da da da da da da da da da da da da da da da da da da da da da da da da da da da da da da da da da da da da da da da da da da da da da da da da da da da da da da da da da da da da da da da da da da da da da da da da da da da da da da da da da da da da da da da da da da da da da da da da da da da da da da da da da da da da da da da da da da da da da da da da da da da da da da da da da da da da da da da da da da da da da da da da da da da da da da da da da da da da da da da da da da da da da da da da da da da da da da da da da da da da da da da da da da da da da da da da da da da da da da da da da da da da da da da da da da da da da da da da da da da da da da da da da da da da da da da da da da da da da da da da da da da da da da da da da da da da da da da da da da da da da da da da da da da da da da da da da da da da da da da da da da da da da da da da da da da da da da da da da da da da da da da da da da da da da da da da da da da da da da da da da da da da da da da da da da da da da da da da da da da da da da da da da da da da da da da da da da da da da da da da da da da da da da da da da da da da da da da da da da da da da da da da da da da da da da da da da da da da da da da da da da da da da da da da da da da da da da da da da da da da da da da da da da da da da da da da da da da da da da da da da da da da da da da da da da da da da da da da da da da da da da da da da da da da da da da da da da da da da da da da da da da da da da da da da da da da da da da da da da da da da da da da da da da da da da da da da da da da da da da da da da da da da da da da da da da da da da da da da da da da da da da da da da da da da da da da da da da da da da da da da da da da da da da da da da da da da da da da da da da da da da da da da da da da da da da da da da da da da da da da da da da da da da da da da da da da da da da da da da da da da da da da da da da da da da da da da da da da da da da da da da da da da da da da da da da da da da da da da da da da da da da da da da da da da da da da da da da da da da da da da da da da da da da da da da da da da da da da da da da da da da da da da da da da da da da da da da da da da da da da da da da da da da da da da da da da da da da da da da da da da da da da da da da da da da da da da da da da da da da da da da da da da da da da da da da da da da da da da da da da da da da da da da da da da da da da da da da da da da da da da da da da da da da da da da da da da da da da da da da da da da da da da da da da da da da da da da da da da da da da da da da da da da da da da da da da da da da da da da da da da da da da da da da da da da da da da da da da da da da da da da da da da da da da da da da da da da da da da da da da da da da da da da da da da da da da da da da da da da da da da da da da da da da da da da da da da da da da da da da da da da da da da da da da da da da da da da da da da da da da da da da da da da da da da da da da da da da da da da da da da da da da da da da da da da da da da da da da da da da da da da da da da da da da da da da da da da da da da da da da da da da da da da da da da da da da da da da da da da da da da da da da da da da da da da da da da da da da da da da da da da da da da da da da da da da da da da da da da da da da da da da da da da da da da da da da da da da da da da da da da da da da da da da da da da da da da da da da da da da da da da da da da da da da da da da da da da da da da da da da da da da da da da da da da da da da da da da da da da da da da da da da da da da da da da da da da da da da da da da da da da da da da da da da da da da da da da da da da da da da da da da da da da da da da da da da da da da da da da da da da da da da da da da da da da da da da da da da da da da da da da da da da da da da da da da da da da da da da da da da da da da da da da da da da da da da da da da da da da da da da da da da da da da da da da da da da da da da da da da da da da da da da da da da da da da da da da da da da da da da da da da da da da da da da da da da da da da da da da da da da da da da da da da da da da da da da da da da da da da da da da da da da da da da da da da da da da da da da da da da da da da da da da da da da da da da da da da da da da da da da da da da da da da da da da da da da da da da da da da da da da da da da da da da da da da da da da da da da da da da da da da da da da da da da da da da da da da da da da da da da da da da da da da da da da da da da da da da da da da da da da da da da da da da da da da da da da da da da da da da da da da da da da da da da da da da da da da da da da da da da da da da da da da da da da da da da da da da da da da da da da da da da da da da da da da da da da da da da da da da da da da da da da da da da da da da da da da da da da da da da da da da da da da da da da da da da da da da da da da da da da da da da da da da da da da da da da da da da da da da da da da da da da da da da da da da da da da da da da da da da da da da da da da da da da da da da da da da da da da da da da da da da da da da da da da da da da da da da da da da da da da da da da da da da da da da da da da da da da da da da da da da da da da da da da da da da da da da da da da da da da da da da da da da da da da da da da da da da da da da da da da da da da da da da da da da da da da da da da da da da da da da da da da da da da da da da da da da da da da da da da da da da da da da da da da da da da da da da da da da da da da da da da da da da da da da da da da da da da da da da da da da da da da da da da da da da da da da da da da da da da da da da da da da da da da da da da da da da da da da da da da da da da da da da da da da da da da da da da da da da da da da da da da da da da da da da da da da da da da da da da da da da da da da da da da da da da da da da da da da da da da da da da da da da da da da da da da da da da da da da da da,2048,length,36.16,Da da da da da da da da da da da da da da da da da da da da da da da da da da da da da da da da da da da da da da da da da da da da da da da da da da da da da da da da da da da da da da da da da da da da da da da da da da da da da da da da da da da da da da da da da da da da da da da da da da da da da da da da da da da da da da da da da da da da da da da da da da da da da da da da da da da da da da da da da da da da da da da da da da da da da da da da da da da da da da da da da da da da da da da da da da da da da da da da da da da da da da da da da da da da da da da da da da da da da da da da da da da da da da da da da da da da da da da da da da da da da da da da da da da da da da da da da da da da da da da da da da da da da da da da da da da da da da da da da da da da da da da da da da da da da da da da da da da da da da da da da da da da da da da da da da da da da da da da da da da da da da da da da da da da da da da da da da da da da da da da da da da da da da da da da da da da da da da da da da da da da da da da da da da da da da da da da da da da da da da da da da da da da da da da da da da da da da da da da da da da da da da da da da da da da da da da da da da da da da da da da da da da da da da da da da da da da da da da da da da da da da da da da da da da da da da da da da da da da da da da da da da da da da da da da da da da da da da da da da da da da da da da da da da da da da da da da da da da da da da da da da da da da da da da da da da da da da da da da da da da da da da da da da da da da da da da da da da da da da da da da da da da da da da da da da da da da da da da da da da da da da da da da da da da da da da da da da da da da da da da da da da da da da da da da da da da da da da da da da da da da da da da da da da da da da da da da da da da da da da da da da da da da da da da da da da da da da da da da da da da da da da da da da da da da da da da da da da da da da da da da da da da da da da da da da da da da da da da da da da da da da da da da da da da da da da da da da da da da da da da da da da da da da da da da da da da da da da da da da da da da da da da da da da da da da da da da da da da da da da da da da da da da da da da da da da da da da da da da da da da da da da da da da da da da da da da da da da da da da da da da da da da da da da da da da da da da da da da da da da da da da da da da da da da da da da da da da da da da da da da da da da da da da da da da da da da da da da da da da da da da da da da da da da da da da da da da da da da da da da da da da da da da da da da da da da da da da da da da da da da da da da da da da da da da da da da da da da da da da da da da da da da da da da da da da da da da da da da da da da da da da da da da da da da da da da da da da da da da da da da da da da da da da da da da da da da da da da da da da da da da da da da da da da da da da da da da da da da da da da da da da da da da da da da da da da da da da da da da da da da da da da da da da da da da da da da da da da da da da da da da da da da da da da da da da da da da da da da da da da da da da da da da da da da da da da da da da da da da da da da da da da da da da da da da da da da da da da da da da da da da da da da da da da da da da da da da da da da da da da da da da da da da da da da da da da da da da da da da da da da da da da da da da da da da da da da da da da da da da da da da da da da da da da da da da da da da da da da da da da da da da da da da da da da da da da da da da da da da da da da da da da da da da da da da da da da da da da da da da da da da da da da da da da da da da da da da da da da da da da da da da da da da da da da da da da da da da da da da da da da da da da da da da da da da da da da da da da da da da da da da da da da da da da da da da da da da da da da da da da da da da da da da da da da da da da da da da da da da da da da da da da da da da da da da da da da da da da da da da da da da da da da da da da da da da da da da da da da da da da da da da da da da da da da da da da da da da da da da da da da da da da da da da da da da da da da da da da da da da da da da da da da da da da da da da da da da da da da da da da da da da da da da da da da da da da da da da da da da da da da da da da da da da da da da da da da da da da da da da da da da da da da da da da da da da da da da da da da da da da da da da da da da da da da da da da da da da da da da da da da da da da da da da da da da da da da da da da da da da da da da da da da da da da da da da da da da da da da da da da da da da da da da da da da da da da da da da da da da da da da da da da da da da da da da da da da da da da da da da da da da da da da da da da da da da da da da da da da da da da da da da da da da da da da da da da da da da da da da da da da da da da da da da da da da da da da da da da da da da da da da da da da da da da da da da da da da da da da da da da da da da da da da da da da da da da da da da da da da da da da da da da da da da da da da da da da da da da da da da da da da da da da da da da da da da da da da da da da da da da da da da da da da da da da da da da da da da da da da da da da da da da da da da da da da da da da da da da da da da da da da da da da da da da da da da da da da da da da da da da da da da da da da da da da da da da da da da da da da da da da da da da da da da da da da da da da da da da da da da da da da da da da da da da da da da da da da da da da da da da da da da da da da da da da da da da da da da da da da da da da da da da da da da da da da da da da da da da da da da da da da da da da da da da da da da da da da da da da da da da da da da da da da da da da da da da da da da da da da da da da da da da da da da da da da da da da da da da da da da da da da da da da da da da da da da da da da da da da da da da da da da da da da da da da da da da da da da da da da da da da da da da da da da da da da da da da da da da da da da da da da da da da da da da da da da da da da da da da da da da da da da da da da da da da da da da da da da da da da da da da da da da da da da da da da da da da da da da da da da da da da da da da da da da da da da da da da da da da da da da da da da da da da da da da,2048,length,36.79,Dada dada da da. Dada dada da.,12,stop,1.33
yJkfjF94YKA,rep_01,da da da da da da,spoken_explanation,False,Da da da da da da da da da da da da da da da da da da da da da da da da da da da da da da da da da da da da da da da da da da da da da da da da da da da da da da da da da da da da da da da da da da da da da da da da da da da da da da da da da da da da da da da da da da da da da da da da da da da da da da da da da da da da da da da da da da da da da da da da da da da da da da da da da da da da da da da da da da da da da da da da da da da da da da da da da da da da da da da da da da da da da da da da da da da da da da da da da da da da da da da da da da da da da da da da da da da da da da da da da da da da da da da da da da da da da da da da da da da da da da da da da da da da da da da da da da da da da da da da da da da da da da da da da da da da da da da da da da da da da da da da da da da da da da da da da da da da da da da da da da da da da da da da da da da da da da da da da da da da da da da da da da da da da da da da da da da da da da da da da da da da da da da da da da da da da da da da da da da da da da da da da da da da da da da da da da da da da da da da da da da da da da da da da da da da da da da da da da da da da da da da da da da da da da da da da da da da da da da da da da da da da da da da da da da da da da da da da da da da da da da da da da da da da da da da da da da da da da da da da da da da da da da da da da da da da da da da da da da da da da da da da da da da da da da da da da da da da da da da da da da da da da da da da da da da da da da da da da da da da da da da da da da da da da da da da da da da da da da da da da da da da da da da da da da da da da da da da da da da da da da da da da da da da da da da da da da da da da da da da da da da da da da da da da da da da da da da da da da da da da da da da da da da da da da da da da da da da da da da da da da da da da da da da da da da da da da da da da da da da da da da da da da da da da da da da da da da da da da da da da da da da da da da da da da da da da da da da da da da da da da da da da da da da da da da da da da da da da da da da da da da da da da da da da da da da da da da da da da da da da da da da da da da da da da da da da da da da da da da da da da da da da da da da da da da da da da da da da da da da da da da da da da da da da da da da da da da da da da da da da da da da da da da da da da da da da da da da da da da da da da da da da da da da da da da da da da da da da da da da da da da da da da da da da da da da da da da da da da da da da da da da da da da da da da da da da da da da da da da da da da da da da da da da da da da da da da da da da da da da da da da da da da da da da da da da da da da da da da da da da da da da da da da da da da da da da da da da da da da da da da da da da da da da da da da da da da da da da da da da da da da da da da da da da da da da da da da da da da da da da da da da da da da da da da da da da da da da da da da da da da da da da da da da da da da da da da da da da da da da da da da da da da da da da da da da da da da da da da da da da da da da da da da da da da da da da da da da da da da da da da da da da da da da da da da da da da da da da da da da da da da da da da da da da da da da da da da da da da da da da da da da da da da da da da da da da da da da da da da da da da da da da da da da da da da da da da da da da da da da da da da da da da da da da da da da da da da da da da da da da da da da da da da da da da da da da da da da da da da da da da da da da da da da da da da da da da da da da da da da da da da da da da da da da da da da da da da da da da da da da da da da da da da da da da da da da da da da da da da da da da da da da da da da da da da da da da da da da da da da da da da da da da da da da da da da da da da da da da da da da da da da da da da da da da da da da da da da da da da da da da da da da da da da da da da da da da da da da da da da da da da da da da da da da da da da da da da da da da da da da da da da da da da da da da da da da da da da da da da da da da da da da da da da da da da da da da da da da da da da da da da da da da da da da da da da da da da da da da da da da da da da da da da da da da da da da da da da da da da da da da da da da da da da da da da da da da da da da da da da da da da da da da da da da da da da da da da da da da da da da da da da da da da da da da da da da da da da da da da da da da da da da da da da da da da da da da da da da da da da da da da da da da da da da da da da da da da da da da da da da da da da da da da da da da da da da da da da da da da da da da da da da da da da da da da da da da da da da da da da da da da da da da da da da da da da da da da da da da da da da da da da da da da da da da da da da da da da da da da da da da da da da da da da da da da da da da da da da da da da da da da da da da da da da da da da da da da da da da da da da da da da da da da da da da da da da da da da da da da da da da da da da da da da da da da da da da da da da da da da da da da da da da da da da da da da da da da da da da da da da da da da da da da da da da da da da da da da da da da da da da da da da da da da da da da da da da da da da da da da da da da da da da da da da da da da da da da da da da da da da da da da da da da da da da da da da da da da da da da da da da da da da da da da da da da da da da da da da da da da da da da da da da da da da da da da da da da da da da da da da da da da da da da da da da da da da da da da da da da da da da da da da da da da da da da da da da da da da da da da da da da da da da da da da da da da da da da da da da da da da da da da da da da da da da da da da da da da da da da da da da da da da da da da da da da da da da da da da da da da da da da da da da da da da da da da da da da da da da da da da da da da da da da da da da da da da da da da da da da da da da da da da da da da da da da da da da da da da da da da da da da da da da da da da da da da da da da da da da da da da da da da da da da da da da da da da da da da da da da da da da da da da da da da da da da da da da da da da da da da da da da da da da da da da da da da da da da da da da da da da da da da da da da da da da da da da da da da da da da da da da da da da da da,2048,length,36.91,Da da da da da da da da da da da da da da da da da da da da da da da da da da da da da da da da da da da da da da da da da da da da da da da da da da da da da da da da da da da da da da da da da da da da da da da da da da da da da da da da da da da da da da da da da da da da da da da da da da da da da da da da da da da da da da da da da da da da da da da da da da da da da da da da da da da da da da da da da da da da da da da da da da da da da da da da da da da da da da da da da da da da da da da da da da da da da da da da da da da da da da da da da da da da da da da da da da da da da da da da da da da da da da da da da da da da da da da da da da da da da da da da da da da da da da da da da da da da da da da da da da da da da da da da da da da da da da da da da da da da da da da da da da da da da da da da da da da da da da da da da da da da da da da da da da da da da da da da da da da da da da da da da da da da da da da da da da da da da da da da da da da da da da da da da da da da da da da da da da da da da da da da da da da da da da da da da da da da da da da da da da da da da da da da da da da da da da da da da da da da da da da da da da da da da da da da da da da da da da da da da da da da da da da da da da da da da da da da da da da da da da da da da da da da da da da da da da da da da da da da da da da da da da da da da da da da da da da da da da da da da da da da da da da da da da da da da da da da da da da da da da da da da da da da da da da da da da da da da da da da da da da da da da da da da da da da da da da da da da da da da da da da da da da da da da da da da da da da da da da da da da da da da da da da da da da da da da da da da da da da da da da da da da da da da da da da da da da da da da da da da da da da da da da da da da da da da da da da da da da da da da da da da da da da da da da da da da da da da da da da da da da da da da da da da da da da da da da da da da da da da da da da da da da da da da da da da da da da da da da da da da da da da da da da da da da da da da da da da da da da da da da da da da da da da da da da da da da da da da da da da da da da da da da da da da da da da da da da da da da da da da da da da da da da da da da da da da da da da da da da da da da da da da da da da da da da da da da da da da da da da da da da da da da da da da da da da da da da da da da da da da da da da da da da da da da da da da da da da da da da da da da da da da da da da da da da da da da da da da da da da da da da da da da da da da da da da da da da da da da da da da da da da da da da da da da da da da da da da da da da da da da da da da da da da da da da da da da da da da da da da da da da da da da da da da da da da da da da da da da da da da da da da da da da da da da da da da da da da da da da da da da da da da da da da da da da da da da da da da da da da da da da da da da da da da da da da da da da da da da da da da da da da da da da da da da da da da da da da da da da da da da da da da da da da da da da da da da da da da da da da da da da da da da da da da da da da da da da da da da da da da da da da da da da da da da da da da da da da da da da da da da da da da da da da da da da da da da da da da da da da da da da da da da da da da da da da da da da da da da da da da da da da da da da da da da da da da da da da da da da da da da da da da da da da da da da da da da da da da da da da da da da da da da da da da da da da da da da da da da da da da da da da da da da da da da da da da da da da da da da da da da da da da da da da da da da da da da da da da da da da da da da da da da da da da da da da da da da da da da da da da da da da da da da da da da da da da da da da da da da da da da da da da da da da da da da da da da da da da da da da da da da da da da da da da da da da da da da da da da da da da da da da da da da da da da da da da da da da da da da da da da da da da da da da da da da da da da da da da da da da da da da da da da da da da da da da da da da da da da da da da da da da da da da da da da da da da da da da da da da da da da da da da da da da da da da da da da da da da da da da da da da da da da da da da da da da da da da da da da da da da da da da da da da da da da da da da da da da da da da da da da da da da da da da da da da da da da da da da da da da da da da da da da da da da da da da da da da da da da da da da da da da da da da da da da da da da da da da da da da da da da da da da da da da da da da da da da da da da da da da da da da da da da da da da da da da da da da da da da da da da da da da da da da da da da da da da da da da da da da da da da da da da da da da da da da da da da da da da da da da da da da da da da da da da da da da da da da da da da da da da da da da da da da da da da da da da da da da da da da da da da da da da da da da da da da da da da da da da da da da da da da da da da da da da da da da da da da da da da da da da da da da da da da da da da da da da da da da da da da da da da da da da da da da da da da da da da da da da da da da da da da da da da da da da da da da da da da da da da da da da da da da da da da da da da da da da da da da da da da da da da da da da da da da da da da da da da da da da da da da da da da da da da da da da da da da da da da da da da da da da da da da da da da da da da da da da da da da da da da da da da da da da da da da da da da da da da da da da da da da da da da da da da da da da da da da da da da da da da da da da da da da da da da da da da da da da da da da da da da da da da da da da da da da da da da da da da da da da da da da da da da da da da da da da da da da da da da da da da da da da da da da da da da da da da da da da da da da da da da da da da da da da da da da da da da da da da da da da da da da da da da da da da da da da da da da da da da da da da da da da da da da da da da da da da da da da da da da da da da da da da da da da da da da da da da da da da da da da da da da da da da da da da da da da da da da da da da da da da da da da da da da da da da da da da da da da da da da da da da da da da da da da da da da da da da da da da da da da da da da da da da da da da da da da da da da da da da da da da da da da da da da da da da,2048,length,36.18,Da da da da da da da da da da,11,stop,1.32
yJkfjF94YKA,rep_02,da da da da da da,spoken_explanation,True,Da da da da da.,7,stop,0.69,Da da da da da.,7,stop,0.7,Da da da da da.,7,stop,1.12
yJkfjF94YKA,rep_03,da da da da da da,spoken_explanation,True,Da da da da da da da da da da da da da da da da da da da da da da da da da da da da da da da da da da da da da da da da da da da da da da da da da da da da da da da da da da da da da da da da da da da da da da da da da da da da da da da da da da da da da da da da da da da da da da da da da da da da da da da da da da da da da da da da da da da da da da da da da da da da da da da da da da da da da da da da da da da da da da da da da da da da da da da da da da da da da da da da da da da da da da da da da da da da da da da da da da da da da da da da da da da da da da da da da da da da da da da da da da da da da da da da da da da da da da da da da da da da da da da da da da da da da da da da da da da da da da da da da da da da da da da da da da da da da da da da da da da da da da da da da da da da da da da da da da da da da da da da da da da da da da da da da da da da da da da da da da da da da da da da da da da da da da da da da da da da da da da da da da da da da da da da da da da da da da da da da da da da da da da da da da da da da da da da da da da da da da da da da da da da da da da da da da da da da da da da da da da da da da da da da da da da da da da da da da da da da da da da da da da da da da da da da da da da da da da da da da da da da da da da da da da da da da da da da da da da da da da da da da da da da da da da da da da da da da da da da da da da da da da da da da da da da da da da da da da da da da da da da da da da da da da da da da da da da da da da da da da da da da da da da da da da da da da da da da da da da da da da da da da da da da da da da da da da da da da da da da da da da da da da da da da da da da da da da da da da da da da da da da da da da da da da da da da da da da da da da da da da da da da da da da da da da da da da da da da da da da da da da da da da da da da da da da da da da da da da da da da da da da da da da da da da da da da da da da da da da da da da da da da da da da da da da da da da da da da da da da da da da da da da da da da da da da da da da da da da da da da da da da da da da da da da da da da da da da da da da da da da da da da da da da da da da da da da da da da da da da da da da da da da da da da da da da da da da da da da da da da da da da da da da da da da da da da da da da da da da da da da da da da da da da da da da da da da da da da da da da da da da da da da da da da da da da da da da da da da da da da da da da da da da da da da da da da da da da da da da da da da da da da da da da da da da da da da da da da da da da da da da da da da da da da da da da da da da da da da da da da da da da da da da da da da da da da da da da da da da da da da da da da da da da da da da da da da da da da da da da da da da da da da da da da da da da da da da da da da da da da da da da da da da da da da da da da da da da da da da da da da da da da da da da da da da da da da da da da da da da da da da da da da da da da da da da da da da da da da da da da da da da da da da da da da da da da da da da da da da da da da da da da da da da da da da da da da da da da da da da da da da da da da da da da da da da da da da da da da da da da da da da da da da da da da da da da da da da da da da da da da da da da da da da da da da da da da da da da da da da da da da da da da da da da da da da da da da da da da da da da da da da da da da da da da da da da da da da da da da da da da da da da da da da da da da da da da da da da da da da da da da da da da da da da da da da da da da da da da da da da da da da da da da da da da da da da da da da da da da da da da da da da da da da da da da da da da da da da da da da da da da da da da da da da da da da da da da da da da da da da da da da da da da da da da da da da da da da da da da da da da da da da da da da da da da da da da da da da da da da da da da da da da da da da da da da da da da da da da da da da da da da da da da da da da da da da da da da da da da da da da da da da da da da da da da da da da da da da da da da da da da da da da da da da da da da da da da da da da da da da da da da da da da da da da da da da da da da da da da da da da da da da da da da da da da da da da da da da da da da da da da da da da da da da da da da da da da da da da da da da da da da da da da da da da da da da da da da da da da da da da da da da da da da da da da da da da da da da da da da da da da da da da da da da da da da da da da da da da da da da da da da da da da da da da da da da da da da da da da da da da da da da da da da da da da da da da da da da da da da da da da da da da da da da da da da da da da da da da da da da da da da da da da da da da da da da da da da da da da da da da da da da da da da da da da da da da da da da da da da da da da da da da da da da da da da da da da da da da da da da da da da da da da da da da da da da da da da da da da da da da da da da da da da da da da da da da da da da da da da da da da da da da da da da da da da da da da da da da da da da da da da da da da da da da da da da da da da da da da da da da da da da da da da da da da da da da da da da da da da da da da da da da da da da da da da da da da da da da da da da da da da da da da da da da da da da da da da da da da da da da da da da da da da da da da da da da da da da da da da da da da da da da da da da da da da da da da da da da da da da da da da da da da da da da da da da da da da da da da da da da da da da da da da da da da da da da da da da da da da da da da da da da da da da da da da da da da da da da da da da da da da da da da da da da da da da da da da da da da da da da da da da da da da da da da da da da da da da da da da da da da da da da da da da da da da da da da da da da da da da da da da da da da da da da da da da da da da da da da da da da da da da da da da da da da da da da da da da da da da da da da da da da da da da da da da da da da da da da da da da da da da da da da da da da da da da da da da da da da da da da da da da da da da da da da da da da da da da da da da da da da da da da da da da da da da da da da da da da da da da da da da da da da da da da da da da da da da da da da da da da da da da da da da da da da da da da da da da da da da da da da da da da da da da da,2048,length,36.48,Da da da da da da da da da da da da da da da da da da da da da da da da da da da da da da da da da da da da da da da da da da da da da da da da da da da da da da da da da da da da da da da da da da da da da da da da da da da da da da da da da da da da da da da da da da da da da da da da da da da da da da da da da da da da da da da da da da da da da da da da da da da da da da da da da da da da da da da da da da da da da da da da da da da da da da da da da da da da da da da da da da da da da da da da da da da da da da da da da da da da da da da da da da da da da da da da da da da da da da da da da da da da da da da da da da da da da da da da da da da da da da da da da da da da da da da da da da da da da da da da da da da da da da da da da da da da da da da da da da da da da da da da da da da da da da da da da da da da da da da da da da da da da da da da da da da da da da da da da da da da da da da da da da da da da da da da da da da da da da da da da da da da da da da da da da da da da da da da da da da da da da da da da da da da da da da da da da da da da da da da da da da da da da da da da da da da da da da da da da da da da da da da da da da da da da da da da da da da da da da da da da da da da da da da da da da da da da da da da da da da da da da da da da da da da da da da da da da da da da da da da da da da da da da da da da da da da da da da da da da da da da da da da da da da da da da da da da da da da da da da da da da da da da da da da da da da da da da da da da da da da da da da da da da da da da da da da da da da da da da da da da da da da da da da da da da da da da da da da da da da da da da da da da da da da da da da da da da da da da da da da da da da da da da da da da da da da da da da da da da da da da da da da da da da da da da da da da da da da da da da da da da da da da da da da da da da da da da da da da da da da da da da da da da da da da da da da da da da da da da da da da da da da da da da da da da da da da da da da da da da da da da da da da da da da da da da da da da da da da da da da da da da da da da da da da da da da da da da da da da da da da da da da da da da da da da da da da da da da da da da da da da da da da da da da da da da da da da da da da da da da da da da da da da da da da da da da da da da da da da da da da da da da da da da da da da da da da da da da da da da da da da da da da da da da da da da da da da da da da da da da da da da da da da da da da da da da da da da da da da da da da da da da da da da da da da da da da da da da da da da da da da da da da da da da da da da da da da da da da da da da da da da da da da da da da da da da da da da da da da da da da da da da da da da da da da da da da da da da da da da da da da da da da da da da da da da da da da da da da da da da da da da da da da da da da da da da da da da da da da da da da da da da da da da da da da da da da da da da da da da da da da da da da da da da da da da da da da da da da da da da da da da da da da da da da da da da da da da da da da da da da da da da da da da da da da da da da da da da da da da da da da da da da da da da da da da da da da da da da da da da da da da da da da da da da da da da da da da da da da da da da da da da da da da da da da da da da da da da da da da da da da da da da da da da da da da da da da da da da da da da da da da da da da da da da da da da da da da da da da da da da da da da da da da da da da da da da da da da da da da da da da da da da da da da da da da da da da da da da da da da da da da da da da da da da da da da da da da da da da da da da da da da da da da da da da da da da da da da da da da da da da da da da da da da da da da da da da da da da da da da da da da da da da da da da da da da da da da da da da da da da da da da da da da da da da da da da da da da da da da da da da da da da da da da da da da da da da da da da da da da da da da da da da da da da da da da da da da da da da da da da da da da da da da da da da da da da da da da da da da da da da da da da da da da da da da da da da da da da da da da da da da da da da da da da da da da da da da da da da da da da da da da da da da da da da da da da da da da da da da da da da da da da da da da da da da da da da da da da da da da da da da da da da da da da da da da da da da da da da da da da da da da da da da da da da da da da da da da da da da da da da da da da da da da da da da da da da da da da da da da da da da da da da da da da da da da da da da da da da da da da da da da da da da da da da da da da da da da da da da da da da da da da da da da da da da da da da da da da da da da da da da da da da da da da da da da da da da da da da da da da da da da da da da da da da da da da da da da da da da da da da da da da da da da da da da da da da da da da da da da da da da da da da da da da da da da da da da da da da da da da da da da da da da da da da da da da da da da da da da da da da da da da da da da da da da da da da da da da da da da da da da da da da da da da da da da da da da da da da da da da da da da da da da da da da da da da da da da da da da da da da da da da da da da da da da da da da da da da da da da da da da da da da da da da da da da da da da da da da da da da da da da da da da da da da da da da da da da da da da da da da da da da da da da da da da da da da da da da da da da da da da da da da da da da da da da da da da da da da da da da da da da da da da da da da da da da da da da da da da da da da da da da da da da da da da da da da da da da da da da da da da da da da da da da da da da da da da da da da da da da da da da da da da da da da da da da da da da da da da da da da da da da da da da da da da da da da da da da da da da da da da da da da da da da da da da da da da da da da da da da da da da da da da da da da da da da da da da da da da da da da da da da da da da da da da da da da da da da da da da da da da da da da da da da da da da da da da da da da da da da da da da da da da da da da da da da da da da da da da da da da da da da da da da da da da da da da da da da da da da da da da da da da da da da da da da da da da da da da da da da da da da da da da da da da da da da da da da da da da da da da da da da da da,2048,length,36.04,Da da da da da da da,8,stop,1.24
pGE2PZPqkyU,rep_00,heads up heads down heads up heads down,no_explanation,False,"Yeah, so you got heads down. Heads up. Heads down.",17,stop,1.05,"Yeah, so you got heads down heads up heads down.",13,stop,0.96,"Yeah, so you got heads down heads up heads down",12,stop,1.38
pGE2PZPqkyU,rep_01,heads up heads down heads up heads down,no_explanation,True,Heads up. Heads down. Heads up. Heads down.,17,stop,1.0,Heads up heads down heads up heads down,10,stop,0.88,Heads up. Heads down. Heads up. Heads down.,17,stop,1.45
pGE2PZPqkyU,rep_02,heads up heads down heads up heads down,no_explanation,True,Heads up. No! Heads down. Heads up. Heads down.,19,stop,1.09,Heads up. No! Heads down. Heads up. Heads down.,19,stop,1.1,Heads up. No! Heads down. Heads up. Heads down.,19,stop,1.52
pGE2PZPqkyU,rep_03,heads up heads down heads up heads down,no_explanation,True,Heads up. Heads down. Heads up. Heads down.,17,stop,1.01,Heads up. Heads down. Heads up. Heads down.,17,stop,1.01,Heads up. Heads down. Heads up. Heads down.,17,stop,1.45
pGE2PZPqkyU,rep_04,heads up heads down heads up heads down,no_explanation,True,Heads up! Heads down. Heads up! Heads down!,17,stop,1.06,Heads up Heads down Heads up No Heads down,14,stop,1.01,Heads up! Heads down. Heads up! [brackets] Heads down!,21,stop,1.58
pGE2PZPqkyU,rep_05,heads up heads down heads up heads down,no_explanation,True,Heads up heads down heads up,8,stop,0.91,Heads up heads down heads up,8,stop,0.91,Heads up! Heads down. Heads up! [brackets] Some,18,stop,1.52
196G8sHNdo4,rep_00,purse a wolf stole your purse,spoken_explanation,True,A dancer A wolf stole your purse.,9,stop,0.9,A dancer A wolf stole your purse.,9,stop,0.89,A dancer. (1.2) A wolf stole your purse.,15,stop,1.44
196G8sHNdo4,rep_01,purse a wolf stole your purse,spoken_explanation,True,Stole your purse. A wolf stole a purse?,13,stop,0.71,stole your purse. A wolf stole a purse?,12,stop,0.69,stole your purse. A wolf stole a purse?,12,stop,1.14
196G8sHNdo4,rep_02,purse a wolf stole your purse,spoken_explanation,True,A wolf stole your purse.,7,stop,0.61,A wolf stole your purse.,7,stop,0.6,A wolf stole your purse.,7,stop,1.05
196G8sHNdo4,rep_03,purse a wolf stole your purse,spoken_explanation,True,"dog? Listen, a wolf stole your purse.",11,stop,0.79,"dog? Listen, a wolf stole your purse.",11,stop,0.77,"dog? Listen, a wolf stole your purse.",11,stop,1.22
196G8sHNdo4,rep_04,purse a wolf stole your purse,spoken_explanation,True,"No, a wolf stole your purse.",9,stop,0.72,"No, a wolf stole your purse.",9,stop,0.73,"No, a wolf stole your purse.",9,stop,1.17
196G8sHNdo4,rep_05,purse a wolf stole your purse,spoken_explanation,True,my purse? A wolf stole your purse.,10,stop,0.74,my purse? A wolf stole your purse.,10,stop,0.75,My purse? A wolf stole your purse.,10,stop,1.19
196G8sHNdo4,rep_06,purse a wolf stole your purse,spoken_explanation,True,That's all I know. A wolf stole your purse.,13,stop,0.97,That's all I know. A wolf stole your purse.,13,stop,0.98,That's all I know. (1.2) A wolf stole your purse.,18,stop,1.48
196G8sHNdo4,rep_07,purse a wolf stole your purse,spoken_explanation,True,"Listen, a wolf stole your purse.",9,stop,0.76,"Listen, a wolf stole your purse.",9,stop,0.75,"Listen, a wolf stole your purse.",9,stop,1.19
196G8sHNdo4,rep_08,purse a wolf stole your purse,spoken_explanation,True,"No, a wolf stole your purse.",9,stop,0.78,"No, a wolf stole your purse.",9,stop,0.78,"No, a wolf stole your purse.",9,stop,1.21
eYot_tpDj14,rep_00,exam the teacher didn't grade your,spoken_explanation,True,a sentence the teacher didn't grade your example,10,stop,0.75,a sentence the teacher didn't grade your example,10,stop,0.76,a sentence the teacher didn't grade your exam,10,stop,1.19
eYot_tpDj14,rep_01,exam the teacher didn't grade your,spoken_explanation,True,Three sentences. The teacher didn't grade your exam.,12,stop,0.8,The teacher didn't grade your exam.,9,stop,0.75,The teacher didn't grade your exam.,9,stop,1.19
eYot_tpDj14,rep_02,exam the teacher didn't grade your,spoken_explanation,False,The teacher didn't grade your exam.,9,stop,0.61,The teacher didn't grade your exam.,9,stop,0.61,The teacher didn't grade your exam.,9,stop,1.06
eYot_tpDj14,rep_03,exam the teacher didn't grade your,spoken_explanation,False,The teacher didn't grade your essay.,9,stop,0.58,The teacher didn't grade your essay.,9,stop,0.59,The teacher didn't grade your essay.,9,stop,1.03
eYot_tpDj14,rep_04,exam the teacher didn't grade your,spoken_explanation,True,your exam. The teacher didn't grade your exam.,12,stop,0.87,your exam. The teacher didn't grade your exam.,12,stop,0.88,your exam. (1.2) The teacher didn't grade your exam.,17,stop,1.4
eYot_tpDj14,rep_05,exam the teacher didn't grade your,spoken_explanation,False,Third sentence. The teacher didn't grade your again.,12,stop,0.69,Third sentence. The teacher didn't grade your again.,12,stop,0.69,Third sentence. The teacher didn't grade your essay.,12,stop,1.13
eYot_tpDj14,rep_06,exam the teacher didn't grade your,spoken_explanation,True,your exam. The teacher didn't grade your,10,stop,0.76,your exam. The teacher didn't grade your,10,stop,0.75,your exam. The teacher didn't grade your,10,stop,1.2
eYot_tpDj14,rep_07,exam the teacher didn't grade your,spoken_explanation,True,the same sentence? The teacher didn't grade your exam.,13,stop,0.91,the same sentence the teacher didn't grade your exam,11,stop,0.88,the same sentence? (1.2) The teacher didn't grade your exam.,18,stop,1.43
eYot_tpDj14,rep_08,exam the teacher didn't grade your,spoken_explanation,False,This is the target. The teacher didn't grade your.,13,stop,0.81,This is the target. The teacher didn't grade your,12,stop,0.79,This is the target. (1.2) The teacher didn't grade your,17,stop,1.31
8dHDFirZVZY,rep_00,i didn't give her the pink flowers i didn't give her the pink flowers,spoken_explanation,True,I didn't give her the pink flowers. I didn't give her the pink flowers.,19,stop,1.02,I didn't give her the pink flowers. I didn't give her the pink flowers.,19,stop,1.03,I didn't give her the pink flowers. (1.2) I didn't give her the pink flowers.,24,stop,1.56
8dHDFirZVZY,rep_01,i didn't give her the pink flowers i didn't give her the pink flowers,spoken_explanation,True,I didn't give her the pink flowers. I didn't give her the pink flowers.,19,stop,1.03,I didn't give her the pink flowers. I didn't give her the pink flowers.,19,stop,1.02,I didn't give her the pink flowers. (1.2) I didn't give her the pink flowers.,24,stop,1.54
8dHDFirZVZY,rep_02,i didn't give her the pink flowers i didn't give her the pink flowers,spoken_explanation,True,I didn't give her the pink flowers. I didn't give her the pink flowers.,19,stop,1.0,I didn't give her the pink flowers. I didn't give her the pink flowers.,19,stop,1.01,I didn't give her the pink flowers. I didn't give her the pink flowers.,19,stop,1.45
8dHDFirZVZY,rep_03,i didn't give her the pink flowers i didn't give her the pink flowers,spoken_explanation,True,I didn't give her the pink flowers. I didn't give her the pink flowers.,19,stop,0.99,I didn't give her the pink flowers. I didn't give her the pink flowers.,19,stop,0.98,I didn't give her the pink flowers. (1.2) I didn't give her the pink flowers.,25,stop,1.52
68TlhbC_7ns,rep_00,i did not say she carried her dog,spoken_explanation,True,I did not say she carried a dog.,10,stop,0.66,I did not say she carried a dog.,10,stop,0.68,I did not say she carried a dog.,10,stop,1.1
68TlhbC_7ns,rep_01,i did not say she carried her dog,spoken_explanation,True,I did not say she carried her dog.,10,stop,0.73,I did not say she carried her dog.,10,stop,0.74,I did not say she carried her dog.,10,stop,1.18
68TlhbC_7ns,rep_02,i did not say she carried her dog,spoken_explanation,True,I did not say she carried a dog.,10,stop,0.75,I did not say she carried a dog.,10,stop,0.76,I did not say she carried a dog.,10,stop,1.18
68TlhbC_7ns,rep_03,i did not say she carried her dog,spoken_explanation,True,I did not say she carried her dog.,10,stop,0.71,I did not say she carried her dog.,10,stop,0.71,I did not say she carried her dog.,10,stop,1.14
68TlhbC_7ns,rep_04,i did not say she carried her dog,spoken_explanation,True,I did not say she carried her dog.,10,stop,0.67,I did not say she carried her dog.,10,stop,0.66,I did not say she carried HER dog.,10,stop,1.11
68TlhbC_7ns,rep_05,i did not say she carried her dog,spoken_explanation,True,"I do not say she carried her dog,",10,stop,0.64,"I do not say she carried her dog,",10,stop,0.64,I do not say she carried her dog.,10,stop,1.09
-Usf78IP0yA,rep_00,why would jerry bring anything,spoken_explanation,True,responds why would Jerry bring anything,8,stop,0.72,responds why would Jerry bring anything?,9,stop,0.75,"responds, why would Jerry bring anything?",10,stop,1.18
-Usf78IP0yA,rep_01,why would jerry bring anything,spoken_explanation,True,Why would Jerry bring anything?,7,stop,0.61,Why would Jerry bring anything?,7,stop,0.6,Why would Jerry bring anything?,7,stop,1.05
-Usf78IP0yA,rep_02,why would jerry bring anything,spoken_explanation,True,Why would Jerry bring anything?,7,stop,0.7,Why would Jerry bring anything?,7,stop,0.7,Why would Jerry *bring* anything?,9,stop,1.18
-Usf78IP0yA,rep_03,why would jerry bring anything,spoken_explanation,True,Why would Jerry bring anything?,7,stop,0.56,Why would Jerry bring anything?,7,stop,0.55,Why would Jerry bring anything?,7,stop,1.0
-Usf78IP0yA,rep_04,why would jerry bring anything,spoken_explanation,True,"Did he say, why would Jerry bring anything?",11,stop,0.75,"Did he say, why would Jerry bring anything?",11,stop,0.76,"Did he say, *why* would Jerry bring anything?",13,stop,1.22
-Usf78IP0yA,rep_05,why would jerry bring anything,spoken_explanation,True,Why would Jerry bring anything?,7,stop,0.56,Why would Jerry bring anything?,7,stop,0.55,Why would Jerry bring anything?,7,stop,0.99
RcGkHrPSzDc,rep_00,to have an uncomfortable conversation with you,spoken_explanation,True,I need to have an uncomfortable conversation with you.,11,stop,0.79,I need to have an uncomfortable conversation with you.,11,stop,0.8,I need to have an uncomfortable conversation with you.,11,stop,1.21
RcGkHrPSzDc,rep_01,to have an uncomfortable conversation with you,spoken_explanation,True,this I need to have an uncomfortable conversation with you.,12,stop,0.69,this I need to have an uncomfortable conversation with you.,12,stop,0.68,this I need to have an uncomfortable conversation with you.,12,stop,1.13
RcGkHrPSzDc,rep_02,to have an uncomfortable conversation with you,spoken_explanation,True,have to have an uncomfortable conversation with you,9,stop,0.72,have to have an uncomfortable conversation with you,9,stop,0.72,have to have an uncomfortable conversation with you.,10,stop,1.17
RcGkHrPSzDc,rep_03,to have an uncomfortable conversation with you,spoken_explanation,True,I need to have an uncomfortable conversation with you.,11,stop,0.66,I need to have an uncomfortable conversation with you.,11,stop,0.66,I need to have an uncomfortable conversation with you.,11,stop,1.1
k8k_rNTDjJM,rep_00,who then turned out 15 years later to be,spoken_explanation,True,who turned out 15 years later to be the,12,stop,0.64,who turned out 15 years later to be the,12,stop,0.64,who turned out 15 years later to be the,12,stop,1.08
k8k_rNTDjJM,rep_01,who then turned out 15 years later to be,spoken_explanation,True,island who then turned out 15 years later to be the,15,stop,0.75,island who then turned out 15 years later to be the,15,stop,0.75,island who then turned out 15 years later to be the,15,stop,1.2
k8k_rNTDjJM,rep_02,who then turned out 15 years later to be,spoken_explanation,True,airline who then turned out 15 years later to be the,15,stop,0.88,airline who then turned out 15 years later to be the,15,stop,0.88,"airline, who then turned out 15 years later to be the",16,stop,1.33
k8k_rNTDjJM,rep_03,who then turned out 15 years later to be,spoken_explanation,True,Island who then turned out 15 years later to be the,15,stop,0.88,Island who then turned out 15 years later to be the,15,stop,0.87,Island who then turned out 15 years later to be the,15,stop,1.32
k8k_rNTDjJM,rep_04,who then turned out 15 years later to be,spoken_explanation,True,Island who then turned out 15 years later to be the leader of the,18,stop,0.81,Island who then turned out 15 years later to be the leader of the,18,stop,0.81,Island who then turned out 15 years later to be the leader of the,18,stop,1.25
mwKuYpjeDdM,rep_00,move the adverb to the,spoken_explanation,True,You will move the adverb to a different,10,stop,0.62,You will move the adverb to a different,10,stop,0.62,You will move the adverb to a different,10,stop,1.06
mwKuYpjeDdM,rep_01,move the adverb to the,spoken_explanation,True,Move the adverb before the verb.,9,stop,0.75,Move the adverb before the verb.,9,stop,0.76,Move the adverb before the verb.,9,stop,1.2
mwKuYpjeDdM,rep_02,move the adverb to the,spoken_explanation,True,Move the adverb to the end.,9,stop,0.61,Move the adverb to the end.,9,stop,0.61,Move the adverb to the,7,stop,1.02
mwKuYpjeDdM,rep_03,move the adverb to the,spoken_explanation,True,Move the adverb before the verb.,9,stop,0.77,Move the adverb before the verb.,9,stop,0.77,Move the adverb before the verb.,9,stop,1.2
mwKuYpjeDdM,rep_04,move the adverb to the,spoken_explanation,True,Move the adverb to the beginning.,9,stop,0.64,Move the adverb to the beginning.,9,stop,0.62,Move the adverb to the beginning.,9,stop,1.08
mwKuYpjeDdM,rep_05,move the adverb to the,spoken_explanation,True,Move the adverb to the end.,9,stop,0.62,Move the adverb to the end.,9,stop,0.61,Move the adverb to the end.,9,stop,1.06
mwKuYpjeDdM,rep_06,move the adverb to the,spoken_explanation,True,Move the adverb to the beginning.,9,stop,0.58,Move the adverb to the beginning.,9,stop,0.59,Move the adverb to the beginning.,9,stop,1.03
sBaqJO0t5Z8,rep_00,this is the last time i do this with you,no_explanation,True,This is the last time I do this with you.,12,stop,0.82,This is the last time I do this with you.,12,stop,0.83,This is the last time I do this with you.,12,stop,1.26
sBaqJO0t5Z8,rep_01,this is the last time i do this with you,no_explanation,True,This is the last time I do this with you.,12,stop,0.8,This is the last time I do this with you.,12,stop,0.81,This is the last time I do this with you.,12,stop,1.26
sBaqJO0t5Z8,rep_02,this is the last time i do this with you,no_explanation,True,This is the last time I do this with you.,12,stop,0.76,This is the last time I do this with you.,12,stop,0.76,This is the last time I do this with you.,12,stop,1.19
sBaqJO0t5Z8,rep_03,this is the last time i do this with you,no_explanation,True,This is the last time I do this with you.,12,stop,0.85,This is the last time I do this with you.,12,stop,0.85,This is the last time I do this with you.,12,stop,1.29
cciUi_bQ49k,rep_00,didn't watch a horror film at the cinema last night,spoken_explanation,True,Ed didn't watch a horror film at the cinema last night.,14,stop,0.87,Ed didn't watch a horror film at the cinema last night.,14,stop,0.88,Ed didn't watch a horror film at the cinema last night.,14,stop,1.32
cciUi_bQ49k,rep_01,didn't watch a horror film at the cinema last night,spoken_explanation,True,Ed didn't watch a horror film at the cinema last night.,14,stop,0.85,Ed didn't watch a horror film at the cinema last night.,14,stop,0.85,Ed didn't watch a horror film at the cinema last night.,14,stop,1.28
cciUi_bQ49k,rep_02,didn't watch a horror film at the cinema last night,spoken_explanation,True,Ed didn't watch a horror film at the cinema last night.,14,stop,0.87,Ed didn't watch a horror film at the cinema last night.,14,stop,0.88,Ed didn't watch a horror film at the cinema last night.,14,stop,1.31
cciUi_bQ49k,rep_03,didn't watch a horror film at the cinema last night,spoken_explanation,True,Ed didn't watch a horror film at the cinema last night.,14,stop,0.86,Ed didn't watch a horror film at the cinema last night.,14,stop,0.85,Ed didn't watch a horror film at the cinema last night.,14,stop,1.3
re76rPbBrb4,rep_00,i said he didn't steal the money from the bank,spoken_explanation,True,I said he didn't steal the money from the bank.,13,stop,0.82,I said he didn't steal the money from the bank.,13,stop,0.84,I said he didn't steal the money from the bank.,13,stop,1.25
re76rPbBrb4,rep_01,i said he didn't steal the money from the bank,spoken_explanation,True,I said he didn't steal the money from the bank.,13,stop,0.82,I said he didn't steal the money from the bank.,13,stop,0.82,I said he didn't steal the money from the bank.,13,stop,1.25
re76rPbBrb4,rep_02,i said he didn't steal the money from the bank,spoken_explanation,True,I said he didn't steal the money from the bank.,13,stop,0.8,I said he didn't steal the money from the bank.,13,stop,0.8,I said he didn't steal the money from the bank.,13,stop,1.25
re76rPbBrb4,rep_03,i said he didn't steal the money from the bank,spoken_explanation,True,I said he didn't steal the money from the bank.,13,stop,0.8,I said he didn't steal the money from the bank.,13,stop,0.82,I said he didn't steal the money from the bank.,13,stop,1.26
YtJCvr7G1bY,rep_00,i didn't say he stole the money this,spoken_explanation,True,I didn't say he stole the money. This,11,stop,0.92,I didn't say he stole the money. This,11,stop,0.93,I didn't say he stole the money. This,11,stop,1.35
YtJCvr7G1bY,rep_01,i didn't say he stole the money this,spoken_explanation,True,I didn't say you stole the money.,10,stop,0.8,I didn't say you stole the money.,10,stop,0.81,I didn't say you stole the money.,10,stop,1.26
YtJCvr7G1bY,rep_02,i didn't say he stole the money this,spoken_explanation,True,I didn't say he stole the money.,10,stop,0.89,I didn't say he stole the money.,10,stop,0.89,I didn't say *stole* the money. This,13,stop,1.38
YtJCvr7G1bY,rep_03,i didn't say he stole the money this,spoken_explanation,False,I didn't say he stole the money.,10,stop,0.83,I didn't say he stole the money.,10,stop,0.83,I didn't say he stole the money. This,11,stop,1.28
FLhV7Ovaza0,rep_00,go on a treasure hunt,spoken_explanation,True,Let's go on a treasure hunt.,9,stop,0.56,Let's go on a treasure hunt.,9,stop,0.55,Let's go on a treasure hunt.,9,stop,1.04
FLhV7Ovaza0,rep_01,go on a treasure hunt,spoken_explanation,True,want to go on a treasure hunt.,10,stop,0.57,want to go on a treasure hunt.,10,stop,0.56,want to go on a treasure hunt.,10,stop,1.05
FLhV7Ovaza0,rep_02,go on a treasure hunt,spoken_explanation,True,Wanna go on a treasure hunt?,9,stop,0.53,Wanna go on a treasure hunt?,9,stop,0.54,Wanna go on a treasure hunt?,9,stop,1.02
FLhV7Ovaza0,rep_03,go on a treasure hunt,spoken_explanation,True,Let's go on a treasure hunt and I go.,12,stop,0.6,Let's go on a treasure hunt and I go.,12,stop,0.6,Let's go on a treasure hunt and I go.,12,stop,1.09
m0SstuhI79A,rep_00,say those three words,spoken_explanation,True,One way to say those three words is,9,stop,0.57,One way to say those three words is,9,stop,0.57,One way to say those three words is,9,stop,1.05
m0SstuhI79A,rep_01,say those three words,spoken_explanation,True,to say those three words is,7,stop,0.52,to say those three words is,7,stop,0.51,to say those three words is,7,stop,0.99
m0SstuhI79A,rep_02,say those three words,spoken_explanation,True,I could also say those three words.,9,stop,0.56,I could also say those three words.,9,stop,0.57,I could also say those three words.,9,stop,1.04
m0SstuhI79A,rep_03,say those three words,spoken_explanation,True,Because I said those three words and it,9,stop,0.59,Because I said those three words and it,9,stop,0.57,Because I said those three words and it,9,stop,1.03
m0SstuhI79A,rep_04,say those three words,spoken_explanation,True,You could also say those three words.,9,stop,0.54,You could also say those three words.,9,stop,0.54,You could also say those three words.,9,stop,1.03
m0SstuhI79A,rep_05,say those three words,spoken_explanation,True,could also say those three words with,8,stop,0.55,could also say those three words with,8,stop,0.55,could also say those three words with,8,stop,1.04
31kPZRHD6CI,rep_00,the end of words,spoken_explanation,True,of the end of words.,7,stop,0.5,of the end of words.,7,stop,0.49,of the end of words.,7,stop,0.98
31kPZRHD6CI,rep_01,the end of words,spoken_explanation,True,The end of words.,6,stop,0.5,The end of words.,6,stop,0.5,The end of words,5,stop,0.97
31kPZRHD6CI,rep_02,the end of words,spoken_explanation,True,to the end of words.,7,stop,0.56,to the end of words.,7,stop,0.55,to the end of words.,7,stop,0.99
31kPZRHD6CI,rep_03,the end of words,spoken_explanation,True,pronounce the end of those words.,9,stop,0.64,pronounce the end of those words.,9,stop,0.63,pronounce the end of those words.,9,stop,1.07
31kPZRHD6CI,rep_04,the end of words,spoken_explanation,True,at the end of words.,7,stop,0.51,at the end of words.,7,stop,0.51,at the end of words.,7,stop,1.0
uRdFtrv2yGA,rep_00,do daily deeds diligently,spoken_explanation,True,Do daily deeds diligently.,8,stop,0.58,Do daily deeds diligently.,8,stop,0.57,Do daily deeds diligently.,8,stop,1.01
uRdFtrv2yGA,rep_01,do daily deeds diligently,spoken_explanation,False,Do daily deeds diligently.,8,stop,0.61,Do daily deeds diligently.,8,stop,0.6,Do daily deeds diligently.,8,stop,1.04
uRdFtrv2yGA,rep_02,do daily deeds diligently,spoken_explanation,True,"Clearly, do daily deeds diligently.",11,stop,0.68,"Clearly, do daily deeds diligently.",11,stop,0.68,"Clearly, do daily deeds diligently.",11,stop,1.11
uRdFtrv2yGA,rep_03,do daily deeds diligently,spoken_explanation,True,Do daily deeds diligently.,8,stop,0.6,Do daily deeds diligently.,8,stop,0.6,Do daily deeds diligently.,8,stop,1.04
uRdFtrv2yGA,rep_04,do daily deeds diligently,spoken_explanation,True,Do daily deeds diligently.,8,stop,0.61,Do daily deeds diligently.,8,stop,0.61,Do daily deeds diligently.,8,stop,1.05
uRdFtrv2yGA,rep_05,do daily deeds diligently,spoken_explanation,False,Do they indeed still agree?,7,stop,0.54,Do they indeed still agree to you?,9,stop,0.58,Do they indeed still agree?,7,stop,0.99
uRdFtrv2yGA,rep_06,do daily deeds diligently,spoken_explanation,True,Do they indeed still exist?,7,stop,0.54,Do they indeed still exist?,7,stop,0.54,Do they indeed still exist?,7,stop,0.98
uRdFtrv2yGA,rep_07,do daily deeds diligently,spoken_explanation,False,Do they indeed still exist? Okay.,9,stop,0.59,Do they indeed still exist? Okay.,9,stop,0.57,Do they need still it? Okay.,9,stop,1.02
cDZ-aioOJF0,rep_00,word of the week,spoken_explanation,True,The word of the week.,7,stop,0.57,The word of the week.,7,stop,0.56,The word of the week.,7,stop,1.01
cDZ-aioOJF0,rep_01,word of the week,spoken_explanation,True,Worded the week.,6,stop,0.49,Worded the week.,6,stop,0.48,Where did the week?,6,stop,0.97
cDZ-aioOJF0,rep_02,word of the week,spoken_explanation,True,Hot word of the week.,7,stop,0.5,hot word of the week.,7,stop,0.5,Hot word of the week.,7,stop,0.98
cDZ-aioOJF0,rep_03,word of the week,spoken_explanation,True,The word of the witch.,7,stop,0.47,The word of the witch.,7,stop,0.46,The word of the witch.,7,stop,0.95
cDZ-aioOJF0,rep_04,word of the week,spoken_explanation,True,The word of the week in it.,9,stop,0.54,The word of the week in it.,9,stop,0.54,The word of the week in it.,9,stop,1.03
cDZ-aioOJF0,rep_05,word of the week,spoken_explanation,True,the word of the week in it.,9,stop,0.52,the word of the week in it.,9,stop,0.51,the word of the week in it?,9,stop,1.01
yEf0Fko0gxY,rep_00,i gave it to her,spoken_explanation,True,I gave it to her.,7,stop,0.52,I gave it to her.,7,stop,0.51,I gave it to her.,7,stop,1.01
yEf0Fko0gxY,rep_01,i gave it to her,spoken_explanation,True,I gave it to her.,7,stop,0.54,I gave it to her.,7,stop,0.53,I gave it to her.,7,stop,0.97
yEf0Fko0gxY,rep_02,i gave it to her,spoken_explanation,True,I gave it to her.,7,stop,0.52,I gave it to her.,7,stop,0.52,I gave it to her.,7,stop,1.0
yEf0Fko0gxY,rep_03,i gave it to her,spoken_explanation,True,I gave it to her.,7,stop,0.5,I gave it to her.,7,stop,0.49,I gave it to her.,7,stop,0.98
yEf0Fko0gxY,rep_04,i gave it to her,spoken_explanation,True,"No, I gave it to her.",9,stop,0.58,"No, I gave it to her.",9,stop,0.58,"No, I gave it to her.",9,stop,1.02
W1_IRU6zx9g,rep_00,doing the verbs action,spoken_explanation,True,that is doing the verb's action,8,stop,0.56,that is doing the verb's action,8,stop,0.54,that is doing the verbs action,7,stop,1.02
W1_IRU6zx9g,rep_01,doing the verbs action,spoken_explanation,True,actively doing the verb's action.,9,stop,0.6,actively doing the verb's action.,9,stop,0.6,actively doing the verb's action.,9,stop,1.03
W1_IRU6zx9g,rep_02,doing the verbs action,spoken_explanation,True,not doing the verb's action.,8,stop,0.59,not doing the verb's action.,8,stop,0.59,not doing the verb's action.,8,stop,1.03
W1_IRU6zx9g,rep_03,doing the verbs action,spoken_explanation,True,She is doing the verbs action.,8,stop,0.57,She is doing the verbs action.,8,stop,0.56,She is doing the verbs action.,8,stop,1.01
W1_IRU6zx9g,rep_04,doing the verbs action,spoken_explanation,True,is doing the verb's action.,8,stop,0.58,is doing the verb's action.,8,stop,0.56,is doing the verb's action.,8,stop,1.0
2jCAlyNj0Mk,rep_00,in the y direction,spoken_explanation,True,direction in the y direction,6,stop,0.53,direction in the y direction,6,stop,0.52,direction in the y direction,6,stop,0.96
2jCAlyNj0Mk,rep_01,in the y direction,spoken_explanation,True,6 in the x direction.,7,stop,0.54,6 in the x direction.,7,stop,0.53,6 in the x direction.,7,stop,0.99
2jCAlyNj0Mk,rep_02,in the y direction,spoken_explanation,True,towards nine in the y direction.,10,stop,0.75,towards nine in the y direction.,10,stop,0.75,towards nine in the y direction.,10,stop,1.19
2jCAlyNj0Mk,rep_03,in the y direction,spoken_explanation,True,six in the x direction.,7,stop,0.54,six in the x direction.,7,stop,0.52,six in the x direction.,7,stop,1.03
2jCAlyNj0Mk,rep_04,in the y direction,spoken_explanation,True,movement in the x direction,7,stop,0.54,movement in the x direction,7,stop,0.53,movement in the x direction,7,stop,1.03
2jCAlyNj0Mk,rep_05,in the y direction,spoken_explanation,True,or in the y direction.,7,stop,0.49,or in the y direction.,7,stop,0.48,or in the y direction.,7,stop,0.99
2jCAlyNj0Mk,rep_06,in the y direction,spoken_explanation,True,six in the x direction.,7,stop,0.58,six in the x direction.,7,stop,0.58,six in the x direction.,7,stop,1.02
2jCAlyNj0Mk,rep_07,in the y direction,spoken_explanation,True,9 in the y direction.,7,stop,0.5,9 in the y direction.,7,stop,0.5,9 in the y direction.,7,stop,0.99
2jCAlyNj0Mk,rep_08,in the y direction,spoken_explanation,True,Change in the x direction.,7,stop,0.53,Change in the x direction.,7,stop,0.52,Change in the x direction.,7,stop,1.01
2jCAlyNj0Mk,rep_09,in the y direction,spoken_explanation,True,change in the y direction,6,stop,0.51,change in the y direction,6,stop,0.53,change in the y direction,6,stop,0.96
uuRSmPcmuC8,rep_00,will drive to work tomorrow here we're focusing on the,spoken_explanation,True,John will drive to work tomorrow. Here we're focusing on the person.,16,stop,1.04,John will drive to work tomorrow. Here we're focusing on the person.,16,stop,1.03,John will drive to work tomorrow. (1.2) Here we're focusing on the person,20,stop,1.55
uuRSmPcmuC8,rep_01,will drive to work tomorrow here we're focusing on the,spoken_explanation,True,John will drive to work tomorrow. Here we're focusing on the,14,stop,0.98,John will drive to work tomorrow. Here we're focusing on the,14,stop,0.99,John will drive to work tomorrow. (1.2) Here we're focusing on the,19,stop,1.52
uuRSmPcmuC8,rep_02,will drive to work tomorrow here we're focusing on the,spoken_explanation,True,John will drive to work tomorrow. Here we're focusing on the music.,16,stop,1.04,John will drive to work tomorrow. Here we're focusing on the music.,16,stop,1.05,John will drive to work tomorrow. Here we're focusing on the music,15,stop,1.45
uuRSmPcmuC8,rep_03,will drive to work tomorrow here we're focusing on the,spoken_explanation,True,John will drive to work tomorrow. Here we're focusing on the day.,16,stop,1.02,John will drive to work tomorrow. Here we're focusing on the day.,16,stop,1.02,John will drive to work tomorrow. (1.2) Here we're focusing on the day.,21,stop,1.54
K0hRJWN9O9c,rep_00,for her brother bob we also need a small plastic snake and a big toy frog for the,spoken_explanation,False,Snake for her brother Bob. We also need a small plastic snake and a big toy frog for her.,23,stop,1.16,Snake for her brother Bob. We also need a small plastic snake and a big toy frog for her.,23,stop,1.15,Snake for her brother Bob. We also need a small plastic snake and a big toy frog for her.,23,stop,1.58
K0hRJWN9O9c,rep_01,for her brother bob we also need a small plastic snake and a big toy frog for the,spoken_explanation,False,Snake for her brother Ba. We also need a small plastic snake and a big toy frog for the,22,stop,1.15,Snake for her brother Ba. We also need a small plastic snake and a big toy frog for the,22,stop,1.15,Snake for her brother Ba. We also need a small plastic snake and a big toy frog for the,22,stop,1.57
K0hRJWN9O9c,rep_02,for her brother bob we also need a small plastic snake and a big toy frog for the,spoken_explanation,True,snack for her brother Bob. We also need a small plastic snake and a big toy frog for the kids.,24,stop,1.19,snack for her brother Bob. We also need a small plastic snake and a big toy frog for the kids.,24,stop,1.19,snack for her brother Bob. We also need a small plastic snake and a big toy frog for the kids.,24,stop,1.62
K0hRJWN9O9c,rep_03,for her brother bob we also need a small plastic snake and a big toy frog for the,spoken_explanation,True,snack for her brother Bob. We also need a small plastic snake and a big toy frog for the kids.,24,stop,1.17,snack for her brother Bob. We also need a small plastic snake and a big toy frog for the kids.,24,stop,1.17,snack for her brother Bob. We also need a small plastic snake and a big toy frog for the kids.,24,stop,1.62
K0hRJWN9O9c,rep_04,for her brother bob we also need a small plastic snake and a big toy frog for the,spoken_explanation,True,We also need a small plastic snack and a big toy plug for the,15,stop,1.05,We also need a small plastic snack and a big toy plug for the,15,stop,1.05,snack for her brother Bob. We also need a small plastic snack and a big toy plug for the,22,stop,1.6
K0hRJWN9O9c,rep_05,for her brother bob we also need a small plastic snake and a big toy frog for the,spoken_explanation,False,Snake for her bride bar. We also need a small plastic snake and a big toy frog for the kids.,24,stop,1.19,Snake for her bride bar. We also need a small plastic snake and a big toy frog for the kids.,24,stop,1.18,snake for her bride bar. We also need a small plastic snake and a big toy frog for the kids.,24,stop,1.62
FAgnMWWgyRs,rep_00,gt gt i can stop anytime i,spoken_explanation,False,I can stop anytime. I choose no.,10,stop,0.67,I can stop anytime. I choose no.,10,stop,0.65,I can stop any time. I choose no-,11,stop,1.12
FAgnMWWgyRs,rep_01,gt gt i can stop anytime i,spoken_explanation,False,I can stop anytime. I choose not to.,11,stop,0.67,I can stop anytime. I choose not to.,11,stop,0.67,I can stop any time. I choose not to.,12,stop,1.11
FAgnMWWgyRs,rep_02,gt gt i can stop anytime i,spoken_explanation,False,I can stop anytime. I choose not to.,11,stop,0.65,I can stop anytime. I choose not to.,11,stop,0.65,I can stop any time. I choose not to.,12,stop,1.1
FAgnMWWgyRs,rep_03,gt gt i can stop anytime i,spoken_explanation,False,I can stop anytime. No.,8,stop,0.78,I can stop anytime. No.,8,stop,0.77,I can stop any time. (1.2) No.,14,stop,1.32
FAgnMWWgyRs,rep_04,gt gt i can stop anytime i,spoken_explanation,False,I can stop anytime I want.,8,stop,0.6,I can stop anytime I want.,8,stop,0.61,I can stop anytime I want.,8,stop,1.04
JpvJ__nhOQU,rep_00,we were talking about the teachers,spoken_explanation,True,We were talking about the teacher.,8,stop,0.61,We were talking about the teacher.,8,stop,0.6,We were talking about the teacher.,8,stop,1.03
JpvJ__nhOQU,rep_01,we were talking about the teachers,spoken_explanation,True,we. We were talking about the teachers.,10,stop,0.76,we. We were talking about the teachers.,10,stop,0.77,we. We were talking about the teachers.,10,stop,1.21
JpvJ__nhOQU,rep_02,we were talking about the teachers,spoken_explanation,True,We were talking about the teacher.,8,stop,0.75,We were talking about the teacher.,8,stop,0.75,We were talking about the teacher.,8,stop,1.2
JpvJ__nhOQU,rep_03,we were talking about the teachers,spoken_explanation,True,we were talking about the teachers,7,stop,0.68,we were talking about the teachers.,8,stop,0.71,we were talking about the teachers.,8,stop,1.14
JpvJ__nhOQU,rep_04,we were talking about the teachers,spoken_explanation,True,We were talking about the teachers.,8,stop,0.77,We were talking about the teachers.,8,stop,0.77,We were talking about the teachers.,8,stop,1.19
JpvJ__nhOQU,rep_05,we were talking about the teachers,spoken_explanation,True,We were talking about the teeth.,8,stop,0.78,We were talking about the teeth.,8,stop,0.77,We were talking about the teeth.,8,stop,1.22
JpvJ__nhOQU,rep_06,we were talking about the teachers,spoken_explanation,True,We were talking about the,6,stop,0.72,We were talking about the,6,stop,0.72,We were talking about the,6,stop,1.16
8ZOIiEAMz9s,rep_00,me clean this mess you're helping,spoken_explanation,True,Help me clean this mess. You're helping me.,12,stop,0.82,Help me clean this mess. You're helping me.,12,stop,0.82,help me clean this mess. You're helping me,11,stop,1.24
8ZOIiEAMz9s,rep_01,me clean this mess you're helping,spoken_explanation,True,You're helping me clean this mess. You're helping me.,14,stop,0.86,me clean this mess you're helping me,9,stop,0.77,You're helping me clean this mess. (1.2) You're helping me,18,stop,1.35
8ZOIiEAMz9s,rep_02,me clean this mess you're helping,spoken_explanation,True,You helped me clean this mess. You're helping me.,13,stop,0.81,You helped me clean this mess. You're helping me.,13,stop,0.83,You helped me clean this mess. You're helping me,12,stop,1.23
8ZOIiEAMz9s,rep_03,me clean this mess you're helping,spoken_explanation,True,You're helping me clean this mess. You're helping me,13,stop,0.72,You're helping me clean this mess. You're helping me,13,stop,0.72,You're helping me clean this mess. You're helping me,13,stop,1.16
SGyNGqXqWXY,rep_00,going to the party tonight,spoken_explanation,True,Who's going to the party?,8,stop,0.53,Who's going to the party?,8,stop,0.53,Who's going to the party?,8,stop,1.01
SGyNGqXqWXY,rep_01,going to the party tonight,spoken_explanation,True,She is going to the party tonight.,9,stop,0.59,She is going to the party tonight.,9,stop,0.6,She is going to the party tonight.,9,stop,1.04
SGyNGqXqWXY,rep_02,going to the party tonight,spoken_explanation,True,is going to the party tonight.,8,stop,0.6,is going to the party tonight.,8,stop,0.59,is going to the party tonight.,8,stop,1.02
SGyNGqXqWXY,rep_03,going to the party tonight,spoken_explanation,True,She's going to the party tonight.,9,stop,0.64,She's going to the party tonight.,9,stop,0.63,She's going to the party tonight.,9,stop,1.08
SGyNGqXqWXY,rep_04,going to the party tonight,spoken_explanation,True,She's going to the party tonight.,9,stop,0.58,She's going to the party tonight.,9,stop,0.58,She's going to the party tonight.,9,stop,1.02
BLEXP2ROyRU,rep_00,i didn't say she stole my money,spoken_explanation,True,I didn't say she stole my money.,10,stop,0.68,I didn't say she stole my money.,10,stop,0.66,I didn't say she stole my money.,10,stop,1.09
BLEXP2ROyRU,rep_01,i didn't say she stole my money,spoken_explanation,True,I didn't say she stole my money.,10,stop,0.72,I didn't say she stole my money.,10,stop,0.72,I didn't say she stole my money.,10,stop,1.16
BLEXP2ROyRU,rep_02,i didn't say she stole my money,spoken_explanation,True,I didn't say she stole my money.,10,stop,0.65,I didn't say she stole my money.,10,stop,0.64,I didn't say she stole my money.,10,stop,1.09
BLEXP2ROyRU,rep_03,i didn't say she stole my money,spoken_explanation,True,I didn't say she stole my money.,10,stop,0.66,I didn't say she stole my money.,10,stop,0.65,I didn't say she stole my money.,10,stop,1.09
6fcdSQEon7E,rep_00,i'll do it in a little while,spoken_explanation,True,I'll do it in a little while.,10,stop,0.64,I'll do it in a little while.,10,stop,0.64,I'll do it in a little while.,10,stop,1.08
6fcdSQEon7E,rep_01,i'll do it in a little while,spoken_explanation,True,I'll do it in a little while.,10,stop,0.61,I'll do it in a little while.,10,stop,0.61,I'll do it in a little while.,10,stop,1.05
6fcdSQEon7E,rep_02,i'll do it in a little while,spoken_explanation,True,I'll do it in a little while.,10,stop,0.65,I'll do it in a little while.,10,stop,0.64,I'll do it in a little while.,10,stop,1.07
6fcdSQEon7E,rep_03,i'll do it in a little while,spoken_explanation,True,I'll do it in a little while.,10,stop,0.62,I'll do it in a little while.,10,stop,0.61,I'll do it in a little while.,10,stop,1.05
OR81m7Dm968,rep_00,you finished the cake didn't you,spoken_explanation,True,"You finished the cake, didn't you?",10,stop,0.77,"You finished the cake, didn't you?",10,stop,0.77,"You finished the cake, didn't you?",10,stop,1.21
OR81m7Dm968,rep_01,you finished the cake didn't you,spoken_explanation,True,"You finished the cake, didn't you?",10,stop,0.64,"You finished the cake, didn't you?",10,stop,0.65,"You finished the cake, didn't you?",10,stop,1.08
OR81m7Dm968,rep_02,you finished the cake didn't you,spoken_explanation,True,"You finished the cake, didn't you? asked",11,stop,0.76,"You finished the cake, didn't you? asked",11,stop,0.77,"You finished the cake, didn't you? asked",11,stop,1.2
OR81m7Dm968,rep_03,you finished the cake didn't you,spoken_explanation,True,"asking. You finished the cake, didn't you?",13,stop,0.81,"asking. You finished the cake, didn't you?",13,stop,0.8,"You finished the cake, didn't you?",10,stop,1.19
01VfrhsYH0A,rep_00,no i've been studying,spoken_explanation,True,No. I've been studying.,8,stop,0.72,No. I've been studying.,8,stop,0.71,No. I've been studying.,8,stop,1.18
01VfrhsYH0A,rep_01,no i've been studying,spoken_explanation,True,"No, I've been studying for.",9,stop,0.74,"No, I've been studying for.",9,stop,0.73,No. I've been studying for.,9,stop,1.18
01VfrhsYH0A,rep_02,no i've been studying,spoken_explanation,True,"No, I've been studying.",8,stop,0.63,"No, I've been studying for a long time.",12,stop,0.7,"No, I've been studying.",8,stop,1.08
01VfrhsYH0A,rep_03,no i've been studying,spoken_explanation,True,"No, I've been studying at home.",10,stop,0.67,"No, I've been studying at home.",10,stop,0.67,"No, I've been studying at home.",10,stop,1.11
6_DjdejXBwQ,rep_00,no i've been studying,spoken_explanation,True,"No, I've been studying.",8,stop,0.72,No. I've been studying.,8,stop,0.73,No. I've been studying.,8,stop,1.17
6_DjdejXBwQ,rep_01,no i've been studying,spoken_explanation,True,"No, I've been studying for.",9,stop,0.74,"No, I've been studying for.",9,stop,0.76,"No, I've been studying.",8,stop,1.16
6_DjdejXBwQ,rep_02,no i've been studying,spoken_explanation,True,"No, I've been studying.",8,stop,0.64,"No, I've been studying.",8,stop,0.63,"No, I've been studying",7,stop,1.06
6_DjdejXBwQ,rep_03,no i've been studying,spoken_explanation,True,"No, I've been studying at home.",10,stop,0.74,"No, I've been studying at home.",10,stop,0.75,"No, I've been studying at home.",10,stop,1.18
uy0vjGFtRe0,rep_00,to wear to his,spoken_explanation,True,a suit to wear to his sister.,9,stop,0.55,a suit to wear to his sister.,9,stop,0.54,a suit to wear to his sister.,9,stop,1.05
uy0vjGFtRe0,rep_01,to wear to his,spoken_explanation,True,one to wear to his sister.,8,stop,0.54,one to wear to his sister.,8,stop,0.54,one to wear to his sister,7,stop,1.01
uy0vjGFtRe0,rep_02,to wear to his,spoken_explanation,True,One to wear to his,6,stop,0.49,one to wear to his,6,stop,0.48,one to wear to his,6,stop,0.98
uy0vjGFtRe0,rep_03,to wear to his,spoken_explanation,True,,1,stop,0.42,suit to wear to his sister.,8,stop,0.54,suit to wear to his sister.,8,stop,1.01
WurazV-KrIQ,rep_00,were you counting as,no_explanation,True,Were you counting as your,7,stop,0.52,Were you counting as your,7,stop,0.5,Were you counting as your-,8,stop,1.01
WurazV-KrIQ,rep_01,were you counting as,no_explanation,True,Or were you counting as,6,stop,0.54,Or were you counting as,6,stop,0.54,Or were you counting as,6,stop,0.98
WurazV-KrIQ,rep_02,were you counting as,no_explanation,True,Or are you counting as your,7,stop,0.53,Or are you counting as your,7,stop,0.54,Where are you counting as your,7,stop,1.02
WurazV-KrIQ,rep_03,were you counting as,no_explanation,False,where you counting as,5,stop,0.49,where you counting as,5,stop,0.48,Where are you counting as?,7,stop,1.01
lAvmL_fBXAo,rep_00,on the first syllable,spoken_explanation,True,Stress on the first syllable.,8,stop,0.57,stress on the first syllable.,8,stop,0.57,Stress on the first syllable.,8,stop,1.01
lAvmL_fBXAo,rep_01,on the first syllable,spoken_explanation,True,stresses on the first syllable.,8,stop,0.58,stresses on the first syllable.,8,stop,0.57,stresses on the first syllable.,8,stop,1.02
lAvmL_fBXAo,rep_02,on the first syllable,spoken_explanation,False,as on the second syllable.,7,stop,0.51,is on the second syllable.,7,stop,0.51,is on the second syllable.,7,stop,0.99
lAvmL_fBXAo,rep_03,on the first syllable,spoken_explanation,True,Still on the second syllable.,7,stop,0.71,still on the second syllable.,7,stop,0.72,Still on the second syllable.,7,stop,1.15
lAvmL_fBXAo,rep_04,on the first syllable,spoken_explanation,True,stress on a first syllable.,8,stop,0.55,stress on a first syllable.,8,stop,0.54,stress on a first syllable?,8,stop,1.03
lAvmL_fBXAo,rep_05,on the first syllable,spoken_explanation,True,So stress on the first syllable.,8,stop,0.58,So stress on the first syllable.,8,stop,0.58,So stress on the first syllable.,8,stop,1.02
lAvmL_fBXAo,rep_06,on the first syllable,spoken_explanation,True,The verb on the second syllable.,8,stop,0.57,The verb on the second syllable.,8,stop,0.57,The verb on the second syllable.,8,stop,1.01
cDVrZ-T7r0g,rep_00,not going to recommend,no_explanation,True,"Well, I'm not going to recommend ASP.",11,stop,0.61,"Well, I'm not going to recommend ASP.",11,stop,0.61,"Well, I'm not going to recommend ASP.",11,stop,1.1
cDVrZ-T7r0g,rep_01,not going to recommend,no_explanation,True,I'm not going to recommend,7,stop,0.5,I'm not going to recommend,7,stop,0.5,I'm not going to recommend,7,stop,0.99
cDVrZ-T7r0g,rep_02,not going to recommend,no_explanation,True,I'm not going to recommend any,8,stop,0.51,I'm not going to recommend any,8,stop,0.51,I'm not going to recommend any,8,stop,1.0
cDVrZ-T7r0g,rep_03,not going to recommend,no_explanation,True,inhibitors not going to recommend,8,stop,0.53,inhibitors not going to recommend,8,stop,0.53,inhibitors not going to recommend,8,stop,1.01
cDVrZ-T7r0g,rep_04,not going to recommend,no_explanation,True,any of that. I'm going to recommend,10,stop,0.63,any of that. I'm going to recommend,10,stop,0.62,any of that. I'm going to recommend,10,stop,1.06
LloFz5fl0Wg,rep_00,i want you to,spoken_explanation,True,I want you to have lunch.,8,stop,0.6,I want you to have lunch.,8,stop,0.6,I want you to have lunch.,8,stop,1.04
LloFz5fl0Wg,rep_01,i want you to,spoken_explanation,True,I want you to,5,stop,0.45,I want you to,5,stop,0.45,I want you to,5,stop,0.94
LloFz5fl0Wg,rep_02,i want you to,spoken_explanation,True,"She says, what I want you to see.",11,stop,0.54,"She says, what I want you to see.",11,stop,0.54,"She says, What I want you to see.",11,stop,1.03
LloFz5fl0Wg,rep_03,i want you to,spoken_explanation,True,I want you to have your,7,stop,0.48,I want you to have your,7,stop,0.5,I want you to have,6,stop,0.96
NtGFA7vWjl4,rep_00,we put the emphasis,spoken_explanation,True,you put the emphasis,5,stop,0.49,you put the emphasis.,6,stop,0.51,you put the emphasis.,6,stop,0.99
NtGFA7vWjl4,rep_01,we put the emphasis,spoken_explanation,True,Where did you put the emphasis?,8,stop,0.55,Where did you put the emphasis?,8,stop,0.55,Where did you put the emphasis?,8,stop,0.99
NtGFA7vWjl4,rep_02,we put the emphasis,spoken_explanation,True,Did you put the emphasis?,7,stop,0.53,Did you put the emphasis?,7,stop,0.53,Did you put the emphasis?,7,stop,1.02
NtGFA7vWjl4,rep_03,we put the emphasis,spoken_explanation,True,Where'd you put the emphasis?,8,stop,0.55,Where'd you put the emphasis?,8,stop,0.54,Where'd you put the emphasis?,8,stop,1.03
NtGFA7vWjl4,rep_04,we put the emphasis,spoken_explanation,True,where you put the emphasis.,7,stop,0.51,where you put the emphasis.,7,stop,0.5,Where you put the emphasis.,7,stop,0.99
NtGFA7vWjl4,rep_05,we put the emphasis,spoken_explanation,True,And we put the emphasis,6,stop,0.5,And we put the emphasis,6,stop,0.5,And we put the emphasis,6,stop,1.0
NtGFA7vWjl4,rep_06,we put the emphasis,spoken_explanation,True,And when you put the emphasis here.,9,stop,0.55,And when we put the emphasis here.,9,stop,0.55,And when you put the emphasis here.,9,stop,1.02
NtGFA7vWjl4,rep_07,we put the emphasis,spoken_explanation,True,We put the efforts into,6,stop,0.55,We put the efforts into,6,stop,0.55,Wait for the efforts of,6,stop,1.01
NtGFA7vWjl4,rep_08,we put the emphasis,spoken_explanation,True,But we put the emphasis here.,8,stop,0.53,But we put the emphasis here.,8,stop,0.53,But we put the emphasis here.,8,stop,1.02
NtGFA7vWjl4,rep_09,we put the emphasis,spoken_explanation,True,where we put the emphasis.,7,stop,0.57,where we put the emphasis.,7,stop,0.56,Where we put the emphasis.,7,stop,1.0
NtGFA7vWjl4,rep_10,we put the emphasis,spoken_explanation,True,where you put the emphasis,6,stop,0.5,where you put the emphasis,6,stop,0.51,Where you put the emphasis.,7,stop,1.0
1Gu6zhp5Bq8,rep_00,visual contrast sensitivity test,spoken_explanation,True,called the visual contrast sensitivity test.,8,stop,0.61,called the visual contrast sensitivity test.,8,stop,0.6,called the visual contrast sensitivity test.,8,stop,1.04
1Gu6zhp5Bq8,rep_01,visual contrast sensitivity test,spoken_explanation,True,And that visual contrast sensitivity test.,8,stop,0.6,And that visual contrast sensitivity test,7,stop,0.57,And that visual contrast sensitivity test.,8,stop,1.04
1Gu6zhp5Bq8,rep_02,visual contrast sensitivity test,spoken_explanation,True,do a visual contrast sensitivity test and if,9,stop,0.62,do a visual contrast sensitivity test and if,9,stop,0.61,do a visual contrast sensitivity test and if,9,stop,1.04
1Gu6zhp5Bq8,rep_03,visual contrast sensitivity test,spoken_explanation,True,to the visual contrast sensitivity test.,8,stop,0.57,to the visual contrast sensitivity test.,8,stop,0.57,to the visual contrast sensitivity test.,8,stop,1.01
WMwkhnu72hA,rep_00,i'm so cold i'm,spoken_explanation,True,I'm so cold. I'm so cold.,11,stop,0.85,I'm so cold. I'm so cold.,11,stop,0.86,I'm so cold. (1.2) I'm so cold.,16,stop,1.35
WMwkhnu72hA,rep_01,i'm so cold i'm,spoken_explanation,True,cold I'm so cold I'm so,10,stop,0.84,cold I'm so cold I'm so,10,stop,0.84,cold. I'm so cold. I'm so cold.,14,stop,1.35
WMwkhnu72hA,rep_02,i'm so cold i'm,spoken_explanation,True,I'm so cold.,6,stop,0.5,I'm so cold.,6,stop,0.49,I'm so cold.,6,stop,0.98
WMwkhnu72hA,rep_03,i'm so cold i'm,spoken_explanation,True,I'm so cold. I'm cold.,10,stop,0.75,I'm so cold. I'm cold.,10,stop,0.75,I'm so cold. I'm cold.,10,stop,1.19
WMwkhnu72hA,rep_04,i'm so cold i'm,spoken_explanation,True,me I'm so cold,6,stop,0.69,me I'm so cold,6,stop,0.69,Me. I'm so cold.,8,stop,1.16
WMwkhnu72hA,rep_05,i'm so cold i'm,spoken_explanation,True,I'm so cold. I'm not hungry.,11,stop,0.82,I'm so cold. I'm not hungry.,11,stop,0.81,I'm so cold. (1.2) I'm not hungry.,16,stop,1.34
TfFt_lC0vxc,rep_00,his underwear is hanging on the lamp,spoken_explanation,True,His underwear is hanging on the lamp.,9,stop,0.73,His underwear is hanging on the lamp.,9,stop,0.73,His underwear is hanging on the lamp.,9,stop,1.17
TfFt_lC0vxc,rep_01,his underwear is hanging on the lamp,spoken_explanation,True,"His underwear is hanging on the lamp,",9,stop,0.72,"His underwear is hanging on the lamp,",9,stop,0.73,His underwear is hanging on the lamp.,9,stop,1.16
TfFt_lC0vxc,rep_02,his underwear is hanging on the lamp,spoken_explanation,True,His underwear is hanging on the lamp.,9,stop,0.75,His underwear is hanging on the lamp.,9,stop,0.76,His underwear is hanging on the lamp.,9,stop,1.19
TfFt_lC0vxc,rep_03,his underwear is hanging on the lamp,spoken_explanation,True,His underwear is hanging on the lamp.,9,stop,0.72,His underwear is hanging on the lamp.,9,stop,0.72,His underwear is hanging on the lamp.,9,stop,1.15
TfFt_lC0vxc,rep_04,his underwear is hanging on the lamp,spoken_explanation,True,His underwear is hanging on the lamp.,9,stop,0.74,His underwear is hanging on the lamp.,9,stop,0.75,His underwear is hanging on the lamp.,9,stop,1.19
I8511fOHyaw,rep_00,is the computer screen flickering,spoken_explanation,True,2. A. Is the computer screen flickering?,12,stop,0.88,2. A. Is the computer screen flickering?,12,stop,0.88,2. A. Is the computer screen flickering?,12,stop,1.31
I8511fOHyaw,rep_01,is the computer screen flickering,spoken_explanation,True,Is the computer screen flickering?,8,stop,0.63,Is the computer screen flickering?,8,stop,0.62,Is the computer screen flickering?,8,stop,1.06
I8511fOHyaw,rep_02,is the computer screen flickering,spoken_explanation,True,Is the computer screen flickering?,8,stop,0.72,Is the computer screen flickering,7,stop,0.7,Is the computer screen flickering?,8,stop,1.14
I8511fOHyaw,rep_03,is the computer screen flickering,spoken_explanation,True,Is the computer screen flickering?,8,stop,0.62,Is the computer screen flickering?,8,stop,0.6,Is the computer screen flickering?,8,stop,1.05
5EmVMEQAb94,rep_00,the woman on the couch,spoken_explanation,True,Judy the woman on the couch?,9,stop,0.6,Judy the woman on the couch?,9,stop,0.59,Judy the woman on the couch?,9,stop,1.02
5EmVMEQAb94,rep_01,the woman on the couch,spoken_explanation,True,is the woman on the couch.,8,stop,0.55,is the woman on the couch.,8,stop,0.56,is the woman on the couch.,8,stop,0.99
5EmVMEQAb94,rep_02,the woman on the couch,spoken_explanation,True,Judy the woman on the couch?,9,stop,0.59,Judy the woman on the couch?,9,stop,0.58,Judy the woman on the couch?,9,stop,1.03
5EmVMEQAb94,rep_03,the woman on the couch,spoken_explanation,True,is the woman on the couch.,8,stop,0.52,is the woman on the couch.,8,stop,0.53,is the woman on the couch.,8,stop,1.01
5EmVMEQAb94,rep_04,the woman on the couch,spoken_explanation,True,Is Donald the one on the couch?,9,stop,0.57,Is Donald the one on the couch?,9,stop,0.59,Is Donald the one on the couch?,9,stop,1.01
7667553698893024525,rep_00,i never said she stole my money,spoken_explanation,True,I never said she stole my money.,9,stop,0.71,I never said she stole my money.,9,stop,0.73,I never said she stole my money.,9,stop,1.16
7667553698893024525,rep_01,i never said she stole my money,spoken_explanation,True,I never said she stole my money.,9,stop,0.78,I never said she stole my money.,9,stop,0.77,I never said she stole my money.,9,stop,1.22
7667553698893024525,rep_02,i never said she stole my money,spoken_explanation,True,I never said she stole my money.,9,stop,0.74,I never said she stole my money.,9,stop,0.73,I never said she stole my money.,9,stop,1.21
7667553698893024525,rep_03,i never said she stole my money,spoken_explanation,True,I never said she stole my money.,9,stop,0.74,I never said she stole my money.,9,stop,0.73,I never said she stole my money.,9,stop,1.16
7667553698893024525,rep_04,i never said she stole my money,spoken_explanation,True,I never said she stole my money.,9,stop,0.73,I never said she stole my money.,9,stop,0.73,I never said she stole my money.,9,stop,1.17
7667553698893024525,rep_05,i never said she stole my money,spoken_explanation,True,I never said she stole my money.,9,stop,0.72,I never said she stole my money.,9,stop,0.72,I never said she stole my money.,9,stop,1.16
7667553698893024525,rep_06,i never said she stole my money,spoken_explanation,True,I never said she stole my money.,9,stop,0.7,I never said she stole my money.,9,stop,0.7,I never said she stole my money.,9,stop,1.15
7667553698893024525,rep_07,i never said she stole my money,spoken_explanation,True,I never said she stole my money.,9,stop,0.71,I never said she stole my money.,9,stop,0.71,I never said she stole my money.,9,stop,1.14
7673783250568973576,rep_00,i never said she stole my money,no_explanation,True,I never said she stole my money.,9,stop,0.6,I never said she stole my money.,9,stop,0.6,I never said she stole my money.,9,stop,1.04
7673783250568973576,rep_01,i never said she stole my money,no_explanation,True,I never said she stole my money.,9,stop,0.61,I never said she stole my money.,9,stop,0.61,I never said she stole my money.,9,stop,1.05
7673783250568973576,rep_02,i never said she stole my money,no_explanation,True,I never said she stole my money.,9,stop,0.65,I never said she stole my money.,9,stop,0.64,I never said she stole my money.,9,stop,1.07
7673783250568973576,rep_03,i never said she stole my money,no_explanation,True,I never said she stole my money.,9,stop,0.63,I never said she stole my money.,9,stop,0.63,I never said *she* stole my money.,11,stop,1.1
7673783250568973576,rep_04,i never said she stole my money,no_explanation,True,I never said she stole my money.,9,stop,0.65,I never said she stole my money.,9,stop,0.65,I never said she stole my money.,9,stop,1.08
7673783250568973576,rep_05,i never said she stole my money,no_explanation,True,I never said she stole MY money.,9,stop,0.62,I never said she stole MY money.,9,stop,0.63,I never said she stole MY money.,9,stop,1.06
7673783250568973576,rep_06,i never said she stole my money,no_explanation,True,I never said she stole my money.,9,stop,0.6,I never said she stole my money.,9,stop,0.57,I never said she stole my money.,9,stop,1.03
7650568063812717838,rep_00,i never said she stole my money,no_explanation,True,I never said she stole my money.,9,stop,0.6,I never said she stole my money.,9,stop,0.59,I never said she stole my money.,9,stop,1.03
7650568063812717838,rep_01,i never said she stole my money,no_explanation,True,I never said she stole my money.,9,stop,0.6,I never said she stole my money.,9,stop,0.61,I never said she stole my money.,9,stop,1.04
7650568063812717838,rep_02,i never said she stole my money,no_explanation,True,I never said she stole my money.,9,stop,0.63,I never said she stole my money.,9,stop,0.63,I never *said* she stole my money.,11,stop,1.09
7650568063812717838,rep_03,i never said she stole my money,no_explanation,True,I never said she stole my money.,9,stop,0.65,I never said she stole my money.,9,stop,0.63,I never said *she* stole my money.,11,stop,1.11
7650568063812717838,rep_04,i never said she stole my money,no_explanation,False,I never said she stole my money.,9,stop,0.65,I never said she stole my money.,9,stop,0.65,I never said she stole my money.,9,stop,1.09
7650568063812717838,rep_05,i never said she stole my money,no_explanation,True,I never said she stole MY money.,9,stop,0.63,I never said she stole MY money.,9,stop,0.62,I never said she stole MY money.,9,stop,1.07
7650568063812717838,rep_06,i never said she stole my money,no_explanation,False,And ever since she stole my money.,9,stop,0.58,And ever since she stole my money.,9,stop,0.58,And ever since she stole my money.,9,stop,1.02
7663192709049617684,rep_00,he didn't say we should fire her,no_explanation,True,He didn't say we should fire her.,10,stop,0.76,He didn't say we should fire her.,10,stop,0.75,He didn't say we should fire her.,10,stop,1.18
7663192709049617684,rep_01,he didn't say we should fire her,no_explanation,True,He didn't say we should fire her.,10,stop,0.74,He didn't say we should fire her.,10,stop,0.74,He didn't say we should fire her.,10,stop,1.18
7663192709049617684,rep_02,he didn't say we should fire her,no_explanation,True,He didn't say we should fire her.,10,stop,0.78,He didn't say we should fire her.,10,stop,0.78,He didn't *say* we should fire her.,12,stop,1.25
7663192709049617684,rep_03,he didn't say we should fire her,no_explanation,True,He didn't say we should fire her.,10,stop,0.77,He didn't say we should fire her.,10,stop,0.78,He didn't say we should fire her.,10,stop,1.21
7663192709049617684,rep_04,he didn't say we should fire her,no_explanation,True,He didn't say we should fire her.,10,stop,0.77,He didn't say we should fire her.,10,stop,0.75,He didn't say we should fire her.,10,stop,1.2
7663192709049617684,rep_05,he didn't say we should fire her,no_explanation,False,Maybe we should fire her.,7,stop,0.53,Maybe we should fire her.,7,stop,0.52,Maybe we should fire her.,7,stop,1.02
7663192709049617684,rep_06,he didn't say we should fire her,no_explanation,True,He didn't say we should fire her.,10,stop,0.73,He didn't say we should fire her.,10,stop,0.73,He didn't say we should fire her.,10,stop,1.17
7667605758195797268,rep_00,i never said she stole my money,spoken_explanation,True,of I never said she stole my money.,10,stop,0.72,of I never said she stole my money.,10,stop,0.72,of I never said she stole my money.,10,stop,1.17
7667605758195797268,rep_01,i never said she stole my money,spoken_explanation,True,I never said she stole my money.,9,stop,0.7,I never said she stole my money.,9,stop,0.7,I never said she stole my money.,9,stop,1.13
7667605758195797268,rep_02,i never said she stole my money,spoken_explanation,True,I never said she stole my money.,9,stop,0.72,I never said she stole my money.,9,stop,0.72,I never said she stole my money.,9,stop,1.16
7667605758195797268,rep_03,i never said she stole my money,spoken_explanation,True,I never said she stole my money.,9,stop,0.73,I never said she stole my money.,9,stop,0.74,I never said she stole my money.,9,stop,1.18
7667605758195797268,rep_04,i never said she stole my money,spoken_explanation,True,I never said she stole my money.,9,stop,0.78,I never said she stole my money.,9,stop,0.79,I never said she stole my money.,10,stop,1.24
7667605758195797268,rep_05,i never said she stole my money,spoken_explanation,True,I never said she stole my money.,9,stop,0.72,I never said she stole my money.,9,stop,0.72,I never said she stole my money.,9,stop,1.16
7667605758195797268,rep_06,i never said she stole my money,spoken_explanation,True,I never said she stole MY money.,9,stop,0.7,I never said she stole MY money.,9,stop,0.71,I never said she stole MY money.,9,stop,1.15
7667605758195797268,rep_07,i never said she stole my money,spoken_explanation,True,I never said she stole my money.,9,stop,0.7,I never said she stole my money.,9,stop,0.7,I never said she stole my money.,10,stop,1.15
7285785586974133509,rep_00,i never said she stole my money,no_explanation,True,I never said she stole my money.,9,stop,0.72,I never said she stole my money.,9,stop,0.72,I never said she stole my money.,9,stop,1.15
7285785586974133509,rep_01,i never said she stole my money,no_explanation,True,I never said she stole my money.,9,stop,0.77,I never said she stole my money.,9,stop,0.78,I never said she stole my money.,9,stop,1.21
7285785586974133509,rep_02,i never said she stole my money,no_explanation,True,I never said she stole my money.,9,stop,0.73,I never said she stole my money.,9,stop,0.77,I never said she stole my money.,9,stop,1.18
7285785586974133509,rep_03,i never said she stole my money,no_explanation,True,I never said she stole my money.,9,stop,0.75,I never said she stole my money.,9,stop,0.75,I never said *she* stole my money.,11,stop,1.21
7285785586974133509,rep_04,i never said she stole my money,no_explanation,True,I never said she stole my money.,9,stop,0.75,I never said she stole my money.,9,stop,0.76,I never said she stole my money.,10,stop,1.21
7285785586974133509,rep_05,i never said she stole my money,no_explanation,True,I never said she stole MY money.,9,stop,0.75,I never said she stole MY money.,9,stop,0.75,I never said she stole MY money.,9,stop,1.2
7285785586974133509,rep_06,i never said she stole my money,no_explanation,True,I never said she stole my money.,9,stop,0.75,I never said she stole my money.,9,stop,0.75,I never said she stole my money.,9,stop,1.19
7655073094578490644,rep_00,emma wants to travel alone to europe this summer,no_explanation,True,Emma wants to travel alone to Europe this summer.,11,stop,0.83,Emma wants to travel alone to Europe this summer.,11,stop,0.82,Emma wants to travel alone to Europe this summer.,11,stop,1.26
7655073094578490644,rep_01,emma wants to travel alone to europe this summer,no_explanation,True,Emma wants to travel alone to Europe this summer.,11,stop,0.84,Emma wants to travel alone to Europe this summer.,11,stop,0.84,Emma wants to travel alone to Europe this summer.,11,stop,1.27
7655073094578490644,rep_02,emma wants to travel alone to europe this summer,no_explanation,True,Emma wants to travel alone to Europe this summer.,11,stop,0.83,Emma wants to travel alone to Europe this summer.,11,stop,0.83,Emma wants to travel alone to Europe this summer.,11,stop,1.28
7655073094578490644,rep_03,emma wants to travel alone to europe this summer,no_explanation,True,Emma wants to travel alone to Europe this summer.,11,stop,0.83,Emma wants to travel alone to Europe this summer.,11,stop,0.83,Emma wants to travel alone to Europe this summer.,11,stop,1.27
7655073094578490644,rep_04,emma wants to travel alone to europe this summer,no_explanation,True,Emma wants to travel alone to Europe this summer.,11,stop,0.82,Emma wants to travel alone to Europe this summer.,11,stop,0.81,Emma wants to travel alone to Europe this summer.,11,stop,1.26
7655073094578490644,rep_05,emma wants to travel alone to europe this summer,no_explanation,False,Europe this summer.,5,stop,0.48,Europe this summer.,5,stop,0.48,Europe this summer.,5,stop,0.97
7608585563586710804,rep_00,i didn't eat your pizza i,spoken_explanation,True,I didn't eat your pizza.,8,stop,0.62,I didn't eat your pizza.,8,stop,0.62,I didn't eat your pizza. [brackets] I,13,stop,1.15
7608585563586710804,rep_01,i didn't eat your pizza i,spoken_explanation,True,I didn't eat your pizza.,8,stop,0.62,I didn't eat your pizza.,8,stop,0.61,I didn't eat your pizza.,8,stop,1.04
7608585563586710804,rep_02,i didn't eat your pizza i,spoken_explanation,True,I didn't eat your pizza. Maybe I gave it,12,stop,0.77,I didn't eat your pizza. Maybe I gave it,12,stop,0.77,I didn't eat your pizza. Maybe I gave it-,13,stop,1.23
7608585563586710804,rep_03,i didn't eat your pizza i,spoken_explanation,True,I didn't eat your pizza.,8,stop,0.63,I didn't eat your pizza.,8,stop,0.62,I didn't eat your pizza.,8,stop,1.07
7608585563586710804,rep_04,i didn't eat your pizza i,spoken_explanation,True,I didn't eat your pizza. I,9,stop,0.62,I didn't eat your pizza. I,9,stop,0.61,I didn't eat your pizza. I-,10,stop,1.06
7608585563586710804,rep_05,i didn't eat your pizza i,spoken_explanation,False,Udamanne illechna aman hoktesh dielala kilmore.,20,stop,0.93,Udamanne illechna aman hoktesh dielala kilmore.,20,stop,0.93,Wudamane il lechnat amman hoktish diida la kilma.,21,stop,1.4
7608585563586710804,rep_06,i didn't eat your pizza i,spoken_explanation,False,But Oyer Manal Gumlakul. Hatala.,13,stop,0.69,But Oyer Manal Gumlakul. Hatala.,13,stop,0.7,But Oyer Manal Gumlakul. Hatala.,13,stop,1.14
7206603022649036037,rep_00,she didn't take your phone she,spoken_explanation,True,She didn't take your phone.,8,stop,0.61,She didn't take your phone.,8,stop,0.61,She didn't take your phone.,8,stop,1.04
7206603022649036037,rep_01,she didn't take your phone she,spoken_explanation,True,She didn't take your phone. She is not,11,stop,0.81,She didn't take your phone. She is not,11,stop,0.82,She *didn't* take your phone. (1.2) She is not-,20,stop,1.41
7206603022649036037,rep_02,she didn't take your phone she,spoken_explanation,True,She didn't take your phone. She,9,stop,0.76,She didn't take your phone. She,9,stop,0.76,She didn't take your phone. She-,10,stop,1.21
7206603022649036037,rep_03,she didn't take your phone she,spoken_explanation,True,She didn't take your phone. She took,10,stop,0.77,She didn't take your phone. She took,10,stop,0.78,She didn't take your phone. She took-,11,stop,1.23
7206603022649036037,rep_04,she didn't take your phone she,spoken_explanation,True,phone. She didn't take your phone. She took,12,stop,0.84,phone. She didn't take your phone. She took,12,stop,0.84,She didn't take your phone. (1.2) She took-,16,stop,1.35
7660492521906146580,rep_00,rice rolls i told you to buy a bunch of,no_explanation,False,I told you I told you to buy a bunch of,12,stop,0.91,I told you I told you to buy a bunch of,12,stop,0.9,I told you I told you to buy a bunch of,12,stop,1.33
7660492521906146580,rep_01,rice rolls i told you to buy a bunch of,no_explanation,False,I told you to buy a bunch of restaurants.,11,stop,0.83,I told you to buy a bunch of restaurants.,11,stop,0.83,I told you to buy a bunch of rest roasts.,13,stop,1.3
7660492521906146580,rep_02,rice rolls i told you to buy a bunch of,no_explanation,False,Of restaurants. Mok buy. I told you to buy a bunch.,15,stop,1.06,Of restaurants. Mok buy. I told you to buy a bunch.,15,stop,1.04,Of restaurants. Mok buy. (1.2) I told you to buy a bunch.,20,stop,1.56
7660492521906146580,rep_03,rice rolls i told you to buy a bunch of,no_explanation,False,Breast roses. I told you to buy a bunch of red.,15,stop,1.08,Of breast roses. I told you to buy a bunch of red.,15,stop,1.06,Of breast roses. (1.2) I told you to buy a bunch of red.,20,stop,1.6
7660492521906146580,rep_04,rice rolls i told you to buy a bunch of,no_explanation,False,Of red roses. Red. I told you to buy the bunch of red.,17,stop,1.08,Of red roses. Red. I told you to buy the bunch of red.,17,stop,1.08,Of red roses. Red. (1.2) I told you to buy the bunch of red-,22,stop,1.61
7660492521906146580,rep_05,rice rolls i told you to buy a bunch of,no_explanation,False,"Red roses, roses.",6,stop,0.69,"Red roses, roses.",6,stop,0.69,Red roses. Roses.,6,stop,1.14
7660492521906146580,rep_06,rice rolls i told you to buy a bunch of,no_explanation,False,This is the lotenjam watong pengulam.,12,stop,0.83,This is the lot of the penguin.,10,stop,0.78,Where's this? (1.2) Pilot in yang watong pengulam.,19,stop,1.37
7660492521906146580,rep_07,rice rolls i told you to buy a bunch of,no_explanation,False,Hazam in.,6,stop,0.44,Hazam in.,6,stop,0.44,Hajamain.,6,stop,0.96
7660492521906146580,rep_08,rice rolls i told you to buy a bunch of,no_explanation,False,Hazam in.,6,stop,0.45,Hazam in.,6,stop,0.44,Hajamain.,6,stop,0.16
7660492521906146580,rep_09,rice rolls i told you to buy a bunch of,no_explanation,False,Hazam in.,6,stop,0.44,Hazam in.,6,stop,0.44,Hajamain.,6,stop,0.17
7660492521906146580,rep_10,rice rolls i told you to buy a bunch of,no_explanation,False,Hazam in.,6,stop,0.44,Hazam in.,6,stop,0.43,hazama in,5,stop,0.92
7660492521906146580,rep_11,rice rolls i told you to buy a bunch of,no_explanation,False,has a main internal,5,stop,0.45,has a main internal,5,stop,0.45,has a main internal,5,stop,0.94
7660492521906146580,rep_12,rice rolls i told you to buy a bunch of,no_explanation,False,the main intonation,6,stop,0.49,the main intonation,6,stop,0.5,the main intonation,6,stop,0.99
7660492521906146580,rep_13,rice rolls i told you to buy a bunch of,no_explanation,False,changes,2,stop,0.43,changes,2,stop,0.43,connection changes,3,stop,0.95
7660492521906146580,rep_14,rice rolls i told you to buy a bunch of,no_explanation,False,Changers meaning,4,stop,0.72,Changers meaning,4,stop,0.72,changers meaning,4,stop,1.16
7660492521906146580,rep_15,rice rolls i told you to buy a bunch of,no_explanation,False,Yeah.,3,stop,0.39,Yeah.,3,stop,0.39,,1,stop,0.84
7660492521906146580,rep_16,rice rolls i told you to buy a bunch of,no_explanation,False,,1,stop,0.46,,1,stop,0.45,,1,stop,0.89
7660492521906146580,rep_17,rice rolls i told you to buy a bunch of,no_explanation,False,Mm-hmm.,6,stop,0.41,Mm-hmm.,6,stop,0.4,Mm-hmm.,6,stop,0.89
7660492521906146580,rep_18,rice rolls i told you to buy a bunch of,no_explanation,False,Yeah.,3,stop,0.35,Yeah.,3,stop,0.34,Yeah.,3,stop,0.83
7660492521906146580,rep_19,rice rolls i told you to buy a bunch of,no_explanation,False,Yeah.,3,stop,0.35,Yeah.,3,stop,0.33,Yeah.,3,stop,0.11
7660492521906146580,rep_20,rice rolls i told you to buy a bunch of,no_explanation,False,Yeah.,3,stop,0.34,Yeah.,3,stop,0.33,Yeah.,3,stop,0.83
7660492521906146580,rep_21,rice rolls i told you to buy a bunch of,no_explanation,False,Yeah.,3,stop,0.34,Yeah.,3,stop,0.33,Yeah.,3,stop,0.11
7660492521906146580,rep_22,rice rolls i told you to buy a bunch of,no_explanation,False,Yeah.,3,stop,0.33,Yeah.,3,stop,0.32,Yeah.,3,stop,0.12
7660492521906146580,rep_23,rice rolls i told you to buy a bunch of,no_explanation,False,Yeah.,3,stop,0.33,Yeah.,3,stop,0.33,Yeah.,3,stop,0.11
7660492521906146580,rep_24,rice rolls i told you to buy a bunch of,no_explanation,False,Yeah.,3,stop,0.32,Yeah.,3,stop,0.33,Yeah.,3,stop,0.11
