video_id,condition,phrase,bucket,qa_pass,duration_s,truncated,pred_transcription,pred_words,pred_labels,pred_probs,phrase_labels,phrase_probs,words_aligned,n_stressed,top_index,top_word,seconds
4Iqrm82LED4,rep_00,i didn't say he stole the money,spoken_explanation,True,2.65,False,sentence. I didn't say he stole the money.,"[""sentence."", ""I"", ""didn't"", ""say"", ""he"", ""stole"", ""the"", ""money.""]","[0, 0, 1, 0, 0, 0, 0, 0]","[0.0091, 0.0109, 0.9664, 0.3735, 0.0105, 0.0218, 0.0035, 0.0012]","[0, 1, 0, 0, 0, 0, 0]","[0.0109, 0.9664, 0.3735, 0.0105, 0.0218, 0.0035, 0.0012]",7,1,1,didn't,0.723
4Iqrm82LED4,rep_01,i didn't say he stole the money,spoken_explanation,True,2.03,False,I didn't say he stole the money.,"[""I"", ""didn't"", ""say"", ""he"", ""stole"", ""the"", ""money.""]","[1, 0, 0, 0, 0, 0, 0]","[0.996, 0.2132, 0.0006, 0.001, 0.0015, 0.0012, 0.0006]","[1, 0, 0, 0, 0, 0, 0]","[0.996, 0.2132, 0.0006, 0.001, 0.0015, 0.0012, 0.0006]",7,1,0,i,0.277
4Iqrm82LED4,rep_02,i didn't say he stole the money,spoken_explanation,True,2.27,False,I didn't say he stole the money.,"[""I"", ""didn't"", ""say"", ""he"", ""stole"", ""the"", ""money.""]","[0, 1, 0, 0, 0, 0, 0]","[0.1892, 0.9995, 0.0012, 0.0013, 0.0006, 0.0004, 0.0003]","[0, 1, 0, 0, 0, 0, 0]","[0.1892, 0.9995, 0.0012, 0.0013, 0.0006, 0.0004, 0.0003]",7,1,1,didn't,0.141
4Iqrm82LED4,rep_03,i didn't say he stole the money,spoken_explanation,True,3.47,False,I didn't say he stole the money.,"[""I"", ""didn't"", ""say"", ""he"", ""stole"", ""the"", ""money.""]","[0, 0, 1, 0, 0, 0, 0]","[0.0025, 0.0225, 0.9998, 0.0004, 0.0009, 0.0002, 0.0002]","[0, 0, 1, 0, 0, 0, 0]","[0.0025, 0.0225, 0.9998, 0.0004, 0.0009, 0.0002, 0.0002]",7,1,2,say,0.148
4Iqrm82LED4,rep_04,i didn't say he stole the money,spoken_explanation,True,2.63,False,I didn't say he stole the money.,"[""I"", ""didn't"", ""say"", ""he"", ""stole"", ""the"", ""money.""]","[0, 0, 0, 1, 0, 0, 0]","[0.0009, 0.0031, 0.0009, 0.9985, 0.002, 0.0001, 0.0001]","[0, 0, 0, 1, 0, 0, 0]","[0.0009, 0.0031, 0.0009, 0.9985, 0.002, 0.0001, 0.0001]",7,1,3,he,0.143
4Iqrm82LED4,rep_05,i didn't say he stole the money,spoken_explanation,True,2.23,False,I didn't say he stole the money.,"[""I"", ""didn't"", ""say"", ""he"", ""stole"", ""the"", ""money.""]","[0, 0, 0, 0, 1, 0, 0]","[0.0006, 0.0007, 0.0006, 0.0062, 0.9997, 0.0009, 0.0004]","[0, 0, 0, 0, 1, 0, 0]","[0.0006, 0.0007, 0.0006, 0.0062, 0.9997, 0.0009, 0.0004]",7,1,4,stole,0.219
4Iqrm82LED4,rep_06,i didn't say he stole the money,spoken_explanation,True,2.43,False,I didn't say he stole that money.,"[""I"", ""didn't"", ""say"", ""he"", ""stole"", ""that"", ""money.""]","[0, 0, 0, 0, 0, 1, 0]","[0.0012, 0.0052, 0.0026, 0.0038, 0.0075, 0.9909, 0.0852]","[0, 0, 0, 0, 0, 1, 0]","[0.0012, 0.0052, 0.0026, 0.0038, 0.0075, 0.9909, 0.0852]",7,1,5,the,0.144
4Iqrm82LED4,rep_07,i didn't say he stole the money,spoken_explanation,True,2.23,False,I didn't say he stole the money.,"[""I"", ""didn't"", ""say"", ""he"", ""stole"", ""the"", ""money.""]","[0, 0, 0, 0, 0, 1, 1]","[0.0223, 0.0781, 0.0051, 0.029, 0.0365, 0.8046, 0.9996]","[0, 0, 0, 0, 0, 1, 1]","[0.0223, 0.0781, 0.0051, 0.029, 0.0365, 0.8046, 0.9996]",7,2,6,money,0.146
YXSkyQIKPeU,rep_00,finish work at 1 00 p m,spoken_explanation,False,2.04,False,We'll finish work at 1pm.,"[""We'll"", ""finish"", ""work"", ""at"", ""1pm.""]","[0, 0, 0, 0, 1]","[0.3507, 0.0174, 0.0212, 0.2414, 0.9359]","[0, 0, 0, 0, 0, 0, 0]","[0.0174, 0.0212, 0.2414, 0, 0, 0, 0]",3,1,2,at,0.132
YXSkyQIKPeU,rep_01,finish work at 1 00 p m,spoken_explanation,True,2.21,False,We will finish work at 1 p.m.,"[""We"", ""will"", ""finish"", ""work"", ""at"", ""1"", ""p.m.""]","[0, 0, 0, 0, 1, 0, 1]","[0.0723, 0.2635, 0.2799, 0.105, 0.8105, 0.1097, 0.9211]","[0, 0, 1, 0, 0, 0, 0]","[0.2799, 0.105, 0.8105, 0.1097, 0, 0, 0]",4,2,2,at,0.147
YXSkyQIKPeU,rep_02,finish work at 1 00 p m,spoken_explanation,False,1.83,False,So we finished walk at 1pm C,"[""So"", ""we"", ""finished"", ""walk"", ""at"", ""1pm"", ""C""]","[0, 0, 0, 0, 0, 1, 0]","[0.0041, 0.0013, 0.0138, 0.0078, 0.1558, 0.7847, 0.3147]","[0, 0, 0, 0, 0, 0, 0]","[0, 0, 0.1558, 0, 0, 0, 0]",1,1,2,at,0.451
YXSkyQIKPeU,rep_03,finish work at 1 00 p m,spoken_explanation,True,1.59,False,We will finish work at 1 p.m.,"[""We"", ""will"", ""finish"", ""work"", ""at"", ""1"", ""p.m.""]","[0, 0, 0, 0, 0, 0, 0]","[0.1147, 0.3741, 0.0349, 0.0752, 0.0959, 0.0064, 0.3411]","[0, 0, 0, 0, 0, 0, 0]","[0.0349, 0.0752, 0.0959, 0.0064, 0, 0, 0]",4,0,2,at,0.151
YXSkyQIKPeU,rep_04,finish work at 1 00 p m,spoken_explanation,True,1.63,False,We'll finish work at 1pm.,"[""We'll"", ""finish"", ""work"", ""at"", ""1pm.""]","[0, 0, 0, 0, 0]","[0.1101, 0.0807, 0.026, 0.1843, 0.1252]","[0, 0, 0, 0, 0, 0, 0]","[0.0807, 0.026, 0.1843, 0, 0, 0, 0]",3,0,2,at,0.141
YXSkyQIKPeU,rep_05,finish work at 1 00 p m,spoken_explanation,True,1.91,False,you'll finish the work at 1pm.,"[""you'll"", ""finish"", ""the"", ""work"", ""at"", ""1pm.""]","[0, 0, 0, 1, 0, 1]","[0.0872, 0.0236, 0.222, 0.9053, 0.3619, 0.8093]","[0, 1, 0, 0, 0, 0, 0]","[0.0236, 0.9053, 0.3619, 0, 0, 0, 0]",3,2,1,work,0.14
YXSkyQIKPeU,rep_06,finish work at 1 00 p m,spoken_explanation,False,2.39,False,You will finish this work at 1 pm.,"[""You"", ""will"", ""finish"", ""this"", ""work"", ""at"", ""1"", ""pm.""]","[1, 0, 0, 0, 0, 0, 0, 0]","[0.9688, 0.2538, 0.0021, 0.0293, 0.0296, 0.0445, 0.0229, 0.1075]","[0, 0, 0, 0, 0, 0, 0]","[0.0021, 0.0296, 0.0445, 0.0229, 0, 0, 0]",4,1,2,at,0.149
YXSkyQIKPeU,rep_07,finish work at 1 00 p m,spoken_explanation,False,1.49,False,We'll finish the work at 1pm.,"[""We'll"", ""finish"", ""the"", ""work"", ""at"", ""1pm.""]","[0, 0, 0, 0, 1, 1]","[0.0176, 0.0089, 0.1329, 0.1955, 0.6917, 0.9504]","[0, 0, 1, 0, 0, 0, 0]","[0.0089, 0.1955, 0.6917, 0, 0, 0, 0]",3,2,2,at,0.214
YXSkyQIKPeU,rep_08,finish work at 1 00 p m,spoken_explanation,False,1.53,False,finish the walk at 1 p.m.,"[""finish"", ""the"", ""walk"", ""at"", ""1"", ""p.m.""]","[0, 0, 0, 0, 1, 1]","[0.0092, 0.0436, 0.079, 0.1846, 0.7347, 0.9904]","[0, 0, 0, 1, 0, 0, 0]","[0.0092, 0, 0.1846, 0.7347, 0, 0, 0]",3,2,3,1,0.145
YXSkyQIKPeU,rep_09,finish work at 1 00 p m,spoken_explanation,True,1.57,False,to finish the work at 1 pm.,"[""to"", ""finish"", ""the"", ""work"", ""at"", ""1"", ""pm.""]","[0, 0, 0, 0, 0, 0, 0]","[0.0485, 0.0365, 0.0786, 0.1104, 0.0524, 0.0051, 0.1872]","[0, 0, 0, 0, 0, 0, 0]","[0.0365, 0.1104, 0.0524, 0.0051, 0, 0, 0]",4,0,1,work,0.406
YXSkyQIKPeU,rep_10,finish work at 1 00 p m,spoken_explanation,True,1.89,False,We'll finish work at 1 p.m.,"[""We'll"", ""finish"", ""work"", ""at"", ""1"", ""p.m.""]","[0, 1, 0, 0, 0, 0]","[0.2873, 0.9967, 0.2671, 0.0355, 0.0108, 0.04]","[1, 0, 0, 0, 0, 0, 0]","[0.9967, 0.2671, 0.0355, 0.0108, 0, 0, 0]",4,1,0,finish,0.411
YXSkyQIKPeU,rep_11,finish work at 1 00 p m,spoken_explanation,False,2.04,False,finish the vauche one plump.,"[""finish"", ""the"", ""vauche"", ""one"", ""plump.""]","[0, 0, 1, 0, 1]","[0.1121, 0.1472, 0.777, 0.3957, 0.5924]","[0, 0, 0, 0, 0, 0, 0]","[0.1121, 0, 0, 0, 0, 0, 0]",1,2,0,finish,0.141
YXSkyQIKPeU,rep_12,finish work at 1 00 p m,spoken_explanation,False,2.51,False,I finished the work at 1pm.,"[""I"", ""finished"", ""the"", ""work"", ""at"", ""1pm.""]","[0, 0, 0, 1, 0, 0]","[0.1016, 0.0653, 0.3826, 0.9979, 0.0018, 0.0009]","[0, 1, 0, 0, 0, 0, 0]","[0, 0.9979, 0.0018, 0, 0, 0, 0]",2,1,1,work,0.138
YXSkyQIKPeU,rep_13,finish work at 1 00 p m,spoken_explanation,False,2.1,False,We'll finish work at 1pm.,"[""We'll"", ""finish"", ""work"", ""at"", ""1pm.""]","[0, 0, 0, 0, 1]","[0.0059, 0.0081, 0.0253, 0.095, 0.9908]","[0, 0, 0, 0, 0, 0, 0]","[0.0081, 0.0253, 0.095, 0, 0, 0, 0]",3,1,2,at,0.327
YXSkyQIKPeU,rep_14,finish work at 1 00 p m,spoken_explanation,False,1.53,False,You can use the work at one pier.,"[""You"", ""can"", ""use"", ""the"", ""work"", ""at"", ""one"", ""pier.""]","[0, 0, 0, 0, 1, 1, 1, 1]","[0.0065, 0.0406, 0.0173, 0.086, 0.763, 0.946, 0.644, 0.964]","[0, 1, 1, 0, 0, 0, 0]","[0, 0.763, 0.946, 0, 0, 0, 0]",2,4,2,at,0.141
_8UYCo7-fqY,rep_00,i didn't say he stole the money,spoken_explanation,True,2.45,False,I didn't say he stole the money.,"[""I"", ""didn't"", ""say"", ""he"", ""stole"", ""the"", ""money.""]","[0, 0, 0, 0, 0, 0, 0]","[0.0828, 0.444, 0.3181, 0.0831, 0.0354, 0.0646, 0.0092]","[0, 0, 0, 0, 0, 0, 0]","[0.0828, 0.444, 0.3181, 0.0831, 0.0354, 0.0646, 0.0092]",7,0,1,didn't,0.143
_8UYCo7-fqY,rep_01,i didn't say he stole the money,spoken_explanation,True,3.55,False,I didn't say he stole the money.,"[""I"", ""didn't"", ""say"", ""he"", ""stole"", ""the"", ""money.""]","[0, 0, 0, 0, 0, 0, 0]","[0.0121, 0.052, 0.0029, 0.0013, 0.0016, 0.0034, 0.0019]","[0, 0, 0, 0, 0, 0, 0]","[0.0121, 0.052, 0.0029, 0.0013, 0.0016, 0.0034, 0.0019]",7,0,1,didn't,0.142
_8UYCo7-fqY,rep_02,i didn't say he stole the money,spoken_explanation,True,2.59,False,I didn't say stole the money.,"[""I"", ""didn't"", ""say"", ""stole"", ""the"", ""money.""]","[0, 1, 0, 0, 0, 0]","[0.0043, 0.9995, 0.0002, 0.0, 0.0, 0.0001]","[0, 1, 0, 0, 0, 0, 0]","[0.0043, 0.9995, 0.0002, 0, 0.0, 0.0, 0.0001]",6,1,1,didn't,0.138
_8UYCo7-fqY,rep_03,i didn't say he stole the money,spoken_explanation,True,2.97,False,I didn't say he stole the money.,"[""I"", ""didn't"", ""say"", ""he"", ""stole"", ""the"", ""money.""]","[0, 0, 1, 0, 0, 0, 0]","[0.0013, 0.0298, 0.9999, 0.0001, 0.0006, 0.0001, 0.0001]","[0, 0, 1, 0, 0, 0, 0]","[0.0013, 0.0298, 0.9999, 0.0001, 0.0006, 0.0001, 0.0001]",7,1,2,say,0.26
_8UYCo7-fqY,rep_04,i didn't say he stole the money,spoken_explanation,True,2.95,False,I didn't say he stole the money.,"[""I"", ""didn't"", ""say"", ""he"", ""stole"", ""the"", ""money.""]","[0, 0, 0, 1, 0, 0, 0]","[0.0005, 0.0017, 0.0007, 0.9895, 0.0009, 0.0001, 0.0001]","[0, 0, 0, 1, 0, 0, 0]","[0.0005, 0.0017, 0.0007, 0.9895, 0.0009, 0.0001, 0.0001]",7,1,3,he,0.143
_8UYCo7-fqY,rep_05,i didn't say he stole the money,spoken_explanation,False,2.53,False,I didn't say store the money.,"[""I"", ""didn't"", ""say"", ""store"", ""the"", ""money.""]","[0, 0, 0, 1, 0, 0]","[0.0051, 0.0101, 0.0036, 0.9989, 0.0038, 0.0008]","[0, 0, 0, 0, 0, 0, 0]","[0.0051, 0.0101, 0.0036, 0, 0, 0.0038, 0.0008]",5,1,1,didn't,0.132
_8UYCo7-fqY,rep_06,i didn't say he stole the money,spoken_explanation,True,4.03,False,I didn't say he stole the money,"[""I"", ""didn't"", ""say"", ""he"", ""stole"", ""the"", ""money""]","[0, 0, 0, 0, 0, 0, 0]","[0.0039, 0.0171, 0.0093, 0.0244, 0.0965, 0.3285, 0.0125]","[0, 0, 0, 0, 0, 0, 0]","[0.0039, 0.0171, 0.0093, 0.0244, 0.0965, 0.3285, 0.0125]",7,0,5,the,0.196
_8UYCo7-fqY,rep_07,i didn't say he stole the money,spoken_explanation,True,2.69,False,I didn't say he stole the money!,"[""I"", ""didn't"", ""say"", ""he"", ""stole"", ""the"", ""money!""]","[0, 0, 0, 0, 0, 0, 1]","[0.0129, 0.0888, 0.0098, 0.0176, 0.0374, 0.3211, 0.9927]","[0, 0, 0, 0, 0, 0, 1]","[0.0129, 0.0888, 0.0098, 0.0176, 0.0374, 0.3211, 0.9927]",7,1,6,money,0.143
NqU2s2CgrUI,rep_00,i never said i stole his money,spoken_explanation,True,2.17,False,I never said I stole his money.,"[""I"", ""never"", ""said"", ""I"", ""stole"", ""his"", ""money.""]","[0, 1, 0, 0, 0, 1, 0]","[0.0783, 0.5962, 0.0014, 0.002, 0.0139, 0.6373, 0.0051]","[0, 1, 0, 0, 0, 1, 0]","[0.0783, 0.5962, 0.0014, 0.002, 0.0139, 0.6373, 0.0051]",7,2,5,his,0.209
NqU2s2CgrUI,rep_01,i never said i stole his money,spoken_explanation,True,1.99,False,I never said I stole his money.,"[""I"", ""never"", ""said"", ""I"", ""stole"", ""his"", ""money.""]","[0, 0, 0, 0, 0, 0, 0]","[0.458, 0.4887, 0.012, 0.001, 0.0049, 0.2897, 0.0011]","[0, 0, 0, 0, 0, 0, 0]","[0.458, 0.4887, 0.012, 0.001, 0.0049, 0.2897, 0.0011]",7,0,1,never,0.362
NqU2s2CgrUI,rep_02,i never said i stole his money,spoken_explanation,True,2.65,False,I never said I stole his money.,"[""I"", ""never"", ""said"", ""I"", ""stole"", ""his"", ""money.""]","[0, 1, 0, 0, 0, 0, 0]","[0.0057, 0.9939, 0.0003, 0.0, 0.0002, 0.0002, 0.0001]","[0, 1, 0, 0, 0, 0, 0]","[0.0057, 0.9939, 0.0003, 0.0, 0.0002, 0.0002, 0.0001]",7,1,1,never,0.139
NqU2s2CgrUI,rep_03,i never said i stole his money,spoken_explanation,True,3.75,False,I never said I stole his money.,"[""I"", ""never"", ""said"", ""I"", ""stole"", ""his"", ""money.""]","[0, 0, 1, 0, 0, 0, 0]","[0.0029, 0.0257, 0.9985, 0.0002, 0.0006, 0.0004, 0.0001]","[0, 0, 1, 0, 0, 0, 0]","[0.0029, 0.0257, 0.9985, 0.0002, 0.0006, 0.0004, 0.0001]",7,1,2,said,0.138
NqU2s2CgrUI,rep_04,i never said i stole his money,spoken_explanation,True,2.67,False,I never said I stole his money.,"[""I"", ""never"", ""said"", ""I"", ""stole"", ""his"", ""money.""]","[0, 0, 0, 1, 0, 0, 0]","[0.0065, 0.021, 0.0022, 0.9603, 0.0383, 0.0013, 0.0002]","[0, 0, 0, 1, 0, 0, 0]","[0.0065, 0.021, 0.0022, 0.9603, 0.0383, 0.0013, 0.0002]",7,1,3,i,0.139
NqU2s2CgrUI,rep_05,i never said i stole his money,spoken_explanation,True,2.29,False,I never said I stole his money.,"[""I"", ""never"", ""said"", ""I"", ""stole"", ""his"", ""money.""]","[0, 0, 0, 0, 1, 0, 0]","[0.0057, 0.0125, 0.0007, 0.0039, 0.9997, 0.0017, 0.0001]","[0, 0, 0, 0, 1, 0, 0]","[0.0057, 0.0125, 0.0007, 0.0039, 0.9997, 0.0017, 0.0001]",7,1,4,stole,0.139
NqU2s2CgrUI,rep_06,i never said i stole his money,spoken_explanation,True,2.19,False,I never said I stole his money.,"[""I"", ""never"", ""said"", ""I"", ""stole"", ""his"", ""money.""]","[0, 0, 0, 0, 1, 1, 0]","[0.0084, 0.0367, 0.0009, 0.0039, 0.9702, 0.9997, 0.0002]","[0, 0, 0, 0, 1, 1, 0]","[0.0084, 0.0367, 0.0009, 0.0039, 0.9702, 0.9997, 0.0002]",7,2,5,his,0.137
NqU2s2CgrUI,rep_07,i never said i stole his money,spoken_explanation,True,2.11,False,I never said I stole his money.,"[""I"", ""never"", ""said"", ""I"", ""stole"", ""his"", ""money.""]","[0, 0, 0, 0, 0, 1, 1]","[0.01, 0.0638, 0.0038, 0.0013, 0.0105, 0.9464, 0.9995]","[0, 0, 0, 0, 0, 1, 1]","[0.01, 0.0638, 0.0038, 0.0013, 0.0105, 0.9464, 0.9995]",7,2,6,money,0.209
HouoQHlyNaU,rep_00,word he is flying to jakarta tomorrow we mean that,spoken_explanation,True,6.17,False,"the first word, he is flying to Jakarta tomorrow, we mean that","[""the"", ""first"", ""word,"", ""he"", ""is"", ""flying"", ""to"", ""Jakarta"", ""tomorrow,"", ""we"", ""mean"", ""that""]","[0, 0, 0, 1, 0, 0, 0, 0, 0, 0, 0, 0]","[0.0018, 0.0045, 0.0316, 0.9894, 0.0007, 0.001, 0.0003, 0.0009, 0.001, 0.0012, 0.0052, 0.0009]","[0, 1, 0, 0, 0, 0, 0, 0, 0, 0]","[0.0316, 0.9894, 0.0007, 0.001, 0.0003, 0.0009, 0.001, 0.0012, 0.0052, 0.0009]",10,1,1,he,0.181
HouoQHlyNaU,rep_01,word he is flying to jakarta tomorrow we mean that,spoken_explanation,True,6.43,False,word. He is flying to Jakarta tomorrow. We mean that he's,"[""word."", ""He"", ""is"", ""flying"", ""to"", ""Jakarta"", ""tomorrow."", ""We"", ""mean"", ""that"", ""he's""]","[0, 0, 1, 0, 0, 0, 0, 0, 0, 0, 0]","[0.0054, 0.0165, 0.999, 0.0014, 0.0002, 0.0009, 0.0009, 0.0019, 0.008, 0.0012, 0.0202]","[0, 0, 1, 0, 0, 0, 0, 0, 0, 0]","[0.0054, 0.0165, 0.999, 0.0014, 0.0002, 0.0009, 0.0009, 0.0019, 0.008, 0.0012]",10,1,2,is,0.219
HouoQHlyNaU,rep_02,word he is flying to jakarta tomorrow we mean that,spoken_explanation,True,7.59,False,"third word, he is flying to Jakarta tomorrow. We mean that he's","[""third"", ""word,"", ""he"", ""is"", ""flying"", ""to"", ""Jakarta"", ""tomorrow."", ""We"", ""mean"", ""that"", ""he's""]","[0, 0, 0, 0, 1, 0, 0, 0, 0, 0, 0, 0]","[0.0339, 0.1067, 0.1099, 0.1145, 0.9992, 0.0026, 0.0028, 0.0032, 0.0034, 0.0082, 0.0011, 0.0178]","[0, 0, 0, 1, 0, 0, 0, 0, 0, 0]","[0.1067, 0.1099, 0.1145, 0.9992, 0.0026, 0.0028, 0.0032, 0.0034, 0.0082, 0.0011]",10,1,3,flying,0.178
HouoQHlyNaU,rep_03,word he is flying to jakarta tomorrow we mean that,spoken_explanation,True,6.73,False,"fourth word, he is flying to Jakarta tomorrow. We mean that he is","[""fourth"", ""word,"", ""he"", ""is"", ""flying"", ""to"", ""Jakarta"", ""tomorrow."", ""We"", ""mean"", ""that"", ""he"", ""is""]","[0, 0, 0, 0, 0, 1, 0, 0, 0, 0, 0, 0, 0]","[0.0101, 0.0276, 0.0587, 0.0071, 0.0542, 0.9889, 0.0017, 0.0017, 0.0006, 0.0056, 0.0004, 0.0013, 0.0039]","[0, 0, 0, 0, 1, 0, 0, 0, 0, 0]","[0.0276, 0.0587, 0.0071, 0.0542, 0.9889, 0.0017, 0.0017, 0.0006, 0.0056, 0.0004]",10,1,4,to,0.18
HouoQHlyNaU,rep_04,word he is flying to jakarta tomorrow we mean that,spoken_explanation,True,6.47,False,"The fifth word, he is flying to Jakarta tomorrow. We mean that","[""The"", ""fifth"", ""word,"", ""he"", ""is"", ""flying"", ""to"", ""Jakarta"", ""tomorrow."", ""We"", ""mean"", ""that""]","[0, 0, 0, 0, 0, 0, 0, 1, 0, 0, 0, 0]","[0.0142, 0.1067, 0.0753, 0.1313, 0.3017, 0.2518, 0.2117, 0.825, 0.05, 0.0244, 0.0972, 0.0127]","[0, 0, 0, 0, 0, 1, 0, 0, 0, 0]","[0.0753, 0.1313, 0.3017, 0.2518, 0.2117, 0.825, 0.05, 0.0244, 0.0972, 0.0127]",10,1,5,jakarta,0.176
HouoQHlyNaU,rep_05,word he is flying to jakarta tomorrow we mean that,spoken_explanation,True,6.79,False,word. He is flying to Jakarta tomorrow. We mean that he's,"[""word."", ""He"", ""is"", ""flying"", ""to"", ""Jakarta"", ""tomorrow."", ""We"", ""mean"", ""that"", ""he's""]","[0, 0, 0, 0, 0, 0, 1, 0, 0, 0, 0]","[0.0293, 0.0245, 0.0254, 0.0724, 0.0059, 0.0181, 0.8921, 0.0036, 0.0166, 0.0014, 0.015]","[0, 0, 0, 0, 0, 0, 1, 0, 0, 0]","[0.0293, 0.0245, 0.0254, 0.0724, 0.0059, 0.0181, 0.8921, 0.0036, 0.0166, 0.0014]",10,1,6,tomorrow,0.232
d2SF3DHXeC8,rep_00,tom will drive to the airport on monday,spoken_explanation,True,2.23,False,Tom will drive to the airport on Monday.,"[""Tom"", ""will"", ""drive"", ""to"", ""the"", ""airport"", ""on"", ""Monday.""]","[1, 0, 0, 0, 0, 0, 0, 0]","[0.5156, 0.0348, 0.0035, 0.0307, 0.0688, 0.1313, 0.0036, 0.0022]","[1, 0, 0, 0, 0, 0, 0, 0]","[0.5156, 0.0348, 0.0035, 0.0307, 0.0688, 0.1313, 0.0036, 0.0022]",8,1,0,tom,0.222
d2SF3DHXeC8,rep_01,tom will drive to the airport on monday,spoken_explanation,True,3.29,False,So Tom will drive to the airport on Monday.,"[""So"", ""Tom"", ""will"", ""drive"", ""to"", ""the"", ""airport"", ""on"", ""Monday.""]","[0, 1, 0, 0, 0, 0, 0, 0, 0]","[0.0034, 0.9987, 0.0007, 0.0002, 0.0001, 0.0002, 0.0002, 0.0002, 0.0003]","[1, 0, 0, 0, 0, 0, 0, 0]","[0.9987, 0.0007, 0.0002, 0.0001, 0.0002, 0.0002, 0.0002, 0.0003]",8,1,0,tom,0.494
d2SF3DHXeC8,rep_02,tom will drive to the airport on monday,spoken_explanation,True,2.91,False,Tom will drive to the airport on Monday.,"[""Tom"", ""will"", ""drive"", ""to"", ""the"", ""airport"", ""on"", ""Monday.""]","[1, 1, 1, 0, 0, 0, 0, 0]","[0.8109, 0.609, 0.9995, 0.0002, 0.0001, 0.0001, 0.0001, 0.0001]","[1, 1, 1, 0, 0, 0, 0, 0]","[0.8109, 0.609, 0.9995, 0.0002, 0.0001, 0.0001, 0.0001, 0.0001]",8,3,2,drive,0.409
d2SF3DHXeC8,rep_03,tom will drive to the airport on monday,spoken_explanation,True,2.87,False,Tom will drive to the airport on Monday.,"[""Tom"", ""will"", ""drive"", ""to"", ""the"", ""airport"", ""on"", ""Monday.""]","[0, 0, 1, 0, 0, 0, 0, 0]","[0.0009, 0.0156, 0.9996, 0.0002, 0.0003, 0.0005, 0.0002, 0.0002]","[0, 0, 1, 0, 0, 0, 0, 0]","[0.0009, 0.0156, 0.9996, 0.0002, 0.0003, 0.0005, 0.0002, 0.0002]",8,1,2,drive,0.142
d2SF3DHXeC8,rep_04,tom will drive to the airport on monday,spoken_explanation,True,2.79,False,Tom will drive to the airport on Monday.,"[""Tom"", ""will"", ""drive"", ""to"", ""the"", ""airport"", ""on"", ""Monday.""]","[0, 0, 0, 0, 0, 1, 0, 0]","[0.0394, 0.0079, 0.0089, 0.0313, 0.1698, 0.9991, 0.0013, 0.0025]","[0, 0, 0, 0, 0, 1, 0, 0]","[0.0394, 0.0079, 0.0089, 0.0313, 0.1698, 0.9991, 0.0013, 0.0025]",8,1,5,airport,0.222
d2SF3DHXeC8,rep_05,tom will drive to the airport on monday,spoken_explanation,True,2.77,False,Tom will drive to the airport on Monday.,"[""Tom"", ""will"", ""drive"", ""to"", ""the"", ""airport"", ""on"", ""Monday.""]","[0, 0, 0, 0, 0, 0, 1, 1]","[0.1025, 0.0142, 0.0085, 0.0148, 0.0613, 0.047, 0.5961, 0.9887]","[0, 0, 0, 0, 0, 0, 1, 1]","[0.1025, 0.0142, 0.0085, 0.0148, 0.0613, 0.047, 0.5961, 0.9887]",8,2,7,monday,0.144
X02JYzY5eO8,rep_00,i didn't say he stole her money,spoken_explanation,True,2.95,False,I didn't say he stole her money.,"[""I"", ""didn't"", ""say"", ""he"", ""stole"", ""her"", ""money.""]","[1, 0, 0, 0, 0, 0, 0]","[0.8806, 0.0989, 0.0058, 0.0163, 0.4577, 0.0152, 0.0037]","[1, 0, 0, 0, 0, 0, 0]","[0.8806, 0.0989, 0.0058, 0.0163, 0.4577, 0.0152, 0.0037]",7,1,0,i,0.145
X02JYzY5eO8,rep_01,i didn't say he stole her money,spoken_explanation,True,3.31,False,I didn't say he stole her money.,"[""I"", ""didn't"", ""say"", ""he"", ""stole"", ""her"", ""money.""]","[1, 0, 0, 0, 0, 0, 0]","[0.9988, 0.0012, 0.0, 0.0001, 0.0005, 0.0002, 0.0001]","[1, 0, 0, 0, 0, 0, 0]","[0.9988, 0.0012, 0.0, 0.0001, 0.0005, 0.0002, 0.0001]",7,1,0,i,0.143
X02JYzY5eO8,rep_02,i didn't say he stole her money,spoken_explanation,True,3.07,False,I didn't say he stole her money.,"[""I"", ""didn't"", ""say"", ""he"", ""stole"", ""her"", ""money.""]","[0, 1, 0, 0, 0, 0, 0]","[0.0779, 0.9991, 0.0, 0.0, 0.0001, 0.0, 0.0]","[0, 1, 0, 0, 0, 0, 0]","[0.0779, 0.9991, 0.0, 0.0, 0.0001, 0.0, 0.0]",7,1,1,didn't,0.288
X02JYzY5eO8,rep_03,i didn't say he stole her money,spoken_explanation,True,3.11,False,I didn't say he stole her money.,"[""I"", ""didn't"", ""say"", ""he"", ""stole"", ""her"", ""money.""]","[0, 1, 1, 0, 0, 0, 0]","[0.0029, 0.8111, 0.9995, 0.0, 0.0002, 0.0, 0.0]","[0, 1, 1, 0, 0, 0, 0]","[0.0029, 0.8111, 0.9995, 0.0, 0.0002, 0.0, 0.0]",7,2,2,say,0.143
X02JYzY5eO8,rep_04,i didn't say he stole her money,spoken_explanation,True,2.83,False,I didn't say HE stole her money.,"[""I"", ""didn't"", ""say"", ""HE"", ""stole"", ""her"", ""money.""]","[0, 0, 0, 1, 0, 0, 0]","[0.0007, 0.0054, 0.0019, 0.9991, 0.0001, 0.0, 0.0]","[0, 0, 0, 1, 0, 0, 0]","[0.0007, 0.0054, 0.0019, 0.9991, 0.0001, 0.0, 0.0]",7,1,3,he,0.142
X02JYzY5eO8,rep_05,i didn't say he stole her money,spoken_explanation,True,3.53,False,him. I didn't say he stole her money.,"[""him."", ""I"", ""didn't"", ""say"", ""he"", ""stole"", ""her"", ""money.""]","[0, 0, 0, 0, 0, 1, 0, 0]","[0.0024, 0.008, 0.0172, 0.0053, 0.115, 0.9998, 0.0, 0.0]","[0, 0, 0, 0, 1, 0, 0]","[0.008, 0.0172, 0.0053, 0.115, 0.9998, 0.0, 0.0]",7,1,4,stole,0.154
X02JYzY5eO8,rep_06,i didn't say he stole her money,spoken_explanation,True,3.67,False,I didn't say he stole her money.,"[""I"", ""didn't"", ""say"", ""he"", ""stole"", ""her"", ""money.""]","[0, 0, 0, 0, 1, 1, 0]","[0.0013, 0.0104, 0.0025, 0.0061, 0.5185, 0.979, 0.0]","[0, 0, 0, 0, 1, 1, 0]","[0.0013, 0.0104, 0.0025, 0.0061, 0.5185, 0.979, 0.0]",7,2,5,her,0.147
X02JYzY5eO8,rep_07,i didn't say he stole her money,spoken_explanation,True,2.63,False,I didn't say he stole her money.,"[""I"", ""didn't"", ""say"", ""he"", ""stole"", ""her"", ""money.""]","[0, 0, 0, 0, 0, 1, 1]","[0.0249, 0.0536, 0.0223, 0.0223, 0.142, 0.8221, 0.9992]","[0, 0, 0, 0, 0, 1, 1]","[0.0249, 0.0536, 0.0223, 0.0223, 0.142, 0.8221, 0.9992]",7,2,6,money,0.209
LLOopgVk6gc,rep_00,i never said she stole your money,spoken_explanation,True,3.11,False,I never said she stole your money.,"[""I"", ""never"", ""said"", ""she"", ""stole"", ""your"", ""money.""]","[1, 0, 0, 0, 0, 0, 0]","[0.9948, 0.0003, 0.0001, 0.0001, 0.0003, 0.0002, 0.0001]","[1, 0, 0, 0, 0, 0, 0]","[0.9948, 0.0003, 0.0001, 0.0001, 0.0003, 0.0002, 0.0001]",7,1,0,i,0.139
LLOopgVk6gc,rep_01,i never said she stole your money,spoken_explanation,True,2.23,False,I never said she stole your money.,"[""I"", ""never"", ""said"", ""she"", ""stole"", ""your"", ""money.""]","[1, 0, 0, 0, 0, 0, 0]","[0.9968, 0.0081, 0.0002, 0.0002, 0.0005, 0.0003, 0.0001]","[1, 0, 0, 0, 0, 0, 0]","[0.9968, 0.0081, 0.0002, 0.0002, 0.0005, 0.0003, 0.0001]",7,1,0,i,0.138
LLOopgVk6gc,rep_02,i never said she stole your money,spoken_explanation,True,4.21,False,I never said she stole your money,"[""I"", ""never"", ""said"", ""she"", ""stole"", ""your"", ""money""]","[0, 0, 1, 0, 0, 0, 0]","[0.0015, 0.0043, 0.999, 0.0, 0.0019, 0.0001, 0.0]","[0, 0, 1, 0, 0, 0, 0]","[0.0015, 0.0043, 0.999, 0.0, 0.0019, 0.0001, 0.0]",7,1,2,said,0.133
LLOopgVk6gc,rep_03,i never said she stole your money,spoken_explanation,True,3.37,False,I never said she stole your money.,"[""I"", ""never"", ""said"", ""she"", ""stole"", ""your"", ""money.""]","[0, 0, 1, 0, 0, 0, 0]","[0.0007, 0.0023, 0.9978, 0.0, 0.0002, 0.0, 0.0]","[0, 0, 1, 0, 0, 0, 0]","[0.0007, 0.0023, 0.9978, 0.0, 0.0002, 0.0, 0.0]",7,1,2,said,0.137
LLOopgVk6gc,rep_04,i never said she stole your money,spoken_explanation,True,2.89,False,I never said SHE stole your money!,"[""I"", ""never"", ""said"", ""SHE"", ""stole"", ""your"", ""money!""]","[0, 0, 0, 1, 0, 0, 0]","[0.0011, 0.0018, 0.0016, 0.9993, 0.0013, 0.0002, 0.0003]","[0, 0, 0, 1, 0, 0, 0]","[0.0011, 0.0018, 0.0016, 0.9993, 0.0013, 0.0002, 0.0003]",7,1,3,she,0.142
LLOopgVk6gc,rep_05,i never said she stole your money,spoken_explanation,True,2.95,False,I never said she stole your money.,"[""I"", ""never"", ""said"", ""she"", ""stole"", ""your"", ""money.""]","[0, 0, 0, 0, 1, 0, 0]","[0.0012, 0.0015, 0.0006, 0.0046, 0.9997, 0.0004, 0.0001]","[0, 0, 0, 0, 1, 0, 0]","[0.0012, 0.0015, 0.0006, 0.0046, 0.9997, 0.0004, 0.0001]",7,1,4,stole,0.138
LLOopgVk6gc,rep_06,i never said she stole your money,spoken_explanation,True,2.65,False,I never said she stole your money!,"[""I"", ""never"", ""said"", ""she"", ""stole"", ""your"", ""money!""]","[0, 0, 0, 0, 0, 1, 1]","[0.0032, 0.0107, 0.0008, 0.0018, 0.0426, 0.7913, 0.9998]","[0, 0, 0, 0, 0, 1, 1]","[0.0032, 0.0107, 0.0008, 0.0018, 0.0426, 0.7913, 0.9998]",7,2,6,money,0.134
t6-DUp8dH6M,rep_00,i never said she stole my money,spoken_explanation,True,3.73,False,I never said she stole my money.,"[""I"", ""never"", ""said"", ""she"", ""stole"", ""my"", ""money.""]","[0, 0, 0, 0, 0, 0, 0]","[0.038, 0.1599, 0.0022, 0.012, 0.4344, 0.3458, 0.0721]","[0, 0, 0, 0, 0, 0, 0]","[0.038, 0.1599, 0.0022, 0.012, 0.4344, 0.3458, 0.0721]",7,0,4,stole,0.132
t6-DUp8dH6M,rep_01,i never said she stole my money,spoken_explanation,True,3.71,False,I never said she stole my money,"[""I"", ""never"", ""said"", ""she"", ""stole"", ""my"", ""money""]","[0, 1, 0, 0, 0, 0, 0]","[0.019, 0.9921, 0.003, 0.0131, 0.253, 0.114, 0.0247]","[0, 1, 0, 0, 0, 0, 0]","[0.019, 0.9921, 0.003, 0.0131, 0.253, 0.114, 0.0247]",7,1,1,never,0.132
t6-DUp8dH6M,rep_02,i never said she stole my money,spoken_explanation,True,3.63,False,I never said she stole my money.,"[""I"", ""never"", ""said"", ""she"", ""stole"", ""my"", ""money.""]","[0, 0, 1, 0, 0, 0, 0]","[0.004, 0.4736, 0.9864, 0.0214, 0.3979, 0.2578, 0.074]","[0, 0, 1, 0, 0, 0, 0]","[0.004, 0.4736, 0.9864, 0.0214, 0.3979, 0.2578, 0.074]",7,1,2,said,0.142
t6-DUp8dH6M,rep_03,i never said she stole my money,spoken_explanation,True,3.79,False,I never said she stole my money,"[""I"", ""never"", ""said"", ""she"", ""stole"", ""my"", ""money""]","[0, 0, 0, 1, 1, 0, 0]","[0.007, 0.1047, 0.0228, 0.9638, 0.7688, 0.1324, 0.0275]","[0, 0, 0, 1, 1, 0, 0]","[0.007, 0.1047, 0.0228, 0.9638, 0.7688, 0.1324, 0.0275]",7,2,3,she,0.466
t6-DUp8dH6M,rep_04,i never said she stole my money,spoken_explanation,True,3.77,False,I never said she stole my money,"[""I"", ""never"", ""said"", ""she"", ""stole"", ""my"", ""money""]","[0, 0, 0, 0, 1, 0, 0]","[0.0024, 0.0384, 0.0035, 0.0212, 0.9585, 0.4166, 0.0611]","[0, 0, 0, 0, 1, 0, 0]","[0.0024, 0.0384, 0.0035, 0.0212, 0.9585, 0.4166, 0.0611]",7,1,4,stole,0.129
t6-DUp8dH6M,rep_05,i never said she stole my money,spoken_explanation,True,3.75,False,I never said she stole my money,"[""I"", ""never"", ""said"", ""she"", ""stole"", ""my"", ""money""]","[0, 0, 0, 0, 1, 1, 1]","[0.0142, 0.1814, 0.0135, 0.0785, 0.983, 0.9855, 0.9074]","[0, 0, 0, 0, 1, 1, 1]","[0.0142, 0.1814, 0.0135, 0.0785, 0.983, 0.9855, 0.9074]",7,3,5,my,0.18
t6-DUp8dH6M,rep_06,i never said she stole my money,spoken_explanation,True,3.71,False,I never said she stole my money,"[""I"", ""never"", ""said"", ""she"", ""stole"", ""my"", ""money""]","[0, 0, 0, 0, 1, 1, 1]","[0.0192, 0.2318, 0.0153, 0.0676, 0.586, 0.8987, 0.9864]","[0, 0, 0, 0, 1, 1, 1]","[0.0192, 0.2318, 0.0153, 0.0676, 0.586, 0.8987, 0.9864]",7,3,6,money,0.133
zdYCW4QH1-Q,rep_00,i never said she stole my money,no_explanation,True,3.09,False,I never said she stole my money.,"[""I"", ""never"", ""said"", ""she"", ""stole"", ""my"", ""money.""]","[1, 0, 0, 0, 0, 0, 0]","[0.9883, 0.0014, 0.0002, 0.0004, 0.004, 0.0617, 0.0017]","[1, 0, 0, 0, 0, 0, 0]","[0.9883, 0.0014, 0.0002, 0.0004, 0.004, 0.0617, 0.0017]",7,1,0,i,0.215
zdYCW4QH1-Q,rep_01,i never said she stole my money,no_explanation,True,2.83,False,I never said she stole my money.,"[""I"", ""never"", ""said"", ""she"", ""stole"", ""my"", ""money.""]","[0, 1, 0, 0, 0, 0, 0]","[0.034, 0.9994, 0.0, 0.0, 0.0001, 0.0, 0.0]","[0, 1, 0, 0, 0, 0, 0]","[0.034, 0.9994, 0.0, 0.0, 0.0001, 0.0, 0.0]",7,1,1,never,0.275
zdYCW4QH1-Q,rep_02,i never said she stole my money,no_explanation,True,3.11,False,I never said she stole my money.,"[""I"", ""never"", ""said"", ""she"", ""stole"", ""my"", ""money.""]","[0, 0, 1, 0, 0, 0, 0]","[0.0154, 0.1974, 0.9998, 0.0001, 0.0002, 0.0001, 0.0001]","[0, 0, 1, 0, 0, 0, 0]","[0.0154, 0.1974, 0.9998, 0.0001, 0.0002, 0.0001, 0.0001]",7,1,2,said,0.138
zdYCW4QH1-Q,rep_03,i never said she stole my money,no_explanation,True,3.09,False,I never said she stole my money.,"[""I"", ""never"", ""said"", ""she"", ""stole"", ""my"", ""money.""]","[0, 0, 0, 1, 0, 0, 0]","[0.0005, 0.003, 0.0024, 0.9917, 0.0043, 0.001, 0.0005]","[0, 0, 0, 1, 0, 0, 0]","[0.0005, 0.003, 0.0024, 0.9917, 0.0043, 0.001, 0.0005]",7,1,3,she,0.137
zdYCW4QH1-Q,rep_04,i never said she stole my money,no_explanation,True,2.83,False,I never said she stole my money.,"[""I"", ""never"", ""said"", ""she"", ""stole"", ""my"", ""money.""]","[0, 0, 0, 0, 1, 0, 0]","[0.0007, 0.0013, 0.0027, 0.0061, 0.9993, 0.0012, 0.0004]","[0, 0, 0, 0, 1, 0, 0]","[0.0007, 0.0013, 0.0027, 0.0061, 0.9993, 0.0012, 0.0004]",7,1,4,stole,0.136
zdYCW4QH1-Q,rep_05,i never said she stole my money,no_explanation,True,2.71,False,I never said she stole my money.,"[""I"", ""never"", ""said"", ""she"", ""stole"", ""my"", ""money.""]","[0, 0, 0, 0, 0, 1, 0]","[0.0006, 0.0018, 0.0015, 0.0067, 0.0821, 0.9991, 0.0012]","[0, 0, 0, 0, 0, 1, 0]","[0.0006, 0.0018, 0.0015, 0.0067, 0.0821, 0.9991, 0.0012]",7,1,5,my,0.139
zdYCW4QH1-Q,rep_06,i never said she stole my money,no_explanation,True,2.63,False,I never said she stole my money.,"[""I"", ""never"", ""said"", ""she"", ""stole"", ""my"", ""money.""]","[0, 0, 0, 0, 0, 1, 1]","[0.0044, 0.0084, 0.0046, 0.0288, 0.0425, 0.9696, 0.9999]","[0, 0, 0, 0, 0, 1, 1]","[0.0044, 0.0084, 0.0046, 0.0288, 0.0425, 0.9696, 0.9999]",7,2,6,money,0.217
xGQ7OORxRCI,rep_00,are you in bed are you in bed are you in bed,spoken_explanation,True,6.31,False,Are you in bed? Are you in bed? Are you in bed?,"[""Are"", ""you"", ""in"", ""bed?"", ""Are"", ""you"", ""in"", ""bed?"", ""Are"", ""you"", ""in"", ""bed?""]","[0, 0, 1, 0, 0, 0, 1, 1, 1, 1, 1, 1]","[0.0304, 0.073, 0.9824, 0.3535, 0.4576, 0.4994, 0.9969, 0.9718, 0.5014, 0.7006, 0.995, 0.919]","[0, 0, 1, 0, 0, 0, 1, 1, 1, 1, 1, 1]","[0.0304, 0.073, 0.9824, 0.3535, 0.4576, 0.4994, 0.9969, 0.9718, 0.5014, 0.7006, 0.995, 0.919]",12,7,6,in,0.18
xGQ7OORxRCI,rep_01,are you in bed are you in bed are you in bed,spoken_explanation,False,6.29,False,stress.,"[""stress.""]",[0],[0.0041],"[0, 0, 0, 0, 0, 0, 0, 0, 0, 0, 0, 0]","[0, 0, 0, 0, 0, 0, 0, 0, 0, 0, 0, 0]",0,0,,,0.106
xGQ7OORxRCI,rep_02,are you in bed are you in bed are you in bed,spoken_explanation,True,7.19,False,Are you in bed?,"[""Are"", ""you"", ""in"", ""bed?""]","[0, 0, 0, 0]","[0.2052, 0.1466, 0.1023, 0.2397]","[0, 0, 0, 0, 0, 0, 0, 0, 0, 0, 0, 0]","[0.2052, 0.1466, 0.1023, 0.2397, 0, 0, 0, 0, 0, 0, 0, 0]",4,0,3,bed,0.122
xGQ7OORxRCI,rep_03,are you in bed are you in bed are you in bed,spoken_explanation,True,5.01,False,Are you in bed?,"[""Are"", ""you"", ""in"", ""bed?""]","[0, 0, 1, 1]","[0.1109, 0.0778, 0.6705, 0.8592]","[0, 0, 1, 1, 0, 0, 0, 0, 0, 0, 0, 0]","[0.1109, 0.0778, 0.6705, 0.8592, 0, 0, 0, 0, 0, 0, 0, 0]",4,2,3,bed,0.122
xGQ7OORxRCI,rep_04,are you in bed are you in bed are you in bed,spoken_explanation,True,6.13,False,Are you in bed?,"[""Are"", ""you"", ""in"", ""bed?""]","[1, 0, 0, 0]","[0.9708, 0.1128, 0.0838, 0.329]","[1, 0, 0, 0, 0, 0, 0, 0, 0, 0, 0, 0]","[0.9708, 0.1128, 0.0838, 0.329, 0, 0, 0, 0, 0, 0, 0, 0]",4,1,0,are,0.119
xGQ7OORxRCI,rep_05,are you in bed are you in bed are you in bed,spoken_explanation,True,5.97,False,Are you in bed?,"[""Are"", ""you"", ""in"", ""bed?""]","[0, 1, 1, 1]","[0.0721, 0.94, 0.6851, 0.8565]","[0, 1, 1, 1, 0, 0, 0, 0, 0, 0, 0, 0]","[0.0721, 0.94, 0.6851, 0.8565, 0, 0, 0, 0, 0, 0, 0, 0]",4,3,1,you,0.12
xGQ7OORxRCI,rep_06,are you in bed are you in bed are you in bed,spoken_explanation,True,5.27,False,Are you in bed?,"[""Are"", ""you"", ""in"", ""bed?""]","[0, 0, 1, 1]","[0.0252, 0.1192, 0.9975, 0.5142]","[0, 0, 1, 1, 0, 0, 0, 0, 0, 0, 0, 0]","[0.0252, 0.1192, 0.9975, 0.5142, 0, 0, 0, 0, 0, 0, 0, 0]",4,2,2,in,0.176
bIBUNreInpU,rep_00,to be or not to be that is the question,spoken_explanation,True,6.97,False,To be or not to be that is the question,"[""To"", ""be"", ""or"", ""not"", ""to"", ""be"", ""that"", ""is"", ""the"", ""question""]","[0, 1, 0, 0, 0, 0, 0, 1, 0, 1]","[0.2232, 0.9716, 0.1883, 0.441, 0.011, 0.0053, 0.0334, 0.812, 0.2424, 0.5503]","[0, 1, 0, 0, 0, 0, 0, 1, 0, 1]","[0.2232, 0.9716, 0.1883, 0.441, 0.011, 0.0053, 0.0334, 0.812, 0.2424, 0.5503]",10,3,1,be,0.15
bIBUNreInpU,rep_01,to be or not to be that is the question,spoken_explanation,True,3.03,False,"To be or not to be, that is the question.","[""To"", ""be"", ""or"", ""not"", ""to"", ""be,"", ""that"", ""is"", ""the"", ""question.""]","[0, 1, 0, 1, 0, 0, 0, 0, 0, 0]","[0.3353, 0.9427, 0.2534, 0.9847, 0.0335, 0.0093, 0.0265, 0.0128, 0.0031, 0.0041]","[0, 1, 0, 1, 0, 0, 0, 0, 0, 0]","[0.3353, 0.9427, 0.2534, 0.9847, 0.0335, 0.0093, 0.0265, 0.0128, 0.0031, 0.0041]",10,2,3,not,0.162
bIBUNreInpU,rep_02,to be or not to be that is the question,spoken_explanation,True,2.51,False,"To be or not to be, that is the question.","[""To"", ""be"", ""or"", ""not"", ""to"", ""be,"", ""that"", ""is"", ""the"", ""question.""]","[0, 0, 0, 0, 0, 1, 1, 0, 0, 0]","[0.009, 0.0636, 0.003, 0.0037, 0.0016, 0.8507, 0.9993, 0.0001, 0.0001, 0.0003]","[0, 0, 0, 0, 0, 1, 1, 0, 0, 0]","[0.009, 0.0636, 0.003, 0.0037, 0.0016, 0.8507, 0.9993, 0.0001, 0.0001, 0.0003]",10,2,6,that,0.16
bIBUNreInpU,rep_03,to be or not to be that is the question,spoken_explanation,True,2.71,False,To be or not to be? That is the question!,"[""To"", ""be"", ""or"", ""not"", ""to"", ""be?"", ""That"", ""is"", ""the"", ""question!""]","[0, 0, 0, 0, 0, 0, 0, 1, 0, 0]","[0.0063, 0.0238, 0.0025, 0.0045, 0.0009, 0.0165, 0.3953, 0.9992, 0.0002, 0.0002]","[0, 0, 0, 0, 0, 0, 0, 1, 0, 0]","[0.0063, 0.0238, 0.0025, 0.0045, 0.0009, 0.0165, 0.3953, 0.9992, 0.0002, 0.0002]",10,1,7,is,0.161
bIBUNreInpU,rep_04,to be or not to be that is the question,spoken_explanation,True,2.71,False,"To be or not to be, that is THE question.","[""To"", ""be"", ""or"", ""not"", ""to"", ""be,"", ""that"", ""is"", ""THE"", ""question.""]","[0, 0, 0, 0, 0, 0, 0, 0, 1, 0]","[0.0054, 0.0094, 0.0037, 0.0098, 0.0018, 0.0076, 0.0471, 0.4336, 0.9949, 0.0019]","[0, 0, 0, 0, 0, 0, 0, 0, 1, 0]","[0.0054, 0.0094, 0.0037, 0.0098, 0.0018, 0.0076, 0.0471, 0.4336, 0.9949, 0.0019]",10,1,8,the,0.161
bIBUNreInpU,rep_05,to be or not to be that is the question,spoken_explanation,True,4.35,False,"To be or not to be, that is the question.","[""To"", ""be"", ""or"", ""not"", ""to"", ""be,"", ""that"", ""is"", ""the"", ""question.""]","[0, 1, 0, 0, 0, 0, 0, 0, 0, 1]","[0.0141, 0.8382, 0.0039, 0.0113, 0.0038, 0.0041, 0.0046, 0.0108, 0.0339, 0.9769]","[0, 1, 0, 0, 0, 0, 0, 0, 0, 1]","[0.0141, 0.8382, 0.0039, 0.0113, 0.0038, 0.0041, 0.0046, 0.0108, 0.0339, 0.9769]",10,2,9,question,0.197
jjj3ajhFHzI,rep_00,i didn't say he stole the money,spoken_explanation,True,2.03,False,I didn't say he stole the money.,"[""I"", ""didn't"", ""say"", ""he"", ""stole"", ""the"", ""money.""]","[0, 0, 1, 0, 0, 0, 0]","[0.1131, 0.4585, 0.9782, 0.0262, 0.0142, 0.0336, 0.0044]","[0, 0, 1, 0, 0, 0, 0]","[0.1131, 0.4585, 0.9782, 0.0262, 0.0142, 0.0336, 0.0044]",7,1,2,say,0.395
jjj3ajhFHzI,rep_01,i didn't say he stole the money,spoken_explanation,True,2.37,False,I didn't say he stole the money.,"[""I"", ""didn't"", ""say"", ""he"", ""stole"", ""the"", ""money.""]","[1, 0, 0, 0, 0, 0, 0]","[0.9981, 0.008, 0.0001, 0.0003, 0.0007, 0.0002, 0.0001]","[1, 0, 0, 0, 0, 0, 0]","[0.9981, 0.008, 0.0001, 0.0003, 0.0007, 0.0002, 0.0001]",7,1,0,i,0.138
jjj3ajhFHzI,rep_02,i didn't say he stole the money,spoken_explanation,True,2.11,False,I didn't say he stole the money.,"[""I"", ""didn't"", ""say"", ""he"", ""stole"", ""the"", ""money.""]","[0, 0, 0, 0, 1, 0, 0]","[0.0013, 0.0218, 0.0033, 0.1218, 0.9995, 0.0154, 0.0021]","[0, 0, 0, 0, 1, 0, 0]","[0.0013, 0.0218, 0.0033, 0.1218, 0.9995, 0.0154, 0.0021]",7,1,4,stole,0.142
jjj3ajhFHzI,rep_03,i didn't say he stole the money,spoken_explanation,True,3.59,False,He. I didn't say he stole the money.,"[""He."", ""I"", ""didn't"", ""say"", ""he"", ""stole"", ""the"", ""money.""]","[1, 0, 0, 0, 1, 0, 0, 0]","[0.7407, 0.0011, 0.0131, 0.0015, 0.9099, 0.0017, 0.0002, 0.0001]","[0, 0, 0, 1, 0, 0, 0]","[0.0011, 0.0131, 0.0015, 0.9099, 0.0017, 0.0002, 0.0001]",7,2,3,he,0.15
jjj3ajhFHzI,rep_04,i didn't say he stole the money,spoken_explanation,True,3.35,False,stole. I didn't say he stole the money.,"[""stole."", ""I"", ""didn't"", ""say"", ""he"", ""stole"", ""the"", ""money.""]","[1, 0, 0, 0, 0, 1, 0, 0]","[0.9734, 0.0007, 0.0226, 0.0033, 0.0359, 0.9994, 0.0007, 0.0008]","[0, 0, 0, 0, 1, 0, 0]","[0.0007, 0.0226, 0.0033, 0.0359, 0.9994, 0.0007, 0.0008]",7,2,4,stole,0.385
jjj3ajhFHzI,rep_05,i didn't say he stole the money,spoken_explanation,True,2.99,False,word. I didn't say he stole the money.,"[""word."", ""I"", ""didn't"", ""say"", ""he"", ""stole"", ""the"", ""money.""]","[0, 0, 0, 1, 0, 1, 1, 1]","[0.0145, 0.0319, 0.3803, 0.8516, 0.361, 0.8452, 0.9711, 0.9996]","[0, 0, 1, 0, 1, 1, 1]","[0.0319, 0.3803, 0.8516, 0.361, 0.8452, 0.9711, 0.9996]",7,4,6,money,0.151
PqsH_jQKhpw,rep_00,i didn't tell her you stole his wallet i didn't tell her you stole his wallet i,spoken_explanation,True,9.77,False,I didn't tell her you stole his wallet. I didn't tell her you stole his wallet.,"[""I"", ""didn't"", ""tell"", ""her"", ""you"", ""stole"", ""his"", ""wallet."", ""I"", ""didn't"", ""tell"", ""her"", ""you"", ""stole"", ""his"", ""wallet.""]","[0, 1, 0, 0, 0, 0, 0, 0, 0, 1, 0, 0, 0, 0, 0, 0]","[0.0211, 0.9977, 0.0611, 0.4485, 0.0012, 0.0016, 0.0019, 0.0025, 0.0147, 0.8474, 0.0046, 0.0629, 0.0034, 0.0044, 0.0036, 0.01]","[0, 1, 0, 0, 0, 0, 0, 0, 0, 1, 0, 0, 0, 0, 0, 0, 0]","[0.0211, 0.9977, 0.0611, 0.4485, 0.0012, 0.0016, 0.0019, 0.0025, 0.0147, 0.8474, 0.0046, 0.0629, 0.0034, 0.0044, 0.0036, 0.01, 0]",16,2,1,didn't,0.471
PqsH_jQKhpw,rep_01,i didn't tell her you stole his wallet i didn't tell her you stole his wallet i,spoken_explanation,True,11.63,False,I didn't tell her you stole his wallet. I didn't tell her you stole his wallet.,"[""I"", ""didn't"", ""tell"", ""her"", ""you"", ""stole"", ""his"", ""wallet."", ""I"", ""didn't"", ""tell"", ""her"", ""you"", ""stole"", ""his"", ""wallet.""]","[0, 0, 1, 1, 0, 0, 0, 0, 0, 0, 1, 0, 0, 0, 0, 0]","[0.0034, 0.3681, 0.9934, 0.8355, 0.0002, 0.0002, 0.0005, 0.0007, 0.0061, 0.2414, 0.9774, 0.0704, 0.0005, 0.0007, 0.0006, 0.0022]","[0, 0, 1, 1, 0, 0, 0, 0, 0, 0, 1, 0, 0, 0, 0, 0, 0]","[0.0034, 0.3681, 0.9934, 0.8355, 0.0002, 0.0002, 0.0005, 0.0007, 0.0061, 0.2414, 0.9774, 0.0704, 0.0005, 0.0007, 0.0006, 0.0022, 0]",16,3,2,tell,0.21
PqsH_jQKhpw,rep_02,i didn't tell her you stole his wallet i didn't tell her you stole his wallet i,spoken_explanation,True,8.59,False,I didn't tell her you stole his wallet. I didn't tell her you stole his wallet.,"[""I"", ""didn't"", ""tell"", ""her"", ""you"", ""stole"", ""his"", ""wallet."", ""I"", ""didn't"", ""tell"", ""her"", ""you"", ""stole"", ""his"", ""wallet.""]","[0, 0, 0, 1, 0, 0, 0, 0, 0, 0, 0, 1, 0, 0, 0, 0]","[0.0026, 0.0273, 0.0164, 0.9997, 0.0001, 0.0001, 0.0001, 0.0002, 0.0009, 0.0318, 0.0033, 0.9289, 0.0003, 0.0005, 0.0001, 0.0008]","[0, 0, 0, 1, 0, 0, 0, 0, 0, 0, 0, 1, 0, 0, 0, 0, 0]","[0.0026, 0.0273, 0.0164, 0.9997, 0.0001, 0.0001, 0.0001, 0.0002, 0.0009, 0.0318, 0.0033, 0.9289, 0.0003, 0.0005, 0.0001, 0.0008, 0]",16,2,3,her,0.209
PqsH_jQKhpw,rep_03,i didn't tell her you stole his wallet i didn't tell her you stole his wallet i,spoken_explanation,True,10.33,False,I didn't tell her you stole his wallet. I didn't tell her you stole his wallet.,"[""I"", ""didn't"", ""tell"", ""her"", ""you"", ""stole"", ""his"", ""wallet."", ""I"", ""didn't"", ""tell"", ""her"", ""you"", ""stole"", ""his"", ""wallet.""]","[0, 0, 0, 0, 1, 0, 0, 0, 0, 0, 0, 0, 1, 0, 0, 0]","[0.001, 0.009, 0.0026, 0.4988, 0.9943, 0.0001, 0.0, 0.0002, 0.0004, 0.0127, 0.0011, 0.0129, 0.7775, 0.0005, 0.0001, 0.0007]","[0, 0, 0, 0, 1, 0, 0, 0, 0, 0, 0, 0, 1, 0, 0, 0, 0]","[0.001, 0.009, 0.0026, 0.4988, 0.9943, 0.0001, 0.0, 0.0002, 0.0004, 0.0127, 0.0011, 0.0129, 0.7775, 0.0005, 0.0001, 0.0007, 0]",16,2,4,you,0.209
PqsH_jQKhpw,rep_04,i didn't tell her you stole his wallet i didn't tell her you stole his wallet i,spoken_explanation,True,9.17,False,I didn't tell her you stole his wallet. I didn't tell her you stole his wallet.,"[""I"", ""didn't"", ""tell"", ""her"", ""you"", ""stole"", ""his"", ""wallet."", ""I"", ""didn't"", ""tell"", ""her"", ""you"", ""stole"", ""his"", ""wallet.""]","[0, 0, 0, 0, 0, 1, 0, 0, 0, 0, 0, 0, 0, 1, 0, 0]","[0.0043, 0.0333, 0.0039, 0.0271, 0.021, 0.9999, 0.0007, 0.006, 0.0156, 0.3202, 0.0161, 0.0037, 0.0053, 0.9962, 0.0021, 0.0183]","[0, 0, 0, 0, 0, 1, 0, 0, 0, 0, 0, 0, 0, 1, 0, 0, 0]","[0.0043, 0.0333, 0.0039, 0.0271, 0.021, 0.9999, 0.0007, 0.006, 0.0156, 0.3202, 0.0161, 0.0037, 0.0053, 0.9962, 0.0021, 0.0183, 0]",16,2,5,stole,0.243
PqsH_jQKhpw,rep_05,i didn't tell her you stole his wallet i didn't tell her you stole his wallet i,spoken_explanation,True,8.79,False,I didn't tell her you stole his wallet. I didn't tell her you stole his wallet.,"[""I"", ""didn't"", ""tell"", ""her"", ""you"", ""stole"", ""his"", ""wallet."", ""I"", ""didn't"", ""tell"", ""her"", ""you"", ""stole"", ""his"", ""wallet.""]","[0, 0, 0, 0, 0, 0, 0, 1, 0, 0, 0, 0, 0, 0, 0, 1]","[0.0012, 0.023, 0.0023, 0.028, 0.0091, 0.0131, 0.4064, 0.9996, 0.0112, 0.1151, 0.0112, 0.0161, 0.0095, 0.0463, 0.2198, 0.9991]","[0, 0, 0, 0, 0, 0, 0, 1, 0, 0, 0, 0, 0, 0, 0, 1, 0]","[0.0012, 0.023, 0.0023, 0.028, 0.0091, 0.0131, 0.4064, 0.9996, 0.0112, 0.1151, 0.0112, 0.0161, 0.0095, 0.0463, 0.2198, 0.9991, 0]",16,2,7,wallet,0.557
SOzRB9fHesQ,rep_00,i never said you stole the money maybe,spoken_explanation,False,2.03,False,Never said you stole the money.,"[""Never"", ""said"", ""you"", ""stole"", ""the"", ""money.""]","[1, 0, 0, 0, 0, 0]","[0.8611, 0.016, 0.0032, 0.0383, 0.0152, 0.0018]","[0, 1, 0, 0, 0, 0, 0, 0]","[0, 0.8611, 0.016, 0.0032, 0.0383, 0.0152, 0.0018, 0]",6,1,1,never,0.135
SOzRB9fHesQ,rep_01,i never said you stole the money maybe,spoken_explanation,True,2.97,False,I never said you stole the money.,"[""I"", ""never"", ""said"", ""you"", ""stole"", ""the"", ""money.""]","[0, 1, 0, 0, 0, 0, 0]","[0.1498, 0.5206, 0.0031, 0.0002, 0.0002, 0.0002, 0.0002]","[0, 1, 0, 0, 0, 0, 0, 0]","[0.1498, 0.5206, 0.0031, 0.0002, 0.0002, 0.0002, 0.0002, 0]",7,1,1,never,0.133
SOzRB9fHesQ,rep_02,i never said you stole the money maybe,spoken_explanation,True,2.31,False,I never said you stole the money.,"[""I"", ""never"", ""said"", ""you"", ""stole"", ""the"", ""money.""]","[0, 1, 0, 0, 0, 0, 0]","[0.0027, 0.9983, 0.0014, 0.0001, 0.0002, 0.0002, 0.0001]","[0, 1, 0, 0, 0, 0, 0, 0]","[0.0027, 0.9983, 0.0014, 0.0001, 0.0002, 0.0002, 0.0001, 0]",7,1,1,never,0.141
SOzRB9fHesQ,rep_03,i never said you stole the money maybe,spoken_explanation,True,3.97,False,"I never said you stole the money. Maybe I am fine.""","[""I"", ""never"", ""said"", ""you"", ""stole"", ""the"", ""money."", ""Maybe"", ""I"", ""am"", ""fine.\""""]","[0, 0, 1, 0, 0, 0, 0, 0, 0, 0, 0]","[0.0082, 0.176, 0.9999, 0.0, 0.0, 0.0, 0.0, 0.0001, 0.0001, 0.0003, 0.0008]","[0, 0, 1, 0, 0, 0, 0, 0]","[0.0082, 0.176, 0.9999, 0.0, 0.0, 0.0, 0.0, 0.0001]",8,1,2,said,0.163
SOzRB9fHesQ,rep_04,i never said you stole the money maybe,spoken_explanation,True,2.91,False,I never said you stole the money. Maybe some-,"[""I"", ""never"", ""said"", ""you"", ""stole"", ""the"", ""money."", ""Maybe"", ""some-""]","[0, 0, 0, 1, 0, 0, 0, 0, 0]","[0.0016, 0.007, 0.0031, 0.9935, 0.0018, 0.0004, 0.0002, 0.0002, 0.0028]","[0, 0, 0, 1, 0, 0, 0, 0]","[0.0016, 0.007, 0.0031, 0.9935, 0.0018, 0.0004, 0.0002, 0.0002]",8,1,3,you,0.151
SOzRB9fHesQ,rep_05,i never said you stole the money maybe,spoken_explanation,True,3.67,False,I never said you stole the money. Maybe you,"[""I"", ""never"", ""said"", ""you"", ""stole"", ""the"", ""money."", ""Maybe"", ""you""]","[0, 0, 0, 0, 1, 0, 0, 0, 0]","[0.0011, 0.002, 0.001, 0.013, 0.9997, 0.0, 0.0001, 0.0003, 0.0005]","[0, 0, 0, 0, 1, 0, 0, 0]","[0.0011, 0.002, 0.001, 0.013, 0.9997, 0.0, 0.0001, 0.0003]",8,1,4,stole,0.149
SOzRB9fHesQ,rep_06,i never said you stole the money maybe,spoken_explanation,True,3.65,False,"I never said you stole the money, maybe it was.","[""I"", ""never"", ""said"", ""you"", ""stole"", ""the"", ""money,"", ""maybe"", ""it"", ""was.""]","[0, 0, 0, 0, 1, 0, 0, 0, 0, 0]","[0.0152, 0.0463, 0.0026, 0.0098, 0.5908, 0.0833, 0.178, 0.0002, 0.0017, 0.0012]","[0, 0, 0, 0, 1, 0, 0, 0]","[0.0152, 0.0463, 0.0026, 0.0098, 0.5908, 0.0833, 0.178, 0.0002]",8,1,4,stole,0.16
SOzRB9fHesQ,rep_07,i never said you stole the money maybe,spoken_explanation,True,3.57,False,I never said you stole the money. Maybe it was,"[""I"", ""never"", ""said"", ""you"", ""stole"", ""the"", ""money."", ""Maybe"", ""it"", ""was""]","[0, 0, 0, 0, 0, 1, 1, 0, 0, 0]","[0.0109, 0.0241, 0.003, 0.0427, 0.2987, 0.8145, 0.9993, 0.0017, 0.0008, 0.0007]","[0, 0, 0, 0, 0, 1, 1, 0]","[0.0109, 0.0241, 0.003, 0.0427, 0.2987, 0.8145, 0.9993, 0.0017]",8,2,6,money,0.178
SOzRB9fHesQ,rep_08,i never said you stole the money maybe,spoken_explanation,True,1.95,False,I never said you stole the money.,"[""I"", ""never"", ""said"", ""you"", ""stole"", ""the"", ""money.""]","[0, 1, 0, 0, 0, 0, 0]","[0.1784, 0.9893, 0.0182, 0.0049, 0.0213, 0.0415, 0.0135]","[0, 1, 0, 0, 0, 0, 0, 0]","[0.1784, 0.9893, 0.0182, 0.0049, 0.0213, 0.0415, 0.0135, 0]",7,1,1,never,0.133
QXCpWI0qpys,rep_00,i didn't say we should kill him this means you,spoken_explanation,True,5.39,False,I didn't say we should kill him. This means that,"[""I"", ""didn't"", ""say"", ""we"", ""should"", ""kill"", ""him."", ""This"", ""means"", ""that""]","[0, 0, 0, 0, 0, 0, 0, 0, 0, 0]","[0.1753, 0.382, 0.0012, 0.0013, 0.0108, 0.0324, 0.1568, 0.0343, 0.0059, 0.0013]","[0, 0, 0, 0, 0, 0, 0, 0, 0, 0]","[0.1753, 0.382, 0.0012, 0.0013, 0.0108, 0.0324, 0.1568, 0.0343, 0.0059, 0.0013]",10,0,1,didn't,0.158
QXCpWI0qpys,rep_01,i didn't say we should kill him this means you,spoken_explanation,True,6.39,False,I didn't say we should kill him. This means...,"[""I"", ""didn't"", ""say"", ""we"", ""should"", ""kill"", ""him."", ""This"", ""means...""]","[0, 1, 0, 0, 0, 0, 0, 0, 0]","[0.057, 0.9993, 0.0021, 0.0004, 0.0009, 0.0009, 0.0046, 0.023, 0.0037]","[0, 1, 0, 0, 0, 0, 0, 0, 0, 0]","[0.057, 0.9993, 0.0021, 0.0004, 0.0009, 0.0009, 0.0046, 0.023, 0.0037, 0]",9,1,1,didn't,0.162
QXCpWI0qpys,rep_02,i didn't say we should kill him this means you,spoken_explanation,True,6.13,False,I didn't say we should kill him. This means you may have,"[""I"", ""didn't"", ""say"", ""we"", ""should"", ""kill"", ""him."", ""This"", ""means"", ""you"", ""may"", ""have""]","[0, 0, 1, 0, 0, 0, 0, 0, 0, 0, 0, 0]","[0.0081, 0.1617, 0.9991, 0.0045, 0.0005, 0.0004, 0.0015, 0.0597, 0.002, 0.0003, 0.0606, 0.0016]","[0, 0, 1, 0, 0, 0, 0, 0, 0, 0]","[0.0081, 0.1617, 0.9991, 0.0045, 0.0005, 0.0004, 0.0015, 0.0597, 0.002, 0.0003]",10,1,2,say,0.176
QXCpWI0qpys,rep_03,i didn't say we should kill him this means you,spoken_explanation,True,6.93,False,I didn't say we should kill him. This means you said you were a little bit too close.,"[""I"", ""didn't"", ""say"", ""we"", ""should"", ""kill"", ""him."", ""This"", ""means"", ""you"", ""said"", ""you"", ""were"", ""a"", ""little"", ""bit"", ""too"", ""close.""]","[0, 0, 0, 1, 0, 0, 0, 0, 0, 0, 0, 0, 0, 0, 0, 0, 0, 0]","[0.0032, 0.0488, 0.0038, 0.9964, 0.0504, 0.0051, 0.0044, 0.0346, 0.0333, 0.0013, 0.0179, 0.0086, 0.0811, 0.159, 0.0365, 0.0366, 0.0536, 0.0582]","[0, 0, 0, 1, 0, 0, 0, 0, 0, 0]","[0.0032, 0.0488, 0.0038, 0.9964, 0.0504, 0.0051, 0.0044, 0.0346, 0.0333, 0.0013]",10,1,3,we,0.216
QXCpWI0qpys,rep_04,i didn't say we should kill him this means you,spoken_explanation,True,6.17,False,I didn't say we should kill him. This means you said,"[""I"", ""didn't"", ""say"", ""we"", ""should"", ""kill"", ""him."", ""This"", ""means"", ""you"", ""said""]","[0, 0, 0, 0, 1, 0, 0, 0, 0, 0, 0]","[0.015, 0.0633, 0.0033, 0.0186, 0.999, 0.0016, 0.0021, 0.0641, 0.4426, 0.0008, 0.0046]","[0, 0, 0, 0, 1, 0, 0, 0, 0, 0]","[0.015, 0.0633, 0.0033, 0.0186, 0.999, 0.0016, 0.0021, 0.0641, 0.4426, 0.0008]",10,1,4,should,0.165
QXCpWI0qpys,rep_05,i didn't say we should kill him this means you,spoken_explanation,True,5.75,False,I didn't say we should kill him. This means you don't kill him.,"[""I"", ""didn't"", ""say"", ""we"", ""should"", ""kill"", ""him."", ""This"", ""means"", ""you"", ""don't"", ""kill"", ""him.""]","[0, 0, 0, 0, 0, 1, 0, 0, 0, 0, 0, 0, 0]","[0.0055, 0.1257, 0.0061, 0.0119, 0.2186, 0.9991, 0.3461, 0.0257, 0.0344, 0.0011, 0.0947, 0.0133, 0.0203]","[0, 0, 0, 0, 0, 1, 0, 0, 0, 0]","[0.0055, 0.1257, 0.0061, 0.0119, 0.2186, 0.9991, 0.3461, 0.0257, 0.0344, 0.0011]",10,1,5,kill,0.253
QXCpWI0qpys,rep_06,i didn't say we should kill him this means you,spoken_explanation,True,7.11,False,I didn't say we should kill him. This means you said,"[""I"", ""didn't"", ""say"", ""we"", ""should"", ""kill"", ""him."", ""This"", ""means"", ""you"", ""said""]","[0, 0, 0, 0, 0, 1, 1, 0, 0, 0, 0]","[0.0193, 0.0713, 0.0101, 0.01, 0.0611, 0.9446, 0.9999, 0.0345, 0.0356, 0.0266, 0.025]","[0, 0, 0, 0, 0, 1, 1, 0, 0, 0]","[0.0193, 0.0713, 0.0101, 0.01, 0.0611, 0.9446, 0.9999, 0.0345, 0.0356, 0.0266]",10,2,6,him,0.518
hJO4EYUs3xs,rep_00,i never said you stole my money,spoken_explanation,True,1.59,False,I never said you stole my money.,"[""I"", ""never"", ""said"", ""you"", ""stole"", ""my"", ""money.""]","[0, 0, 0, 0, 0, 0, 0]","[0.008, 0.0127, 0.0022, 0.0265, 0.2629, 0.212, 0.005]","[0, 0, 0, 0, 0, 0, 0]","[0.008, 0.0127, 0.0022, 0.0265, 0.2629, 0.212, 0.005]",7,0,4,stole,0.139
hJO4EYUs3xs,rep_01,i never said you stole my money,spoken_explanation,True,1.71,False,I never said you stole my money.,"[""I"", ""never"", ""said"", ""you"", ""stole"", ""my"", ""money.""]","[0, 0, 0, 0, 0, 0, 0]","[0.0251, 0.0301, 0.009, 0.0072, 0.0079, 0.0811, 0.0086]","[0, 0, 0, 0, 0, 0, 0]","[0.0251, 0.0301, 0.009, 0.0072, 0.0079, 0.0811, 0.0086]",7,0,5,my,0.134
hJO4EYUs3xs,rep_02,i never said you stole my money,spoken_explanation,True,2.65,False,I never said you stole my money.,"[""I"", ""never"", ""said"", ""you"", ""stole"", ""my"", ""money.""]","[0, 0, 0, 1, 0, 0, 0]","[0.001, 0.0025, 0.0022, 0.9922, 0.0001, 0.0001, 0.0]","[0, 0, 0, 1, 0, 0, 0]","[0.001, 0.0025, 0.0022, 0.9922, 0.0001, 0.0001, 0.0]",7,1,3,you,0.138
hJO4EYUs3xs,rep_03,i never said you stole my money,spoken_explanation,True,2.75,False,I never said you stole my money.,"[""I"", ""never"", ""said"", ""you"", ""stole"", ""my"", ""money.""]","[0, 0, 0, 0, 0, 1, 1]","[0.0022, 0.0085, 0.0045, 0.0052, 0.2451, 0.9667, 0.998]","[0, 0, 0, 0, 0, 1, 1]","[0.0022, 0.0085, 0.0045, 0.0052, 0.2451, 0.9667, 0.998]",7,2,6,money,0.315
hJO4EYUs3xs,rep_04,i never said you stole my money,spoken_explanation,True,1.93,False,I never said you stole my money.,"[""I"", ""never"", ""said"", ""you"", ""stole"", ""my"", ""money.""]","[0, 0, 0, 0, 0, 0, 0]","[0.0112, 0.0251, 0.0078, 0.0098, 0.0328, 0.4407, 0.1501]","[0, 0, 0, 0, 0, 0, 0]","[0.0112, 0.0251, 0.0078, 0.0098, 0.0328, 0.4407, 0.1501]",7,0,5,my,0.136
hJO4EYUs3xs,rep_05,i never said you stole my money,spoken_explanation,True,2.71,False,"If I say it, I never said you stole my money.","[""If"", ""I"", ""say"", ""it,"", ""I"", ""never"", ""said"", ""you"", ""stole"", ""my"", ""money.""]","[0, 0, 0, 0, 0, 0, 0, 1, 0, 0, 0]","[0.0014, 0.0015, 0.0011, 0.0023, 0.0096, 0.0194, 0.0108, 0.8337, 0.0008, 0.0001, 0.0002]","[0, 0, 0, 1, 0, 0, 0]","[0.0096, 0.0194, 0.0108, 0.8337, 0.0008, 0.0001, 0.0002]",7,1,3,you,0.168
hJO4EYUs3xs,rep_06,i never said you stole my money,spoken_explanation,True,2.23,False,I never said you stole my money.,"[""I"", ""never"", ""said"", ""you"", ""stole"", ""my"", ""money.""]","[0, 0, 0, 0, 1, 1, 1]","[0.0116, 0.0379, 0.0036, 0.0099, 0.7735, 0.9597, 0.9995]","[0, 0, 0, 0, 1, 1, 1]","[0.0116, 0.0379, 0.0036, 0.0099, 0.7735, 0.9597, 0.9995]",7,3,6,money,0.136
arFhTw5QS3U,rep_00,the money i didn't say she stole,no_explanation,True,3.13,False,told her money. I didn't say she stole,"[""told"", ""her"", ""money."", ""I"", ""didn't"", ""say"", ""she"", ""stole""]","[0, 0, 0, 0, 1, 0, 0, 0]","[0.0126, 0.0048, 0.0049, 0.2098, 0.9957, 0.002, 0.0009, 0.006]","[0, 0, 0, 1, 0, 0, 0]","[0, 0.0049, 0.2098, 0.9957, 0.002, 0.0009, 0.006]",6,1,3,didn't,0.416
arFhTw5QS3U,rep_01,the money i didn't say she stole,no_explanation,True,3.01,False,I didn't say she stole the money,"[""I"", ""didn't"", ""say"", ""she"", ""stole"", ""the"", ""money""]","[0, 0, 1, 0, 0, 0, 0]","[0.0042, 0.041, 0.9901, 0.0048, 0.004, 0.0044, 0.0028]","[0, 0, 0, 0, 1, 0, 0]","[0, 0, 0.0042, 0.041, 0.9901, 0.0048, 0.004]",5,1,4,say,0.409
arFhTw5QS3U,rep_02,the money i didn't say she stole,no_explanation,False,2.77,False,money I didn't say she stole,"[""money"", ""I"", ""didn't"", ""say"", ""she"", ""stole""]","[0, 0, 0, 0, 1, 0]","[0.0053, 0.0015, 0.0682, 0.0303, 0.941, 0.0057]","[0, 0, 0, 0, 0, 1, 0]","[0, 0.0053, 0.0015, 0.0682, 0.0303, 0.941, 0.0057]",6,1,5,she,0.374
arFhTw5QS3U,rep_03,the money i didn't say she stole,no_explanation,True,3.49,False,stole the money. I didn't say she stole the money.,"[""stole"", ""the"", ""money."", ""I"", ""didn't"", ""say"", ""she"", ""stole"", ""the"", ""money.""]","[0, 0, 0, 0, 1, 0, 1, 1, 0, 0]","[0.0077, 0.0065, 0.005, 0.0111, 0.5502, 0.2992, 0.9178, 0.9987, 0.1207, 0.0221]","[0, 0, 0, 1, 0, 1, 1]","[0.0065, 0.005, 0.0111, 0.5502, 0.2992, 0.9178, 0.9987]",7,3,6,stole,0.176
arFhTw5QS3U,rep_04,the money i didn't say she stole,no_explanation,False,3.09,False,I didn't say she stole,"[""I"", ""didn't"", ""say"", ""she"", ""stole""]","[0, 0, 0, 0, 0]","[0.0436, 0.0856, 0.0616, 0.1763, 0.1836]","[0, 0, 0, 0, 0, 0, 0]","[0, 0, 0.0436, 0.0856, 0.0616, 0.1763, 0.1836]",5,0,6,stole,0.125
uuxrEyho8Ig,rep_00,happy christmas to all of you,spoken_explanation,True,2.51,False,Happy Christmas to all of you.,"[""Happy"", ""Christmas"", ""to"", ""all"", ""of"", ""you.""]","[0, 0, 0, 1, 0, 0]","[0.2488, 0.2829, 0.0672, 0.8121, 0.0211, 0.0704]","[0, 0, 0, 1, 0, 0]","[0.2488, 0.2829, 0.0672, 0.8121, 0.0211, 0.0704]",6,1,3,all,0.131
uuxrEyho8Ig,rep_01,happy christmas to all of you,spoken_explanation,True,3.21,False,word. Happy Christmas to all of you.,"[""word."", ""Happy"", ""Christmas"", ""to"", ""all"", ""of"", ""you.""]","[0, 1, 0, 0, 0, 0, 0]","[0.2215, 0.9992, 0.0189, 0.001, 0.0083, 0.001, 0.0016]","[1, 0, 0, 0, 0, 0]","[0.9992, 0.0189, 0.001, 0.0083, 0.001, 0.0016]",6,1,0,happy,0.14
uuxrEyho8Ig,rep_02,happy christmas to all of you,spoken_explanation,True,4.15,False,"So, Happy Christmas to all of you.","[""So,"", ""Happy"", ""Christmas"", ""to"", ""all"", ""of"", ""you.""]","[0, 0, 1, 0, 0, 0, 0]","[0.0104, 0.3024, 0.9997, 0.1778, 0.114, 0.0068, 0.0151]","[0, 1, 0, 0, 0, 0]","[0.3024, 0.9997, 0.1778, 0.114, 0.0068, 0.0151]",6,1,1,christmas,0.416
uuxrEyho8Ig,rep_03,happy christmas to all of you,spoken_explanation,True,2.89,False,Happy Christmas to all of you.,"[""Happy"", ""Christmas"", ""to"", ""all"", ""of"", ""you.""]","[0, 0, 1, 0, 0, 0]","[0.0038, 0.0042, 0.9898, 0.0011, 0.0001, 0.0002]","[0, 0, 1, 0, 0, 0]","[0.0038, 0.0042, 0.9898, 0.0011, 0.0001, 0.0002]",6,1,2,to,0.128
uuxrEyho8Ig,rep_04,happy christmas to all of you,spoken_explanation,True,2.89,False,Happy Christmas to all of you.,"[""Happy"", ""Christmas"", ""to"", ""all"", ""of"", ""you.""]","[0, 0, 0, 1, 1, 0]","[0.0033, 0.0029, 0.0015, 0.8482, 0.9963, 0.0003]","[0, 0, 0, 1, 1, 0]","[0.0033, 0.0029, 0.0015, 0.8482, 0.9963, 0.0003]",6,2,4,of,0.14
SWfP6kpruPQ,rep_00,are peter and helen visiting us on friday,spoken_explanation,True,3.75,False,Are Peter and Helen visiting us on Friday?,"[""Are"", ""Peter"", ""and"", ""Helen"", ""visiting"", ""us"", ""on"", ""Friday?""]","[0, 1, 0, 1, 0, 0, 0, 0]","[0.3492, 0.899, 0.4218, 0.9878, 0.0022, 0.0034, 0.0071, 0.092]","[0, 1, 0, 1, 0, 0, 0, 0]","[0.3492, 0.899, 0.4218, 0.9878, 0.0022, 0.0034, 0.0071, 0.092]",8,2,3,helen,0.143
SWfP6kpruPQ,rep_01,are peter and helen visiting us on friday,spoken_explanation,True,4.03,False,Are Peter and Helen visiting us on Friday?,"[""Are"", ""Peter"", ""and"", ""Helen"", ""visiting"", ""us"", ""on"", ""Friday?""]","[0, 1, 1, 1, 0, 0, 0, 0]","[0.2433, 0.6404, 0.9905, 0.9975, 0.0215, 0.0112, 0.0141, 0.0697]","[0, 1, 1, 1, 0, 0, 0, 0]","[0.2433, 0.6404, 0.9905, 0.9975, 0.0215, 0.0112, 0.0141, 0.0697]",8,3,3,helen,0.143
SWfP6kpruPQ,rep_02,are peter and helen visiting us on friday,spoken_explanation,True,3.29,False,Are Peter and Helen visiting us on Friday?,"[""Are"", ""Peter"", ""and"", ""Helen"", ""visiting"", ""us"", ""on"", ""Friday?""]","[0, 0, 0, 0, 0, 0, 0, 1]","[0.0336, 0.0884, 0.0153, 0.2101, 0.0291, 0.126, 0.4582, 0.9952]","[0, 0, 0, 0, 0, 0, 0, 1]","[0.0336, 0.0884, 0.0153, 0.2101, 0.0291, 0.126, 0.4582, 0.9952]",8,1,7,friday,0.341
SWfP6kpruPQ,rep_03,are peter and helen visiting us on friday,spoken_explanation,True,3.03,False,Are Peter and Helen visiting us on Friday?,"[""Are"", ""Peter"", ""and"", ""Helen"", ""visiting"", ""us"", ""on"", ""Friday?""]","[1, 0, 0, 0, 0, 0, 0, 0]","[0.9506, 0.0048, 0.0014, 0.006, 0.0024, 0.0046, 0.0026, 0.0124]","[1, 0, 0, 0, 0, 0, 0, 0]","[0.9506, 0.0048, 0.0014, 0.006, 0.0024, 0.0046, 0.0026, 0.0124]",8,1,0,are,0.141
SWfP6kpruPQ,rep_04,are peter and helen visiting us on friday,spoken_explanation,True,3.65,False,Are Peter and Helen visiting us on Friday?,"[""Are"", ""Peter"", ""and"", ""Helen"", ""visiting"", ""us"", ""on"", ""Friday?""]","[0, 1, 1, 1, 0, 0, 0, 0]","[0.4762, 0.9879, 0.8035, 0.968, 0.0017, 0.0015, 0.0011, 0.0039]","[0, 1, 1, 1, 0, 0, 0, 0]","[0.4762, 0.9879, 0.8035, 0.968, 0.0017, 0.0015, 0.0011, 0.0039]",8,3,1,peter,0.354
_IOkGOwZMe0,rep_00,i can't believe this can you,spoken_explanation,True,2.65,False,"I can't believe this, can you?","[""I"", ""can't"", ""believe"", ""this,"", ""can"", ""you?""]","[0, 1, 1, 0, 0, 0]","[0.0022, 0.5167, 0.9973, 0.0065, 0.0107, 0.256]","[0, 1, 1, 0, 0, 0]","[0.0022, 0.5167, 0.9973, 0.0065, 0.0107, 0.256]",6,2,2,believe,0.418
_IOkGOwZMe0,rep_01,i can't believe this can you,spoken_explanation,True,2.63,False,"I can't believe this, can you?","[""I"", ""can't"", ""believe"", ""this,"", ""can"", ""you?""]","[0, 0, 1, 0, 0, 0]","[0.0007, 0.0154, 0.9227, 0.0023, 0.0071, 0.048]","[0, 0, 1, 0, 0, 0]","[0.0007, 0.0154, 0.9227, 0.0023, 0.0071, 0.048]",6,1,2,believe,0.139
_IOkGOwZMe0,rep_02,i can't believe this can you,spoken_explanation,True,2.59,False,"I can't believe this, can you?","[""I"", ""can't"", ""believe"", ""this,"", ""can"", ""you?""]","[0, 0, 1, 0, 0, 0]","[0.0016, 0.0511, 0.955, 0.0143, 0.015, 0.0249]","[0, 0, 1, 0, 0, 0]","[0.0016, 0.0511, 0.955, 0.0143, 0.015, 0.0249]",6,1,2,believe,0.143
_IOkGOwZMe0,rep_03,i can't believe this can you,spoken_explanation,True,3.99,False,I can't believe this can you?,"[""I"", ""can't"", ""believe"", ""this"", ""can"", ""you?""]","[0, 0, 1, 0, 0, 0]","[0.0167, 0.276, 0.6467, 0.0043, 0.0241, 0.065]","[0, 0, 1, 0, 0, 0]","[0.0167, 0.276, 0.6467, 0.0043, 0.0241, 0.065]",6,1,2,believe,0.135
_IOkGOwZMe0,rep_04,i can't believe this can you,spoken_explanation,True,3.01,False,"I can't believe this, can you?","[""I"", ""can't"", ""believe"", ""this,"", ""can"", ""you?""]","[0, 0, 1, 0, 0, 0]","[0.0044, 0.251, 0.5912, 0.0146, 0.0104, 0.052]","[0, 0, 1, 0, 0, 0]","[0.0044, 0.251, 0.5912, 0.0146, 0.0104, 0.052]",6,1,2,believe,0.412
_IOkGOwZMe0,rep_05,i can't believe this can you,spoken_explanation,True,2.53,False,"I can't believe this, can you?","[""I"", ""can't"", ""believe"", ""this,"", ""can"", ""you?""]","[0, 1, 0, 0, 0, 0]","[0.2289, 0.6737, 0.4794, 0.0373, 0.0229, 0.0959]","[0, 1, 0, 0, 0, 0]","[0.2289, 0.6737, 0.4794, 0.0373, 0.0229, 0.0959]",6,1,1,can't,0.141
_IOkGOwZMe0,rep_06,i can't believe this can you,spoken_explanation,True,3.89,False,together. I can't believe this can you?,"[""together."", ""I"", ""can't"", ""believe"", ""this"", ""can"", ""you?""]","[0, 0, 0, 1, 0, 0, 0]","[0.002, 0.006, 0.3658, 0.8966, 0.0052, 0.0141, 0.1369]","[0, 0, 1, 0, 0, 0]","[0.006, 0.3658, 0.8966, 0.0052, 0.0141, 0.1369]",6,1,2,believe,0.148
_IOkGOwZMe0,rep_07,i can't believe this can you,spoken_explanation,True,2.75,False,"I can't believe this, can you?","[""I"", ""can't"", ""believe"", ""this,"", ""can"", ""you?""]","[0, 0, 1, 0, 0, 0]","[0.0027, 0.272, 0.9896, 0.0054, 0.0084, 0.1113]","[0, 0, 1, 0, 0, 0]","[0.0027, 0.272, 0.9896, 0.0054, 0.0084, 0.1113]",6,1,2,believe,0.145
9rbnSTRTF-Y,rep_00,we put stress on,spoken_explanation,False,1.43,False,We push your ass on. Second.,"[""We"", ""push"", ""your"", ""ass"", ""on."", ""Second.""]","[0, 0, 0, 0, 0, 0]","[0.0189, 0.4033, 0.0287, 0.0046, 0.0116, 0.0135]","[0, 0, 0, 0]","[0.0189, 0, 0, 0.0116]",2,0,0,we,0.414
9rbnSTRTF-Y,rep_01,we put stress on,spoken_explanation,True,2.51,False,We push stress on,"[""We"", ""push"", ""stress"", ""on""]","[0, 0, 0, 0]","[0.3133, 0.1312, 0.003, 0.0012]","[0, 0, 0, 0]","[0.3133, 0.1312, 0.003, 0.0012]",4,0,0,we,0.113
9rbnSTRTF-Y,rep_02,we put stress on,spoken_explanation,True,1.79,False,We push it on a second,"[""We"", ""push"", ""it"", ""on"", ""a"", ""second""]","[0, 0, 0, 0, 0, 0]","[0.0011, 0.0027, 0.0005, 0.0001, 0.0009, 0.0016]","[0, 0, 0, 0]","[0.0011, 0.0027, 0.0005, 0.0001]",4,0,1,put,0.166
9rbnSTRTF-Y,rep_03,we put stress on,spoken_explanation,True,1.81,False,We put stress on us.,"[""We"", ""put"", ""stress"", ""on"", ""us.""]","[0, 0, 0, 0, 0]","[0.0328, 0.1814, 0.0008, 0.0007, 0.002]","[0, 0, 0, 0]","[0.0328, 0.1814, 0.0008, 0.0007]",4,0,1,put,0.123
9rbnSTRTF-Y,rep_04,we put stress on,spoken_explanation,True,1.43,False,We put stress on the body.,"[""We"", ""put"", ""stress"", ""on"", ""the"", ""body.""]","[0, 0, 0, 0, 0, 0]","[0.0156, 0.0225, 0.0008, 0.0002, 0.001, 0.0009]","[0, 0, 0, 0]","[0.0156, 0.0225, 0.0008, 0.0002]",4,0,1,put,0.131
9rbnSTRTF-Y,rep_05,we put stress on,spoken_explanation,True,1.35,False,So we put stress on look.,"[""So"", ""we"", ""put"", ""stress"", ""on"", ""look.""]","[0, 0, 0, 0, 0, 0]","[0.0019, 0.0042, 0.0578, 0.0088, 0.0126, 0.1438]","[0, 0, 0, 0]","[0.0042, 0.0578, 0.0088, 0.0126]",4,0,1,put,0.131
9rbnSTRTF-Y,rep_06,we put stress on,spoken_explanation,True,1.63,False,"case, we put stress on the","[""case,"", ""we"", ""put"", ""stress"", ""on"", ""the""]","[0, 0, 0, 0, 0, 0]","[0.0056, 0.0153, 0.0468, 0.016, 0.0026, 0.0118]","[0, 0, 0, 0]","[0.0153, 0.0468, 0.016, 0.0026]",4,0,1,put,0.13
s8-cCpVFELI,rep_00,you just don't know what we've been through,spoken_explanation,True,2.49,False,You just don't know what we've been through.,"[""You"", ""just"", ""don't"", ""know"", ""what"", ""we've"", ""been"", ""through.""]","[0, 1, 1, 0, 0, 0, 0, 0]","[0.0488, 0.9796, 0.6698, 0.1814, 0.002, 0.0377, 0.0084, 0.0013]","[0, 1, 1, 0, 0, 0, 0, 0]","[0.0488, 0.9796, 0.6698, 0.1814, 0.002, 0.0377, 0.0084, 0.0013]",8,2,1,just,0.157
s8-cCpVFELI,rep_01,you just don't know what we've been through,spoken_explanation,True,5.53,False,pause. You just don't know what we've been through.,"[""pause."", ""You"", ""just"", ""don't"", ""know"", ""what"", ""we've"", ""been"", ""through.""]","[0, 1, 0, 0, 0, 0, 0, 0, 0]","[0.0344, 0.9764, 0.0002, 0.002, 0.0002, 0.0001, 0.0035, 0.0008, 0.0007]","[1, 0, 0, 0, 0, 0, 0, 0]","[0.9764, 0.0002, 0.002, 0.0002, 0.0001, 0.0035, 0.0008, 0.0007]",8,1,0,you,0.168
s8-cCpVFELI,rep_02,you just don't know what we've been through,spoken_explanation,True,4.35,False,You just don't know what we've been through.,"[""You"", ""just"", ""don't"", ""know"", ""what"", ""we've"", ""been"", ""through.""]","[0, 1, 0, 0, 0, 0, 0, 0]","[0.0055, 0.9997, 0.0013, 0.0, 0.0, 0.0002, 0.0001, 0.0001]","[0, 1, 0, 0, 0, 0, 0, 0]","[0.0055, 0.9997, 0.0013, 0.0, 0.0, 0.0002, 0.0001, 0.0001]",8,1,1,just,0.153
s8-cCpVFELI,rep_03,you just don't know what we've been through,spoken_explanation,True,4.75,False,You just don't know what we've been through.,"[""You"", ""just"", ""don't"", ""know"", ""what"", ""we've"", ""been"", ""through.""]","[0, 0, 1, 0, 0, 0, 0, 0]","[0.0027, 0.1169, 0.9976, 0.0001, 0.0001, 0.001, 0.0003, 0.0002]","[0, 0, 1, 0, 0, 0, 0, 0]","[0.0027, 0.1169, 0.9976, 0.0001, 0.0001, 0.001, 0.0003, 0.0002]",8,1,2,don't,0.152
s8-cCpVFELI,rep_04,you just don't know what we've been through,spoken_explanation,True,4.07,False,You just don't know what we've been through.,"[""You"", ""just"", ""don't"", ""know"", ""what"", ""we've"", ""been"", ""through.""]","[0, 0, 0, 0, 1, 0, 0, 0]","[0.0043, 0.0032, 0.0715, 0.3605, 0.9987, 0.0005, 0.0001, 0.0001]","[0, 0, 0, 0, 1, 0, 0, 0]","[0.0043, 0.0032, 0.0715, 0.3605, 0.9987, 0.0005, 0.0001, 0.0001]",8,1,4,what,0.154
s8-cCpVFELI,rep_05,you just don't know what we've been through,spoken_explanation,True,4.13,False,You just don't know what we've been through.,"[""You"", ""just"", ""don't"", ""know"", ""what"", ""we've"", ""been"", ""through.""]","[0, 0, 0, 0, 0, 1, 1, 0]","[0.0005, 0.0008, 0.0114, 0.0081, 0.0347, 0.8351, 0.999, 0.0002]","[0, 0, 0, 0, 0, 1, 1, 0]","[0.0005, 0.0008, 0.0114, 0.0081, 0.0347, 0.8351, 0.999, 0.0002]",8,2,6,been,0.155
s8-cCpVFELI,rep_06,you just don't know what we've been through,spoken_explanation,True,2.85,False,You just don't know what we've been through.,"[""You"", ""just"", ""don't"", ""know"", ""what"", ""we've"", ""been"", ""through.""]","[1, 0, 0, 0, 0, 0, 0, 0]","[0.9962, 0.0003, 0.0016, 0.0001, 0.0001, 0.0017, 0.0003, 0.0002]","[1, 0, 0, 0, 0, 0, 0, 0]","[0.9962, 0.0003, 0.0016, 0.0001, 0.0001, 0.0017, 0.0003, 0.0002]",8,1,0,you,0.508
s8-cCpVFELI,rep_07,you just don't know what we've been through,spoken_explanation,True,2.89,False,You just don't know what we've been through.,"[""You"", ""just"", ""don't"", ""know"", ""what"", ""we've"", ""been"", ""through.""]","[0, 1, 0, 0, 0, 0, 0, 0]","[0.0029, 0.9999, 0.001, 0.0, 0.0, 0.0002, 0.0, 0.0]","[0, 1, 0, 0, 0, 0, 0, 0]","[0.0029, 0.9999, 0.001, 0.0, 0.0, 0.0002, 0.0, 0.0]",8,1,1,just,0.155
s8-cCpVFELI,rep_08,you just don't know what we've been through,spoken_explanation,True,3.11,False,You just don't know what we've been through.,"[""You"", ""just"", ""don't"", ""know"", ""what"", ""we've"", ""been"", ""through.""]","[0, 0, 1, 0, 0, 0, 0, 0]","[0.0004, 0.0033, 0.9999, 0.0, 0.0, 0.0002, 0.0, 0.0]","[0, 0, 1, 0, 0, 0, 0, 0]","[0.0004, 0.0033, 0.9999, 0.0, 0.0, 0.0002, 0.0, 0.0]",8,1,2,don't,0.329
s8-cCpVFELI,rep_09,you just don't know what we've been through,spoken_explanation,True,3.29,False,You just don't know what we've been through.,"[""You"", ""just"", ""don't"", ""know"", ""what"", ""we've"", ""been"", ""through.""]","[0, 0, 0, 0, 1, 0, 0, 0]","[0.0005, 0.0012, 0.0197, 0.0454, 0.9997, 0.0013, 0.0002, 0.0001]","[0, 0, 0, 0, 1, 0, 0, 0]","[0.0005, 0.0012, 0.0197, 0.0454, 0.9997, 0.0013, 0.0002, 0.0001]",8,1,4,what,0.165
s8-cCpVFELI,rep_10,you just don't know what we've been through,spoken_explanation,True,3.43,False,You just don't know what we've been through.,"[""You"", ""just"", ""don't"", ""know"", ""what"", ""we've"", ""been"", ""through.""]","[0, 0, 0, 0, 0, 1, 1, 0]","[0.0015, 0.0042, 0.0429, 0.0153, 0.0615, 0.945, 0.9997, 0.0018]","[0, 0, 0, 0, 0, 1, 1, 0]","[0.0015, 0.0042, 0.0429, 0.0153, 0.0615, 0.945, 0.9997, 0.0018]",8,2,6,been,0.232
s8-cCpVFELI,rep_11,you just don't know what we've been through,spoken_explanation,True,2.79,False,You just don't know what we've been through.,"[""You"", ""just"", ""don't"", ""know"", ""what"", ""we've"", ""been"", ""through.""]","[0, 0, 0, 0, 0, 0, 0, 1]","[0.0028, 0.0131, 0.1456, 0.1081, 0.3238, 0.4942, 0.2297, 0.9955]","[0, 0, 0, 0, 0, 0, 0, 1]","[0.0028, 0.0131, 0.1456, 0.1081, 0.3238, 0.4942, 0.2297, 0.9955]",8,1,7,through,0.154
s8-cCpVFELI,rep_12,you just don't know what we've been through,spoken_explanation,True,3.77,False,You just don't know what we've been through.,"[""You"", ""just"", ""don't"", ""know"", ""what"", ""we've"", ""been"", ""through.""]","[0, 0, 0, 0, 0, 0, 0, 0]","[0.4596, 0.0008, 0.0006, 0.0001, 0.0001, 0.0005, 0.0002, 0.0002]","[0, 0, 0, 0, 0, 0, 0, 0]","[0.4596, 0.0008, 0.0006, 0.0001, 0.0001, 0.0005, 0.0002, 0.0002]",8,0,0,you,0.153
s8-cCpVFELI,rep_13,you just don't know what we've been through,spoken_explanation,True,4.65,False,through. You just don't know what we've been through.,"[""through."", ""You"", ""just"", ""don't"", ""know"", ""what"", ""we've"", ""been"", ""through.""]","[0, 0, 1, 1, 0, 0, 0, 0, 0]","[0.0023, 0.006, 0.5077, 0.9995, 0.0001, 0.0, 0.0003, 0.0001, 0.0001]","[0, 1, 1, 0, 0, 0, 0, 0]","[0.006, 0.5077, 0.9995, 0.0001, 0.0, 0.0003, 0.0001, 0.0001]",8,2,2,don't,0.172
s8-cCpVFELI,rep_14,you just don't know what we've been through,spoken_explanation,True,4.03,False,You just don't know what we've been through.,"[""You"", ""just"", ""don't"", ""know"", ""what"", ""we've"", ""been"", ""through.""]","[0, 0, 0, 0, 1, 0, 0, 0]","[0.0031, 0.0042, 0.0419, 0.093, 0.9996, 0.002, 0.0002, 0.0001]","[0, 0, 0, 0, 1, 0, 0, 0]","[0.0031, 0.0042, 0.0419, 0.093, 0.9996, 0.002, 0.0002, 0.0001]",8,1,4,what,0.158
s8-cCpVFELI,rep_15,you just don't know what we've been through,spoken_explanation,True,3.73,False,You just don't know what we've been through.,"[""You"", ""just"", ""don't"", ""know"", ""what"", ""we've"", ""been"", ""through.""]","[0, 0, 0, 0, 0, 1, 1, 0]","[0.0014, 0.0059, 0.0098, 0.0014, 0.0161, 0.9863, 0.9997, 0.0002]","[0, 0, 0, 0, 0, 1, 1, 0]","[0.0014, 0.0059, 0.0098, 0.0014, 0.0161, 0.9863, 0.9997, 0.0002]",8,2,6,been,0.154
vVVB-35oeQE,rep_00,to be or not to be that is the question,spoken_explanation,False,7.29,False,To be or not to be. That is a quest.,"[""To"", ""be"", ""or"", ""not"", ""to"", ""be."", ""That"", ""is"", ""a"", ""quest.""]","[0, 1, 0, 0, 0, 0, 0, 1, 0, 0]","[0.0999, 0.9938, 0.0423, 0.488, 0.0083, 0.0113, 0.1891, 0.9867, 0.0743, 0.4034]","[0, 1, 0, 0, 0, 0, 0, 1, 0, 0]","[0.0999, 0.9938, 0.0423, 0.488, 0.0083, 0.0113, 0.1891, 0.9867, 0.0743, 0.4034]",10,2,1,be,0.166
vVVB-35oeQE,rep_01,to be or not to be that is the question,spoken_explanation,True,2.77,False,"To be or not to be, that is the question.","[""To"", ""be"", ""or"", ""not"", ""to"", ""be,"", ""that"", ""is"", ""the"", ""question.""]","[1, 1, 0, 1, 0, 0, 0, 0, 0, 0]","[0.601, 0.9576, 0.3348, 0.9882, 0.0465, 0.0101, 0.0064, 0.0064, 0.0024, 0.0036]","[1, 1, 0, 1, 0, 0, 0, 0, 0, 0]","[0.601, 0.9576, 0.3348, 0.9882, 0.0465, 0.0101, 0.0064, 0.0064, 0.0024, 0.0036]",10,3,3,not,0.163
vVVB-35oeQE,rep_02,to be or not to be that is the question,spoken_explanation,True,5.13,False,To be or not to be. That is the question.,"[""To"", ""be"", ""or"", ""not"", ""to"", ""be."", ""That"", ""is"", ""the"", ""question.""]","[0, 1, 0, 0, 1, 1, 0, 0, 0, 0]","[0.0688, 0.9911, 0.0194, 0.0977, 0.6599, 0.9378, 0.1696, 0.0018, 0.0007, 0.0024]","[0, 1, 0, 0, 1, 1, 0, 0, 0, 0]","[0.0688, 0.9911, 0.0194, 0.0977, 0.6599, 0.9378, 0.1696, 0.0018, 0.0007, 0.0024]",10,3,1,be,0.16
vVVB-35oeQE,rep_03,to be or not to be that is the question,spoken_explanation,True,3.33,False,"To be or not to be, THAT is the question.","[""To"", ""be"", ""or"", ""not"", ""to"", ""be,"", ""THAT"", ""is"", ""the"", ""question.""]","[0, 0, 0, 0, 0, 1, 1, 0, 0, 0]","[0.0073, 0.0318, 0.0041, 0.0076, 0.0021, 0.8899, 0.9992, 0.0001, 0.0001, 0.0004]","[0, 0, 0, 0, 0, 1, 1, 0, 0, 0]","[0.0073, 0.0318, 0.0041, 0.0076, 0.0021, 0.8899, 0.9992, 0.0001, 0.0001, 0.0004]",10,2,6,that,0.159
vVVB-35oeQE,rep_04,to be or not to be that is the question,spoken_explanation,True,3.13,False,"To be or not to be, that is THE question.","[""To"", ""be"", ""or"", ""not"", ""to"", ""be,"", ""that"", ""is"", ""THE"", ""question.""]","[0, 0, 0, 0, 0, 0, 0, 0, 1, 0]","[0.0037, 0.0138, 0.0063, 0.0143, 0.0027, 0.0143, 0.0814, 0.4717, 0.9965, 0.0036]","[0, 0, 0, 0, 0, 0, 0, 0, 1, 0]","[0.0037, 0.0138, 0.0063, 0.0143, 0.0027, 0.0143, 0.0814, 0.4717, 0.9965, 0.0036]",10,1,8,the,0.162
vVVB-35oeQE,rep_05,to be or not to be that is the question,spoken_explanation,True,4.29,False,"To be or not to be, that is the question.","[""To"", ""be"", ""or"", ""not"", ""to"", ""be,"", ""that"", ""is"", ""the"", ""question.""]","[0, 1, 0, 0, 0, 0, 0, 0, 0, 1]","[0.0226, 0.875, 0.003, 0.0071, 0.0021, 0.0042, 0.0081, 0.0133, 0.0745, 0.9772]","[0, 1, 0, 0, 0, 0, 0, 0, 0, 1]","[0.0226, 0.875, 0.003, 0.0071, 0.0021, 0.0042, 0.0081, 0.0133, 0.0745, 0.9772]",10,2,9,question,0.17
lQ9xUAe1UHA,rep_00,i like to go to the mall,spoken_explanation,True,2.41,False,is I like to go to the mall.,"[""is"", ""I"", ""like"", ""to"", ""go"", ""to"", ""the"", ""mall.""]","[0, 0, 1, 0, 1, 0, 0, 0]","[0.0213, 0.1394, 0.9207, 0.3705, 0.8775, 0.0768, 0.0654, 0.2683]","[0, 1, 0, 1, 0, 0, 0]","[0.1394, 0.9207, 0.3705, 0.8775, 0.0768, 0.0654, 0.2683]",7,2,1,like,0.143
lQ9xUAe1UHA,rep_01,i like to go to the mall,spoken_explanation,True,2.15,False,I like to go to the mall.,"[""I"", ""like"", ""to"", ""go"", ""to"", ""the"", ""mall.""]","[0, 1, 0, 0, 0, 0, 0]","[0.0048, 0.9902, 0.0032, 0.1932, 0.0046, 0.0024, 0.0063]","[0, 1, 0, 0, 0, 0, 0]","[0.0048, 0.9902, 0.0032, 0.1932, 0.0046, 0.0024, 0.0063]",7,1,1,like,0.14
lQ9xUAe1UHA,rep_02,i like to go to the mall,spoken_explanation,True,3.24,False,I like to go to mall.,"[""I"", ""like"", ""to"", ""go"", ""to"", ""mall.""]","[0, 0, 0, 0, 0, 0]","[0.0086, 0.0759, 0.0066, 0.1402, 0.0967, 0.0911]","[0, 0, 0, 0, 0, 0, 0]","[0.0086, 0.0759, 0.0066, 0.1402, 0.0967, 0, 0.0911]",6,0,3,go,0.137
lQ9xUAe1UHA,rep_03,i like to go to the mall,spoken_explanation,True,3.03,False,I like to go to the mall.,"[""I"", ""like"", ""to"", ""go"", ""to"", ""the"", ""mall.""]","[0, 1, 0, 1, 0, 0, 0]","[0.0729, 0.9977, 0.0365, 0.9902, 0.0031, 0.0006, 0.0008]","[0, 1, 0, 1, 0, 0, 0]","[0.0729, 0.9977, 0.0365, 0.9902, 0.0031, 0.0006, 0.0008]",7,2,1,like,0.135
lQ9xUAe1UHA,rep_04,i like to go to the mall,spoken_explanation,True,2.55,False,I like to go to the mall.,"[""I"", ""like"", ""to"", ""go"", ""to"", ""the"", ""mall.""]","[0, 1, 0, 1, 0, 0, 0]","[0.0191, 0.988, 0.0072, 0.8082, 0.0023, 0.0031, 0.0218]","[0, 1, 0, 1, 0, 0, 0]","[0.0191, 0.988, 0.0072, 0.8082, 0.0023, 0.0031, 0.0218]",7,2,1,like,0.143
lQ9xUAe1UHA,rep_05,i like to go to the mall,spoken_explanation,True,1.77,False,I like to go to the mall.,"[""I"", ""like"", ""to"", ""go"", ""to"", ""the"", ""mall.""]","[0, 1, 0, 1, 0, 0, 0]","[0.0686, 0.7893, 0.1109, 0.9716, 0.012, 0.0122, 0.0477]","[0, 1, 0, 1, 0, 0, 0]","[0.0686, 0.7893, 0.1109, 0.9716, 0.012, 0.0122, 0.0477]",7,2,3,go,0.136
1QR3zLzrqfI,rep_00,she ordered a cake,spoken_explanation,False,2.37,False,shielded a cake with cream.,"[""shielded"", ""a"", ""cake"", ""with"", ""cream.""]","[0, 0, 0, 0, 0]","[0.0092, 0.0699, 0.1068, 0.0038, 0.231]","[0, 0, 0, 0]","[0, 0, 0.0699, 0.1068]",2,0,3,cake,0.127
1QR3zLzrqfI,rep_01,she ordered a cake,spoken_explanation,True,1.61,False,She ordered a cake.,"[""She"", ""ordered"", ""a"", ""cake.""]","[1, 0, 0, 1]","[0.9119, 0.0054, 0.1994, 0.9934]","[1, 0, 0, 1]","[0.9119, 0.0054, 0.1994, 0.9934]",4,2,3,cake,0.124
1QR3zLzrqfI,rep_02,she ordered a cake,spoken_explanation,True,3.07,False,She ordered a cake.,"[""She"", ""ordered"", ""a"", ""cake.""]","[0, 0, 0, 1]","[0.0068, 0.0593, 0.0389, 0.979]","[0, 0, 0, 1]","[0.0068, 0.0593, 0.0389, 0.979]",4,1,3,cake,0.116
1QR3zLzrqfI,rep_03,she ordered a cake,spoken_explanation,True,2.69,False,"For example, she ordered a cake.","[""For"", ""example,"", ""she"", ""ordered"", ""a"", ""cake.""]","[0, 0, 0, 0, 0, 1]","[0.0742, 0.0725, 0.109, 0.0351, 0.2524, 0.9717]","[0, 0, 0, 1]","[0.109, 0.0351, 0.2524, 0.9717]",4,1,3,cake,0.134
1QR3zLzrqfI,rep_04,she ordered a cake,spoken_explanation,True,2.59,False,She ordered a cake?,"[""She"", ""ordered"", ""a"", ""cake?""]","[1, 0, 0, 1]","[0.8145, 0.004, 0.0744, 0.9966]","[1, 0, 0, 1]","[0.8145, 0.004, 0.0744, 0.9966]",4,2,3,cake,0.121
1QR3zLzrqfI,rep_05,she ordered a cake,spoken_explanation,True,2.63,False,She ordered a cake?,"[""She"", ""ordered"", ""a"", ""cake?""]","[0, 0, 0, 1]","[0.3865, 0.004, 0.0763, 0.9989]","[0, 0, 0, 1]","[0.3865, 0.004, 0.0763, 0.9989]",4,1,3,cake,0.267
unOH-8kxLxA,rep_00,is this your pen,spoken_explanation,True,2.55,False,Is this your pen?,"[""Is"", ""this"", ""your"", ""pen?""]","[0, 1, 0, 0]","[0.4455, 0.964, 0.0308, 0.0319]","[0, 1, 0, 0]","[0.4455, 0.964, 0.0308, 0.0319]",4,1,1,this,0.119
unOH-8kxLxA,rep_01,is this your pen,spoken_explanation,True,1.69,False,Is this your pen?,"[""Is"", ""this"", ""your"", ""pen?""]","[0, 1, 0, 0]","[0.3209, 0.9985, 0.0047, 0.0164]","[0, 1, 0, 0]","[0.3209, 0.9985, 0.0047, 0.0164]",4,1,1,this,0.119
unOH-8kxLxA,rep_02,is this your pen,spoken_explanation,True,2.65,False,Is this your pen?,"[""Is"", ""this"", ""your"", ""pen?""]","[1, 0, 0, 0]","[0.9965, 0.2582, 0.0004, 0.0003]","[1, 0, 0, 0]","[0.9965, 0.2582, 0.0004, 0.0003]",4,1,0,is,0.39
unOH-8kxLxA,rep_03,is this your pen,spoken_explanation,True,2.85,False,Is this your pen?,"[""Is"", ""this"", ""your"", ""pen?""]","[1, 1, 0, 0]","[0.9735, 0.9998, 0.0002, 0.0002]","[1, 1, 0, 0]","[0.9735, 0.9998, 0.0002, 0.0002]",4,2,1,this,0.116
unOH-8kxLxA,rep_04,is this your pen,spoken_explanation,True,2.91,False,Is this your pen?,"[""Is"", ""this"", ""your"", ""pen?""]","[0, 0, 1, 0]","[0.0247, 0.0201, 0.7289, 0.0004]","[0, 0, 1, 0]","[0.0247, 0.0201, 0.7289, 0.0004]",4,1,2,your,0.115
unOH-8kxLxA,rep_05,is this your pen,spoken_explanation,True,2.97,False,Is this your pen?,"[""Is"", ""this"", ""your"", ""pen?""]","[0, 0, 1, 1]","[0.3166, 0.1079, 0.5562, 0.9978]","[0, 0, 1, 1]","[0.3166, 0.1079, 0.5562, 0.9978]",4,2,3,pen,0.118
U30_A9xmFL8,rep_00,i never said you stole my money i,spoken_explanation,True,3.75,False,I never said you stole my money. I never said you stole my money.,"[""I"", ""never"", ""said"", ""you"", ""stole"", ""my"", ""money."", ""I"", ""never"", ""said"", ""you"", ""stole"", ""my"", ""money.""]","[0, 0, 0, 0, 1, 0, 0, 0, 0, 0, 0, 0, 0, 0]","[0.0037, 0.0147, 0.0089, 0.0989, 0.6332, 0.4003, 0.0712, 0.0231, 0.064, 0.0461, 0.0365, 0.1846, 0.2697, 0.322]","[0, 0, 0, 0, 1, 0, 0, 0]","[0.0037, 0.0147, 0.0089, 0.0989, 0.6332, 0.4003, 0.0712, 0.0231]",8,1,4,stole,0.454
U30_A9xmFL8,rep_01,i never said you stole my money i,spoken_explanation,True,4.73,False,I never said you stole my money.,"[""I"", ""never"", ""said"", ""you"", ""stole"", ""my"", ""money.""]","[0, 0, 0, 0, 0, 0, 0]","[0.0094, 0.0396, 0.0017, 0.0031, 0.0169, 0.007, 0.0026]","[0, 0, 0, 0, 0, 0, 0, 0]","[0.0094, 0.0396, 0.0017, 0.0031, 0.0169, 0.007, 0.0026, 0]",7,0,1,never,0.215
U30_A9xmFL8,rep_02,i never said you stole my money i,spoken_explanation,True,4.39,False,I never said you stole my money. I never,"[""I"", ""never"", ""said"", ""you"", ""stole"", ""my"", ""money."", ""I"", ""never""]","[0, 0, 0, 0, 0, 0, 0, 0, 0]","[0.0034, 0.125, 0.0094, 0.0004, 0.0005, 0.0008, 0.0003, 0.0017, 0.1515]","[0, 0, 0, 0, 0, 0, 0, 0]","[0.0034, 0.125, 0.0094, 0.0004, 0.0005, 0.0008, 0.0003, 0.0017]",8,0,1,never,0.147
U30_A9xmFL8,rep_03,i never said you stole my money i,spoken_explanation,True,3.31,False,I never said you stole my money.,"[""I"", ""never"", ""said"", ""you"", ""stole"", ""my"", ""money.""]","[0, 0, 1, 0, 0, 0, 0]","[0.0066, 0.0074, 0.9996, 0.0001, 0.0002, 0.0002, 0.0001]","[0, 0, 1, 0, 0, 0, 0, 0]","[0.0066, 0.0074, 0.9996, 0.0001, 0.0002, 0.0002, 0.0001, 0]",7,1,2,said,0.406
U30_A9xmFL8,rep_04,i never said you stole my money i,spoken_explanation,True,3.31,False,I never said you stole my money.,"[""I"", ""never"", ""said"", ""you"", ""stole"", ""my"", ""money.""]","[0, 0, 0, 1, 0, 0, 0]","[0.0008, 0.0041, 0.0018, 0.9703, 0.0452, 0.0025, 0.0016]","[0, 0, 0, 1, 0, 0, 0, 0]","[0.0008, 0.0041, 0.0018, 0.9703, 0.0452, 0.0025, 0.0016, 0]",7,1,3,you,0.214
U30_A9xmFL8,rep_05,i never said you stole my money i,spoken_explanation,True,2.13,False,So I never said you stole my money.,"[""So"", ""I"", ""never"", ""said"", ""you"", ""stole"", ""my"", ""money.""]","[0, 0, 0, 0, 1, 0, 0, 0]","[0.0003, 0.0002, 0.0019, 0.0026, 0.997, 0.0037, 0.0009, 0.001]","[0, 0, 0, 1, 0, 0, 0, 0]","[0.0002, 0.0019, 0.0026, 0.997, 0.0037, 0.0009, 0.001, 0]",7,1,3,you,0.22
U30_A9xmFL8,rep_06,i never said you stole my money i,spoken_explanation,True,3.49,False,stole. I never said you stole my money.,"[""stole."", ""I"", ""never"", ""said"", ""you"", ""stole"", ""my"", ""money.""]","[0, 0, 0, 0, 0, 1, 0, 0]","[0.2539, 0.0005, 0.0023, 0.0019, 0.0179, 0.9996, 0.0009, 0.0011]","[0, 0, 0, 0, 1, 0, 0, 0]","[0.0005, 0.0023, 0.0019, 0.0179, 0.9996, 0.0009, 0.0011, 0]",7,1,4,stole,0.148
U30_A9xmFL8,rep_07,i never said you stole my money i,spoken_explanation,True,2.33,False,"Okay, I never said you stole my money.","[""Okay,"", ""I"", ""never"", ""said"", ""you"", ""stole"", ""my"", ""money.""]","[0, 0, 0, 0, 0, 1, 0, 0]","[0.0008, 0.0018, 0.0062, 0.004, 0.0458, 0.9999, 0.0126, 0.0034]","[0, 0, 0, 0, 1, 0, 0, 0]","[0.0018, 0.0062, 0.004, 0.0458, 0.9999, 0.0126, 0.0034, 0]",7,1,4,stole,0.196
U30_A9xmFL8,rep_08,i never said you stole my money i,spoken_explanation,True,3.45,False,I never said you stole my money. I said you stole,"[""I"", ""never"", ""said"", ""you"", ""stole"", ""my"", ""money."", ""I"", ""said"", ""you"", ""stole""]","[0, 0, 0, 0, 1, 1, 0, 0, 0, 0, 0]","[0.0009, 0.0031, 0.0006, 0.0037, 0.5842, 0.9995, 0.0026, 0.0005, 0.0016, 0.001, 0.0566]","[0, 0, 0, 0, 1, 1, 0, 0]","[0.0009, 0.0031, 0.0006, 0.0037, 0.5842, 0.9995, 0.0026, 0.0005]",8,2,5,my,0.167
U30_A9xmFL8,rep_09,i never said you stole my money i,spoken_explanation,True,3.23,False,I never said you sold my money.,"[""I"", ""never"", ""said"", ""you"", ""sold"", ""my"", ""money.""]","[0, 0, 0, 0, 1, 1, 1]","[0.0078, 0.0452, 0.0042, 0.0299, 0.7185, 0.9198, 0.9997]","[0, 0, 0, 0, 1, 1, 1, 0]","[0.0078, 0.0452, 0.0042, 0.0299, 0.7185, 0.9198, 0.9997, 0]",7,3,6,money,0.134
H2naE8bAxeM,rep_00,the boy and the girl ran to school the boy and the girl ran to school,spoken_explanation,True,4.81,False,The boy and the girl ran to school.,"[""The"", ""boy"", ""and"", ""the"", ""girl"", ""ran"", ""to"", ""school.""]","[0, 0, 1, 1, 1, 0, 0, 0]","[0.012, 0.3304, 0.7168, 0.5636, 0.6717, 0.0779, 0.3653, 0.409]","[0, 0, 1, 1, 1, 0, 0, 0, 0, 0, 0, 0, 0, 0, 0, 0]","[0.012, 0.3304, 0.7168, 0.5636, 0.6717, 0.0779, 0.3653, 0.409, 0, 0, 0, 0, 0, 0, 0, 0]",8,3,2,and,0.141
H2naE8bAxeM,rep_01,the boy and the girl ran to school the boy and the girl ran to school,spoken_explanation,True,5.69,False,The boy and the girl ran to school.,"[""The"", ""boy"", ""and"", ""the"", ""girl"", ""ran"", ""to"", ""school.""]","[0, 1, 1, 0, 1, 1, 1, 1]","[0.029, 0.9652, 0.5839, 0.4009, 0.8341, 0.9945, 0.9364, 0.9017]","[0, 1, 1, 0, 1, 1, 1, 1, 0, 0, 0, 0, 0, 0, 0, 0]","[0.029, 0.9652, 0.5839, 0.4009, 0.8341, 0.9945, 0.9364, 0.9017, 0, 0, 0, 0, 0, 0, 0, 0]",8,6,5,ran,0.144
H2naE8bAxeM,rep_02,the boy and the girl ran to school the boy and the girl ran to school,spoken_explanation,True,4.75,False,"Again, the boy and the girl ran to school. The boy and the girl ran to school.","[""Again,"", ""the"", ""boy"", ""and"", ""the"", ""girl"", ""ran"", ""to"", ""school."", ""The"", ""boy"", ""and"", ""the"", ""girl"", ""ran"", ""to"", ""school.""]","[0, 0, 0, 1, 1, 0, 0, 1, 0, 0, 1, 1, 1, 1, 0, 0, 0]","[0.0885, 0.0286, 0.1802, 0.544, 0.7666, 0.2913, 0.2284, 0.5204, 0.4231, 0.4182, 0.7835, 0.7949, 0.7947, 0.5396, 0.3252, 0.341, 0.312]","[0, 0, 1, 1, 0, 0, 1, 0, 0, 1, 1, 1, 1, 0, 0, 0]","[0.0286, 0.1802, 0.544, 0.7666, 0.2913, 0.2284, 0.5204, 0.4231, 0.4182, 0.7835, 0.7949, 0.7947, 0.5396, 0.3252, 0.341, 0.312]",16,7,10,and,0.56
H2naE8bAxeM,rep_03,the boy and the girl ran to school the boy and the girl ran to school,spoken_explanation,True,5.51,False,The boy and the girl ran to school.,"[""The"", ""boy"", ""and"", ""the"", ""girl"", ""ran"", ""to"", ""school.""]","[0, 1, 0, 0, 1, 1, 1, 1]","[0.0145, 0.7775, 0.4283, 0.3806, 0.9901, 0.961, 0.8434, 0.7296]","[0, 1, 0, 0, 1, 1, 1, 1, 0, 0, 0, 0, 0, 0, 0, 0]","[0.0145, 0.7775, 0.4283, 0.3806, 0.9901, 0.961, 0.8434, 0.7296, 0, 0, 0, 0, 0, 0, 0, 0]",8,5,4,girl,0.195
H2naE8bAxeM,rep_04,the boy and the girl ran to school the boy and the girl ran to school,spoken_explanation,True,6.33,False,"this, the boy and the girl ran to school. The boy and the girl ran to school.","[""this,"", ""the"", ""boy"", ""and"", ""the"", ""girl"", ""ran"", ""to"", ""school."", ""The"", ""boy"", ""and"", ""the"", ""girl"", ""ran"", ""to"", ""school.""]","[0, 0, 1, 1, 1, 1, 1, 0, 0, 0, 0, 0, 1, 1, 1, 0, 1]","[0.0422, 0.0536, 0.5377, 0.6237, 0.5737, 0.8469, 0.5519, 0.4418, 0.4855, 0.1098, 0.4387, 0.4904, 0.5493, 0.5954, 0.6159, 0.4023, 0.5324]","[0, 1, 1, 1, 1, 1, 0, 0, 0, 0, 0, 1, 1, 1, 0, 1]","[0.0536, 0.5377, 0.6237, 0.5737, 0.8469, 0.5519, 0.4418, 0.4855, 0.1098, 0.4387, 0.4904, 0.5493, 0.5954, 0.6159, 0.4023, 0.5324]",16,9,4,girl,0.402
O57QgP_o7QA,rep_00,the word home in the,spoken_explanation,True,1.61,False,"For example, the word HOME in the sentence.","[""For"", ""example,"", ""the"", ""word"", ""HOME"", ""in"", ""the"", ""sentence.""]","[0, 0, 0, 0, 0, 0, 0, 0]","[0.0122, 0.0361, 0.0028, 0.0026, 0.1397, 0.0008, 0.0007, 0.0034]","[0, 0, 0, 0, 0]","[0.0028, 0.0026, 0.1397, 0.0008, 0.0007]",5,0,2,home,0.144
O57QgP_o7QA,rep_01,the word home in the,spoken_explanation,True,1.05,False,Let's hear the word home in the...,"[""Let's"", ""hear"", ""the"", ""word"", ""home"", ""in"", ""the...""]","[0, 0, 0, 0, 0, 0, 1]","[0.034, 0.0125, 0.2527, 0.0112, 0.0388, 0.0037, 0.736]","[0, 0, 0, 0, 1]","[0.2527, 0.0112, 0.0388, 0.0037, 0.736]",5,1,4,the,0.142
O57QgP_o7QA,rep_02,the word home in the,spoken_explanation,True,1.09,False,for the word home and that's,"[""for"", ""the"", ""word"", ""home"", ""and"", ""that's""]","[0, 0, 0, 0, 0, 0]","[0.0532, 0.045, 0.0022, 0.0099, 0.005, 0.0423]","[0, 0, 0, 0, 0]","[0.045, 0.0022, 0.0099, 0.005, 0.0423]",5,0,0,the,0.13
O57QgP_o7QA,rep_03,the word home in the,spoken_explanation,True,2.31,False,compared to the word home in the second,"[""compared"", ""to"", ""the"", ""word"", ""home"", ""in"", ""the"", ""second""]","[0, 0, 0, 0, 0, 0, 0, 0]","[0.0046, 0.0115, 0.0122, 0.0054, 0.0674, 0.029, 0.0177, 0.0676]","[0, 0, 0, 0, 0]","[0.0122, 0.0054, 0.0674, 0.029, 0.0177]",5,0,2,home,0.413
O57QgP_o7QA,rep_04,the word home in the,spoken_explanation,True,1.43,False,The word home and the,"[""The"", ""word"", ""home"", ""and"", ""the""]","[0, 0, 0, 0, 0]","[0.0094, 0.0034, 0.044, 0.0276, 0.0891]","[0, 0, 0, 0, 0]","[0.0094, 0.0034, 0.044, 0.0276, 0.0891]",5,0,4,the,0.12
O57QgP_o7QA,rep_05,the word home in the,spoken_explanation,True,0.97,False,the word home in the second.,"[""the"", ""word"", ""home"", ""in"", ""the"", ""second.""]","[0, 0, 0, 0, 0, 0]","[0.0085, 0.0034, 0.0041, 0.0057, 0.0136, 0.2873]","[0, 0, 0, 0, 0]","[0.0085, 0.0034, 0.0041, 0.0057, 0.0136]",5,0,4,the,0.197
O57QgP_o7QA,rep_06,the word home in the,spoken_explanation,True,2.43,False,alternate the word home from the two,"[""alternate"", ""the"", ""word"", ""home"", ""from"", ""the"", ""two""]","[0, 0, 0, 0, 0, 0, 0]","[0.14, 0.012, 0.0062, 0.0886, 0.002, 0.0018, 0.0112]","[0, 0, 0, 0, 0]","[0.012, 0.0062, 0.0886, 0.002, 0.0018]",5,0,2,home,0.13
ECVS-AGRNQw,rep_00,mr brown has a black hat,spoken_explanation,True,2.27,False,Mr. Brown has a black hat.,"[""Mr."", ""Brown"", ""has"", ""a"", ""black"", ""hat.""]","[1, 0, 0, 0, 0, 0]","[0.6723, 0.0017, 0.0448, 0.0106, 0.0013, 0.0106]","[1, 0, 0, 0, 0, 0]","[0.6723, 0.0017, 0.0448, 0.0106, 0.0013, 0.0106]",6,1,0,mr,0.137
ECVS-AGRNQw,rep_01,mr brown has a black hat,spoken_explanation,True,1.75,False,Mr. Brown has a black hat.,"[""Mr."", ""Brown"", ""has"", ""a"", ""black"", ""hat.""]","[0, 0, 0, 0, 0, 1]","[0.0029, 0.0043, 0.2929, 0.024, 0.0084, 0.9593]","[0, 0, 0, 0, 0, 1]","[0.0029, 0.0043, 0.2929, 0.024, 0.0084, 0.9593]",6,1,5,hat,0.352
ECVS-AGRNQw,rep_02,mr brown has a black hat,spoken_explanation,True,2.09,False,for saying Mr. Brown has a black hat.,"[""for"", ""saying"", ""Mr."", ""Brown"", ""has"", ""a"", ""black"", ""hat.""]","[0, 0, 0, 0, 0, 1, 0, 0]","[0.0059, 0.0073, 0.0215, 0.0442, 0.31, 0.853, 0.0016, 0.0115]","[0, 0, 0, 1, 0, 0]","[0.0215, 0.0442, 0.31, 0.853, 0.0016, 0.0115]",6,1,3,a,0.15
ECVS-AGRNQw,rep_03,mr brown has a black hat,spoken_explanation,True,1.71,False,Mr. Brown has a black hat.,"[""Mr."", ""Brown"", ""has"", ""a"", ""black"", ""hat.""]","[0, 0, 1, 0, 0, 0]","[0.0101, 0.0104, 0.9991, 0.0069, 0.0003, 0.0014]","[0, 0, 1, 0, 0, 0]","[0.0101, 0.0104, 0.9991, 0.0069, 0.0003, 0.0014]",6,1,2,has,0.409
ECVS-AGRNQw,rep_04,mr brown has a black hat,spoken_explanation,True,2.16,False,Mr. Brown is a black hat means,"[""Mr."", ""Brown"", ""is"", ""a"", ""black"", ""hat"", ""means""]","[0, 1, 1, 0, 0, 0, 0]","[0.2727, 0.999, 0.968, 0.0029, 0.0004, 0.0014, 0.0033]","[0, 1, 1, 0, 0, 0]","[0.2727, 0.999, 0.968, 0.0029, 0.0004, 0.0014]",6,2,1,brown,0.138
ECVS-AGRNQw,rep_05,mr brown has a black hat,spoken_explanation,True,2.15,False,Brown. Mr. Brown has a black hat means,"[""Brown."", ""Mr."", ""Brown"", ""has"", ""a"", ""black"", ""hat"", ""means""]","[0, 0, 0, 0, 0, 0, 0, 0]","[0.0134, 0.0221, 0.0051, 0.01, 0.0078, 0.0007, 0.0087, 0.0033]","[0, 0, 0, 0, 0, 0]","[0.0221, 0.0051, 0.01, 0.0078, 0.0007, 0.0087]",6,0,0,mr,0.148
YT2TcLr6y7w,rep_00,we must change now,spoken_explanation,True,1.33,False,that we must change now.,"[""that"", ""we"", ""must"", ""change"", ""now.""]","[0, 0, 0, 0, 0]","[0.0088, 0.1231, 0.1449, 0.017, 0.0295]","[0, 0, 0, 0]","[0.1231, 0.1449, 0.017, 0.0295]",4,0,1,must,0.128
YT2TcLr6y7w,rep_01,we must change now,spoken_explanation,True,4.05,False,We must change now.,"[""We"", ""must"", ""change"", ""now.""]","[1, 0, 0, 0]","[0.9948, 0.0031, 0.001, 0.0051]","[1, 0, 0, 0]","[0.9948, 0.0031, 0.001, 0.0051]",4,1,0,we,0.12
YT2TcLr6y7w,rep_02,we must change now,spoken_explanation,True,4.27,False,We must change now.,"[""We"", ""must"", ""change"", ""now.""]","[0, 1, 0, 0]","[0.0201, 1.0, 0.0001, 0.0001]","[0, 1, 0, 0]","[0.0201, 1.0, 0.0001, 0.0001]",4,1,1,must,0.121
YT2TcLr6y7w,rep_03,we must change now,spoken_explanation,True,4.13,False,We must change now.,"[""We"", ""must"", ""change"", ""now.""]","[0, 1, 1, 0]","[0.0536, 0.952, 0.9999, 0.0002]","[0, 1, 1, 0]","[0.0536, 0.952, 0.9999, 0.0002]",4,2,2,change,0.119
YT2TcLr6y7w,rep_04,we must change now,spoken_explanation,True,2.03,False,We must change now!,"[""We"", ""must"", ""change"", ""now!""]","[0, 0, 0, 1]","[0.0207, 0.052, 0.017, 0.9979]","[0, 0, 0, 1]","[0.0207, 0.052, 0.017, 0.9979]",4,1,3,now,0.119
S5f0FKhPax0,rep_00,i want you to,spoken_explanation,True,0.65,False,but I want you to,"[""but"", ""I"", ""want"", ""you"", ""to""]","[0, 0, 0, 0, 0]","[0.0043, 0.0037, 0.0318, 0.0573, 0.0433]","[0, 0, 0, 0]","[0.0037, 0.0318, 0.0573, 0.0433]",4,0,2,you,0.199
S5f0FKhPax0,rep_01,i want you to,spoken_explanation,True,0.67,False,But I want you to do that again.,"[""But"", ""I"", ""want"", ""you"", ""to"", ""do"", ""that"", ""again.""]","[0, 0, 0, 0, 0, 0, 0, 0]","[0.0018, 0.0019, 0.0219, 0.0424, 0.0176, 0.0308, 0.1525, 0.2688]","[0, 0, 0, 0]","[0.0019, 0.0219, 0.0424, 0.0176]",4,0,2,you,0.142
S5f0FKhPax0,rep_02,i want you to,spoken_explanation,True,0.79,False,I want you to another,"[""I"", ""want"", ""you"", ""to"", ""another""]","[0, 0, 0, 0, 0]","[0.0016, 0.004, 0.0044, 0.0087, 0.3314]","[0, 0, 0, 0]","[0.0016, 0.004, 0.0044, 0.0087]",4,0,3,to,0.12
S5f0FKhPax0,rep_03,i want you to,spoken_explanation,True,0.81,False,Now I want you to try to,"[""Now"", ""I"", ""want"", ""you"", ""to"", ""try"", ""to""]","[0, 0, 0, 0, 0, 0, 0]","[0.0042, 0.0059, 0.0394, 0.0261, 0.028, 0.1257, 0.1165]","[0, 0, 0, 0]","[0.0059, 0.0394, 0.0261, 0.028]",4,0,1,want,0.133
S5f0FKhPax0,rep_04,i want you to,spoken_explanation,True,1.25,False,I want you to try to,"[""I"", ""want"", ""you"", ""to"", ""try"", ""to""]","[0, 0, 0, 0, 0, 0]","[0.0049, 0.009, 0.0114, 0.0084, 0.0253, 0.0354]","[0, 0, 0, 0]","[0.0049, 0.009, 0.0114, 0.0084]",4,0,2,you,0.128
NBocin3yBT4,rep_00,come here come here,spoken_explanation,True,3.51,False,Come here. Come here.,"[""Come"", ""here."", ""Come"", ""here.""]","[0, 1, 0, 1]","[0.0183, 0.5967, 0.4134, 0.8928]","[0, 1, 0, 1]","[0.0183, 0.5967, 0.4134, 0.8928]",4,2,3,here,0.123
NBocin3yBT4,rep_01,come here come here,spoken_explanation,True,5.51,False,Come here. Come here.,"[""Come"", ""here."", ""Come"", ""here.""]","[0, 1, 1, 1]","[0.3648, 0.9943, 0.8671, 0.9186]","[0, 1, 1, 1]","[0.3648, 0.9943, 0.8671, 0.9186]",4,3,1,here,0.125
NBocin3yBT4,rep_02,come here come here,spoken_explanation,True,2.05,False,"Come here, come here.","[""Come"", ""here,"", ""come"", ""here.""]","[0, 0, 0, 1]","[0.0043, 0.3241, 0.3407, 0.9768]","[0, 0, 0, 1]","[0.0043, 0.3241, 0.3407, 0.9768]",4,1,3,here,0.126
NBocin3yBT4,rep_03,come here come here,spoken_explanation,True,2.31,False,"Come here, come here.","[""Come"", ""here,"", ""come"", ""here.""]","[0, 1, 0, 1]","[0.0072, 0.5511, 0.2483, 0.9734]","[0, 1, 0, 1]","[0.0072, 0.5511, 0.2483, 0.9734]",4,2,3,here,0.127
NBocin3yBT4,rep_04,come here come here,spoken_explanation,True,1.75,False,"Come here, come here.","[""Come"", ""here,"", ""come"", ""here.""]","[0, 0, 0, 1]","[0.0606, 0.3567, 0.4437, 0.9703]","[0, 0, 0, 1]","[0.0606, 0.3567, 0.4437, 0.9703]",4,1,3,here,0.124
uc8AgRPyFe8,rep_00,i have the word,spoken_explanation,True,1.21,False,Or maybe I have the word hap-,"[""Or"", ""maybe"", ""I"", ""have"", ""the"", ""word"", ""hap-""]","[0, 0, 0, 0, 0, 0, 1]","[0.1837, 0.0296, 0.0065, 0.0098, 0.0217, 0.0325, 0.9788]","[0, 0, 0, 0]","[0.0065, 0.0098, 0.0217, 0.0325]",4,1,3,word,0.346
uc8AgRPyFe8,rep_01,i have the word,spoken_explanation,True,1.13,False,Perhaps I have the word.,"[""Perhaps"", ""I"", ""have"", ""the"", ""word.""]","[1, 0, 0, 0, 0]","[0.7517, 0.0226, 0.0196, 0.1203, 0.1245]","[0, 0, 0, 0]","[0.0226, 0.0196, 0.1203, 0.1245]",4,1,3,word,0.125
uc8AgRPyFe8,rep_02,i have the word,spoken_explanation,True,1.23,False,Or maybe I have the word hope.,"[""Or"", ""maybe"", ""I"", ""have"", ""the"", ""word"", ""hope.""]","[0, 0, 0, 0, 0, 0, 1]","[0.1577, 0.0029, 0.0147, 0.1544, 0.0807, 0.2284, 0.9429]","[0, 0, 0, 0]","[0.0147, 0.1544, 0.0807, 0.2284]",4,1,3,word,0.138
uc8AgRPyFe8,rep_03,i have the word,spoken_explanation,True,1.05,False,"Well, now I have the word...","[""Well,"", ""now"", ""I"", ""have"", ""the"", ""word...""]","[1, 1, 0, 0, 1, 1]","[0.7845, 0.9985, 0.1319, 0.1693, 0.5333, 0.6813]","[0, 0, 1, 1]","[0.1319, 0.1693, 0.5333, 0.6813]",4,4,3,word,0.136
uc8AgRPyFe8,rep_04,i have the word,spoken_explanation,True,1.21,False,"Well, now I have the word.","[""Well,"", ""now"", ""I"", ""have"", ""the"", ""word.""]","[0, 1, 0, 0, 0, 1]","[0.2069, 0.9694, 0.0984, 0.1525, 0.4855, 0.914]","[0, 0, 0, 1]","[0.0984, 0.1525, 0.4855, 0.914]",4,2,3,word,0.407
fhhV1N2XJtg,rep_00,never said she stole my money if the,spoken_explanation,False,3.89,False,I never said she stole my money.,"[""I"", ""never"", ""said"", ""she"", ""stole"", ""my"", ""money.""]","[0, 0, 0, 0, 0, 0, 0]","[0.0255, 0.0505, 0.0005, 0.0019, 0.0068, 0.0084, 0.0328]","[0, 0, 0, 0, 0, 0, 0, 0]","[0.0505, 0.0005, 0.0019, 0.0068, 0.0084, 0.0328, 0, 0]",6,0,0,never,0.139
fhhV1N2XJtg,rep_01,never said she stole my money if the,spoken_explanation,False,3.73,False,I never said she stole my money. If the emphasis,"[""I"", ""never"", ""said"", ""she"", ""stole"", ""my"", ""money."", ""If"", ""the"", ""emphasis""]","[0, 1, 0, 0, 0, 0, 0, 0, 0, 0]","[0.0031, 0.8475, 0.0013, 0.0004, 0.0004, 0.0011, 0.0011, 0.0013, 0.0035, 0.001]","[1, 0, 0, 0, 0, 0, 0, 0]","[0.8475, 0.0013, 0.0004, 0.0004, 0.0011, 0.0011, 0.0013, 0.0035]",8,1,0,never,0.155
fhhV1N2XJtg,rep_02,never said she stole my money if the,spoken_explanation,True,3.65,False,I never said she stole my money.,"[""I"", ""never"", ""said"", ""she"", ""stole"", ""my"", ""money.""]","[0, 0, 0, 0, 0, 0, 0]","[0.0019, 0.0163, 0.2712, 0.001, 0.0063, 0.0649, 0.1998]","[0, 0, 0, 0, 0, 0, 0, 0]","[0.0163, 0.2712, 0.001, 0.0063, 0.0649, 0.1998, 0, 0]",6,0,1,said,0.215
fhhV1N2XJtg,rep_03,never said she stole my money if the,spoken_explanation,False,3.49,False,I never said she stole my money.,"[""I"", ""never"", ""said"", ""she"", ""stole"", ""my"", ""money.""]","[0, 0, 0, 0, 0, 0, 0]","[0.0004, 0.0013, 0.0051, 0.1714, 0.0178, 0.0013, 0.0006]","[0, 0, 0, 0, 0, 0, 0, 0]","[0.0013, 0.0051, 0.1714, 0.0178, 0.0013, 0.0006, 0, 0]",6,0,2,she,0.137
fhhV1N2XJtg,rep_04,never said she stole my money if the,spoken_explanation,False,3.31,False,and never says she stole my money.,"[""and"", ""never"", ""says"", ""she"", ""stole"", ""my"", ""money.""]","[0, 0, 0, 0, 0, 1, 1]","[0.0005, 0.007, 0.0128, 0.007, 0.055, 0.9706, 0.9977]","[0, 0, 0, 0, 1, 1, 0, 0]","[0.007, 0.0128, 0.007, 0.055, 0.9706, 0.9977, 0, 0]",6,2,5,money,0.136
_tsSPbAAKjc,rep_00,i didn't say you stole my money i didn't say you stole my money number,spoken_explanation,True,13.53,False,"I didn't say you stole my money. I didn't say you stole my money. Number two,","[""I"", ""didn't"", ""say"", ""you"", ""stole"", ""my"", ""money."", ""I"", ""didn't"", ""say"", ""you"", ""stole"", ""my"", ""money."", ""Number"", ""two,""]","[0, 0, 0, 0, 0, 1, 0, 1, 1, 0, 0, 1, 0, 0, 0, 0]","[0.0104, 0.0713, 0.0266, 0.0778, 0.0763, 0.5943, 0.057, 0.744, 0.883, 0.1604, 0.0455, 0.5642, 0.2208, 0.0277, 0.046, 0.0716]","[0, 0, 0, 0, 0, 1, 0, 1, 1, 0, 0, 1, 0, 0, 0]","[0.0104, 0.0713, 0.0266, 0.0778, 0.0763, 0.5943, 0.057, 0.744, 0.883, 0.1604, 0.0455, 0.5642, 0.2208, 0.0277, 0.046]",15,4,8,didn't,0.217
_tsSPbAAKjc,rep_01,i didn't say you stole my money i didn't say you stole my money number,spoken_explanation,True,8.29,False,I didn't say you stole my money. I didn't say you stole my money.,"[""I"", ""didn't"", ""say"", ""you"", ""stole"", ""my"", ""money."", ""I"", ""didn't"", ""say"", ""you"", ""stole"", ""my"", ""money.""]","[0, 1, 0, 0, 0, 0, 0, 0, 1, 0, 0, 0, 0, 0]","[0.01, 0.9993, 0.1194, 0.002, 0.0019, 0.0026, 0.0025, 0.0369, 0.998, 0.0153, 0.0007, 0.0038, 0.0007, 0.0006]","[0, 1, 0, 0, 0, 0, 0, 0, 1, 0, 0, 0, 0, 0, 0]","[0.01, 0.9993, 0.1194, 0.002, 0.0019, 0.0026, 0.0025, 0.0369, 0.998, 0.0153, 0.0007, 0.0038, 0.0007, 0.0006, 0]",14,2,1,didn't,0.193
_tsSPbAAKjc,rep_02,i didn't say you stole my money i didn't say you stole my money number,spoken_explanation,True,15.17,False,I didn't say you stole my money. I didn't say you stole my money.,"[""I"", ""didn't"", ""say"", ""you"", ""stole"", ""my"", ""money."", ""I"", ""didn't"", ""say"", ""you"", ""stole"", ""my"", ""money.""]","[0, 0, 1, 0, 0, 0, 0, 0, 0, 1, 0, 0, 0, 0]","[0.0053, 0.1569, 0.9964, 0.057, 0.0061, 0.0066, 0.0052, 0.0535, 0.401, 0.9958, 0.0098, 0.0475, 0.0073, 0.0045]","[0, 0, 1, 0, 0, 0, 0, 0, 0, 1, 0, 0, 0, 0, 0]","[0.0053, 0.1569, 0.9964, 0.057, 0.0061, 0.0066, 0.0052, 0.0535, 0.401, 0.9958, 0.0098, 0.0475, 0.0073, 0.0045, 0]",14,2,2,say,0.2
_tsSPbAAKjc,rep_03,i didn't say you stole my money i didn't say you stole my money number,spoken_explanation,True,12.95,False,I didn't say you stole my money. I didn't say you stole my money. Number six.,"[""I"", ""didn't"", ""say"", ""you"", ""stole"", ""my"", ""money."", ""I"", ""didn't"", ""say"", ""you"", ""stole"", ""my"", ""money."", ""Number"", ""six.""]","[0, 0, 0, 0, 1, 0, 0, 0, 1, 0, 0, 1, 0, 0, 0, 0]","[0.0043, 0.0249, 0.0109, 0.0362, 0.9997, 0.2358, 0.0243, 0.4117, 0.58, 0.0755, 0.0778, 0.9994, 0.0635, 0.0132, 0.0383, 0.1295]","[0, 0, 0, 0, 1, 0, 0, 0, 1, 0, 0, 1, 0, 0, 0]","[0.0043, 0.0249, 0.0109, 0.0362, 0.9997, 0.2358, 0.0243, 0.4117, 0.58, 0.0755, 0.0778, 0.9994, 0.0635, 0.0132, 0.0383]",15,3,4,stole,0.215
_tsSPbAAKjc,rep_04,i didn't say you stole my money i didn't say you stole my money number,spoken_explanation,True,9.81,False,I didn't say you stole my money. I didn't say you stole my money.,"[""I"", ""didn't"", ""say"", ""you"", ""stole"", ""my"", ""money."", ""I"", ""didn't"", ""say"", ""you"", ""stole"", ""my"", ""money.""]","[0, 0, 0, 0, 0, 1, 0, 0, 1, 0, 0, 0, 1, 0]","[0.0156, 0.1946, 0.0331, 0.0718, 0.3931, 0.9998, 0.0276, 0.1442, 0.8778, 0.1245, 0.0181, 0.3926, 0.9978, 0.0111]","[0, 0, 0, 0, 0, 1, 0, 0, 1, 0, 0, 0, 1, 0, 0]","[0.0156, 0.1946, 0.0331, 0.0718, 0.3931, 0.9998, 0.0276, 0.1442, 0.8778, 0.1245, 0.0181, 0.3926, 0.9978, 0.0111, 0]",14,3,5,my,0.195
yJkfjF94YKA,rep_00,da da da da da da,spoken_explanation,False,3.87,False,Da da da da da da da da da da da da da da da da da da da da da da da da da da da da da da da da da da da da da da da da da da da da da da da da da da da da da da da da da da da da da da da da da da da da da da da da da da da da da da da da da da da da da da da da da da da da da da da da da da da da da da da da da da da da da da da da da da da da da da da da da da da da da da da da da da da da da da da da da da da da da da da da da da da da da da da da da da da da da da da da da da da da da da da da da da da da da da da da da da da da da da da da da da da da da da da da da da da da da da da da,"[""Da"", ""da"", ""da"", ""da"", ""da"", ""da"", ""da"", ""da"", ""da"", ""da"", ""da"", ""da"", ""da"", ""da"", ""da"", ""da"", ""da"", ""da"", ""da"", ""da"", ""da"", ""da"", ""da"", ""da"", ""da"", ""da"", ""da"", ""da"", ""da"", ""da"", ""da"", ""da"", ""da"", ""da"", ""da"", ""da"", ""da"", ""da"", ""da"", ""da"", ""da"", ""da"", ""da"", ""da"", ""da"", ""da"", ""da"", ""da"", ""da"", ""da"", ""da"", ""da"", ""da"", ""da"", ""da"", ""da"", ""da"", ""da"", ""da"", ""da"", ""da"", ""da"", ""da"", ""da"", ""da"", ""da"", ""da"", ""da"", ""da"", ""da"", ""da"", ""da"", ""da"", ""da"", ""da"", ""da"", ""da"", ""da"", ""da"", ""da"", ""da"", ""da"", ""da"", ""da"", ""da"", ""da"", ""da"", ""da"", ""da"", ""da"", ""da"", ""da"", ""da"", ""da"", ""da"", ""da"", ""da"", ""da"", ""da"", ""da"", ""da"", ""da"", ""da"", ""da"", ""da"", ""da"", ""da"", ""da"", ""da"", ""da"", ""da"", ""da"", ""da"", ""da"", ""da"", ""da"", ""da"", ""da"", ""da"", ""da"", ""da"", ""da"", ""da"", ""da"", ""da"", ""da"", ""da"", ""da"", ""da"", ""da"", ""da"", ""da"", ""da"", ""da"", ""da"", ""da"", ""da"", ""da"", ""da"", ""da"", ""da"", ""da"", ""da"", ""da"", ""da"", ""da"", ""da"", ""da"", ""da"", ""da"", ""da"", ""da"", ""da"", ""da"", ""da"", ""da"", ""da"", ""da"", ""da"", ""da"", ""da"", ""da"", ""da"", ""da"", ""da"", ""da"", ""da"", ""da"", ""da"", ""da"", ""da"", ""da"", ""da"", ""da"", ""da"", ""da"", ""da"", ""da"", ""da"", ""da"", ""da"", ""da"", ""da"", ""da"", ""da"", ""da"", ""da"", ""da"", ""da"", ""da"", ""da"", ""da"", ""da"", ""da"", ""da"", ""da"", ""da"", ""da"", ""da"", ""da""]","[1, 0, 1, 1, 1, 0, 0, 0, 0, 0, 0, 0, 0, 0, 0, 0, 0, 0, 0, 0, 0, 0, 0, 0, 0, 0, 0, 0, 0, 0, 0, 0, 0, 0, 0, 0, 0, 0, 0, 0, 0, 0, 0, 0, 0, 0, 0, 0, 0, 0, 0, 0, 0, 0, 0, 0, 0, 0, 0, 0, 0, 0, 0, 0, 0, 0, 0, 0, 0, 0, 0, 0, 0, 0, 0, 0, 0, 0, 0, 0, 0, 0, 0, 0, 0, 0, 0, 0, 0, 0, 0, 0, 0, 0, 0, 0, 0, 0, 0, 0, 0, 0, 0, 0, 0, 0, 0, 0, 0, 0, 0, 0, 0, 0, 0, 0, 0, 0, 0, 0, 0, 0, 0, 0, 0, 0, 0, 0, 0, 0, 0, 0, 0, 0, 0, 0, 0, 0, 0, 0, 0, 0, 0, 0, 0, 0, 0, 0, 0, 0, 0, 0, 1, 1, 1, 1, 1, 1, 1, 1, 1, 1, 1, 1, 1, 1, 1, 1, 1, 1, 1, 1, 1, 1, 1, 1, 1, 1, 1, 1, 1, 1, 1, 1, 1, 1, 1, 1, 1, 1, 1, 1, 1, 1, 1, 1, 1, 1, 1, 1]","[0.7126, 0.2027, 0.5139, 0.5683, 0.5732, 0.3941, 0.3919, 0.3379, 0.3154, 0.317, 0.3245, 0.3267, 0.3396, 0.3483, 0.3632, 0.3756, 0.3811, 0.3861, 0.3883, 0.4016, 0.3966, 0.4041, 0.4077, 0.4015, 0.4011, 0.3957, 0.383, 0.3794, 0.3654, 0.3493, 0.342, 0.3214, 0.3104, 0.2923, 0.2866, 0.2819, 0.2712, 0.2782, 0.2691, 0.2538, 0.2502, 0.243, 0.2507, 0.2448, 0.2376, 0.2451, 0.2393, 0.2469, 0.241, 0.2437, 0.251, 0.245, 0.2481, 0.2443, 0.2487, 0.2471, 0.2442, 0.256, 0.2508, 0.2551, 0.2604, 0.252, 0.2584, 0.2614, 0.2629, 0.2671, 0.2717, 0.2744, 0.2674, 0.2765, 0.2719, 0.283, 0.2913, 0.2778, 0.2954, 0.2923, 0.2979, 0.299, 0.3018, 0.3022, 0.3051, 0.3137, 0.3133, 0.3112, 0.3215, 0.3222, 0.3262, 0.3205, 0.3265, 0.3335, 0.336, 0.3376, 0.3401, 0.3379, 0.3502, 0.3598, 0.3537, 0.3541, 0.3651, 0.3733, 0.3679, 0.3757, 0.3783, 0.3708, 0.3841, 0.3827, 0.3808, 0.3891, 0.3924, 0.3969, 0.4035, 0.4075, 0.4091, 0.4116, 0.4141, 0.4197, 0.4138, 0.4208, 0.4227, 0.4232, 0.4263, 0.4294, 0.4389, 0.4306, 0.4414, 0.4431, 0.445, 0.4472, 0.4489, 0.4511, 0.4511, 0.4534, 0.4575, 0.462, 0.4631, 0.4653, 0.4641, 0.4693, 0.4705, 0.47, 0.4743, 0.4755, 0.4799, 0.481, 0.4844, 0.4859, 0.4877, 0.4893, 0.4916, 0.4949, 0.4984, 0.4955, 0.5002, 0.5031, 0.5045, 0.5076, 0.509, 0.5108, 0.5141, 0.5124, 0.5152, 0.5181, 0.5193, 0.5199, 0.5244, 0.5256, 0.5299, 0.531, 0.5323, 0.5369, 0.5377, 0.5378, 0.5384, 0.5413, 0.5427, 0.5498, 0.5489, 0.5523, 0.5549, 0.5551, 0.5574, 0.5606, 0.5579, 0.564, 0.5626, 0.5642, 0.5667, 0.57, 0.5693, 0.5705, 0.5743, 0.5746, 0.575, 0.5763, 0.5788, 0.5794, 0.5811, 0.5827, 0.5796, 0.5805]","[1, 0, 1, 1, 1, 0]","[0.7126, 0.2027, 0.5139, 0.5683, 0.5732, 0.3941]",6,52,0,da,1.253
yJkfjF94YKA,rep_01,da da da da da da,spoken_explanation,True,3.87,False,Da da da da da da da da da da da da da da da da da da da da da da da da da da da da da da da da da da da da da da da da da da da da da da da da da da da da da da da da da da da da da da da da da da da da da da da da da da da da da da da da da da da da da da da da da da da da da da da da da da da da da da da da da da da da da da da da da da da da da da da da da da da da da da da da da da da da da da da da da da da da da da da da da da da da da da da da da da da da da da da da da da da da da da da da da da da da da da da da da da da da da da da da da da da da da da da da da da da da da da da da,"[""Da"", ""da"", ""da"", ""da"", ""da"", ""da"", ""da"", ""da"", ""da"", ""da"", ""da"", ""da"", ""da"", ""da"", ""da"", ""da"", ""da"", ""da"", ""da"", ""da"", ""da"", ""da"", ""da"", ""da"", ""da"", ""da"", ""da"", ""da"", ""da"", ""da"", ""da"", ""da"", ""da"", ""da"", ""da"", ""da"", ""da"", ""da"", ""da"", ""da"", ""da"", ""da"", ""da"", ""da"", ""da"", ""da"", ""da"", ""da"", ""da"", ""da"", ""da"", ""da"", ""da"", ""da"", ""da"", ""da"", ""da"", ""da"", ""da"", ""da"", ""da"", ""da"", ""da"", ""da"", ""da"", ""da"", ""da"", ""da"", ""da"", ""da"", ""da"", ""da"", ""da"", ""da"", ""da"", ""da"", ""da"", ""da"", ""da"", ""da"", ""da"", ""da"", ""da"", ""da"", ""da"", ""da"", ""da"", ""da"", ""da"", ""da"", ""da"", ""da"", ""da"", ""da"", ""da"", ""da"", ""da"", ""da"", ""da"", ""da"", ""da"", ""da"", ""da"", ""da"", ""da"", ""da"", ""da"", ""da"", ""da"", ""da"", ""da"", ""da"", ""da"", ""da"", ""da"", ""da"", ""da"", ""da"", ""da"", ""da"", ""da"", ""da"", ""da"", ""da"", ""da"", ""da"", ""da"", ""da"", ""da"", ""da"", ""da"", ""da"", ""da"", ""da"", ""da"", ""da"", ""da"", ""da"", ""da"", ""da"", ""da"", ""da"", ""da"", ""da"", ""da"", ""da"", ""da"", ""da"", ""da"", ""da"", ""da"", ""da"", ""da"", ""da"", ""da"", ""da"", ""da"", ""da"", ""da"", ""da"", ""da"", ""da"", ""da"", ""da"", ""da"", ""da"", ""da"", ""da"", ""da"", ""da"", ""da"", ""da"", ""da"", ""da"", ""da"", ""da"", ""da"", ""da"", ""da"", ""da"", ""da"", ""da"", ""da"", ""da"", ""da"", ""da"", ""da"", ""da"", ""da"", ""da"", ""da"", ""da"", ""da"", ""da"", ""da"", ""da"", ""da"", ""da"", ""da"", ""da""]","[1, 0, 1, 1, 1, 1, 1, 1, 1, 1, 1, 1, 0, 0, 0, 0, 0, 0, 0, 0, 0, 0, 0, 0, 0, 0, 0, 0, 0, 0, 0, 0, 0, 0, 0, 0, 0, 0, 0, 0, 0, 0, 0, 0, 0, 0, 0, 0, 0, 0, 0, 0, 0, 0, 0, 0, 0, 0, 0, 0, 0, 0, 0, 0, 0, 0, 0, 0, 0, 0, 0, 0, 0, 0, 0, 0, 0, 0, 0, 0, 0, 0, 0, 0, 0, 0, 0, 0, 0, 0, 0, 0, 0, 0, 0, 0, 0, 0, 0, 0, 0, 0, 0, 0, 0, 0, 0, 0, 0, 0, 0, 0, 0, 1, 1, 1, 1, 1, 1, 1, 1, 1, 1, 1, 1, 1, 1, 1, 1, 1, 1, 1, 1, 1, 1, 1, 1, 1, 1, 1, 1, 1, 1, 1, 1, 1, 1, 1, 1, 1, 1, 1, 1, 1, 1, 1, 1, 1, 1, 1, 1, 1, 1, 1, 1, 1, 1, 1, 1, 1, 1, 1, 1, 1, 1, 1, 1, 1, 1, 1, 1, 1, 1, 1, 1, 1, 1, 1, 1, 1, 1, 1, 1, 1, 1, 1, 1, 1, 1, 1]","[0.7814, 0.3658, 0.7176, 0.6745, 0.9378, 0.6447, 0.5965, 0.637, 0.6518, 0.6253, 0.5788, 0.5257, 0.4917, 0.4636, 0.4543, 0.4512, 0.4476, 0.4459, 0.4433, 0.4554, 0.4495, 0.4598, 0.467, 0.4681, 0.4749, 0.4796, 0.4768, 0.4849, 0.483, 0.4799, 0.4839, 0.4719, 0.4696, 0.4589, 0.4589, 0.4587, 0.4471, 0.4595, 0.4475, 0.4257, 0.4212, 0.4099, 0.4214, 0.4095, 0.3937, 0.406, 0.3913, 0.4008, 0.3861, 0.3887, 0.3954, 0.3832, 0.3856, 0.3759, 0.3791, 0.3747, 0.3667, 0.3885, 0.3741, 0.378, 0.387, 0.3666, 0.3765, 0.3772, 0.3792, 0.3853, 0.3893, 0.3926, 0.378, 0.3917, 0.3799, 0.3951, 0.4067, 0.381, 0.4084, 0.3981, 0.4058, 0.4028, 0.4059, 0.4052, 0.4074, 0.4193, 0.4176, 0.4136, 0.4253, 0.4245, 0.4276, 0.4193, 0.4248, 0.4325, 0.4345, 0.4362, 0.4391, 0.4358, 0.4491, 0.4584, 0.4507, 0.451, 0.4622, 0.4699, 0.4643, 0.4705, 0.4724, 0.4641, 0.4769, 0.4748, 0.4734, 0.4814, 0.4834, 0.4893, 0.4943, 0.4983, 0.4993, 0.5009, 0.5026, 0.5076, 0.5022, 0.5095, 0.5106, 0.5098, 0.512, 0.5168, 0.5237, 0.5152, 0.5261, 0.5266, 0.5278, 0.5291, 0.5307, 0.5316, 0.5316, 0.5332, 0.537, 0.5408, 0.542, 0.5429, 0.5409, 0.545, 0.5464, 0.546, 0.5493, 0.5494, 0.554, 0.5559, 0.5574, 0.5599, 0.5613, 0.5609, 0.564, 0.5666, 0.5709, 0.5671, 0.5706, 0.5736, 0.5746, 0.5773, 0.5796, 0.5809, 0.5838, 0.5816, 0.5837, 0.587, 0.5883, 0.5878, 0.5921, 0.5923, 0.5978, 0.598, 0.5985, 0.6032, 0.6037, 0.6035, 0.6045, 0.6068, 0.6077, 0.6146, 0.6137, 0.616, 0.6187, 0.6181, 0.6205, 0.6248, 0.621, 0.627, 0.6252, 0.6268, 0.6287, 0.6321, 0.6306, 0.6321, 0.6354, 0.6351, 0.6347, 0.6359, 0.6375, 0.6391, 0.6404, 0.6427, 0.6392, 0.6392]","[1, 0, 1, 1, 1, 1]","[0.7814, 0.3658, 0.7176, 0.6745, 0.9378, 0.6447]",6,98,4,da,1.675
yJkfjF94YKA,rep_02,da da da da da da,spoken_explanation,True,3.01,False,Da da da da.,"[""Da"", ""da"", ""da"", ""da.""]","[1, 1, 0, 0]","[0.7357, 0.9528, 0.0716, 0.0305]","[1, 1, 0, 0, 0, 0]","[0.7357, 0.9528, 0.0716, 0.0305, 0, 0]",4,2,1,da,0.131
yJkfjF94YKA,rep_03,da da da da da da,spoken_explanation,True,4.09,False,Da da da da da da da da da da da da da da da da da da da da da da da da da da da da da da da da da da da da da da da da da da da da da da da da da da da da da da da da da da da da da da da da da da da da da da da da da da da da da da da da da da da da da da da da da da da da da da da da da da da da da da da da da da da da da da da da da da da da da da da da da da da da da da da da da da da da da da da da da da da da da da da da da da da da da da da da da da da da da da da da da da da da da da da da da da da da da da da da da da da da da da da da da da da da da da da da da da da da da da da da,"[""Da"", ""da"", ""da"", ""da"", ""da"", ""da"", ""da"", ""da"", ""da"", ""da"", ""da"", ""da"", ""da"", ""da"", ""da"", ""da"", ""da"", ""da"", ""da"", ""da"", ""da"", ""da"", ""da"", ""da"", ""da"", ""da"", ""da"", ""da"", ""da"", ""da"", ""da"", ""da"", ""da"", ""da"", ""da"", ""da"", ""da"", ""da"", ""da"", ""da"", ""da"", ""da"", ""da"", ""da"", ""da"", ""da"", ""da"", ""da"", ""da"", ""da"", ""da"", ""da"", ""da"", ""da"", ""da"", ""da"", ""da"", ""da"", ""da"", ""da"", ""da"", ""da"", ""da"", ""da"", ""da"", ""da"", ""da"", ""da"", ""da"", ""da"", ""da"", ""da"", ""da"", ""da"", ""da"", ""da"", ""da"", ""da"", ""da"", ""da"", ""da"", ""da"", ""da"", ""da"", ""da"", ""da"", ""da"", ""da"", ""da"", ""da"", ""da"", ""da"", ""da"", ""da"", ""da"", ""da"", ""da"", ""da"", ""da"", ""da"", ""da"", ""da"", ""da"", ""da"", ""da"", ""da"", ""da"", ""da"", ""da"", ""da"", ""da"", ""da"", ""da"", ""da"", ""da"", ""da"", ""da"", ""da"", ""da"", ""da"", ""da"", ""da"", ""da"", ""da"", ""da"", ""da"", ""da"", ""da"", ""da"", ""da"", ""da"", ""da"", ""da"", ""da"", ""da"", ""da"", ""da"", ""da"", ""da"", ""da"", ""da"", ""da"", ""da"", ""da"", ""da"", ""da"", ""da"", ""da"", ""da"", ""da"", ""da"", ""da"", ""da"", ""da"", ""da"", ""da"", ""da"", ""da"", ""da"", ""da"", ""da"", ""da"", ""da"", ""da"", ""da"", ""da"", ""da"", ""da"", ""da"", ""da"", ""da"", ""da"", ""da"", ""da"", ""da"", ""da"", ""da"", ""da"", ""da"", ""da"", ""da"", ""da"", ""da"", ""da"", ""da"", ""da"", ""da"", ""da"", ""da"", ""da"", ""da"", ""da"", ""da"", ""da"", ""da"", ""da"", ""da"", ""da"", ""da"", ""da""]","[1, 1, 1, 1, 1, 0, 1, 1, 0, 0, 0, 0, 0, 0, 0, 0, 0, 0, 0, 0, 0, 0, 0, 0, 0, 0, 0, 0, 0, 0, 0, 0, 0, 0, 0, 0, 0, 0, 0, 0, 0, 0, 0, 0, 0, 0, 0, 0, 0, 0, 0, 0, 0, 0, 0, 0, 0, 0, 0, 0, 0, 0, 0, 0, 0, 0, 0, 0, 0, 0, 0, 0, 0, 0, 0, 0, 0, 0, 0, 0, 0, 0, 0, 0, 0, 0, 0, 0, 0, 0, 0, 0, 0, 0, 0, 0, 0, 0, 0, 0, 0, 0, 0, 0, 0, 0, 0, 0, 0, 0, 0, 0, 0, 0, 0, 0, 0, 0, 0, 0, 0, 0, 0, 0, 0, 0, 0, 0, 0, 0, 0, 0, 0, 0, 0, 0, 0, 0, 0, 0, 0, 0, 0, 0, 0, 0, 0, 0, 0, 0, 0, 0, 0, 0, 0, 0, 0, 0, 0, 0, 0, 0, 0, 0, 0, 0, 0, 0, 0, 0, 0, 0, 0, 0, 0, 0, 0, 0, 0, 0, 0, 0, 0, 0, 0, 0, 0, 0, 0, 0, 0, 0, 0, 0, 0, 0, 0, 0, 0, 0]","[0.8338, 0.6741, 0.7327, 0.7523, 0.7938, 0.4414, 0.5957, 0.5406, 0.3029, 0.1575, 0.0906, 0.0599, 0.0484, 0.0441, 0.0444, 0.047, 0.0496, 0.0531, 0.0568, 0.0618, 0.0664, 0.0724, 0.078, 0.0839, 0.0903, 0.0975, 0.1037, 0.1125, 0.1192, 0.1271, 0.135, 0.1378, 0.1438, 0.1453, 0.1499, 0.1534, 0.1506, 0.1587, 0.1533, 0.1431, 0.1416, 0.1356, 0.1404, 0.1346, 0.1278, 0.1325, 0.1267, 0.1304, 0.1249, 0.1259, 0.13, 0.1249, 0.1261, 0.1226, 0.124, 0.123, 0.1199, 0.128, 0.1225, 0.1246, 0.1275, 0.1206, 0.1238, 0.1248, 0.1245, 0.1256, 0.1271, 0.1267, 0.1213, 0.1252, 0.1223, 0.1268, 0.1301, 0.1234, 0.1306, 0.1279, 0.1296, 0.1311, 0.1326, 0.1332, 0.1355, 0.1383, 0.1371, 0.1365, 0.1393, 0.1393, 0.1404, 0.139, 0.1437, 0.1474, 0.1488, 0.151, 0.1523, 0.155, 0.1602, 0.1638, 0.1635, 0.1666, 0.1706, 0.1735, 0.1709, 0.1737, 0.1735, 0.1745, 0.1783, 0.1794, 0.1819, 0.1879, 0.1952, 0.1949, 0.2, 0.2019, 0.2041, 0.206, 0.2096, 0.2127, 0.217, 0.2183, 0.2193, 0.2261, 0.236, 0.2373, 0.2395, 0.246, 0.2485, 0.2507, 0.2535, 0.257, 0.2583, 0.2625, 0.2642, 0.2687, 0.2722, 0.2749, 0.2749, 0.2785, 0.2816, 0.288, 0.2913, 0.2935, 0.2984, 0.3033, 0.3108, 0.3116, 0.3169, 0.3199, 0.3211, 0.3271, 0.3292, 0.3338, 0.3378, 0.3368, 0.3435, 0.346, 0.3499, 0.3538, 0.3556, 0.3577, 0.3609, 0.3606, 0.3647, 0.3663, 0.3699, 0.3712, 0.3758, 0.3798, 0.3835, 0.3842, 0.3879, 0.3911, 0.3939, 0.3957, 0.3972, 0.4006, 0.4029, 0.409, 0.4096, 0.4139, 0.4166, 0.418, 0.4208, 0.4251, 0.4237, 0.4293, 0.4289, 0.432, 0.4343, 0.4384, 0.4391, 0.4405, 0.444, 0.4453, 0.4458, 0.4482, 0.4518, 0.4527, 0.4547, 0.4571, 0.4547, 0.4567]","[1, 1, 1, 1, 1, 0]","[0.8338, 0.6741, 0.7327, 0.7523, 0.7938, 0.4414]",6,7,0,da,1.251
pGE2PZPqkyU,rep_00,heads up heads down heads up heads down,no_explanation,True,5.87,False,Heads up! Heads down! Heads up! Heads down!,"[""Heads"", ""up!"", ""Heads"", ""down!"", ""Heads"", ""up!"", ""Heads"", ""down!""]","[0, 1, 0, 0, 0, 0, 0, 0]","[0.0869, 0.9192, 0.0821, 0.0486, 0.0868, 0.2405, 0.241, 0.1211]","[0, 1, 0, 0, 0, 0, 0, 0]","[0.0869, 0.9192, 0.0821, 0.0486, 0.0868, 0.2405, 0.241, 0.1211]",8,1,1,up,0.162
pGE2PZPqkyU,rep_01,heads up heads down heads up heads down,no_explanation,True,7.27,False,Heads up!,"[""Heads"", ""up!""]","[0, 1]","[0.2037, 0.7619]","[0, 1, 0, 0, 0, 0, 0, 0]","[0.2037, 0.7619, 0, 0, 0, 0, 0, 0]",2,1,1,up,0.107
pGE2PZPqkyU,rep_02,heads up heads down heads up heads down,no_explanation,True,5.75,False,Heads up! Heads down! Heads up! Heads down!,"[""Heads"", ""up!"", ""Heads"", ""down!"", ""Heads"", ""up!"", ""Heads"", ""down!""]","[0, 1, 0, 0, 0, 0, 0, 0]","[0.1112, 0.8401, 0.0515, 0.0878, 0.1577, 0.1873, 0.3312, 0.3661]","[0, 1, 0, 0, 0, 0, 0, 0]","[0.1112, 0.8401, 0.0515, 0.0878, 0.1577, 0.1873, 0.3312, 0.3661]",8,1,1,up,0.158
pGE2PZPqkyU,rep_03,heads up heads down heads up heads down,no_explanation,True,9.57,False,Heads up! Heads down. Heads up.,"[""Heads"", ""up!"", ""Heads"", ""down."", ""Heads"", ""up.""]","[0, 1, 0, 0, 0, 0]","[0.115, 0.8983, 0.0413, 0.2641, 0.1447, 0.2029]","[0, 1, 0, 0, 0, 0, 0, 0]","[0.115, 0.8983, 0.0413, 0.2641, 0.1447, 0.2029, 0, 0]",6,1,1,up,0.145
196G8sHNdo4,rep_00,purse a wolf stole your purse,spoken_explanation,True,10.07,False,a dancer. A wolf stole your purse.,"[""a"", ""dancer."", ""A"", ""wolf"", ""stole"", ""your"", ""purse.""]","[0, 0, 0, 1, 0, 0, 0]","[0.0406, 0.2262, 0.1224, 0.7346, 0.0077, 0.011, 0.008]","[0, 0, 1, 0, 0, 0]","[0, 0.1224, 0.7346, 0.0077, 0.011, 0.008]",5,1,2,wolf,0.151
196G8sHNdo4,rep_01,purse a wolf stole your purse,spoken_explanation,True,2.35,False,stole your purse. A wolf stole a purse?,"[""stole"", ""your"", ""purse."", ""A"", ""wolf"", ""stole"", ""a"", ""purse?""]","[0, 0, 0, 0, 0, 1, 1, 1]","[0.0435, 0.0682, 0.0564, 0.0518, 0.1884, 0.515, 0.532, 0.9986]","[0, 0, 0, 1, 1, 1]","[0.0564, 0.0518, 0.1884, 0.515, 0.532, 0.9986]",6,3,5,purse,0.15
196G8sHNdo4,rep_02,purse a wolf stole your purse,spoken_explanation,True,2.39,False,A wolf stole your purse.,"[""A"", ""wolf"", ""stole"", ""your"", ""purse.""]","[0, 0, 0, 1, 0]","[0.0008, 0.0005, 0.0052, 0.8647, 0.0002]","[0, 0, 0, 0, 1, 0]","[0, 0.0008, 0.0005, 0.0052, 0.8647, 0.0002]",5,1,4,your,0.129
196G8sHNdo4,rep_03,purse a wolf stole your purse,spoken_explanation,True,3.47,False,"dog? Listen, a wolf stole your purse.","[""dog?"", ""Listen,"", ""a"", ""wolf"", ""stole"", ""your"", ""purse.""]","[0, 0, 0, 1, 0, 0, 0]","[0.0053, 0.011, 0.0201, 0.9995, 0.0005, 0.0002, 0.0001]","[0, 0, 1, 0, 0, 0]","[0, 0.0201, 0.9995, 0.0005, 0.0002, 0.0001]",5,1,2,wolf,0.422
196G8sHNdo4,rep_04,purse a wolf stole your purse,spoken_explanation,True,3.21,False,"No, a wolf stole your purse!","[""No,"", ""a"", ""wolf"", ""stole"", ""your"", ""purse!""]","[0, 0, 1, 0, 1, 1]","[0.0138, 0.0193, 0.8034, 0.1404, 0.8479, 0.9972]","[0, 0, 1, 0, 1, 1]","[0.0138, 0.0193, 0.8034, 0.1404, 0.8479, 0.9972]",6,3,5,purse,0.134
196G8sHNdo4,rep_05,purse a wolf stole your purse,spoken_explanation,True,3.39,False,a wolf stole your purse.,"[""a"", ""wolf"", ""stole"", ""your"", ""purse.""]","[0, 0, 1, 0, 0]","[0.0208, 0.0065, 0.9688, 0.0004, 0.0003]","[0, 0, 0, 1, 0, 0]","[0, 0.0208, 0.0065, 0.9688, 0.0004, 0.0003]",5,1,3,stole,0.127
196G8sHNdo4,rep_06,purse a wolf stole your purse,spoken_explanation,True,7.63,False,That's all I know. A wolf stole your purse.,"[""That's"", ""all"", ""I"", ""know."", ""A"", ""wolf"", ""stole"", ""your"", ""purse.""]","[0, 0, 0, 0, 0, 0, 0, 1, 0]","[0.0029, 0.0057, 0.0031, 0.013, 0.019, 0.0072, 0.0556, 0.921, 0.0007]","[0, 0, 0, 0, 1, 0]","[0, 0.019, 0.0072, 0.0556, 0.921, 0.0007]",5,1,4,your,0.162
196G8sHNdo4,rep_07,purse a wolf stole your purse,spoken_explanation,True,3.29,False,"Listen, a wolf stole your purse.","[""Listen,"", ""a"", ""wolf"", ""stole"", ""your"", ""purse.""]","[0, 0, 1, 0, 0, 0]","[0.0056, 0.0133, 0.9999, 0.0007, 0.0002, 0.0001]","[0, 0, 1, 0, 0, 0]","[0.0056, 0.0133, 0.9999, 0.0007, 0.0002, 0.0001]",6,1,2,wolf,0.189
196G8sHNdo4,rep_08,purse a wolf stole your purse,spoken_explanation,True,3.65,False,"No, a wolf stole your purse!","[""No,"", ""a"", ""wolf"", ""stole"", ""your"", ""purse!""]","[0, 0, 1, 0, 1, 1]","[0.0454, 0.036, 0.9759, 0.1873, 0.7732, 0.9974]","[0, 0, 1, 0, 1, 1]","[0.0454, 0.036, 0.9759, 0.1873, 0.7732, 0.9974]",6,3,5,purse,0.314
eYot_tpDj14,rep_00,exam the teacher didn't grade your,spoken_explanation,True,2.49,False,sentence the teacher didn't grade your ex,"[""sentence"", ""the"", ""teacher"", ""didn't"", ""grade"", ""your"", ""ex""]","[0, 0, 0, 0, 0, 0, 0]","[0.0107, 0.0009, 0.2309, 0.0026, 0.0005, 0.0007, 0.0008]","[0, 0, 0, 0, 0, 0]","[0.0107, 0.0009, 0.2309, 0.0026, 0.0005, 0.0007]",6,0,2,teacher,0.134
eYot_tpDj14,rep_01,exam the teacher didn't grade your,spoken_explanation,True,2.85,False,three sentences.,"[""three"", ""sentences.""]","[0, 0]","[0.0209, 0.0818]","[0, 0, 0, 0, 0, 0]","[0, 0, 0, 0, 0, 0]",0,0,,,0.106
eYot_tpDj14,rep_02,exam the teacher didn't grade your,spoken_explanation,False,1.97,False,The teacher didn't grade you or ex-,"[""The"", ""teacher"", ""didn't"", ""grade"", ""you"", ""or"", ""ex-""]","[0, 0, 0, 0, 1, 0, 0]","[0.0017, 0.0011, 0.073, 0.0341, 0.9592, 0.1579, 0.1243]","[0, 0, 0, 0, 0, 0]","[0, 0.0017, 0.0011, 0.073, 0.0341, 0]",4,1,3,didn't,0.348
eYot_tpDj14,rep_03,exam the teacher didn't grade your,spoken_explanation,False,1.67,False,The teacher didn't grade your exam.,"[""The"", ""teacher"", ""didn't"", ""grade"", ""your"", ""exam.""]","[0, 0, 0, 0, 0, 0]","[0.0035, 0.0012, 0.2434, 0.1414, 0.0719, 0.0049]","[0, 0, 0, 0, 0, 0]","[0, 0.0035, 0.0012, 0.2434, 0.1414, 0.0719]",5,0,3,didn't,0.138
eYot_tpDj14,rep_04,exam the teacher didn't grade your,spoken_explanation,True,4.14,False,your exam.,"[""your"", ""exam.""]","[0, 0]","[0.057, 0.0068]","[0, 0, 0, 0, 0, 0]","[0.0068, 0, 0, 0, 0, 0]",1,0,0,exam,0.108
eYot_tpDj14,rep_05,exam the teacher didn't grade your,spoken_explanation,False,2.27,False,The teacher didn't grade your exam.,"[""The"", ""teacher"", ""didn't"", ""grade"", ""your"", ""exam.""]","[0, 0, 0, 0, 0, 0]","[0.0203, 0.0032, 0.0277, 0.0229, 0.0238, 0.0036]","[0, 0, 0, 0, 0, 0]","[0, 0.0203, 0.0032, 0.0277, 0.0229, 0.0238]",5,0,3,didn't,0.138
eYot_tpDj14,rep_06,exam the teacher didn't grade your,spoken_explanation,True,2.95,False,The teacher didn't grade your,"[""The"", ""teacher"", ""didn't"", ""grade"", ""your""]","[0, 0, 0, 0, 1]","[0.0225, 0.0043, 0.021, 0.0167, 0.8309]","[0, 0, 0, 0, 0, 1]","[0, 0.0225, 0.0043, 0.021, 0.0167, 0.8309]",5,1,5,your,0.122
eYot_tpDj14,rep_07,exam the teacher didn't grade your,spoken_explanation,True,4.93,False,The teacher didn't grade your exam.,"[""The"", ""teacher"", ""didn't"", ""grade"", ""your"", ""exam.""]","[0, 0, 0, 0, 0, 0]","[0.0077, 0.0297, 0.0044, 0.0028, 0.0488, 0.0288]","[0, 0, 0, 0, 0, 0]","[0, 0.0077, 0.0297, 0.0044, 0.0028, 0.0488]",5,0,5,your,0.136
eYot_tpDj14,rep_08,exam the teacher didn't grade your,spoken_explanation,False,2.75,False,This is the target.,"[""This"", ""is"", ""the"", ""target.""]","[0, 0, 0, 1]","[0.0027, 0.0239, 0.0348, 0.6854]","[0, 0, 0, 0, 0, 0]","[0, 0.0348, 0, 0, 0, 0]",1,1,1,the,0.392
8dHDFirZVZY,rep_00,i didn't give her the pink flowers i didn't give her the pink flowers,spoken_explanation,True,6.45,False,I didn't give her the pink flowers. I didn't give her the pink flowers.,"[""I"", ""didn't"", ""give"", ""her"", ""the"", ""pink"", ""flowers."", ""I"", ""didn't"", ""give"", ""her"", ""the"", ""pink"", ""flowers.""]","[0, 0, 1, 0, 0, 0, 0, 0, 0, 1, 0, 0, 0, 0]","[0.0008, 0.0381, 0.9983, 0.0158, 0.0018, 0.0017, 0.006, 0.0157, 0.2355, 0.975, 0.0506, 0.0082, 0.0056, 0.0102]","[0, 0, 1, 0, 0, 0, 0, 0, 0, 1, 0, 0, 0, 0]","[0.0008, 0.0381, 0.9983, 0.0158, 0.0018, 0.0017, 0.006, 0.0157, 0.2355, 0.975, 0.0506, 0.0082, 0.0056, 0.0102]",14,2,2,give,0.469
8dHDFirZVZY,rep_01,i didn't give her the pink flowers i didn't give her the pink flowers,spoken_explanation,True,6.61,False,I didn't give her the pink flowers. I didn't give her the pink flowers.,"[""I"", ""didn't"", ""give"", ""her"", ""the"", ""pink"", ""flowers."", ""I"", ""didn't"", ""give"", ""her"", ""the"", ""pink"", ""flowers.""]","[0, 0, 0, 1, 0, 0, 0, 0, 0, 0, 1, 0, 0, 0]","[0.0003, 0.0058, 0.0058, 0.9992, 0.0003, 0.0002, 0.0008, 0.0015, 0.0255, 0.0018, 0.9299, 0.0013, 0.0007, 0.0015]","[0, 0, 0, 1, 0, 0, 0, 0, 0, 0, 1, 0, 0, 0]","[0.0003, 0.0058, 0.0058, 0.9992, 0.0003, 0.0002, 0.0008, 0.0015, 0.0255, 0.0018, 0.9299, 0.0013, 0.0007, 0.0015]",14,2,3,her,0.195
8dHDFirZVZY,rep_02,i didn't give her the pink flowers i didn't give her the pink flowers,spoken_explanation,True,5.89,False,I didn't give her the pink flowers. I didn't give her the pink flowers.,"[""I"", ""didn't"", ""give"", ""her"", ""the"", ""pink"", ""flowers."", ""I"", ""didn't"", ""give"", ""her"", ""the"", ""pink"", ""flowers.""]","[0, 0, 0, 0, 0, 1, 1, 0, 0, 0, 0, 0, 1, 1]","[0.0054, 0.1129, 0.0235, 0.0984, 0.0843, 0.9994, 0.9298, 0.1019, 0.388, 0.15, 0.1438, 0.4177, 0.9986, 0.9363]","[0, 0, 0, 0, 0, 1, 1, 0, 0, 0, 0, 0, 1, 1]","[0.0054, 0.1129, 0.0235, 0.0984, 0.0843, 0.9994, 0.9298, 0.1019, 0.388, 0.15, 0.1438, 0.4177, 0.9986, 0.9363]",14,4,5,pink,0.471
8dHDFirZVZY,rep_03,i didn't give her the pink flowers i didn't give her the pink flowers,spoken_explanation,True,5.23,False,I didn't give her the pink flowers. I didn't give her the pink flowers.,"[""I"", ""didn't"", ""give"", ""her"", ""the"", ""pink"", ""flowers."", ""I"", ""didn't"", ""give"", ""her"", ""the"", ""pink"", ""flowers.""]","[0, 0, 0, 0, 0, 0, 1, 0, 0, 0, 0, 0, 1, 1]","[0.0069, 0.0605, 0.0092, 0.0447, 0.0402, 0.4456, 0.998, 0.1193, 0.4711, 0.0515, 0.0748, 0.1637, 0.7042, 0.9983]","[0, 0, 0, 0, 0, 0, 1, 0, 0, 0, 0, 0, 1, 1]","[0.0069, 0.0605, 0.0092, 0.0447, 0.0402, 0.4456, 0.998, 0.1193, 0.4711, 0.0515, 0.0748, 0.1637, 0.7042, 0.9983]",14,3,13,flowers,0.193
68TlhbC_7ns,rep_00,i did not say she carried her dog,spoken_explanation,True,2.42,False,I did not say she carried her dog.,"[""I"", ""did"", ""not"", ""say"", ""she"", ""carried"", ""her"", ""dog.""]","[1, 1, 0, 1, 0, 0, 0, 0]","[0.9683, 0.6641, 0.0415, 0.6853, 0.0321, 0.0048, 0.0038, 0.0037]","[1, 1, 0, 1, 0, 0, 0, 0]","[0.9683, 0.6641, 0.0415, 0.6853, 0.0321, 0.0048, 0.0038, 0.0037]",8,3,0,i,0.832
68TlhbC_7ns,rep_01,i did not say she carried her dog,spoken_explanation,True,3.01,False,I did not see she carried her dog.,"[""I"", ""did"", ""not"", ""see"", ""she"", ""carried"", ""her"", ""dog.""]","[0, 0, 0, 1, 0, 0, 0, 0]","[0.007, 0.0164, 0.0095, 0.9995, 0.0001, 0.0002, 0.0001, 0.0002]","[0, 0, 0, 1, 0, 0, 0, 0]","[0.007, 0.0164, 0.0095, 0.9995, 0.0001, 0.0002, 0.0001, 0.0002]",8,1,3,say,0.142
68TlhbC_7ns,rep_02,i did not say she carried her dog,spoken_explanation,True,2.67,False,I did not say she carried a dog.,"[""I"", ""did"", ""not"", ""say"", ""she"", ""carried"", ""a"", ""dog.""]","[0, 0, 0, 0, 1, 0, 0, 0]","[0.0007, 0.0005, 0.0004, 0.0026, 0.983, 0.0008, 0.0003, 0.0003]","[0, 0, 0, 0, 1, 0, 0, 0]","[0.0007, 0.0005, 0.0004, 0.0026, 0.983, 0.0008, 0.0003, 0.0003]",8,1,4,she,0.143
68TlhbC_7ns,rep_03,i did not say she carried her dog,spoken_explanation,True,2.53,False,I did not say she carried her dog.,"[""I"", ""did"", ""not"", ""say"", ""she"", ""carried"", ""her"", ""dog.""]","[0, 0, 0, 0, 0, 1, 0, 0]","[0.0209, 0.016, 0.0112, 0.0137, 0.103, 0.9995, 0.0121, 0.0031]","[0, 0, 0, 0, 0, 1, 0, 0]","[0.0209, 0.016, 0.0112, 0.0137, 0.103, 0.9995, 0.0121, 0.0031]",8,1,5,carried,0.144
68TlhbC_7ns,rep_04,i did not say she carried her dog,spoken_explanation,True,2.45,False,I did not say she carried her dog.,"[""I"", ""did"", ""not"", ""say"", ""she"", ""carried"", ""her"", ""dog.""]","[0, 0, 0, 0, 0, 0, 1, 0]","[0.0019, 0.0025, 0.0013, 0.0089, 0.0059, 0.0102, 0.9987, 0.0025]","[0, 0, 0, 0, 0, 0, 1, 0]","[0.0019, 0.0025, 0.0013, 0.0089, 0.0059, 0.0102, 0.9987, 0.0025]",8,1,6,her,0.144
68TlhbC_7ns,rep_05,i did not say she carried her dog,spoken_explanation,True,2.23,False,I did not say she carried her dog!,"[""I"", ""did"", ""not"", ""say"", ""she"", ""carried"", ""her"", ""dog!""]","[0, 0, 0, 0, 1, 1, 1, 1]","[0.4795, 0.0103, 0.0025, 0.0024, 0.6451, 0.5501, 0.9624, 0.9988]","[0, 0, 0, 0, 1, 1, 1, 1]","[0.4795, 0.0103, 0.0025, 0.0024, 0.6451, 0.5501, 0.9624, 0.9988]",8,4,7,dog,0.139
-Usf78IP0yA,rep_00,why would jerry bring anything,spoken_explanation,True,3.11,False,"responds, why would Jerry bring anything?","[""responds,"", ""why"", ""would"", ""Jerry"", ""bring"", ""anything?""]","[0, 0, 0, 0, 0, 0]","[0.0034, 0.2918, 0.1533, 0.1761, 0.0398, 0.2912]","[0, 0, 0, 0, 0]","[0.2918, 0.1533, 0.1761, 0.0398, 0.2912]",5,0,0,why,0.406
-Usf78IP0yA,rep_01,why would jerry bring anything,spoken_explanation,True,2.37,False,Why would Jerry bring anything?,"[""Why"", ""would"", ""Jerry"", ""bring"", ""anything?""]","[0, 1, 1, 0, 0]","[0.0021, 0.5943, 0.9989, 0.0001, 0.0003]","[0, 1, 1, 0, 0]","[0.0021, 0.5943, 0.9989, 0.0001, 0.0003]",5,2,2,jerry,0.206
-Usf78IP0yA,rep_02,why would jerry bring anything,spoken_explanation,True,2.95,False,Why would Jerry bring anything?,"[""Why"", ""would"", ""Jerry"", ""bring"", ""anything?""]","[0, 0, 0, 1, 0]","[0.0008, 0.0019, 0.0057, 0.9582, 0.0008]","[0, 0, 0, 1, 0]","[0.0008, 0.0019, 0.0057, 0.9582, 0.0008]",5,1,3,bring,0.2
-Usf78IP0yA,rep_03,why would jerry bring anything,spoken_explanation,True,1.79,False,Why would Jerry bring anything?,"[""Why"", ""would"", ""Jerry"", ""bring"", ""anything?""]","[1, 0, 0, 0, 0]","[0.5448, 0.1007, 0.1133, 0.0014, 0.1112]","[1, 0, 0, 0, 0]","[0.5448, 0.1007, 0.1133, 0.0014, 0.1112]",5,1,0,why,0.123
-Usf78IP0yA,rep_04,why would jerry bring anything,spoken_explanation,True,2.79,False,"Did he say, why would Jerry bring anything?","[""Did"", ""he"", ""say,"", ""why"", ""would"", ""Jerry"", ""bring"", ""anything?""]","[0, 0, 0, 1, 0, 1, 0, 0]","[0.0008, 0.0007, 0.014, 0.5884, 0.2942, 0.999, 0.0047, 0.0221]","[1, 0, 1, 0, 0]","[0.5884, 0.2942, 0.999, 0.0047, 0.0221]",5,2,2,jerry,0.15
-Usf78IP0yA,rep_05,why would jerry bring anything,spoken_explanation,True,1.65,False,Why would Jerry bring anything?,"[""Why"", ""would"", ""Jerry"", ""bring"", ""anything?""]","[0, 0, 0, 1, 1]","[0.1219, 0.0649, 0.0716, 0.9417, 0.5014]","[0, 0, 0, 1, 1]","[0.1219, 0.0649, 0.0716, 0.9417, 0.5014]",5,2,3,bring,0.126
RcGkHrPSzDc,rep_00,to have an uncomfortable conversation with you,spoken_explanation,True,3.25,False,I need to have an uncomfortable conversation with you.,"[""I"", ""need"", ""to"", ""have"", ""an"", ""uncomfortable"", ""conversation"", ""with"", ""you.""]","[0, 1, 0, 0, 0, 0, 0, 0, 0]","[0.0066, 0.987, 0.0664, 0.4829, 0.0028, 0.0016, 0.0007, 0.0004, 0.0011]","[0, 0, 0, 0, 0, 0, 0]","[0.0664, 0.4829, 0.0028, 0.0016, 0.0007, 0.0004, 0.0011]",7,1,1,have,0.147
RcGkHrPSzDc,rep_01,to have an uncomfortable conversation with you,spoken_explanation,True,2.29,False,I need to have an uncomfortable conversation with you.,"[""I"", ""need"", ""to"", ""have"", ""an"", ""uncomfortable"", ""conversation"", ""with"", ""you.""]","[0, 0, 0, 0, 0, 0, 0, 0, 0]","[0.0099, 0.0188, 0.045, 0.0137, 0.0172, 0.0696, 0.0219, 0.0026, 0.021]","[0, 0, 0, 0, 0, 0, 0]","[0.045, 0.0137, 0.0172, 0.0696, 0.0219, 0.0026, 0.021]",7,0,3,uncomfortable,0.156
RcGkHrPSzDc,rep_02,to have an uncomfortable conversation with you,spoken_explanation,True,2.61,False,have to have an uncomfortable conversation with you.,"[""have"", ""to"", ""have"", ""an"", ""uncomfortable"", ""conversation"", ""with"", ""you.""]","[0, 0, 0, 0, 0, 0, 0, 0]","[0.1608, 0.0114, 0.0193, 0.0016, 0.0016, 0.0016, 0.0008, 0.0033]","[0, 0, 0, 0, 0, 0, 0]","[0.0114, 0.0193, 0.0016, 0.0016, 0.0016, 0.0008, 0.0033]",7,0,1,have,0.145
RcGkHrPSzDc,rep_03,to have an uncomfortable conversation with you,spoken_explanation,True,2.11,False,I need to have an uncomfortable conversation with you.,"[""I"", ""need"", ""to"", ""have"", ""an"", ""uncomfortable"", ""conversation"", ""with"", ""you.""]","[0, 0, 0, 0, 0, 0, 1, 0, 1]","[0.0042, 0.0094, 0.0119, 0.0046, 0.0308, 0.213, 0.6123, 0.1417, 0.8742]","[0, 0, 0, 0, 1, 0, 1]","[0.0119, 0.0046, 0.0308, 0.213, 0.6123, 0.1417, 0.8742]",7,2,6,you,0.147
k8k_rNTDjJM,rep_00,who then turned out 15 years later to be,spoken_explanation,True,2.45,False,Island who then turned out 15 years later to be the,"[""Island"", ""who"", ""then"", ""turned"", ""out"", ""15"", ""years"", ""later"", ""to"", ""be"", ""the""]","[0, 0, 0, 0, 0, 0, 1, 0, 0, 0, 0]","[0.0089, 0.0074, 0.0118, 0.0523, 0.0486, 0.193, 0.576, 0.1381, 0.0184, 0.0051, 0.009]","[0, 0, 0, 0, 0, 1, 0, 0, 0]","[0.0074, 0.0118, 0.0523, 0.0486, 0.193, 0.576, 0.1381, 0.0184, 0.0051]",9,1,5,years,0.156
k8k_rNTDjJM,rep_01,who then turned out 15 years later to be,spoken_explanation,True,2.89,False,who then turned out 15 years later to be,"[""who"", ""then"", ""turned"", ""out"", ""15"", ""years"", ""later"", ""to"", ""be""]","[0, 1, 0, 0, 0, 0, 0, 0, 0]","[0.0016, 0.9902, 0.0017, 0.006, 0.0005, 0.0016, 0.0029, 0.001, 0.0006]","[0, 1, 0, 0, 0, 0, 0, 0, 0]","[0.0016, 0.9902, 0.0017, 0.006, 0.0005, 0.0016, 0.0029, 0.001, 0.0006]",9,1,1,then,0.143
k8k_rNTDjJM,rep_02,who then turned out 15 years later to be,spoken_explanation,True,2.89,False,who then turned out 15 years later to be,"[""who"", ""then"", ""turned"", ""out"", ""15"", ""years"", ""later"", ""to"", ""be""]","[0, 0, 0, 0, 0, 0, 0, 0, 0]","[0.0035, 0.0026, 0.0147, 0.0816, 0.0149, 0.0122, 0.011, 0.0014, 0.0016]","[0, 0, 0, 0, 0, 0, 0, 0, 0]","[0.0035, 0.0026, 0.0147, 0.0816, 0.0149, 0.0122, 0.011, 0.0014, 0.0016]",9,0,3,out,0.309
k8k_rNTDjJM,rep_03,who then turned out 15 years later to be,spoken_explanation,True,2.47,False,who then turned out 15 years later to be the leader of the,"[""who"", ""then"", ""turned"", ""out"", ""15"", ""years"", ""later"", ""to"", ""be"", ""the"", ""leader"", ""of"", ""the""]","[0, 0, 0, 0, 0, 0, 0, 0, 0, 0, 0, 0, 0]","[0.0111, 0.0066, 0.0284, 0.0967, 0.1564, 0.2908, 0.2075, 0.0118, 0.0011, 0.0007, 0.0008, 0.0012, 0.0029]","[0, 0, 0, 0, 0, 0, 0, 0, 0]","[0.0111, 0.0066, 0.0284, 0.0967, 0.1564, 0.2908, 0.2075, 0.0118, 0.0011]",9,0,5,years,0.384
mwKuYpjeDdM,rep_00,move the adverb to the,spoken_explanation,True,1.79,False,You will move the adverb to a different,"[""You"", ""will"", ""move"", ""the"", ""adverb"", ""to"", ""a"", ""different""]","[0, 0, 0, 0, 1, 0, 0, 0]","[0.0067, 0.0142, 0.0023, 0.2563, 0.8777, 0.2202, 0.0832, 0.0596]","[0, 0, 1, 0, 0]","[0.0023, 0.2563, 0.8777, 0.2202, 0]",4,1,2,adverb,0.145
mwKuYpjeDdM,rep_01,move the adverb to the,spoken_explanation,True,3.47,False,Move the adverb before the verb.,"[""Move"", ""the"", ""adverb"", ""before"", ""the"", ""verb.""]","[0, 0, 0, 0, 0, 0]","[0.0063, 0.0657, 0.3929, 0.0365, 0.0035, 0.001]","[0, 0, 0, 0, 0]","[0.0063, 0.0657, 0.3929, 0.0365, 0.0035]",5,0,2,adverb,0.139
mwKuYpjeDdM,rep_02,move the adverb to the,spoken_explanation,True,1.99,False,Move the adverb to the,"[""Move"", ""the"", ""adverb"", ""to"", ""the""]","[0, 0, 0, 0, 0]","[0.0304, 0.0783, 0.0058, 0.0024, 0.0302]","[0, 0, 0, 0, 0]","[0.0304, 0.0783, 0.0058, 0.0024, 0.0302]",5,0,1,the,0.172
mwKuYpjeDdM,rep_03,move the adverb to the,spoken_explanation,True,3.13,False,Move the adverb before the verb.,"[""Move"", ""the"", ""adverb"", ""before"", ""the"", ""verb.""]","[0, 0, 0, 0, 0, 0]","[0.365, 0.3753, 0.079, 0.013, 0.0013, 0.0006]","[0, 0, 0, 0, 0]","[0.365, 0.3753, 0.079, 0.013, 0.0013]",5,0,1,the,0.136
mwKuYpjeDdM,rep_04,move the adverb to the,spoken_explanation,True,2.17,False,Move the adverb to the beginning.,"[""Move"", ""the"", ""adverb"", ""to"", ""the"", ""beginning.""]","[0, 0, 0, 0, 0, 0]","[0.0248, 0.2283, 0.2038, 0.0012, 0.0083, 0.0514]","[0, 0, 0, 0, 0]","[0.0248, 0.2283, 0.2038, 0.0012, 0.0083]",5,0,1,the,0.133
mwKuYpjeDdM,rep_05,move the adverb to the,spoken_explanation,True,2.03,False,Move the adverb to the,"[""Move"", ""the"", ""adverb"", ""to"", ""the""]","[0, 0, 0, 0, 0]","[0.0594, 0.1259, 0.0098, 0.0082, 0.0494]","[0, 0, 0, 0, 0]","[0.0594, 0.1259, 0.0098, 0.0082, 0.0494]",5,0,1,the,0.129
mwKuYpjeDdM,rep_06,move the adverb to the,spoken_explanation,True,1.73,False,Move the adverb to the beginning,"[""Move"", ""the"", ""adverb"", ""to"", ""the"", ""beginning""]","[0, 0, 0, 0, 0, 0]","[0.3223, 0.0768, 0.0462, 0.0055, 0.0431, 0.0658]","[0, 0, 0, 0, 0]","[0.3223, 0.0768, 0.0462, 0.0055, 0.0431]",5,0,0,move,0.131
sBaqJO0t5Z8,rep_00,this is the last time i do this with you,no_explanation,True,3.61,False,This is the last time I do this with you.,"[""This"", ""is"", ""the"", ""last"", ""time"", ""I"", ""do"", ""this"", ""with"", ""you.""]","[1, 0, 0, 0, 0, 0, 0, 0, 0, 0]","[0.9386, 0.0006, 0.0023, 0.0096, 0.0008, 0.0004, 0.0229, 0.0044, 0.0005, 0.0011]","[1, 0, 0, 0, 0, 0, 0, 0, 0, 0]","[0.9386, 0.0006, 0.0023, 0.0096, 0.0008, 0.0004, 0.0229, 0.0044, 0.0005, 0.0011]",10,1,0,this,0.154
sBaqJO0t5Z8,rep_01,this is the last time i do this with you,no_explanation,True,3.65,False,This is the last time I do this with you.,"[""This"", ""is"", ""the"", ""last"", ""time"", ""I"", ""do"", ""this"", ""with"", ""you.""]","[0, 1, 0, 0, 0, 0, 0, 0, 0, 0]","[0.3247, 0.9995, 0.0004, 0.0007, 0.0014, 0.0001, 0.0018, 0.0004, 0.0001, 0.0003]","[0, 1, 0, 0, 0, 0, 0, 0, 0, 0]","[0.3247, 0.9995, 0.0004, 0.0007, 0.0014, 0.0001, 0.0018, 0.0004, 0.0001, 0.0003]",10,1,1,is,0.159
sBaqJO0t5Z8,rep_02,this is the last time i do this with you,no_explanation,True,2.61,False,This is the last time I do this with you.,"[""This"", ""is"", ""the"", ""last"", ""time"", ""I"", ""do"", ""this"", ""with"", ""you.""]","[1, 0, 0, 0, 0, 0, 0, 0, 0, 0]","[0.9994, 0.0002, 0.0001, 0.0001, 0.0003, 0.0001, 0.0018, 0.0003, 0.0003, 0.0024]","[1, 0, 0, 0, 0, 0, 0, 0, 0, 0]","[0.9994, 0.0002, 0.0001, 0.0001, 0.0003, 0.0001, 0.0018, 0.0003, 0.0003, 0.0024]",10,1,0,this,0.151
sBaqJO0t5Z8,rep_03,this is the last time i do this with you,no_explanation,True,4.55,False,This is the last time I do this with you.,"[""This"", ""is"", ""the"", ""last"", ""time"", ""I"", ""do"", ""this"", ""with"", ""you.""]","[0, 1, 1, 0, 0, 0, 0, 0, 0, 0]","[0.0092, 0.9621, 0.9992, 0.0028, 0.0005, 0.0001, 0.2967, 0.0006, 0.0002, 0.0016]","[0, 1, 1, 0, 0, 0, 0, 0, 0, 0]","[0.0092, 0.9621, 0.9992, 0.0028, 0.0005, 0.0001, 0.2967, 0.0006, 0.0002, 0.0016]",10,2,2,the,0.154
cciUi_bQ49k,rep_00,didn't watch a horror film at the cinema last night,spoken_explanation,True,4.15,False,Ed didn't watch a horror film at the cinema last night.,"[""Ed"", ""didn't"", ""watch"", ""a"", ""horror"", ""film"", ""at"", ""the"", ""cinema"", ""last"", ""night.""]","[0, 0, 0, 0, 1, 0, 0, 0, 0, 0, 0]","[0.0483, 0.0154, 0.0003, 0.0051, 0.9999, 0.1194, 0.0, 0.0, 0.0004, 0.0001, 0.0001]","[0, 0, 0, 1, 0, 0, 0, 0, 0, 0]","[0.0154, 0.0003, 0.0051, 0.9999, 0.1194, 0.0, 0.0, 0.0004, 0.0001, 0.0001]",10,1,3,horror,0.169
cciUi_bQ49k,rep_01,didn't watch a horror film at the cinema last night,spoken_explanation,True,3.81,False,Ed didn't watch a horror film at the cinema last night.,"[""Ed"", ""didn't"", ""watch"", ""a"", ""horror"", ""film"", ""at"", ""the"", ""cinema"", ""last"", ""night.""]","[0, 0, 0, 0, 0, 0, 0, 0, 0, 1, 0]","[0.0086, 0.0368, 0.001, 0.0068, 0.3636, 0.038, 0.0072, 0.0026, 0.0144, 0.999, 0.0113]","[0, 0, 0, 0, 0, 0, 0, 0, 1, 0]","[0.0368, 0.001, 0.0068, 0.3636, 0.038, 0.0072, 0.0026, 0.0144, 0.999, 0.0113]",10,1,8,last,0.165
cciUi_bQ49k,rep_02,didn't watch a horror film at the cinema last night,spoken_explanation,True,4.07,False,Ed didn't watch a horror film at the cinema last night.,"[""Ed"", ""didn't"", ""watch"", ""a"", ""horror"", ""film"", ""at"", ""the"", ""cinema"", ""last"", ""night.""]","[0, 0, 0, 0, 0, 0, 0, 0, 1, 0, 0]","[0.0082, 0.0115, 0.0003, 0.001, 0.006, 0.0022, 0.0037, 0.0208, 0.9999, 0.0008, 0.0005]","[0, 0, 0, 0, 0, 0, 0, 1, 0, 0]","[0.0115, 0.0003, 0.001, 0.006, 0.0022, 0.0037, 0.0208, 0.9999, 0.0008, 0.0005]",10,1,7,cinema,0.168
cciUi_bQ49k,rep_03,didn't watch a horror film at the cinema last night,spoken_explanation,True,4.01,False,Ed didn't watch a horror film at the cinema last night.,"[""Ed"", ""didn't"", ""watch"", ""a"", ""horror"", ""film"", ""at"", ""the"", ""cinema"", ""last"", ""night.""]","[1, 0, 0, 0, 0, 0, 0, 0, 0, 0, 0]","[0.9952, 0.0092, 0.0002, 0.0009, 0.004, 0.0011, 0.0012, 0.0011, 0.0105, 0.0127, 0.0007]","[0, 0, 0, 0, 0, 0, 0, 0, 0, 0]","[0.0092, 0.0002, 0.0009, 0.004, 0.0011, 0.0012, 0.0011, 0.0105, 0.0127, 0.0007]",10,1,8,last,0.162
re76rPbBrb4,rep_00,i said he didn't steal the money from the bank,spoken_explanation,True,3.01,False,I said he didn't steal the money from the bank.,"[""I"", ""said"", ""he"", ""didn't"", ""steal"", ""the"", ""money"", ""from"", ""the"", ""bank.""]","[0, 0, 0, 0, 0, 0, 0, 0, 0, 0]","[0.009, 0.1622, 0.1807, 0.4622, 0.0492, 0.2248, 0.0199, 0.0059, 0.0019, 0.0008]","[0, 0, 0, 0, 0, 0, 0, 0, 0, 0]","[0.009, 0.1622, 0.1807, 0.4622, 0.0492, 0.2248, 0.0199, 0.0059, 0.0019, 0.0008]",10,0,3,didn't,0.161
re76rPbBrb4,rep_01,i said he didn't steal the money from the bank,spoken_explanation,True,3.19,False,I said he didn't steal the money from the bank.,"[""I"", ""said"", ""he"", ""didn't"", ""steal"", ""the"", ""money"", ""from"", ""the"", ""bank.""]","[1, 0, 0, 0, 0, 0, 0, 0, 0, 0]","[0.7451, 0.0739, 0.0166, 0.1433, 0.002, 0.0029, 0.0006, 0.0017, 0.0025, 0.001]","[1, 0, 0, 0, 0, 0, 0, 0, 0, 0]","[0.7451, 0.0739, 0.0166, 0.1433, 0.002, 0.0029, 0.0006, 0.0017, 0.0025, 0.001]",10,1,0,i,0.241
re76rPbBrb4,rep_02,i said he didn't steal the money from the bank,spoken_explanation,True,2.91,False,I said he didn't steal the money from the bank.,"[""I"", ""said"", ""he"", ""didn't"", ""steal"", ""the"", ""money"", ""from"", ""the"", ""bank.""]","[0, 1, 0, 0, 0, 0, 0, 0, 0, 0]","[0.1083, 0.9977, 0.2236, 0.2505, 0.001, 0.0006, 0.0001, 0.0005, 0.0003, 0.0004]","[0, 1, 0, 0, 0, 0, 0, 0, 0, 0]","[0.1083, 0.9977, 0.2236, 0.2505, 0.001, 0.0006, 0.0001, 0.0005, 0.0003, 0.0004]",10,1,1,said,0.162
re76rPbBrb4,rep_03,i said he didn't steal the money from the bank,spoken_explanation,True,3.09,False,I said he didn't steal the money from the bank.,"[""I"", ""said"", ""he"", ""didn't"", ""steal"", ""the"", ""money"", ""from"", ""the"", ""bank.""]","[0, 0, 1, 0, 0, 0, 0, 0, 0, 0]","[0.0008, 0.0022, 0.9984, 0.0338, 0.0014, 0.0007, 0.0002, 0.0002, 0.0002, 0.0002]","[0, 0, 1, 0, 0, 0, 0, 0, 0, 0]","[0.0008, 0.0022, 0.9984, 0.0338, 0.0014, 0.0007, 0.0002, 0.0002, 0.0002, 0.0002]",10,1,2,he,0.159
YtJCvr7G1bY,rep_00,i didn't say he stole the money this,spoken_explanation,True,4.63,False,I didn't say he stole the money.,"[""I"", ""didn't"", ""say"", ""he"", ""stole"", ""the"", ""money.""]","[0, 0, 0, 1, 0, 0, 0]","[0.0008, 0.004, 0.0028, 0.996, 0.0018, 0.0002, 0.0004]","[0, 0, 0, 1, 0, 0, 0, 0]","[0.0008, 0.004, 0.0028, 0.996, 0.0018, 0.0002, 0.0004, 0]",7,1,3,he,0.143
YtJCvr7G1bY,rep_01,i didn't say he stole the money this,spoken_explanation,True,3.85,False,I didn't say he stole the money. This year.,"[""I"", ""didn't"", ""say"", ""he"", ""stole"", ""the"", ""money."", ""This"", ""year.""]","[0, 0, 0, 0, 0, 0, 0, 0, 0]","[0.1245, 0.175, 0.0064, 0.0024, 0.0226, 0.0107, 0.011, 0.0529, 0.0072]","[0, 0, 0, 0, 0, 0, 0, 0]","[0.1245, 0.175, 0.0064, 0.0024, 0.0226, 0.0107, 0.011, 0.0529]",8,0,1,didn't,0.162
YtJCvr7G1bY,rep_02,i didn't say he stole the money this,spoken_explanation,True,4.79,False,I didn't say he stole the money.,"[""I"", ""didn't"", ""say"", ""he"", ""stole"", ""the"", ""money.""]","[0, 0, 0, 0, 1, 0, 0]","[0.0016, 0.0111, 0.0039, 0.2406, 0.9995, 0.0008, 0.0003]","[0, 0, 0, 0, 1, 0, 0, 0]","[0.0016, 0.0111, 0.0039, 0.2406, 0.9995, 0.0008, 0.0003, 0]",7,1,4,stole,0.142
YtJCvr7G1bY,rep_03,i didn't say he stole the money this,spoken_explanation,False,4.37,False,I didn't say stole the money.,"[""I"", ""didn't"", ""say"", ""stole"", ""the"", ""money.""]","[0, 0, 0, 0, 0, 1]","[0.0025, 0.0259, 0.0127, 0.0096, 0.4051, 0.9997]","[0, 0, 0, 0, 0, 0, 1, 0]","[0.0025, 0.0259, 0.0127, 0, 0.0096, 0.4051, 0.9997, 0]",6,1,6,money,0.313
FLhV7Ovaza0,rep_00,go on a treasure hunt,spoken_explanation,True,1.29,False,Let's go on a treasure hunt.,"[""Let's"", ""go"", ""on"", ""a"", ""treasure"", ""hunt.""]","[0, 0, 0, 0, 0, 0]","[0.0435, 0.0111, 0.0037, 0.0085, 0.0059, 0.0447]","[0, 0, 0, 0, 0]","[0.0111, 0.0037, 0.0085, 0.0059, 0.0447]",5,0,4,hunt,0.137
FLhV7Ovaza0,rep_01,go on a treasure hunt,spoken_explanation,True,1.25,False,I want to go on a treasure hunt.,"[""I"", ""want"", ""to"", ""go"", ""on"", ""a"", ""treasure"", ""hunt.""]","[0, 0, 0, 0, 0, 0, 0, 0]","[0.0067, 0.0357, 0.0036, 0.0059, 0.0102, 0.0364, 0.0846, 0.4983]","[0, 0, 0, 0, 0]","[0.0059, 0.0102, 0.0364, 0.0846, 0.4983]",5,0,4,hunt,0.417
FLhV7Ovaza0,rep_02,go on a treasure hunt,spoken_explanation,True,1.07,False,Wanna go on a treasure hunt.,"[""Wanna"", ""go"", ""on"", ""a"", ""treasure"", ""hunt.""]","[0, 0, 0, 0, 0, 0]","[0.1614, 0.0222, 0.0262, 0.1554, 0.0841, 0.4654]","[0, 0, 0, 0, 0]","[0.0222, 0.0262, 0.1554, 0.0841, 0.4654]",5,0,4,hunt,0.134
FLhV7Ovaza0,rep_03,go on a treasure hunt,spoken_explanation,True,1.23,False,Let's go on a treasure hunt and I go.,"[""Let's"", ""go"", ""on"", ""a"", ""treasure"", ""hunt"", ""and"", ""I"", ""go.""]","[0, 0, 0, 0, 0, 0, 0, 0, 0]","[0.0046, 0.0008, 0.0019, 0.0137, 0.0287, 0.3242, 0.0016, 0.0049, 0.006]","[0, 0, 0, 0, 0]","[0.0008, 0.0019, 0.0137, 0.0287, 0.3242]",5,0,4,hunt,0.154
m0SstuhI79A,rep_00,say those three words,spoken_explanation,True,1.49,False,One way to say those three words is,"[""One"", ""way"", ""to"", ""say"", ""those"", ""three"", ""words"", ""is""]","[0, 0, 0, 0, 0, 0, 0, 0]","[0.0099, 0.0051, 0.0049, 0.0043, 0.0052, 0.0118, 0.0022, 0.0006]","[0, 0, 0, 0]","[0.0043, 0.0052, 0.0118, 0.0022]",4,0,2,three,0.202
m0SstuhI79A,rep_01,say those three words,spoken_explanation,True,1.47,False,I could also say those three words.,"[""I"", ""could"", ""also"", ""say"", ""those"", ""three"", ""words.""]","[0, 0, 0, 0, 0, 0, 0]","[0.004, 0.0241, 0.1261, 0.0303, 0.0399, 0.0955, 0.0228]","[0, 0, 0, 0]","[0.0303, 0.0399, 0.0955, 0.0228]",4,0,2,three,0.141
m0SstuhI79A,rep_02,say those three words,spoken_explanation,True,1.15,False,You can also say those three words,"[""You"", ""can"", ""also"", ""say"", ""those"", ""three"", ""words""]","[0, 0, 0, 0, 0, 1, 0]","[0.0056, 0.0187, 0.0404, 0.0952, 0.0622, 0.5172, 0.054]","[0, 0, 1, 0]","[0.0952, 0.0622, 0.5172, 0.054]",4,1,2,three,0.13
m0SstuhI79A,rep_03,say those three words,spoken_explanation,True,1.49,False,could also say those three words with,"[""could"", ""also"", ""say"", ""those"", ""three"", ""words"", ""with""]","[0, 0, 0, 0, 0, 0, 0]","[0.0043, 0.066, 0.004, 0.0057, 0.0167, 0.0064, 0.0022]","[0, 0, 0, 0]","[0.004, 0.0057, 0.0167, 0.0064]",4,0,2,three,0.131
31kPZRHD6CI,rep_00,the end of words,spoken_explanation,True,1.09,False,of the end of words.,"[""of"", ""the"", ""end"", ""of"", ""words.""]","[0, 0, 0, 0, 0]","[0.0992, 0.0102, 0.0075, 0.0327, 0.0327]","[0, 0, 0, 0]","[0.0102, 0.0075, 0.0327, 0.0327]",4,0,2,of,0.123
31kPZRHD6CI,rep_01,the end of words,spoken_explanation,True,1.35,False,The end of words.,"[""The"", ""end"", ""of"", ""words.""]","[0, 1, 0, 0]","[0.0633, 0.9955, 0.0012, 0.0005]","[0, 1, 0, 0]","[0.0633, 0.9955, 0.0012, 0.0005]",4,1,1,end,0.118
31kPZRHD6CI,rep_02,the end of words,spoken_explanation,True,1.71,False,to the end of words.,"[""to"", ""the"", ""end"", ""of"", ""words.""]","[1, 0, 1, 0, 0]","[0.7067, 0.1182, 0.6285, 0.0003, 0.0004]","[0, 1, 0, 0]","[0.1182, 0.6285, 0.0003, 0.0004]",4,2,1,end,0.124
31kPZRHD6CI,rep_03,the end of words,spoken_explanation,True,1.27,False,at the end of words.,"[""at"", ""the"", ""end"", ""of"", ""words.""]","[0, 0, 0, 0, 0]","[0.0581, 0.0238, 0.016, 0.0051, 0.0267]","[0, 0, 0, 0]","[0.0238, 0.016, 0.0051, 0.0267]",4,0,3,words,0.125
uRdFtrv2yGA,rep_00,do daily deeds diligently,spoken_explanation,True,1.75,False,Do daily deeds diligently.,"[""Do"", ""daily"", ""deeds"", ""diligently.""]","[0, 0, 0, 1]","[0.2772, 0.0207, 0.1421, 0.9045]","[0, 0, 0, 1]","[0.2772, 0.0207, 0.1421, 0.9045]",4,1,3,diligently,0.118
uRdFtrv2yGA,rep_01,do daily deeds diligently,spoken_explanation,True,2.31,False,Do daily deeds diligently.,"[""Do"", ""daily"", ""deeds"", ""diligently.""]","[0, 0, 0, 0]","[0.0048, 0.002, 0.0065, 0.0012]","[0, 0, 0, 0]","[0.0048, 0.002, 0.0065, 0.0012]",4,0,2,deeds,0.12
uRdFtrv2yGA,rep_02,do daily deeds diligently,spoken_explanation,True,2.15,False,Do daily deeds diligently.,"[""Do"", ""daily"", ""deeds"", ""diligently.""]","[1, 0, 0, 0]","[0.7328, 0.0075, 0.1557, 0.1411]","[1, 0, 0, 0]","[0.7328, 0.0075, 0.1557, 0.1411]",4,1,0,do,0.119
uRdFtrv2yGA,rep_03,do daily deeds diligently,spoken_explanation,True,2.21,False,Do daily deeds diligently.,"[""Do"", ""daily"", ""deeds"", ""diligently.""]","[1, 0, 0, 0]","[0.7625, 0.2877, 0.0469, 0.007]","[1, 0, 0, 0]","[0.7625, 0.2877, 0.0469, 0.007]",4,1,0,do,0.122
uRdFtrv2yGA,rep_04,do daily deeds diligently,spoken_explanation,False,1.61,False,Do they need stellatulary?,"[""Do"", ""they"", ""need"", ""stellatulary?""]","[1, 1, 0, 0]","[0.7632, 0.87, 0.0038, 0.0469]","[1, 1, 0, 0]","[0.7632, 0.87, 0.0038, 0.0469]",4,2,1,daily,0.224
uRdFtrv2yGA,rep_05,do daily deeds diligently,spoken_explanation,True,1.55,False,"Do daily deeds, delicious food.","[""Do"", ""daily"", ""deeds,"", ""delicious"", ""food.""]","[1, 1, 0, 0, 0]","[0.5154, 0.5375, 0.2763, 0.0078, 0.0154]","[1, 1, 0, 0]","[0.5154, 0.5375, 0.2763, 0]",3,2,1,daily,0.129
uRdFtrv2yGA,rep_06,do daily deeds diligently,spoken_explanation,False,1.63,False,Doo-doo-dee-dee-dee-dee-dee,"[""Doo-doo-dee-dee-dee-dee-dee""]",[1],[0.8706],"[0, 0, 0, 0]","[0, 0, 0, 0]",0,1,,,0.204
cDZ-aioOJF0,rep_00,word of the week,spoken_explanation,True,1.91,False,The word the week.,"[""The"", ""word"", ""the"", ""week.""]","[0, 0, 0, 0]","[0.0258, 0.1005, 0.0505, 0.0544]","[0, 0, 0, 0]","[0.1005, 0, 0.0505, 0.0544]",3,0,0,word,0.272
cDZ-aioOJF0,rep_01,word of the week,spoken_explanation,True,1.11,False,Word of the week.,"[""Word"", ""of"", ""the"", ""week.""]","[0, 0, 0, 1]","[0.0896, 0.0726, 0.138, 0.9434]","[0, 0, 0, 1]","[0.0896, 0.0726, 0.138, 0.9434]",4,1,3,week,0.117
cDZ-aioOJF0,rep_02,word of the week,spoken_explanation,True,1.13,False,hot word of the week.,"[""hot"", ""word"", ""of"", ""the"", ""week.""]","[0, 0, 0, 0, 1]","[0.2868, 0.1838, 0.0668, 0.1733, 0.6078]","[0, 0, 0, 1]","[0.1838, 0.0668, 0.1733, 0.6078]",4,1,3,week,0.123
cDZ-aioOJF0,rep_03,word of the week,spoken_explanation,True,0.77,False,The word of the week,"[""The"", ""word"", ""of"", ""the"", ""week""]","[0, 0, 0, 0, 0]","[0.017, 0.1223, 0.0161, 0.063, 0.4069]","[0, 0, 0, 0]","[0.1223, 0.0161, 0.063, 0.4069]",4,0,3,week,0.186
cDZ-aioOJF0,rep_04,word of the week,spoken_explanation,True,1.25,False,The Word of the Week in it!,"[""The"", ""Word"", ""of"", ""the"", ""Week"", ""in"", ""it!""]","[0, 1, 0, 0, 1, 1, 1]","[0.1481, 0.7897, 0.3404, 0.2647, 0.9819, 0.7333, 0.5387]","[1, 0, 0, 1]","[0.7897, 0.3404, 0.2647, 0.9819]",4,4,3,week,0.134
cDZ-aioOJF0,rep_05,word of the week,spoken_explanation,True,1.03,False,the word of the week in it?,"[""the"", ""word"", ""of"", ""the"", ""week"", ""in"", ""it?""]","[0, 0, 0, 0, 1, 1, 1]","[0.1688, 0.0348, 0.0704, 0.231, 0.9479, 0.7384, 0.7206]","[0, 0, 0, 1]","[0.0348, 0.0704, 0.231, 0.9479]",4,3,3,week,0.174
yEf0Fko0gxY,rep_00,i gave it to her,spoken_explanation,True,1.29,False,I gave it to her.,"[""I"", ""gave"", ""it"", ""to"", ""her.""]","[0, 0, 0, 0, 0]","[0.426, 0.2278, 0.0017, 0.0025, 0.001]","[0, 0, 0, 0, 0]","[0.426, 0.2278, 0.0017, 0.0025, 0.001]",5,0,0,i,0.127
yEf0Fko0gxY,rep_01,i gave it to her,spoken_explanation,True,1.53,False,I gave it to her.,"[""I"", ""gave"", ""it"", ""to"", ""her.""]","[0, 0, 0, 0, 0]","[0.0332, 0.1391, 0.1032, 0.1438, 0.0528]","[0, 0, 0, 0, 0]","[0.0332, 0.1391, 0.1032, 0.1438, 0.0528]",5,0,3,to,0.122
yEf0Fko0gxY,rep_02,i gave it to her,spoken_explanation,True,1.31,False,I gave it to her.,"[""I"", ""gave"", ""it"", ""to"", ""her.""]","[0, 0, 0, 0, 0]","[0.2406, 0.0438, 0.0059, 0.0043, 0.0035]","[0, 0, 0, 0, 0]","[0.2406, 0.0438, 0.0059, 0.0043, 0.0035]",5,0,0,i,0.126
yEf0Fko0gxY,rep_03,i gave it to her,spoken_explanation,True,1.07,False,I gave it to her.,"[""I"", ""gave"", ""it"", ""to"", ""her.""]","[0, 0, 0, 0, 0]","[0.3841, 0.1102, 0.0269, 0.0282, 0.0136]","[0, 0, 0, 0, 0]","[0.3841, 0.1102, 0.0269, 0.0282, 0.0136]",5,0,0,i,0.126
yEf0Fko0gxY,rep_04,i gave it to her,spoken_explanation,True,1.67,False,"No, I gave it to her.","[""No,"", ""I"", ""gave"", ""it"", ""to"", ""her.""]","[0, 0, 0, 0, 0, 1]","[0.1017, 0.0015, 0.0019, 0.0043, 0.0193, 0.999]","[0, 0, 0, 0, 1]","[0.0015, 0.0019, 0.0043, 0.0193, 0.999]",5,1,4,her,0.462
W1_IRU6zx9g,rep_00,doing the verbs action,spoken_explanation,True,1.49,False,that is doing the verb's action.,"[""that"", ""is"", ""doing"", ""the"", ""verb's"", ""action.""]","[0, 0, 0, 0, 1, 1]","[0.007, 0.0038, 0.0522, 0.3185, 0.6521, 0.9501]","[0, 0, 1, 1]","[0.0522, 0.3185, 0.6521, 0.9501]",4,2,3,action,0.14
W1_IRU6zx9g,rep_01,doing the verbs action,spoken_explanation,True,1.77,False,actively doing the verb's action.,"[""actively"", ""doing"", ""the"", ""verb's"", ""action.""]","[0, 0, 0, 0, 0]","[0.298, 0.1248, 0.1608, 0.1093, 0.3704]","[0, 0, 0, 0]","[0.1248, 0.1608, 0.1093, 0.3704]",4,0,3,action,0.132
W1_IRU6zx9g,rep_02,doing the verbs action,spoken_explanation,True,1.93,False,not doing the verb's action.,"[""not"", ""doing"", ""the"", ""verb's"", ""action.""]","[1, 0, 0, 0, 0]","[0.9585, 0.0014, 0.0015, 0.0101, 0.0858]","[0, 0, 0, 0]","[0.0014, 0.0015, 0.0101, 0.0858]",4,1,3,action,0.187
W1_IRU6zx9g,rep_03,doing the verbs action,spoken_explanation,True,1.61,False,She is doing the verb's action.,"[""She"", ""is"", ""doing"", ""the"", ""verb's"", ""action.""]","[1, 0, 0, 0, 0, 0]","[0.9935, 0.0055, 0.0014, 0.014, 0.0564, 0.0964]","[0, 0, 0, 0]","[0.0014, 0.014, 0.0564, 0.0964]",4,1,3,action,0.14
W1_IRU6zx9g,rep_04,doing the verbs action,spoken_explanation,True,1.61,False,is doing the verb's action.,"[""is"", ""doing"", ""the"", ""verb's"", ""action.""]","[0, 1, 0, 0, 0]","[0.1282, 0.9976, 0.0001, 0.0004, 0.0002]","[1, 0, 0, 0]","[0.9976, 0.0001, 0.0004, 0.0002]",4,1,0,doing,0.13
2jCAlyNj0Mk,rep_00,in the y direction,spoken_explanation,True,1.53,False,direction and the y-direction,"[""direction"", ""and"", ""the"", ""y-direction""]","[0, 0, 0, 1]","[0.2484, 0.1668, 0.2751, 0.9762]","[0, 0, 0, 0]","[0, 0.2751, 0, 0]",1,1,1,the,0.123
2jCAlyNj0Mk,rep_01,in the y direction,spoken_explanation,True,2.67,False,backwards 9 in the y direction.,"[""backwards"", ""9"", ""in"", ""the"", ""y"", ""direction.""]","[0, 0, 0, 0, 1, 1]","[0.0413, 0.1865, 0.2509, 0.4041, 0.9962, 0.9883]","[0, 0, 1, 1]","[0.2509, 0.4041, 0.9962, 0.9883]",4,2,2,y,0.127
2jCAlyNj0Mk,rep_02,in the y direction,spoken_explanation,True,0.99,False,axis or in the y-direction.,"[""axis"", ""or"", ""in"", ""the"", ""y-direction.""]","[0, 0, 0, 0, 1]","[0.0989, 0.0361, 0.0583, 0.1693, 0.9674]","[0, 0, 0, 0]","[0.0583, 0.1693, 0, 0]",2,1,1,the,0.139
2jCAlyNj0Mk,rep_03,in the y direction,spoken_explanation,True,1.07,False,9 in the y direction.,"[""9"", ""in"", ""the"", ""y"", ""direction.""]","[0, 0, 0, 0, 0]","[0.0163, 0.0157, 0.0481, 0.3667, 0.0729]","[0, 0, 0, 0]","[0.0157, 0.0481, 0.3667, 0.0729]",4,0,2,y,0.123
2jCAlyNj0Mk,rep_04,in the y direction,spoken_explanation,True,1.53,False,"change in the Y direction,","[""change"", ""in"", ""the"", ""Y"", ""direction,""]","[0, 0, 0, 1, 1]","[0.2093, 0.0666, 0.2474, 0.9834, 0.9572]","[0, 0, 1, 1]","[0.0666, 0.2474, 0.9834, 0.9572]",4,2,2,y,0.128
uuRSmPcmuC8,rep_00,will drive to work tomorrow here we're focusing on the,spoken_explanation,True,6.87,False,John will drive to work tomorrow. Here we're focusing on the person,"[""John"", ""will"", ""drive"", ""to"", ""work"", ""tomorrow."", ""Here"", ""we're"", ""focusing"", ""on"", ""the"", ""person""]","[0, 0, 0, 0, 0, 0, 0, 0, 0, 0, 0, 0]","[0.0311, 0.0009, 0.0018, 0.0019, 0.0018, 0.0033, 0.1121, 0.0114, 0.0086, 0.0032, 0.0053, 0.1515]","[0, 0, 0, 0, 0, 0, 0, 0, 0, 0]","[0.0009, 0.0018, 0.0019, 0.0018, 0.0033, 0.1121, 0.0114, 0.0086, 0.0032, 0.0053]",10,0,5,here,0.175
uuRSmPcmuC8,rep_01,will drive to work tomorrow here we're focusing on the,spoken_explanation,True,6.39,False,John will drive to work tomorrow. Here we're focusing on the,"[""John"", ""will"", ""drive"", ""to"", ""work"", ""tomorrow."", ""Here"", ""we're"", ""focusing"", ""on"", ""the""]","[0, 1, 0, 0, 0, 0, 0, 0, 0, 0, 0]","[0.0096, 0.9998, 0.0001, 0.0001, 0.0001, 0.0001, 0.0018, 0.0019, 0.0006, 0.0002, 0.0003]","[1, 0, 0, 0, 0, 0, 0, 0, 0, 0]","[0.9998, 0.0001, 0.0001, 0.0001, 0.0001, 0.0018, 0.0019, 0.0006, 0.0002, 0.0003]",10,1,0,will,0.52
uuRSmPcmuC8,rep_02,will drive to work tomorrow here we're focusing on the,spoken_explanation,True,6.83,False,John will drive to work tomorrow. Here we're focusing on the music.,"[""John"", ""will"", ""drive"", ""to"", ""work"", ""tomorrow."", ""Here"", ""we're"", ""focusing"", ""on"", ""the"", ""music.""]","[0, 0, 1, 0, 0, 0, 0, 0, 0, 0, 0, 0]","[0.0011, 0.2293, 0.6654, 0.0001, 0.0001, 0.0002, 0.0014, 0.002, 0.0012, 0.0005, 0.0014, 0.0184]","[0, 1, 0, 0, 0, 0, 0, 0, 0, 0]","[0.2293, 0.6654, 0.0001, 0.0001, 0.0002, 0.0014, 0.002, 0.0012, 0.0005, 0.0014]",10,1,1,drive,0.18
uuRSmPcmuC8,rep_03,will drive to work tomorrow here we're focusing on the,spoken_explanation,True,5.85,False,John will drive to work tomorrow. Here we're focusing on the day.,"[""John"", ""will"", ""drive"", ""to"", ""work"", ""tomorrow."", ""Here"", ""we're"", ""focusing"", ""on"", ""the"", ""day.""]","[0, 0, 0, 0, 0, 1, 1, 0, 1, 0, 0, 0]","[0.0003, 0.0033, 0.003, 0.0064, 0.027, 0.9673, 0.6256, 0.0717, 0.6689, 0.0106, 0.016, 0.1258]","[0, 0, 0, 0, 1, 1, 0, 1, 0, 0]","[0.0033, 0.003, 0.0064, 0.027, 0.9673, 0.6256, 0.0717, 0.6689, 0.0106, 0.016]",10,3,4,tomorrow,0.448
K0hRJWN9O9c,rep_00,for her brother bob we also need a small plastic snake and a big toy frog for the,spoken_explanation,False,7.21,False,snake for her brother Bob. We also need a small plastic snake and a big toy,"[""snake"", ""for"", ""her"", ""brother"", ""Bob."", ""We"", ""also"", ""need"", ""a"", ""small"", ""plastic"", ""snake"", ""and"", ""a"", ""big"", ""toy""]","[0, 0, 0, 1, 0, 0, 0, 0, 0, 0, 0, 0, 0, 0, 0, 0]","[0.0189, 0.0119, 0.0601, 0.5992, 0.0465, 0.0046, 0.0091, 0.003, 0.0052, 0.0053, 0.0209, 0.0249, 0.0376, 0.0949, 0.0634, 0.1827]","[0, 0, 1, 0, 0, 0, 0, 0, 0, 0, 0, 0, 0, 0, 0, 0, 0, 0]","[0.0119, 0.0601, 0.5992, 0.0465, 0.0046, 0.0091, 0.003, 0.0052, 0.0053, 0.0209, 0.0249, 0.0376, 0.0949, 0.0634, 0.1827, 0, 0, 0]",15,1,2,brother,0.223
K0hRJWN9O9c,rep_01,for her brother bob we also need a small plastic snake and a big toy frog for the,spoken_explanation,False,7.19,False,We also need a small plastic snake and a big toy product.,"[""We"", ""also"", ""need"", ""a"", ""small"", ""plastic"", ""snake"", ""and"", ""a"", ""big"", ""toy"", ""product.""]","[0, 0, 0, 0, 0, 0, 0, 0, 0, 0, 0, 1]","[0.0275, 0.0262, 0.0048, 0.0091, 0.0127, 0.0613, 0.0254, 0.0639, 0.1348, 0.0987, 0.3091, 0.7952]","[0, 0, 0, 0, 0, 0, 0, 0, 0, 0, 0, 0, 0, 0, 0, 0, 0, 0]","[0, 0, 0, 0, 0.0275, 0.0262, 0.0048, 0.0091, 0.0127, 0.0613, 0.0254, 0.0639, 0.1348, 0.0987, 0.3091, 0, 0, 0]",11,1,14,toy,0.171
K0hRJWN9O9c,rep_02,for her brother bob we also need a small plastic snake and a big toy frog for the,spoken_explanation,True,6.03,False,for her brother Bob. We also need a small plastic snake and a big toy frog for the kids.,"[""for"", ""her"", ""brother"", ""Bob."", ""We"", ""also"", ""need"", ""a"", ""small"", ""plastic"", ""snake"", ""and"", ""a"", ""big"", ""toy"", ""frog"", ""for"", ""the"", ""kids.""]","[0, 0, 0, 0, 0, 0, 0, 0, 0, 0, 0, 0, 0, 1, 0, 0, 0, 0, 0]","[0.009, 0.0157, 0.0141, 0.0229, 0.022, 0.102, 0.0226, 0.005, 0.0072, 0.0167, 0.0046, 0.0061, 0.0297, 0.7152, 0.2946, 0.0741, 0.0033, 0.0062, 0.0196]","[0, 0, 0, 0, 0, 0, 0, 0, 0, 0, 0, 0, 0, 1, 0, 0, 0, 0]","[0.009, 0.0157, 0.0141, 0.0229, 0.022, 0.102, 0.0226, 0.005, 0.0072, 0.0167, 0.0046, 0.0061, 0.0297, 0.7152, 0.2946, 0.0741, 0.0033, 0.0062]",18,1,13,big,0.216
K0hRJWN9O9c,rep_03,for her brother bob we also need a small plastic snake and a big toy frog for the,spoken_explanation,True,6.03,False,for her brother Bob. We also need a small plastic snake and a big toy frog for the kids.,"[""for"", ""her"", ""brother"", ""Bob."", ""We"", ""also"", ""need"", ""a"", ""small"", ""plastic"", ""snake"", ""and"", ""a"", ""big"", ""toy"", ""frog"", ""for"", ""the"", ""kids.""]","[0, 0, 0, 0, 0, 0, 0, 0, 0, 0, 0, 0, 0, 1, 0, 0, 0, 0, 0]","[0.01, 0.016, 0.012, 0.0201, 0.0229, 0.1853, 0.0204, 0.0048, 0.0068, 0.0129, 0.0037, 0.005, 0.0314, 0.7203, 0.3127, 0.0734, 0.0035, 0.0061, 0.02]","[0, 0, 0, 0, 0, 0, 0, 0, 0, 0, 0, 0, 0, 1, 0, 0, 0, 0]","[0.01, 0.016, 0.012, 0.0201, 0.0229, 0.1853, 0.0204, 0.0048, 0.0068, 0.0129, 0.0037, 0.005, 0.0314, 0.7203, 0.3127, 0.0734, 0.0035, 0.0061]",18,1,13,big,0.48
K0hRJWN9O9c,rep_04,for her brother bob we also need a small plastic snake and a big toy frog for the,spoken_explanation,True,8.69,False,We also need a small plastic snake and a big toy truck for the car.,"[""We"", ""also"", ""need"", ""a"", ""small"", ""plastic"", ""snake"", ""and"", ""a"", ""big"", ""toy"", ""truck"", ""for"", ""the"", ""car.""]","[0, 0, 0, 0, 0, 0, 0, 0, 0, 0, 0, 1, 0, 0, 0]","[0.0018, 0.003, 0.0055, 0.0093, 0.0122, 0.0039, 0.0047, 0.0074, 0.0301, 0.2068, 0.3401, 0.8987, 0.2791, 0.0758, 0.0523]","[0, 0, 0, 0, 0, 0, 0, 0, 0, 0, 0, 0, 0, 0, 0, 1, 0, 0]","[0, 0, 0, 0, 0.0018, 0.003, 0.0055, 0.0093, 0.0122, 0.0039, 0.0047, 0.0074, 0.0301, 0.2068, 0.3401, 0.8987, 0.2791, 0.0758]",14,1,15,frog,0.185
FAgnMWWgyRs,rep_00,gt gt i can stop anytime i,spoken_explanation,False,2.31,False,I can stop anytime. I choose not to.,"[""I"", ""can"", ""stop"", ""anytime."", ""I"", ""choose"", ""not"", ""to.""]","[0, 0, 0, 0, 0, 0, 1, 0]","[0.0105, 0.1133, 0.0184, 0.1004, 0.0057, 0.0334, 0.5108, 0.0992]","[0, 0, 0, 0, 0, 0, 0]","[0, 0, 0.0105, 0.1133, 0.0184, 0.1004, 0.0057]",5,1,3,can,0.146
FAgnMWWgyRs,rep_01,gt gt i can stop anytime i,spoken_explanation,False,2.23,False,I can stop anytime. I choose no...,"[""I"", ""can"", ""stop"", ""anytime."", ""I"", ""choose"", ""no...""]","[0, 0, 0, 0, 0, 0, 0]","[0.0086, 0.1626, 0.0191, 0.0817, 0.0032, 0.0205, 0.3029]","[0, 0, 0, 0, 0, 0, 0]","[0, 0, 0.0086, 0.1626, 0.0191, 0.0817, 0.0032]",5,0,3,can,0.155
FAgnMWWgyRs,rep_02,gt gt i can stop anytime i,spoken_explanation,False,2.07,False,I can stop anytime. I choose no,"[""I"", ""can"", ""stop"", ""anytime."", ""I"", ""choose"", ""no""]","[0, 0, 0, 0, 0, 0, 0]","[0.0168, 0.3555, 0.046, 0.0601, 0.0057, 0.0433, 0.3669]","[0, 0, 0, 0, 0, 0, 0]","[0, 0, 0.0168, 0.3555, 0.046, 0.0601, 0.0057]",5,0,3,can,0.352
FAgnMWWgyRs,rep_03,gt gt i can stop anytime i,spoken_explanation,False,3.19,False,I can stop anytime. No.,"[""I"", ""can"", ""stop"", ""anytime."", ""No.""]","[1, 1, 0, 1, 0]","[0.7655, 0.9278, 0.2038, 0.5877, 0.0679]","[0, 0, 1, 1, 0, 1, 0]","[0, 0, 0.7655, 0.9278, 0.2038, 0.5877, 0.0679]",5,3,3,can,0.132
FAgnMWWgyRs,rep_04,gt gt i can stop anytime i,spoken_explanation,False,2.03,False,I couldn't stop anytime I want.,"[""I"", ""couldn't"", ""stop"", ""anytime"", ""I"", ""want.""]","[0, 0, 0, 0, 0, 0]","[0.0423, 0.2401, 0.1207, 0.0544, 0.0973, 0.3132]","[0, 0, 0, 0, 0, 0, 0]","[0, 0, 0.0423, 0.2401, 0.1207, 0.0544, 0.0973]",5,0,3,can,0.137
JpvJ__nhOQU,rep_00,we were talking about the teachers,spoken_explanation,True,2.11,False,We were talking about the teacher,"[""We"", ""were"", ""talking"", ""about"", ""the"", ""teacher""]","[0, 0, 0, 0, 0, 0]","[0.0299, 0.0007, 0.0004, 0.0002, 0.0005, 0.001]","[0, 0, 0, 0, 0, 0]","[0.0299, 0.0007, 0.0004, 0.0002, 0.0005, 0.001]",6,0,0,we,0.125
JpvJ__nhOQU,rep_01,we were talking about the teachers,spoken_explanation,True,3.27,False,We were talking about the teachers.,"[""We"", ""were"", ""talking"", ""about"", ""the"", ""teachers.""]","[0, 0, 0, 0, 0, 0]","[0.0664, 0.1263, 0.0001, 0.0, 0.0, 0.0001]","[0, 0, 0, 0, 0, 0]","[0.0664, 0.1263, 0.0001, 0.0, 0.0, 0.0001]",6,0,1,were,0.134
JpvJ__nhOQU,rep_02,we were talking about the teachers,spoken_explanation,True,3.35,False,We were talking about the teacher.,"[""We"", ""were"", ""talking"", ""about"", ""the"", ""teacher.""]","[1, 1, 0, 0, 0, 0]","[0.631, 0.999, 0.0, 0.0, 0.0, 0.0]","[1, 1, 0, 0, 0, 0]","[0.631, 0.999, 0.0, 0.0, 0.0, 0.0]",6,2,1,were,0.21
JpvJ__nhOQU,rep_03,we were talking about the teachers,spoken_explanation,True,2.51,False,we were talking about the teachers.,"[""we"", ""were"", ""talking"", ""about"", ""the"", ""teachers.""]","[0, 1, 0, 0, 0, 0]","[0.0228, 0.9854, 0.0, 0.0, 0.0, 0.0001]","[0, 1, 0, 0, 0, 0]","[0.0228, 0.9854, 0.0, 0.0, 0.0, 0.0001]",6,1,1,were,0.13
JpvJ__nhOQU,rep_04,we were talking about the teachers,spoken_explanation,True,3.55,False,We were talking about the teachers.,"[""We"", ""were"", ""talking"", ""about"", ""the"", ""teachers.""]","[0, 1, 0, 0, 0, 0]","[0.0359, 0.73, 0.1674, 0.0006, 0.0002, 0.0002]","[0, 1, 0, 0, 0, 0]","[0.0359, 0.73, 0.1674, 0.0006, 0.0002, 0.0002]",6,1,1,were,0.129
JpvJ__nhOQU,rep_05,we were talking about the teachers,spoken_explanation,True,3.57,False,We were talking about the teacher.,"[""We"", ""were"", ""talking"", ""about"", ""the"", ""teacher.""]","[0, 1, 0, 1, 0, 0]","[0.0257, 0.6921, 0.0006, 0.5141, 0.0002, 0.0003]","[0, 1, 0, 1, 0, 0]","[0.0257, 0.6921, 0.0006, 0.5141, 0.0002, 0.0003]",6,2,1,were,0.206
JpvJ__nhOQU,rep_06,we were talking about the teachers,spoken_explanation,True,3.39,False,We were talking about the,"[""We"", ""were"", ""talking"", ""about"", ""the""]","[0, 0, 0, 0, 0]","[0.0077, 0.0715, 0.0863, 0.0027, 0.0635]","[0, 0, 0, 0, 0, 0]","[0.0077, 0.0715, 0.0863, 0.0027, 0.0635, 0]",5,0,2,talking,0.201
8ZOIiEAMz9s,rep_00,me clean this mess you're helping,spoken_explanation,True,3.29,False,help me clean this mess. You're helping me,"[""help"", ""me"", ""clean"", ""this"", ""mess."", ""You're"", ""helping"", ""me""]","[0, 0, 0, 0, 0, 0, 0, 0]","[0.0053, 0.0388, 0.0792, 0.0325, 0.0039, 0.0215, 0.0028, 0.003]","[0, 0, 0, 0, 0, 0]","[0.0388, 0.0792, 0.0325, 0.0039, 0.0215, 0.0028]",6,0,1,clean,0.148
8ZOIiEAMz9s,rep_01,me clean this mess you're helping,spoken_explanation,True,3.03,False,me clean this mess. You're helping me clean this mess.,"[""me"", ""clean"", ""this"", ""mess."", ""You're"", ""helping"", ""me"", ""clean"", ""this"", ""mess.""]","[0, 0, 0, 0, 0, 0, 0, 0, 0, 0]","[0.0076, 0.1345, 0.0078, 0.0059, 0.0115, 0.009, 0.0081, 0.0051, 0.0072, 0.0063]","[0, 0, 0, 0, 0, 0]","[0.0076, 0.1345, 0.0078, 0.0059, 0.0115, 0.009]",6,0,1,clean,0.261
8ZOIiEAMz9s,rep_02,me clean this mess you're helping,spoken_explanation,True,2.67,False,help me clean this mess. You're helping me,"[""help"", ""me"", ""clean"", ""this"", ""mess."", ""You're"", ""helping"", ""me""]","[0, 0, 0, 0, 0, 0, 0, 0]","[0.0061, 0.0161, 0.0451, 0.0387, 0.006, 0.0166, 0.0097, 0.0056]","[0, 0, 0, 0, 0, 0]","[0.0161, 0.0451, 0.0387, 0.006, 0.0166, 0.0097]",6,0,1,clean,0.418
8ZOIiEAMz9s,rep_03,me clean this mess you're helping,spoken_explanation,True,2.41,False,me clean this mess. You're helping me clean this mess.,"[""me"", ""clean"", ""this"", ""mess."", ""You're"", ""helping"", ""me"", ""clean"", ""this"", ""mess.""]","[0, 0, 0, 0, 0, 0, 0, 0, 0, 0]","[0.0211, 0.4007, 0.0191, 0.0032, 0.0347, 0.0208, 0.0192, 0.0349, 0.0585, 0.0139]","[0, 0, 0, 0, 0, 0]","[0.0211, 0.4007, 0.0191, 0.0032, 0.0347, 0.0208]",6,0,1,clean,0.162
SGyNGqXqWXY,rep_00,going to the party tonight,spoken_explanation,True,1.25,False,Who is going to the party?,"[""Who"", ""is"", ""going"", ""to"", ""the"", ""party?""]","[0, 0, 0, 0, 0, 1]","[0.1348, 0.1474, 0.01, 0.0181, 0.1981, 0.5924]","[0, 0, 0, 1, 0]","[0.01, 0.0181, 0.1981, 0.5924, 0]",4,1,3,party,0.359
SGyNGqXqWXY,rep_01,going to the party tonight,spoken_explanation,True,1.91,False,She is going to the party tonight.,"[""She"", ""is"", ""going"", ""to"", ""the"", ""party"", ""tonight.""]","[1, 0, 0, 0, 0, 0, 0]","[0.9988, 0.0182, 0.0005, 0.0003, 0.0014, 0.0005, 0.0009]","[0, 0, 0, 0, 0]","[0.0005, 0.0003, 0.0014, 0.0005, 0.0009]",5,1,2,the,0.218
SGyNGqXqWXY,rep_02,going to the party tonight,spoken_explanation,True,1.97,False,is going to the party tonight.,"[""is"", ""going"", ""to"", ""the"", ""party"", ""tonight.""]","[1, 0, 0, 0, 0, 0]","[0.9711, 0.0047, 0.0022, 0.0049, 0.0013, 0.0013]","[0, 0, 0, 0, 0]","[0.0047, 0.0022, 0.0049, 0.0013, 0.0013]",5,1,2,the,0.407
SGyNGqXqWXY,rep_03,going to the party tonight,spoken_explanation,True,2.33,False,She's going to the party tonight.,"[""She's"", ""going"", ""to"", ""the"", ""party"", ""tonight.""]","[0, 0, 1, 1, 1, 0]","[0.4447, 0.0377, 0.7214, 0.7119, 0.9996, 0.0025]","[0, 1, 1, 1, 0]","[0.0377, 0.7214, 0.7119, 0.9996, 0.0025]",5,3,3,party,0.217
SGyNGqXqWXY,rep_04,going to the party tonight,spoken_explanation,True,1.65,False,She's going to the party tonight.,"[""She's"", ""going"", ""to"", ""the"", ""party"", ""tonight.""]","[0, 0, 0, 0, 0, 1]","[0.2028, 0.0079, 0.0184, 0.2491, 0.3877, 0.9965]","[0, 0, 0, 0, 1]","[0.0079, 0.0184, 0.2491, 0.3877, 0.9965]",5,1,4,tonight,0.133
BLEXP2ROyRU,rep_00,i didn't say she stole my money,spoken_explanation,True,2.45,False,I didn't say she stole my money.,"[""I"", ""didn't"", ""say"", ""she"", ""stole"", ""my"", ""money.""]","[0, 0, 0, 1, 1, 1, 0]","[0.0197, 0.1584, 0.0278, 0.6678, 0.5715, 0.918, 0.1732]","[0, 0, 0, 1, 1, 1, 0]","[0.0197, 0.1584, 0.0278, 0.6678, 0.5715, 0.918, 0.1732]",7,3,5,my,0.143
BLEXP2ROyRU,rep_01,i didn't say she stole my money,spoken_explanation,True,2.59,False,I didn't say she stole my money.,"[""I"", ""didn't"", ""say"", ""she"", ""stole"", ""my"", ""money.""]","[0, 0, 0, 0, 0, 1, 0]","[0.0131, 0.1423, 0.0136, 0.1116, 0.2879, 0.8331, 0.044]","[0, 0, 0, 0, 0, 1, 0]","[0.0131, 0.1423, 0.0136, 0.1116, 0.2879, 0.8331, 0.044]",7,1,5,my,0.143
BLEXP2ROyRU,rep_02,i didn't say she stole my money,spoken_explanation,True,2.23,False,I didn't say she stole my money.,"[""I"", ""didn't"", ""say"", ""she"", ""stole"", ""my"", ""money.""]","[0, 0, 0, 0, 1, 1, 0]","[0.012, 0.1244, 0.0118, 0.2854, 0.5107, 0.8388, 0.0246]","[0, 0, 0, 0, 1, 1, 0]","[0.012, 0.1244, 0.0118, 0.2854, 0.5107, 0.8388, 0.0246]",7,2,5,my,0.267
BLEXP2ROyRU,rep_03,i didn't say she stole my money,spoken_explanation,True,2.27,False,I didn't say she stole my money.,"[""I"", ""didn't"", ""say"", ""she"", ""stole"", ""my"", ""money.""]","[0, 0, 0, 0, 0, 1, 0]","[0.0112, 0.1866, 0.0287, 0.26, 0.3062, 0.735, 0.0285]","[0, 0, 0, 0, 0, 1, 0]","[0.0112, 0.1866, 0.0287, 0.26, 0.3062, 0.735, 0.0285]",7,1,5,my,0.139
6fcdSQEon7E,rep_00,i'll do it in a little while,spoken_explanation,True,2.21,False,I'll do it in a little while.,"[""I'll"", ""do"", ""it"", ""in"", ""a"", ""little"", ""while.""]","[0, 0, 0, 0, 0, 0, 0]","[0.3076, 0.2723, 0.1075, 0.0007, 0.0024, 0.0021, 0.0283]","[0, 0, 0, 0, 0, 0, 0]","[0.3076, 0.2723, 0.1075, 0.0007, 0.0024, 0.0021, 0.0283]",7,0,0,i'll,0.15
6fcdSQEon7E,rep_01,i'll do it in a little while,spoken_explanation,True,1.79,False,I'll do it in a little while.,"[""I'll"", ""do"", ""it"", ""in"", ""a"", ""little"", ""while.""]","[0, 0, 0, 0, 0, 0, 0]","[0.1518, 0.2979, 0.16, 0.0109, 0.0473, 0.0997, 0.3486]","[0, 0, 0, 0, 0, 0, 0]","[0.1518, 0.2979, 0.16, 0.0109, 0.0473, 0.0997, 0.3486]",7,0,6,while,0.146
6fcdSQEon7E,rep_02,i'll do it in a little while,spoken_explanation,True,2.01,False,I'll do it in a little while.,"[""I'll"", ""do"", ""it"", ""in"", ""a"", ""little"", ""while.""]","[0, 1, 0, 0, 0, 0, 0]","[0.39, 0.9431, 0.1882, 0.0008, 0.0027, 0.0018, 0.0046]","[0, 1, 0, 0, 0, 0, 0]","[0.39, 0.9431, 0.1882, 0.0008, 0.0027, 0.0018, 0.0046]",7,1,1,do,0.142
6fcdSQEon7E,rep_03,i'll do it in a little while,spoken_explanation,True,1.83,False,I'll do it in a little while.,"[""I'll"", ""do"", ""it"", ""in"", ""a"", ""little"", ""while.""]","[0, 0, 0, 0, 0, 0, 1]","[0.052, 0.1734, 0.0484, 0.0202, 0.1142, 0.2446, 0.8794]","[0, 0, 0, 0, 0, 0, 1]","[0.052, 0.1734, 0.0484, 0.0202, 0.1142, 0.2446, 0.8794]",7,1,6,while,0.142
OR81m7Dm968,rep_00,you finished the cake didn't you,spoken_explanation,True,2.89,False,"You finished the cake, didn't you?","[""You"", ""finished"", ""the"", ""cake,"", ""didn't"", ""you?""]","[0, 0, 0, 0, 0, 0]","[0.0278, 0.3526, 0.0993, 0.3154, 0.0908, 0.0282]","[0, 0, 0, 0, 0, 0]","[0.0278, 0.3526, 0.0993, 0.3154, 0.0908, 0.0282]",6,0,1,finished,0.415
OR81m7Dm968,rep_01,you finished the cake didn't you,spoken_explanation,True,2.13,False,"You finished the cake, didn't you?","[""You"", ""finished"", ""the"", ""cake,"", ""didn't"", ""you?""]","[1, 0, 0, 1, 1, 0]","[0.9186, 0.3892, 0.2898, 0.9855, 0.973, 0.104]","[1, 0, 0, 1, 1, 0]","[0.9186, 0.3892, 0.2898, 0.9855, 0.973, 0.104]",6,3,3,cake,0.152
OR81m7Dm968,rep_02,you finished the cake didn't you,spoken_explanation,True,2.79,False,You finished the cake didn't you?,"[""You"", ""finished"", ""the"", ""cake"", ""didn't"", ""you?""]","[0, 0, 0, 0, 0, 0]","[0.1201, 0.3167, 0.075, 0.1727, 0.1256, 0.0398]","[0, 0, 0, 0, 0, 0]","[0.1201, 0.3167, 0.075, 0.1727, 0.1256, 0.0398]",6,0,1,finished,0.139
OR81m7Dm968,rep_03,you finished the cake didn't you,spoken_explanation,True,3.15,False,you finished the cake didn't you,"[""you"", ""finished"", ""the"", ""cake"", ""didn't"", ""you""]","[0, 0, 0, 1, 0, 0]","[0.0399, 0.1406, 0.2119, 0.7268, 0.264, 0.0604]","[0, 0, 0, 1, 0, 0]","[0.0399, 0.1406, 0.2119, 0.7268, 0.264, 0.0604]",6,1,3,cake,0.13
01VfrhsYH0A,rep_00,no i've been studying,spoken_explanation,True,2.79,False,"No, I've been studying","[""No,"", ""I've"", ""been"", ""studying""]","[0, 1, 0, 0]","[0.0244, 0.9947, 0.0049, 0.0089]","[0, 1, 0, 0]","[0.0244, 0.9947, 0.0049, 0.0089]",4,1,1,i've,0.123
01VfrhsYH0A,rep_01,no i've been studying,spoken_explanation,True,2.73,False,"No, I've been studying for","[""No,"", ""I've"", ""been"", ""studying"", ""for""]","[0, 0, 0, 0, 0]","[0.3358, 0.2892, 0.0112, 0.4448, 0.003]","[0, 0, 0, 0]","[0.3358, 0.2892, 0.0112, 0.4448]",4,0,3,studying,0.13
01VfrhsYH0A,rep_02,no i've been studying,spoken_explanation,True,2.39,False,"No, I've been studying for...","[""No,"", ""I've"", ""been"", ""studying"", ""for...""]","[1, 0, 0, 0, 0]","[0.9899, 0.0235, 0.0034, 0.1106, 0.147]","[1, 0, 0, 0]","[0.9899, 0.0235, 0.0034, 0.1106]",4,1,0,no,0.134
01VfrhsYH0A,rep_03,no i've been studying,spoken_explanation,True,2.47,False,"No, I've been studying at home.","[""No,"", ""I've"", ""been"", ""studying"", ""at"", ""home.""]","[1, 0, 0, 1, 0, 1]","[0.8896, 0.0145, 0.0035, 0.7109, 0.0836, 0.5054]","[1, 0, 0, 1]","[0.8896, 0.0145, 0.0035, 0.7109]",4,3,0,no,0.141
6_DjdejXBwQ,rep_00,no i've been studying,spoken_explanation,True,2.79,False,"No, I've been studying","[""No,"", ""I've"", ""been"", ""studying""]","[0, 1, 0, 0]","[0.0146, 0.9909, 0.0026, 0.0067]","[0, 1, 0, 0]","[0.0146, 0.9909, 0.0026, 0.0067]",4,1,1,i've,0.127
6_DjdejXBwQ,rep_01,no i've been studying,spoken_explanation,True,2.81,False,"No, I've been studying for","[""No,"", ""I've"", ""been"", ""studying"", ""for""]","[1, 0, 0, 0, 0]","[0.5191, 0.3473, 0.0116, 0.1509, 0.0037]","[1, 0, 0, 0]","[0.5191, 0.3473, 0.0116, 0.1509]",4,1,0,no,0.138
6_DjdejXBwQ,rep_02,no i've been studying,spoken_explanation,True,2.41,False,"No, I've been studying for...","[""No,"", ""I've"", ""been"", ""studying"", ""for...""]","[1, 0, 0, 0, 0]","[0.9897, 0.0241, 0.0036, 0.2127, 0.1883]","[1, 0, 0, 0]","[0.9897, 0.0241, 0.0036, 0.2127]",4,1,0,no,0.137
6_DjdejXBwQ,rep_03,no i've been studying,spoken_explanation,True,2.51,False,"No, I've been studying at home.","[""No,"", ""I've"", ""been"", ""studying"", ""at"", ""home.""]","[1, 0, 0, 0, 0, 0]","[0.8543, 0.0311, 0.0034, 0.4463, 0.0893, 0.4285]","[1, 0, 0, 0]","[0.8543, 0.0311, 0.0034, 0.4463]",4,1,0,no,0.144
uy0vjGFtRe0,rep_00,to wear to his,spoken_explanation,True,1.21,False,a suit to wear to his sister.,"[""a"", ""suit"", ""to"", ""wear"", ""to"", ""his"", ""sister.""]","[0, 0, 0, 0, 0, 0, 1]","[0.0177, 0.0704, 0.0576, 0.1909, 0.2432, 0.2987, 0.582]","[0, 0, 0, 0]","[0.0576, 0.1909, 0.2432, 0.2987]",4,1,3,his,0.138
uy0vjGFtRe0,rep_01,to wear to his,spoken_explanation,True,1.37,False,I want to let his sister,"[""I"", ""want"", ""to"", ""let"", ""his"", ""sister""]","[0, 0, 0, 0, 0, 0]","[0.0036, 0.0216, 0.0039, 0.0053, 0.0664, 0.1311]","[0, 0, 0, 0]","[0.0039, 0, 0, 0.0664]",2,0,3,his,0.122
uy0vjGFtRe0,rep_02,to wear to his,spoken_explanation,True,1.19,False,want to wear to his,"[""want"", ""to"", ""wear"", ""to"", ""his""]","[0, 0, 0, 0, 0]","[0.0161, 0.0206, 0.0085, 0.0072, 0.0179]","[0, 0, 0, 0]","[0.0206, 0.0085, 0.0072, 0.0179]",4,0,0,to,0.119
uy0vjGFtRe0,rep_03,to wear to his,spoken_explanation,True,1.21,False,suit to wear to his sister.,"[""suit"", ""to"", ""wear"", ""to"", ""his"", ""sister.""]","[0, 0, 0, 0, 0, 0]","[0.0127, 0.0678, 0.1054, 0.1102, 0.1259, 0.3077]","[0, 0, 0, 0]","[0.0678, 0.1054, 0.1102, 0.1259]",4,0,3,his,0.13
WurazV-KrIQ,rep_00,were you counting as,no_explanation,True,1.21,False,Were you counting as your son?,"[""Were"", ""you"", ""counting"", ""as"", ""your"", ""son?""]","[0, 0, 0, 0, 0, 1]","[0.0647, 0.0077, 0.057, 0.004, 0.0995, 0.9539]","[0, 0, 0, 0]","[0.0647, 0.0077, 0.057, 0.004]",4,1,0,were,0.13
WurazV-KrIQ,rep_01,were you counting as,no_explanation,True,1.73,False,for were you counting as?,"[""for"", ""were"", ""you"", ""counting"", ""as?""]","[0, 0, 0, 1, 0]","[0.0015, 0.0866, 0.0194, 0.776, 0.0035]","[0, 0, 1, 0]","[0.0866, 0.0194, 0.776, 0.0035]",4,1,2,counting,0.129
WurazV-KrIQ,rep_02,were you counting as,no_explanation,True,1.39,False,Are you counting as your,"[""Are"", ""you"", ""counting"", ""as"", ""your""]","[0, 0, 0, 0, 0]","[0.0605, 0.0185, 0.0559, 0.0025, 0.0054]","[0, 0, 0, 0]","[0.0605, 0.0185, 0.0559, 0.0025]",4,0,0,were,0.119
WurazV-KrIQ,rep_03,were you counting as,no_explanation,False,1.31,False,or what you're counting is.,"[""or"", ""what"", ""you're"", ""counting"", ""is.""]","[0, 0, 0, 0, 0]","[0.062, 0.0733, 0.0479, 0.0153, 0.0144]","[0, 0, 0, 0]","[0, 0, 0.0153, 0.0144]",2,0,2,counting,0.213
lAvmL_fBXAo,rep_00,on the first syllable,spoken_explanation,True,1.71,False,stress on the first syllable.,"[""stress"", ""on"", ""the"", ""first"", ""syllable.""]","[0, 0, 0, 0, 0]","[0.0839, 0.0009, 0.0095, 0.0337, 0.0846]","[0, 0, 0, 0]","[0.0009, 0.0095, 0.0337, 0.0846]",4,0,3,syllable,0.129
lAvmL_fBXAo,rep_01,on the first syllable,spoken_explanation,True,1.81,False,on a fur shieldle.,"[""on"", ""a"", ""fur"", ""shieldle.""]","[0, 0, 1, 1]","[0.0022, 0.0438, 0.574, 0.8008]","[0, 0, 1, 1]","[0.0022, 0.0438, 0.574, 0.8008]",4,2,3,syllable,0.125
lAvmL_fBXAo,rep_02,on the first syllable,spoken_explanation,True,1.41,False,dress on a fur sailboat.,"[""dress"", ""on"", ""a"", ""fur"", ""sailboat.""]","[0, 0, 0, 0, 1]","[0.0529, 0.0054, 0.0455, 0.1428, 0.63]","[0, 0, 0, 1]","[0.0054, 0.0455, 0.1428, 0.63]",4,1,3,syllable,0.403
lAvmL_fBXAo,rep_03,on the first syllable,spoken_explanation,True,1.83,False,So stress on the first syllable.,"[""So"", ""stress"", ""on"", ""the"", ""first"", ""syllable.""]","[0, 0, 0, 0, 1, 1]","[0.0145, 0.038, 0.0945, 0.2968, 0.9893, 0.9202]","[0, 0, 1, 1]","[0.0945, 0.2968, 0.9893, 0.9202]",4,2,2,first,0.137
cDVrZ-T7r0g,rep_00,not going to recommend,no_explanation,True,1.45,False,"Well, I'm not gonna recommend asking.","[""Well,"", ""I'm"", ""not"", ""gonna"", ""recommend"", ""asking.""]","[0, 0, 1, 0, 0, 0]","[0.0021, 0.167, 0.9758, 0.0208, 0.1169, 0.212]","[1, 0, 0, 0]","[0.9758, 0, 0, 0.1169]",2,1,0,not,0.143
cDVrZ-T7r0g,rep_01,not going to recommend,no_explanation,True,1.09,False,I'm not going to recommend,"[""I'm"", ""not"", ""going"", ""to"", ""recommend""]","[0, 1, 0, 0, 0]","[0.2516, 0.6382, 0.0158, 0.0234, 0.0416]","[1, 0, 0, 0]","[0.6382, 0.0158, 0.0234, 0.0416]",4,1,0,not,0.122
cDVrZ-T7r0g,rep_02,not going to recommend,no_explanation,True,1.09,False,I'm not going to recommend him.,"[""I'm"", ""not"", ""going"", ""to"", ""recommend"", ""him.""]","[0, 0, 0, 0, 0, 0]","[0.041, 0.0291, 0.0039, 0.0135, 0.0381, 0.0763]","[0, 0, 0, 0]","[0.0291, 0.0039, 0.0135, 0.0381]",4,0,3,recommend,0.135
cDVrZ-T7r0g,rep_03,not going to recommend,no_explanation,True,1.27,False,The inhibitor is not going to recommend,"[""The"", ""inhibitor"", ""is"", ""not"", ""going"", ""to"", ""recommend""]","[0, 0, 0, 0, 0, 0, 0]","[0.0732, 0.0049, 0.0297, 0.207, 0.1449, 0.2052, 0.3242]","[0, 0, 0, 0]","[0.207, 0.1449, 0.2052, 0.3242]",4,0,3,recommend,0.13
LloFz5fl0Wg,rep_00,i want you to,spoken_explanation,True,2.03,False,I want you to have lunch.,"[""I"", ""want"", ""you"", ""to"", ""have"", ""lunch.""]","[0, 0, 0, 0, 0, 0]","[0.0212, 0.0325, 0.0354, 0.005, 0.0045, 0.0022]","[0, 0, 0, 0]","[0.0212, 0.0325, 0.0354, 0.005]",4,0,2,you,0.132
LloFz5fl0Wg,rep_01,i want you to,spoken_explanation,True,0.91,False,I want you to,"[""I"", ""want"", ""you"", ""to""]","[0, 0, 0, 0]","[0.2341, 0.3604, 0.0337, 0.0279]","[0, 0, 0, 0]","[0.2341, 0.3604, 0.0337, 0.0279]",4,0,1,want,0.114
LloFz5fl0Wg,rep_02,i want you to,spoken_explanation,True,0.87,False,"She said, what I want you to see.","[""She"", ""said,"", ""what"", ""I"", ""want"", ""you"", ""to"", ""see.""]","[0, 0, 0, 0, 0, 0, 0, 0]","[0.0032, 0.0088, 0.0547, 0.0494, 0.1856, 0.1106, 0.0416, 0.2122]","[0, 0, 0, 0]","[0.0494, 0.1856, 0.1106, 0.0416]",4,0,1,want,0.146
LloFz5fl0Wg,rep_03,i want you to,spoken_explanation,True,1.09,False,I want you to have your,"[""I"", ""want"", ""you"", ""to"", ""have"", ""your""]","[0, 0, 0, 0, 0, 0]","[0.006, 0.0324, 0.0236, 0.0145, 0.0521, 0.1387]","[0, 0, 0, 0]","[0.006, 0.0324, 0.0236, 0.0145]",4,0,1,want,0.129
NtGFA7vWjl4,rep_00,we put the emphasis,spoken_explanation,True,1.35,False,And we put the emphasis,"[""And"", ""we"", ""put"", ""the"", ""emphasis""]","[0, 0, 0, 0, 1]","[0.0015, 0.0013, 0.211, 0.0797, 0.9716]","[0, 0, 0, 1]","[0.0013, 0.211, 0.0797, 0.9716]",4,1,3,emphasis,0.12
NtGFA7vWjl4,rep_01,we put the emphasis,spoken_explanation,True,1.13,False,and we put the emphasis here.,"[""and"", ""we"", ""put"", ""the"", ""emphasis"", ""here.""]","[0, 0, 0, 0, 0, 0]","[0.0054, 0.0053, 0.0176, 0.0216, 0.0786, 0.0802]","[0, 0, 0, 0]","[0.0053, 0.0176, 0.0216, 0.0786]",4,0,3,emphasis,0.136
NtGFA7vWjl4,rep_02,we put the emphasis,spoken_explanation,True,1.27,False,But we'll put the emphasis here.,"[""But"", ""we'll"", ""put"", ""the"", ""emphasis"", ""here.""]","[0, 0, 0, 0, 1, 0]","[0.0004, 0.016, 0.0039, 0.0227, 0.8081, 0.3315]","[0, 0, 0, 1]","[0, 0.0039, 0.0227, 0.8081]",3,1,3,emphasis,0.17
NtGFA7vWjl4,rep_03,we put the emphasis,spoken_explanation,True,1.81,False,where we put the emphasis.,"[""where"", ""we"", ""put"", ""the"", ""emphasis.""]","[0, 0, 0, 0, 0]","[0.3671, 0.0069, 0.0017, 0.0354, 0.0407]","[0, 0, 0, 0]","[0.0069, 0.0017, 0.0354, 0.0407]",4,0,3,emphasis,0.126
1Gu6zhp5Bq8,rep_00,visual contrast sensitivity test,spoken_explanation,True,2.07,False,called the visual contrast sensitivity test.,"[""called"", ""the"", ""visual"", ""contrast"", ""sensitivity"", ""test.""]","[0, 0, 0, 0, 0, 0]","[0.0052, 0.0045, 0.0167, 0.1145, 0.3091, 0.2502]","[0, 0, 0, 0]","[0.0167, 0.1145, 0.3091, 0.2502]",4,0,2,sensitivity,0.131
1Gu6zhp5Bq8,rep_01,visual contrast sensitivity test,spoken_explanation,True,2.03,False,and that visual contrast sensitivity test.,"[""and"", ""that"", ""visual"", ""contrast"", ""sensitivity"", ""test.""]","[0, 0, 0, 0, 0, 0]","[0.0109, 0.0189, 0.0432, 0.2182, 0.2894, 0.273]","[0, 0, 0, 0]","[0.0432, 0.2182, 0.2894, 0.273]",4,0,2,sensitivity,0.134
1Gu6zhp5Bq8,rep_02,visual contrast sensitivity test,spoken_explanation,True,1.97,False,do a visual contrast sensitivity test and if,"[""do"", ""a"", ""visual"", ""contrast"", ""sensitivity"", ""test"", ""and"", ""if""]","[0, 0, 0, 0, 0, 1, 0, 0]","[0.0056, 0.0041, 0.006, 0.1125, 0.211, 0.6745, 0.0192, 0.0848]","[0, 0, 0, 1]","[0.006, 0.1125, 0.211, 0.6745]",4,1,3,test,0.146
1Gu6zhp5Bq8,rep_03,visual contrast sensitivity test,spoken_explanation,True,1.67,False,to the visual contrast sensitivity test.,"[""to"", ""the"", ""visual"", ""contrast"", ""sensitivity"", ""test.""]","[0, 0, 0, 0, 0, 0]","[0.0069, 0.0055, 0.0082, 0.0829, 0.2348, 0.4544]","[0, 0, 0, 0]","[0.0082, 0.0829, 0.2348, 0.4544]",4,0,3,test,0.13
WMwkhnu72hA,rep_00,i'm so cold i'm,spoken_explanation,True,4.07,False,I'm so cold. I'm so,"[""I'm"", ""so"", ""cold."", ""I'm"", ""so""]","[1, 0, 0, 1, 0]","[0.8764, 0.0634, 0.0153, 0.8795, 0.0018]","[1, 0, 0, 1]","[0.8764, 0.0634, 0.0153, 0.8795]",4,2,3,i'm,0.142
WMwkhnu72hA,rep_01,i'm so cold i'm,spoken_explanation,True,4.29,False,cold. I'm so cold. I'm so cold.,"[""cold."", ""I'm"", ""so"", ""cold."", ""I'm"", ""so"", ""cold.""]","[0, 0, 1, 0, 0, 0, 0]","[0.0034, 0.0072, 0.9976, 0.0541, 0.003, 0.0009, 0.0024]","[0, 1, 0, 0]","[0.0072, 0.9976, 0.0541, 0.003]",4,1,1,so,0.159
WMwkhnu72hA,rep_02,i'm so cold i'm,spoken_explanation,True,2.81,False,I'm so cold. I'm cold.,"[""I'm"", ""so"", ""cold."", ""I'm"", ""cold.""]","[1, 0, 0, 0, 0]","[0.9962, 0.0003, 0.0002, 0.0009, 0.0005]","[1, 0, 0, 0]","[0.9962, 0.0003, 0.0002, 0.0009]",4,1,0,i'm,0.139
WMwkhnu72hA,rep_03,i'm so cold i'm,spoken_explanation,True,3.13,False,I'm so cold. I'm not happy.,"[""I'm"", ""so"", ""cold."", ""I'm"", ""not"", ""happy.""]","[0, 0, 1, 0, 0, 0]","[0.0041, 0.0089, 0.6352, 0.0008, 0.0002, 0.001]","[0, 0, 1, 0]","[0.0041, 0.0089, 0.6352, 0.0008]",4,1,2,cold,0.155
TfFt_lC0vxc,rep_00,his underwear is hanging on the lamp,spoken_explanation,True,2.73,False,His underwear is hanging on the lamp.,"[""His"", ""underwear"", ""is"", ""hanging"", ""on"", ""the"", ""lamp.""]","[0, 0, 0, 1, 0, 0, 1]","[0.0013, 0.0096, 0.0071, 0.9962, 0.0441, 0.1796, 0.9382]","[0, 0, 0, 1, 0, 0, 1]","[0.0013, 0.0096, 0.0071, 0.9962, 0.0441, 0.1796, 0.9382]",7,2,3,hanging,0.41
TfFt_lC0vxc,rep_01,his underwear is hanging on the lamp,spoken_explanation,True,2.69,False,His underwear is hanging on the lamp.,"[""His"", ""underwear"", ""is"", ""hanging"", ""on"", ""the"", ""lamp.""]","[0, 0, 0, 1, 0, 0, 1]","[0.0029, 0.0134, 0.0077, 0.9452, 0.1663, 0.3225, 0.9772]","[0, 0, 0, 1, 0, 0, 1]","[0.0029, 0.0134, 0.0077, 0.9452, 0.1663, 0.3225, 0.9772]",7,2,6,lamp,0.135
TfFt_lC0vxc,rep_02,his underwear is hanging on the lamp,spoken_explanation,True,3.19,False,His underwear is hanging on the lamp.,"[""His"", ""underwear"", ""is"", ""hanging"", ""on"", ""the"", ""lamp.""]","[0, 0, 0, 1, 0, 0, 0]","[0.0051, 0.0521, 0.0074, 0.9952, 0.008, 0.0362, 0.2423]","[0, 0, 0, 1, 0, 0, 0]","[0.0051, 0.0521, 0.0074, 0.9952, 0.008, 0.0362, 0.2423]",7,1,3,hanging,0.374
TfFt_lC0vxc,rep_03,his underwear is hanging on the lamp,spoken_explanation,True,2.69,False,His underwear is hanging on the lamp.,"[""His"", ""underwear"", ""is"", ""hanging"", ""on"", ""the"", ""lamp.""]","[0, 0, 0, 1, 0, 1, 1]","[0.0141, 0.0265, 0.0065, 0.9983, 0.1891, 0.5049, 0.9918]","[0, 0, 0, 1, 0, 1, 1]","[0.0141, 0.0265, 0.0065, 0.9983, 0.1891, 0.5049, 0.9918]",7,3,3,hanging,0.139
TfFt_lC0vxc,rep_04,his underwear is hanging on the lamp,spoken_explanation,True,3.21,False,his underwear is hanging on the lamp.,"[""his"", ""underwear"", ""is"", ""hanging"", ""on"", ""the"", ""lamp.""]","[0, 1, 0, 1, 0, 0, 0]","[0.0013, 0.6938, 0.0345, 0.9993, 0.0044, 0.0186, 0.125]","[0, 1, 0, 1, 0, 0, 0]","[0.0013, 0.6938, 0.0345, 0.9993, 0.0044, 0.0186, 0.125]",7,2,3,hanging,0.138
I8511fOHyaw,rep_00,is the computer screen flickering,spoken_explanation,True,4.79,False,Is the computer screen flickering?,"[""Is"", ""the"", ""computer"", ""screen"", ""flickering?""]","[0, 0, 0, 0, 0]","[0.0704, 0.0332, 0.0218, 0.0715, 0.0559]","[0, 0, 0, 0, 0]","[0.0704, 0.0332, 0.0218, 0.0715, 0.0559]",5,0,3,screen,0.206
I8511fOHyaw,rep_01,is the computer screen flickering,spoken_explanation,True,2.25,False,Is the computer screen flickering?,"[""Is"", ""the"", ""computer"", ""screen"", ""flickering?""]","[0, 0, 1, 0, 0]","[0.2496, 0.0254, 0.9773, 0.0936, 0.0071]","[0, 0, 1, 0, 0]","[0.2496, 0.0254, 0.9773, 0.0936, 0.0071]",5,1,2,computer,0.129
I8511fOHyaw,rep_02,is the computer screen flickering,spoken_explanation,True,2.55,False,Is the computer screen flickering?,"[""Is"", ""the"", ""computer"", ""screen"", ""flickering?""]","[0, 0, 0, 0, 1]","[0.3038, 0.0284, 0.0934, 0.1816, 0.5482]","[0, 0, 0, 0, 1]","[0.3038, 0.0284, 0.0934, 0.1816, 0.5482]",5,1,4,flickering,0.165
I8511fOHyaw,rep_03,is the computer screen flickering,spoken_explanation,True,2.09,False,Is the computer screen flickering?,"[""Is"", ""the"", ""computer"", ""screen"", ""flickering?""]","[0, 0, 1, 0, 0]","[0.3809, 0.0451, 0.9987, 0.0311, 0.002]","[0, 0, 1, 0, 0]","[0.3809, 0.0451, 0.9987, 0.0311, 0.002]",5,1,2,computer,0.124
5EmVMEQAb94,rep_00,the woman on the couch,spoken_explanation,True,1.79,False,Judy the woman on the couch?,"[""Judy"", ""the"", ""woman"", ""on"", ""the"", ""couch?""]","[1, 1, 1, 0, 1, 1]","[0.9039, 0.7813, 0.7264, 0.118, 0.5979, 0.9816]","[1, 1, 0, 1, 1]","[0.7813, 0.7264, 0.118, 0.5979, 0.9816]",5,5,4,couch,0.132
5EmVMEQAb94,rep_01,the woman on the couch,spoken_explanation,True,1.53,False,is the woman on the couch.,"[""is"", ""the"", ""woman"", ""on"", ""the"", ""couch.""]","[0, 0, 0, 0, 1, 1]","[0.143, 0.0751, 0.0798, 0.4105, 0.7489, 0.6346]","[0, 0, 0, 1, 1]","[0.0751, 0.0798, 0.4105, 0.7489, 0.6346]",5,2,3,the,0.132
5EmVMEQAb94,rep_02,the woman on the couch,spoken_explanation,True,1.75,False,Judy the woman on the couch?,"[""Judy"", ""the"", ""woman"", ""on"", ""the"", ""couch?""]","[1, 1, 1, 0, 1, 1]","[0.9494, 0.8279, 0.8242, 0.1369, 0.6233, 0.9874]","[1, 1, 0, 1, 1]","[0.8279, 0.8242, 0.1369, 0.6233, 0.9874]",5,5,4,couch,0.212
5EmVMEQAb94,rep_03,the woman on the couch,spoken_explanation,True,1.21,False,is the woman on the couch.,"[""is"", ""the"", ""woman"", ""on"", ""the"", ""couch.""]","[0, 0, 0, 0, 1, 0]","[0.0803, 0.0623, 0.044, 0.2006, 0.5044, 0.1059]","[0, 0, 0, 1, 0]","[0.0623, 0.044, 0.2006, 0.5044, 0.1059]",5,1,3,the,0.481
5EmVMEQAb94,rep_04,the woman on the couch,spoken_explanation,True,1.65,False,Donald the one on the couch?,"[""Donald"", ""the"", ""one"", ""on"", ""the"", ""couch?""]","[1, 0, 0, 0, 0, 1]","[0.9311, 0.2792, 0.3551, 0.1505, 0.2779, 0.9588]","[0, 0, 0, 0, 1]","[0.2792, 0.3551, 0.1505, 0.2779, 0.9588]",5,2,4,couch,0.129
7667553698893024525,rep_00,i never said she stole my money,spoken_explanation,True,2.91,False,I never said she stole my money.,"[""I"", ""never"", ""said"", ""she"", ""stole"", ""my"", ""money.""]","[0, 0, 0, 0, 0, 1, 0]","[0.0116, 0.0231, 0.0039, 0.0374, 0.0775, 0.5291, 0.3351]","[0, 0, 0, 0, 0, 1, 0]","[0.0116, 0.0231, 0.0039, 0.0374, 0.0775, 0.5291, 0.3351]",7,1,5,my,0.137
7667553698893024525,rep_01,i never said she stole my money,spoken_explanation,True,4.19,False,I never said she stole my money.,"[""I"", ""never"", ""said"", ""she"", ""stole"", ""my"", ""money.""]","[1, 0, 0, 0, 0, 0, 0]","[0.501, 0.0006, 0.0001, 0.0004, 0.0044, 0.0021, 0.0029]","[1, 0, 0, 0, 0, 0, 0]","[0.501, 0.0006, 0.0001, 0.0004, 0.0044, 0.0021, 0.0029]",7,1,0,i,0.409
7667553698893024525,rep_02,i never said she stole my money,spoken_explanation,True,3.43,False,I never said she stole my money.,"[""I"", ""never"", ""said"", ""she"", ""stole"", ""my"", ""money.""]","[0, 1, 0, 0, 0, 0, 0]","[0.0062, 0.9985, 0.0, 0.0001, 0.0002, 0.0001, 0.0002]","[0, 1, 0, 0, 0, 0, 0]","[0.0062, 0.9985, 0.0, 0.0001, 0.0002, 0.0001, 0.0002]",7,1,1,never,0.134
7667553698893024525,rep_03,i never said she stole my money,spoken_explanation,True,3.25,False,I never said she stole my money.,"[""I"", ""never"", ""said"", ""she"", ""stole"", ""my"", ""money.""]","[0, 0, 1, 0, 0, 0, 0]","[0.0031, 0.0069, 0.9999, 0.0, 0.0003, 0.0001, 0.0]","[0, 0, 1, 0, 0, 0, 0]","[0.0031, 0.0069, 0.9999, 0.0, 0.0003, 0.0001, 0.0]",7,1,2,said,0.145
7667553698893024525,rep_04,i never said she stole my money,spoken_explanation,True,3.33,False,I never said she stole my money.,"[""I"", ""never"", ""said"", ""she"", ""stole"", ""my"", ""money.""]","[0, 0, 0, 1, 0, 0, 0]","[0.0014, 0.0054, 0.0068, 0.9306, 0.0017, 0.0007, 0.0005]","[0, 0, 0, 1, 0, 0, 0]","[0.0014, 0.0054, 0.0068, 0.9306, 0.0017, 0.0007, 0.0005]",7,1,3,she,0.41
7667553698893024525,rep_05,i never said she stole my money,spoken_explanation,True,3.21,False,I never said she stole my money.,"[""I"", ""never"", ""said"", ""she"", ""stole"", ""my"", ""money.""]","[0, 0, 0, 0, 1, 0, 0]","[0.0023, 0.0079, 0.0068, 0.2598, 0.9993, 0.0264, 0.004]","[0, 0, 0, 0, 1, 0, 0]","[0.0023, 0.0079, 0.0068, 0.2598, 0.9993, 0.0264, 0.004]",7,1,4,stole,0.136
7667553698893024525,rep_06,i never said she stole my money,spoken_explanation,True,2.77,False,I never said she stole my money.,"[""I"", ""never"", ""said"", ""she"", ""stole"", ""my"", ""money.""]","[0, 0, 0, 0, 0, 1, 0]","[0.0263, 0.0088, 0.0218, 0.0961, 0.268, 0.999, 0.0853]","[0, 0, 0, 0, 0, 1, 0]","[0.0263, 0.0088, 0.0218, 0.0961, 0.268, 0.999, 0.0853]",7,1,5,my,0.137
7667553698893024525,rep_07,i never said she stole my money,spoken_explanation,True,2.91,False,I never said she stole my money.,"[""I"", ""never"", ""said"", ""she"", ""stole"", ""my"", ""money.""]","[0, 0, 0, 0, 0, 1, 1]","[0.0286, 0.0431, 0.0319, 0.3657, 0.3171, 0.9749, 0.9986]","[0, 0, 0, 0, 0, 1, 1]","[0.0286, 0.0431, 0.0319, 0.3657, 0.3171, 0.9749, 0.9986]",7,2,6,money,0.134
7673783250568973576,rep_00,i never said she stole my money,no_explanation,True,1.8,False,I never said she stole my money.,"[""I"", ""never"", ""said"", ""she"", ""stole"", ""my"", ""money.""]","[1, 0, 0, 0, 0, 0, 0]","[0.9977, 0.0033, 0.0001, 0.0001, 0.0002, 0.0001, 0.0001]","[1, 0, 0, 0, 0, 0, 0]","[0.9977, 0.0033, 0.0001, 0.0001, 0.0002, 0.0001, 0.0001]",7,1,0,i,0.484
7673783250568973576,rep_01,i never said she stole my money,no_explanation,True,1.97,False,I never said she stole my money.,"[""I"", ""never"", ""said"", ""she"", ""stole"", ""my"", ""money.""]","[0, 1, 0, 0, 0, 0, 0]","[0.0093, 0.9994, 0.0, 0.0, 0.0, 0.0, 0.0]","[0, 1, 0, 0, 0, 0, 0]","[0.0093, 0.9994, 0.0, 0.0, 0.0, 0.0, 0.0]",7,1,1,never,0.133
7673783250568973576,rep_02,i never said she stole my money,no_explanation,True,2.25,False,I never said she stole my money.,"[""I"", ""never"", ""said"", ""she"", ""stole"", ""my"", ""money.""]","[0, 0, 1, 0, 0, 0, 0]","[0.0006, 0.0052, 0.9999, 0.0, 0.0, 0.0, 0.0]","[0, 0, 1, 0, 0, 0, 0]","[0.0006, 0.0052, 0.9999, 0.0, 0.0, 0.0, 0.0]",7,1,2,said,0.133
7673783250568973576,rep_03,i never said she stole my money,no_explanation,True,2.21,False,I never said she stole my money.,"[""I"", ""never"", ""said"", ""she"", ""stole"", ""my"", ""money.""]","[0, 0, 0, 1, 0, 0, 0]","[0.0004, 0.0011, 0.0015, 0.9993, 0.0001, 0.0, 0.0]","[0, 0, 0, 1, 0, 0, 0]","[0.0004, 0.0011, 0.0015, 0.9993, 0.0001, 0.0, 0.0]",7,1,3,she,0.136
7673783250568973576,rep_04,i never said she stole my money,no_explanation,True,2.45,False,I never said she stole my money.,"[""I"", ""never"", ""said"", ""she"", ""stole"", ""my"", ""money.""]","[0, 0, 0, 0, 1, 0, 0]","[0.0015, 0.0008, 0.0013, 0.0097, 0.9998, 0.0, 0.0]","[0, 0, 0, 0, 1, 0, 0]","[0.0015, 0.0008, 0.0013, 0.0097, 0.9998, 0.0, 0.0]",7,1,4,stole,0.269
7673783250568973576,rep_05,i never said she stole my money,no_explanation,True,2.19,False,I never said she stole MY money!,"[""I"", ""never"", ""said"", ""she"", ""stole"", ""MY"", ""money!""]","[0, 0, 0, 0, 0, 1, 0]","[0.0001, 0.0003, 0.0005, 0.0015, 0.0069, 0.9997, 0.0003]","[0, 0, 0, 0, 0, 1, 0]","[0.0001, 0.0003, 0.0005, 0.0015, 0.0069, 0.9997, 0.0003]",7,1,5,my,0.14
7673783250568973576,rep_06,i never said she stole my money,no_explanation,True,1.71,False,And ever since she stole my money...,"[""And"", ""ever"", ""since"", ""she"", ""stole"", ""my"", ""money...""]","[0, 0, 0, 0, 0, 1, 1]","[0.0133, 0.0086, 0.009, 0.0219, 0.0715, 0.9436, 0.9998]","[0, 0, 0, 0, 0, 1, 1]","[0.0133, 0.0086, 0.009, 0.0219, 0.0715, 0.9436, 0.9998]",7,2,6,money,0.16
7650568063812717838,rep_00,i never said she stole my money,no_explanation,True,1.8,False,I never said she stole my money.,"[""I"", ""never"", ""said"", ""she"", ""stole"", ""my"", ""money.""]","[1, 0, 0, 0, 0, 0, 0]","[0.9973, 0.0018, 0.0001, 0.0001, 0.0002, 0.0001, 0.0001]","[1, 0, 0, 0, 0, 0, 0]","[0.9973, 0.0018, 0.0001, 0.0001, 0.0002, 0.0001, 0.0001]",7,1,0,i,0.136
7650568063812717838,rep_01,i never said she stole my money,no_explanation,True,1.99,False,I never said she stole my money.,"[""I"", ""never"", ""said"", ""she"", ""stole"", ""my"", ""money.""]","[0, 1, 0, 0, 0, 0, 0]","[0.0177, 0.9997, 0.0, 0.0, 0.0, 0.0, 0.0]","[0, 1, 0, 0, 0, 0, 0]","[0.0177, 0.9997, 0.0, 0.0, 0.0, 0.0, 0.0]",7,1,1,never,0.141
7650568063812717838,rep_02,i never said she stole my money,no_explanation,True,2.21,False,I never said she stole my money.,"[""I"", ""never"", ""said"", ""she"", ""stole"", ""my"", ""money.""]","[0, 0, 1, 0, 0, 0, 0]","[0.0005, 0.0039, 0.9999, 0.0, 0.0, 0.0, 0.0]","[0, 0, 1, 0, 0, 0, 0]","[0.0005, 0.0039, 0.9999, 0.0, 0.0, 0.0, 0.0]",7,1,2,said,0.203
7650568063812717838,rep_03,i never said she stole my money,no_explanation,True,2.25,False,I never said she stole my money.,"[""I"", ""never"", ""said"", ""she"", ""stole"", ""my"", ""money.""]","[0, 0, 0, 1, 0, 0, 0]","[0.0003, 0.0009, 0.0014, 0.9993, 0.0, 0.0, 0.0]","[0, 0, 0, 1, 0, 0, 0]","[0.0003, 0.0009, 0.0014, 0.9993, 0.0, 0.0, 0.0]",7,1,3,she,0.215
7650568063812717838,rep_04,i never said she stole my money,no_explanation,False,2.45,False,I never said she stole my money.,"[""I"", ""never"", ""said"", ""she"", ""stole"", ""my"", ""money.""]","[0, 0, 0, 0, 1, 0, 0]","[0.0013, 0.0008, 0.001, 0.0094, 0.9998, 0.0, 0.0]","[0, 0, 0, 0, 1, 0, 0]","[0.0013, 0.0008, 0.001, 0.0094, 0.9998, 0.0, 0.0]",7,1,4,stole,0.132
7650568063812717838,rep_05,i never said she stole my money,no_explanation,True,2.19,False,I never said she stole MY money!,"[""I"", ""never"", ""said"", ""she"", ""stole"", ""MY"", ""money!""]","[0, 0, 0, 0, 0, 1, 0]","[0.0002, 0.0005, 0.0006, 0.0022, 0.0124, 0.9998, 0.0003]","[0, 0, 0, 0, 0, 1, 0]","[0.0002, 0.0005, 0.0006, 0.0022, 0.0124, 0.9998, 0.0003]",7,1,5,my,0.138
7650568063812717838,rep_06,i never said she stole my money,no_explanation,False,1.63,False,And ever since she stole my money,"[""And"", ""ever"", ""since"", ""she"", ""stole"", ""my"", ""money""]","[0, 0, 0, 0, 0, 0, 1]","[0.0004, 0.0007, 0.0021, 0.0019, 0.0116, 0.4931, 0.9995]","[0, 0, 0, 0, 0, 0, 1]","[0.0004, 0.0007, 0.0021, 0.0019, 0.0116, 0.4931, 0.9995]",7,1,6,money,0.173
7663192709049617684,rep_00,he didn't say we should fire her,no_explanation,True,2.81,False,He didn't say we should fire her.,"[""He"", ""didn't"", ""say"", ""we"", ""should"", ""fire"", ""her.""]","[1, 0, 0, 0, 0, 0, 0]","[0.9949, 0.0016, 0.0001, 0.0002, 0.0018, 0.0111, 0.1064]","[1, 0, 0, 0, 0, 0, 0]","[0.9949, 0.0016, 0.0001, 0.0002, 0.0018, 0.0111, 0.1064]",7,1,0,he,0.143
7663192709049617684,rep_01,he didn't say we should fire her,no_explanation,True,3.19,False,He didn't say we should fire her.,"[""He"", ""didn't"", ""say"", ""we"", ""should"", ""fire"", ""her.""]","[0, 1, 0, 0, 0, 0, 0]","[0.3498, 0.9998, 0.0005, 0.0003, 0.0007, 0.0008, 0.0203]","[0, 1, 0, 0, 0, 0, 0]","[0.3498, 0.9998, 0.0005, 0.0003, 0.0007, 0.0008, 0.0203]",7,1,1,didn't,0.143
7663192709049617684,rep_02,he didn't say we should fire her,no_explanation,True,3.85,False,He didn't say we should fire her.,"[""He"", ""didn't"", ""say"", ""we"", ""should"", ""fire"", ""her.""]","[0, 1, 1, 0, 0, 0, 0]","[0.0069, 0.8313, 0.9998, 0.0002, 0.0003, 0.0013, 0.0009]","[0, 1, 1, 0, 0, 0, 0]","[0.0069, 0.8313, 0.9998, 0.0002, 0.0003, 0.0013, 0.0009]",7,2,2,say,0.215
7663192709049617684,rep_03,he didn't say we should fire her,no_explanation,True,3.73,False,He didn't say we should fire her.,"[""He"", ""didn't"", ""say"", ""we"", ""should"", ""fire"", ""her.""]","[0, 0, 0, 0, 1, 0, 0]","[0.0051, 0.0084, 0.0006, 0.0126, 0.9995, 0.0077, 0.0013]","[0, 0, 0, 0, 1, 0, 0]","[0.0051, 0.0084, 0.0006, 0.0126, 0.9995, 0.0077, 0.0013]",7,1,4,should,0.141
7663192709049617684,rep_04,he didn't say we should fire her,no_explanation,True,3.33,False,He didn't say we should fire her.,"[""He"", ""didn't"", ""say"", ""we"", ""should"", ""fire"", ""her.""]","[0, 0, 0, 0, 0, 1, 0]","[0.0524, 0.1655, 0.0014, 0.0076, 0.3285, 0.9993, 0.3333]","[0, 0, 0, 0, 0, 1, 0]","[0.0524, 0.1655, 0.0014, 0.0076, 0.3285, 0.9993, 0.3333]",7,1,5,fire,0.143
7663192709049617684,rep_05,he didn't say we should fire her,no_explanation,False,1.37,False,we should fire her.,"[""we"", ""should"", ""fire"", ""her.""]","[0, 1, 1, 0]","[0.2668, 0.6175, 0.9997, 0.0125]","[0, 0, 0, 0, 1, 1, 0]","[0, 0, 0, 0.2668, 0.6175, 0.9997, 0.0125]",4,2,5,fire,0.118
7663192709049617684,rep_06,he didn't say we should fire her,no_explanation,True,2.81,False,He didn't say we should fire her.,"[""He"", ""didn't"", ""say"", ""we"", ""should"", ""fire"", ""her.""]","[0, 0, 0, 0, 0, 1, 1]","[0.0046, 0.0141, 0.0006, 0.0014, 0.021, 0.5568, 0.9986]","[0, 0, 0, 0, 0, 1, 1]","[0.0046, 0.0141, 0.0006, 0.0014, 0.021, 0.5568, 0.9986]",7,2,6,her,0.141
7667605758195797268,rep_00,i never said she stole my money,spoken_explanation,True,2.61,False,of I never said she stole my money.,"[""of"", ""I"", ""never"", ""said"", ""she"", ""stole"", ""my"", ""money.""]","[0, 0, 0, 0, 0, 0, 0, 0]","[0.0256, 0.0404, 0.1909, 0.0167, 0.1981, 0.4148, 0.3689, 0.2055]","[0, 0, 0, 0, 0, 0, 0]","[0.0404, 0.1909, 0.0167, 0.1981, 0.4148, 0.3689, 0.2055]",7,0,4,stole,0.142
7667605758195797268,rep_01,i never said she stole my money,spoken_explanation,True,2.55,False,I never said she stole my money.,"[""I"", ""never"", ""said"", ""she"", ""stole"", ""my"", ""money.""]","[1, 0, 0, 0, 0, 0, 0]","[0.9552, 0.0052, 0.0002, 0.0005, 0.0015, 0.001, 0.0006]","[1, 0, 0, 0, 0, 0, 0]","[0.9552, 0.0052, 0.0002, 0.0005, 0.0015, 0.001, 0.0006]",7,1,0,i,0.136
7667605758195797268,rep_02,i never said she stole my money,spoken_explanation,True,2.87,False,I never said she stole my money.,"[""I"", ""never"", ""said"", ""she"", ""stole"", ""my"", ""money.""]","[0, 1, 0, 0, 0, 0, 0]","[0.2823, 0.9992, 0.0003, 0.0001, 0.0001, 0.0001, 0.0001]","[0, 1, 0, 0, 0, 0, 0]","[0.2823, 0.9992, 0.0003, 0.0001, 0.0001, 0.0001, 0.0001]",7,1,1,never,0.136
7667605758195797268,rep_03,i never said she stole my money,spoken_explanation,True,3.39,False,I never said she stole my money.,"[""I"", ""never"", ""said"", ""she"", ""stole"", ""my"", ""money.""]","[0, 0, 1, 0, 0, 0, 0]","[0.0031, 0.0637, 0.9999, 0.0, 0.0001, 0.0, 0.0]","[0, 0, 1, 0, 0, 0, 0]","[0.0031, 0.0637, 0.9999, 0.0, 0.0001, 0.0, 0.0]",7,1,2,said,0.14
7667605758195797268,rep_04,i never said she stole my money,spoken_explanation,True,4.03,False,I never said she stole my money.,"[""I"", ""never"", ""said"", ""she"", ""stole"", ""my"", ""money.""]","[0, 0, 0, 1, 0, 0, 0]","[0.0094, 0.0179, 0.003, 0.9987, 0.0012, 0.0001, 0.0002]","[0, 0, 0, 1, 0, 0, 0]","[0.0094, 0.0179, 0.003, 0.9987, 0.0012, 0.0001, 0.0002]",7,1,3,she,0.143
7667605758195797268,rep_05,i never said she stole my money,spoken_explanation,True,3.05,False,I never said she stole my money.,"[""I"", ""never"", ""said"", ""she"", ""stole"", ""my"", ""money.""]","[0, 0, 0, 0, 1, 0, 0]","[0.0023, 0.002, 0.0008, 0.0235, 0.9997, 0.0004, 0.0002]","[0, 0, 0, 0, 1, 0, 0]","[0.0023, 0.002, 0.0008, 0.0235, 0.9997, 0.0004, 0.0002]",7,1,4,stole,0.411
7667605758195797268,rep_06,i never said she stole my money,spoken_explanation,True,2.87,False,I never said she stole my money.,"[""I"", ""never"", ""said"", ""she"", ""stole"", ""my"", ""money.""]","[0, 0, 0, 0, 1, 1, 0]","[0.0009, 0.0018, 0.0005, 0.0068, 0.6213, 0.9994, 0.0021]","[0, 0, 0, 0, 1, 1, 0]","[0.0009, 0.0018, 0.0005, 0.0068, 0.6213, 0.9994, 0.0021]",7,2,5,my,0.139
7667605758195797268,rep_07,i never said she stole my money,spoken_explanation,True,2.55,False,I never said she stole my money.,"[""I"", ""never"", ""said"", ""she"", ""stole"", ""my"", ""money.""]","[0, 0, 0, 0, 0, 1, 1]","[0.0059, 0.0081, 0.0023, 0.0031, 0.0345, 0.75, 0.9998]","[0, 0, 0, 0, 0, 1, 1]","[0.0059, 0.0081, 0.0023, 0.0031, 0.0345, 0.75, 0.9998]",7,2,6,money,0.138
7285785586974133509,rep_00,i never said she stole my money,no_explanation,True,3.19,False,I never said she stole my money.,"[""I"", ""never"", ""said"", ""she"", ""stole"", ""my"", ""money.""]","[1, 0, 0, 0, 0, 0, 0]","[0.9443, 0.0686, 0.0104, 0.0001, 0.0004, 0.0004, 0.0001]","[1, 0, 0, 0, 0, 0, 0]","[0.9443, 0.0686, 0.0104, 0.0001, 0.0004, 0.0004, 0.0001]",7,1,0,i,0.219
7285785586974133509,rep_01,i never said she stole my money,no_explanation,True,4.31,False,I never said she stole my money.,"[""I"", ""never"", ""said"", ""she"", ""stole"", ""my"", ""money.""]","[0, 1, 0, 0, 0, 0, 0]","[0.0032, 0.9957, 0.0037, 0.0002, 0.001, 0.0002, 0.0002]","[0, 1, 0, 0, 0, 0, 0]","[0.0032, 0.9957, 0.0037, 0.0002, 0.001, 0.0002, 0.0002]",7,1,1,never,0.137
7285785586974133509,rep_02,i never said she stole my money,no_explanation,True,3.15,False,I never said she stole my money.,"[""I"", ""never"", ""said"", ""she"", ""stole"", ""my"", ""money.""]","[0, 1, 1, 0, 0, 0, 0]","[0.0151, 0.5177, 0.9997, 0.0, 0.0004, 0.0001, 0.0001]","[0, 1, 1, 0, 0, 0, 0]","[0.0151, 0.5177, 0.9997, 0.0, 0.0004, 0.0001, 0.0001]",7,2,2,said,0.218
7285785586974133509,rep_03,i never said she stole my money,no_explanation,True,3.43,False,I never said she stole my money.,"[""I"", ""never"", ""said"", ""she"", ""stole"", ""my"", ""money.""]","[0, 0, 0, 1, 0, 0, 0]","[0.001, 0.0008, 0.0009, 0.8607, 0.4073, 0.0005, 0.0004]","[0, 0, 0, 1, 0, 0, 0]","[0.001, 0.0008, 0.0009, 0.8607, 0.4073, 0.0005, 0.0004]",7,1,3,she,0.138
7285785586974133509,rep_04,i never said she stole my money,no_explanation,True,3.95,False,I never said she stole my money.,"[""I"", ""never"", ""said"", ""she"", ""stole"", ""my"", ""money.""]","[0, 0, 0, 0, 1, 0, 0]","[0.0034, 0.0173, 0.0028, 0.0308, 0.9995, 0.0003, 0.0003]","[0, 0, 0, 0, 1, 0, 0]","[0.0034, 0.0173, 0.0028, 0.0308, 0.9995, 0.0003, 0.0003]",7,1,4,stole,0.138
7285785586974133509,rep_05,i never said she stole my money,no_explanation,True,3.65,False,I never said she stole my money.,"[""I"", ""never"", ""said"", ""she"", ""stole"", ""my"", ""money.""]","[0, 0, 0, 0, 0, 1, 0]","[0.0017, 0.0046, 0.0017, 0.0119, 0.4192, 0.9802, 0.0397]","[0, 0, 0, 0, 0, 1, 0]","[0.0017, 0.0046, 0.0017, 0.0119, 0.4192, 0.9802, 0.0397]",7,1,5,my,0.136
7285785586974133509,rep_06,i never said she stole my money,no_explanation,True,3.49,False,I never said she stole my money.,"[""I"", ""never"", ""said"", ""she"", ""stole"", ""my"", ""money.""]","[0, 0, 0, 0, 1, 1, 1]","[0.0025, 0.0049, 0.003, 0.0278, 0.6707, 0.916, 0.9997]","[0, 0, 0, 0, 1, 1, 1]","[0.0025, 0.0049, 0.003, 0.0278, 0.6707, 0.916, 0.9997]",7,3,6,money,0.2
7655073094578490644,rep_00,emma wants to travel alone to europe this summer,no_explanation,True,3.79,False,Emma wants to travel alone to Europe this summer.,"[""Emma"", ""wants"", ""to"", ""travel"", ""alone"", ""to"", ""Europe"", ""this"", ""summer.""]","[1, 1, 0, 0, 0, 0, 0, 0, 0]","[0.9813, 0.9734, 0.003, 0.0039, 0.0094, 0.0006, 0.001, 0.0005, 0.0004]","[1, 1, 0, 0, 0, 0, 0, 0, 0]","[0.9813, 0.9734, 0.003, 0.0039, 0.0094, 0.0006, 0.001, 0.0005, 0.0004]",9,2,0,emma,0.148
7655073094578490644,rep_01,emma wants to travel alone to europe this summer,no_explanation,True,4.17,False,Emma wants to travel alone to Europe this summer.,"[""Emma"", ""wants"", ""to"", ""travel"", ""alone"", ""to"", ""Europe"", ""this"", ""summer.""]","[0, 1, 0, 0, 0, 0, 0, 0, 0]","[0.1439, 0.9998, 0.0028, 0.0005, 0.0007, 0.0003, 0.0005, 0.0003, 0.0004]","[0, 1, 0, 0, 0, 0, 0, 0, 0]","[0.1439, 0.9998, 0.0028, 0.0005, 0.0007, 0.0003, 0.0005, 0.0003, 0.0004]",9,1,1,wants,0.151
7655073094578490644,rep_02,emma wants to travel alone to europe this summer,no_explanation,True,4.01,False,Emma wants to travel alone to Europe this summer.,"[""Emma"", ""wants"", ""to"", ""travel"", ""alone"", ""to"", ""Europe"", ""this"", ""summer.""]","[1, 0, 0, 1, 1, 0, 0, 0, 0]","[0.591, 0.0286, 0.0233, 0.5242, 0.9978, 0.0041, 0.0029, 0.0012, 0.0018]","[1, 0, 0, 1, 1, 0, 0, 0, 0]","[0.591, 0.0286, 0.0233, 0.5242, 0.9978, 0.0041, 0.0029, 0.0012, 0.0018]",9,3,4,alone,0.486
7655073094578490644,rep_03,emma wants to travel alone to europe this summer,no_explanation,True,3.75,False,Emma wants to travel alone to Europe this summer.,"[""Emma"", ""wants"", ""to"", ""travel"", ""alone"", ""to"", ""Europe"", ""this"", ""summer.""]","[0, 0, 0, 0, 0, 1, 1, 0, 0]","[0.4251, 0.0242, 0.016, 0.059, 0.4487, 0.5819, 0.9994, 0.04, 0.0158]","[0, 0, 0, 0, 0, 1, 1, 0, 0]","[0.4251, 0.0242, 0.016, 0.059, 0.4487, 0.5819, 0.9994, 0.04, 0.0158]",9,2,6,europe,0.147
7655073094578490644,rep_04,emma wants to travel alone to europe this summer,no_explanation,True,3.69,False,Emma wants to travel alone to Europe this summer.,"[""Emma"", ""wants"", ""to"", ""travel"", ""alone"", ""to"", ""Europe"", ""this"", ""summer.""]","[0, 0, 0, 0, 0, 0, 0, 1, 1]","[0.0456, 0.0129, 0.0051, 0.0094, 0.0668, 0.0174, 0.0929, 0.875, 0.9939]","[0, 0, 0, 0, 0, 0, 0, 1, 1]","[0.0456, 0.0129, 0.0051, 0.0094, 0.0668, 0.0174, 0.0929, 0.875, 0.9939]",9,2,8,summer,0.147
7655073094578490644,rep_05,emma wants to travel alone to europe this summer,no_explanation,False,1.25,False,Europe this summer.,"[""Europe"", ""this"", ""summer.""]","[0, 0, 1]","[0.0375, 0.1378, 0.6317]","[0, 0, 0, 0, 0, 0, 0, 0, 1]","[0, 0, 0, 0, 0, 0, 0.0375, 0.1378, 0.6317]",3,1,8,summer,0.112
7608585563586710804,rep_00,i didn't eat your pizza i,spoken_explanation,True,2.37,False,I didn't eat your pizza.,"[""I"", ""didn't"", ""eat"", ""your"", ""pizza.""]","[0, 0, 0, 0, 0]","[0.0064, 0.0382, 0.002, 0.0055, 0.0217]","[0, 0, 0, 0, 0, 0]","[0.0064, 0.0382, 0.002, 0.0055, 0.0217, 0]",5,0,1,didn't,0.13
7608585563586710804,rep_01,i didn't eat your pizza i,spoken_explanation,True,2.13,False,I didn't eat your pizza.,"[""I"", ""didn't"", ""eat"", ""your"", ""pizza.""]","[0, 1, 0, 0, 0]","[0.1867, 0.9993, 0.0001, 0.0001, 0.0002]","[0, 1, 0, 0, 0, 0]","[0.1867, 0.9993, 0.0001, 0.0001, 0.0002, 0]",5,1,1,didn't,0.134
7608585563586710804,rep_02,i didn't eat your pizza i,spoken_explanation,True,2.51,False,"I didn't eat your pizza, maybe I gave it","[""I"", ""didn't"", ""eat"", ""your"", ""pizza,"", ""maybe"", ""I"", ""gave"", ""it""]","[0, 0, 1, 0, 0, 0, 0, 0, 0]","[0.0007, 0.0073, 0.9972, 0.0029, 0.0028, 0.0013, 0.0013, 0.0006, 0.0005]","[0, 0, 1, 0, 0, 0]","[0.0007, 0.0073, 0.9972, 0.0029, 0.0028, 0.0013]",6,1,2,eat,0.153
7608585563586710804,rep_03,i didn't eat your pizza i,spoken_explanation,True,2.37,False,I didn't eat your pizza.,"[""I"", ""didn't"", ""eat"", ""your"", ""pizza.""]","[0, 0, 0, 1, 0]","[0.0009, 0.0091, 0.0028, 0.9967, 0.0004]","[0, 0, 0, 1, 0, 0]","[0.0009, 0.0091, 0.0028, 0.9967, 0.0004, 0]",5,1,3,your,0.132
7608585563586710804,rep_04,i didn't eat your pizza i,spoken_explanation,True,1.87,False,I didn't eat your pizza.,"[""I"", ""didn't"", ""eat"", ""your"", ""pizza.""]","[0, 0, 0, 0, 1]","[0.0042, 0.064, 0.0036, 0.2782, 0.9987]","[0, 0, 0, 0, 1, 0]","[0.0042, 0.064, 0.0036, 0.2782, 0.9987, 0]",5,1,4,pizza,0.133
7608585563586710804,rep_05,i didn't eat your pizza i,spoken_explanation,False,2.85,False,"We are now in Lechner-Amun-Hokt-Tesh-D, the Kilmer-Hokt-Tesh-D.","[""We"", ""are"", ""now"", ""in"", ""Lechner-Amun-Hokt-Tesh-D,"", ""the"", ""Kilmer-Hokt-Tesh-D.""]","[0, 0, 0, 0, 1, 0, 0]","[0.0008, 0.0259, 0.0232, 0.0068, 0.7407, 0.0192, 0.2617]","[0, 0, 0, 0, 0, 0]","[0, 0, 0, 0, 0, 0]",0,1,,,0.279
7608585563586710804,rep_06,i didn't eat your pizza i,spoken_explanation,False,2.09,False,with Iron Man and Gummlakullo.,"[""with"", ""Iron"", ""Man"", ""and"", ""Gummlakullo.""]","[0, 0, 0, 0, 0]","[0.0079, 0.1675, 0.2073, 0.1389, 0.4069]","[0, 0, 0, 0, 0, 0]","[0, 0, 0, 0, 0, 0]",0,0,,,0.153
7206603022649036037,rep_00,she didn't take your phone she,spoken_explanation,True,2.23,False,She didn't take your phone.,"[""She"", ""didn't"", ""take"", ""your"", ""phone.""]","[1, 0, 0, 0, 0]","[0.999, 0.0007, 0.0, 0.0, 0.0]","[1, 0, 0, 0, 0, 0]","[0.999, 0.0007, 0.0, 0.0, 0.0, 0]",5,1,0,she,0.211
7206603022649036037,rep_01,she didn't take your phone she,spoken_explanation,True,3.63,False,She didn't take your phone. She is not,"[""She"", ""didn't"", ""take"", ""your"", ""phone."", ""She"", ""is"", ""not""]","[0, 1, 0, 0, 0, 0, 0, 0]","[0.2086, 0.9993, 0.0, 0.0, 0.0, 0.0, 0.0, 0.0]","[0, 1, 0, 0, 0, 0]","[0.2086, 0.9993, 0.0, 0.0, 0.0, 0.0]",6,1,1,didn't,0.15
7206603022649036037,rep_02,she didn't take your phone she,spoken_explanation,True,3.27,False,She didn't take your phone. She,"[""She"", ""didn't"", ""take"", ""your"", ""phone."", ""She""]","[0, 0, 1, 0, 0, 0]","[0.0022, 0.118, 0.9996, 0.0002, 0.0001, 0.0007]","[0, 0, 1, 0, 0, 0]","[0.0022, 0.118, 0.9996, 0.0002, 0.0001, 0.0007]",6,1,2,take,0.14
7206603022649036037,rep_03,she didn't take your phone she,spoken_explanation,True,2.99,False,She didn't take your phone. She took,"[""She"", ""didn't"", ""take"", ""your"", ""phone."", ""She"", ""took""]","[0, 0, 0, 1, 0, 0, 0]","[0.0015, 0.0074, 0.0012, 0.9824, 0.0004, 0.0001, 0.0001]","[0, 0, 0, 1, 0, 0]","[0.0015, 0.0074, 0.0012, 0.9824, 0.0004, 0.0001]",6,1,3,your,0.143
7206603022649036037,rep_04,she didn't take your phone she,spoken_explanation,True,3.75,False,phone. She didn't take your phone. She took,"[""phone."", ""She"", ""didn't"", ""take"", ""your"", ""phone."", ""She"", ""took""]","[0, 0, 0, 0, 1, 1, 0, 0]","[0.0065, 0.0422, 0.2751, 0.0645, 0.8576, 0.9999, 0.001, 0.0023]","[0, 0, 0, 1, 1, 0]","[0.0422, 0.2751, 0.0645, 0.8576, 0.9999, 0.001]",6,2,4,phone,0.156
7660492521906146580,rep_00,rolls i told you to buy a bunch of,no_explanation,True,4.45,False,I chose you to buy a bunch of,"[""I"", ""chose"", ""you"", ""to"", ""buy"", ""a"", ""bunch"", ""of""]","[0, 1, 0, 0, 0, 0, 0, 0]","[0.0363, 0.6567, 0.4113, 0.004, 0.0005, 0.0009, 0.0013, 0.007]","[0, 0, 1, 0, 0, 0, 0, 0, 0]","[0, 0.0363, 0.6567, 0.4113, 0.004, 0.0005, 0.0009, 0.0013, 0.007]",8,1,2,told,0.138
7660492521906146580,rep_01,rolls i told you to buy a bunch of,no_explanation,True,4.07,False,I told you to buy a bunch of restaurants,"[""I"", ""told"", ""you"", ""to"", ""buy"", ""a"", ""bunch"", ""of"", ""restaurants""]","[0, 0, 0, 0, 1, 0, 0, 0, 0]","[0.0043, 0.0286, 0.0295, 0.0051, 0.9893, 0.0008, 0.0007, 0.0005, 0.0004]","[0, 0, 0, 0, 0, 1, 0, 0, 0]","[0, 0.0043, 0.0286, 0.0295, 0.0051, 0.9893, 0.0008, 0.0007, 0.0005]",8,1,5,buy,0.14
7660492521906146580,rep_02,rolls i told you to buy a bunch of,no_explanation,True,8.33,False,restaurants. I told you to buy a bunch of restaurants,"[""restaurants."", ""I"", ""told"", ""you"", ""to"", ""buy"", ""a"", ""bunch"", ""of"", ""restaurants""]","[0, 0, 0, 0, 0, 0, 0, 1, 0, 0]","[0.0058, 0.0214, 0.0962, 0.0329, 0.0128, 0.0478, 0.1301, 0.9963, 0.3176, 0.3113]","[0, 0, 0, 0, 0, 0, 0, 1, 0]","[0.0058, 0.0214, 0.0962, 0.0329, 0.0128, 0.0478, 0.1301, 0.9963, 0.3176]",9,1,7,bunch,0.157
7660492521906146580,rep_03,rolls i told you to buy a bunch of,no_explanation,False,10.03,False,I told you to buy a bunch of,"[""I"", ""told"", ""you"", ""to"", ""buy"", ""a"", ""bunch"", ""of""]","[0, 0, 0, 0, 0, 0, 0, 1]","[0.0128, 0.091, 0.1016, 0.0258, 0.0164, 0.176, 0.1783, 0.519]","[0, 0, 0, 0, 0, 0, 0, 0, 1]","[0, 0.0128, 0.091, 0.1016, 0.0258, 0.0164, 0.176, 0.1783, 0.519]",8,1,8,of,0.139
7660492521906146580,rep_04,rolls i told you to buy a bunch of,no_explanation,False,8.19,False,process. I told you to buy the bunch of red,"[""process."", ""I"", ""told"", ""you"", ""to"", ""buy"", ""the"", ""bunch"", ""of"", ""red""]","[0, 0, 0, 0, 0, 0, 0, 0, 0, 0]","[0.0165, 0.0065, 0.0596, 0.0152, 0.0069, 0.0081, 0.0332, 0.0164, 0.2229, 0.0748]","[0, 0, 0, 0, 0, 0, 0, 0, 0]","[0.0165, 0.0065, 0.0596, 0.0152, 0.0069, 0.0081, 0.0332, 0.0164, 0.2229]",9,0,8,of,0.429
7660492521906146580,rep_05,rolls i told you to buy a bunch of,no_explanation,False,3.93,False,Roses!,"[""Roses!""]",[0],[0.2676],"[0, 0, 0, 0, 0, 0, 0, 0, 0]","[0, 0, 0, 0, 0, 0, 0, 0, 0]",0,0,,,0.103
9rbnSTRTF-Y,rep_07,we put stress on,spoken_explanation,True,3.13,False,We put stress on the surface.,"[""We"", ""put"", ""stress"", ""on"", ""the"", ""surface.""]","[0, 0, 0, 0, 0, 0]","[0.0064, 0.0644, 0.0048, 0.0032, 0.0052, 0.0037]","[0, 0, 0, 0]","[0.0064, 0.0644, 0.0048, 0.0032]",4,0,1,put,0.527
9rbnSTRTF-Y,rep_08,we put stress on,spoken_explanation,True,2.51,False,We push stress on,"[""We"", ""push"", ""stress"", ""on""]","[0, 0, 0, 0]","[0.3133, 0.1312, 0.003, 0.0012]","[0, 0, 0, 0]","[0.3133, 0.1312, 0.003, 0.0012]",4,0,0,we,0.113
9rbnSTRTF-Y,rep_09,we put stress on,spoken_explanation,True,1.93,False,We usually put stress on.,"[""We"", ""usually"", ""put"", ""stress"", ""on.""]","[0, 0, 0, 0, 0]","[0.0055, 0.3436, 0.0006, 0.0002, 0.0009]","[0, 0, 0, 0]","[0.0055, 0.0006, 0.0002, 0.0009]",4,0,0,we,0.125
9rbnSTRTF-Y,rep_10,we put stress on,spoken_explanation,True,1.79,False,We push it on a second,"[""We"", ""push"", ""it"", ""on"", ""a"", ""second""]","[0, 0, 0, 0, 0, 0]","[0.0011, 0.0027, 0.0005, 0.0001, 0.0009, 0.0016]","[0, 0, 0, 0]","[0.0011, 0.0027, 0.0005, 0.0001]",4,0,1,put,0.122
9rbnSTRTF-Y,rep_11,we put stress on,spoken_explanation,True,1.81,False,We put stress on us.,"[""We"", ""put"", ""stress"", ""on"", ""us.""]","[0, 0, 0, 0, 0]","[0.0328, 0.1814, 0.0008, 0.0007, 0.002]","[0, 0, 0, 0]","[0.0328, 0.1814, 0.0008, 0.0007]",4,0,1,put,0.13
9rbnSTRTF-Y,rep_12,we put stress on,spoken_explanation,True,1.43,False,We put stress on the body.,"[""We"", ""put"", ""stress"", ""on"", ""the"", ""body.""]","[0, 0, 0, 0, 0, 0]","[0.0156, 0.0225, 0.0008, 0.0002, 0.001, 0.0009]","[0, 0, 0, 0]","[0.0156, 0.0225, 0.0008, 0.0002]",4,0,1,put,0.135
9rbnSTRTF-Y,rep_13,we put stress on,spoken_explanation,True,1.35,False,So we put stress on look.,"[""So"", ""we"", ""put"", ""stress"", ""on"", ""look.""]","[0, 0, 0, 0, 0, 0]","[0.0019, 0.0042, 0.0578, 0.0088, 0.0126, 0.1438]","[0, 0, 0, 0]","[0.0042, 0.0578, 0.0088, 0.0126]",4,0,1,put,0.133
9rbnSTRTF-Y,rep_14,we put stress on,spoken_explanation,True,1.63,False,"case, we put stress on the","[""case,"", ""we"", ""put"", ""stress"", ""on"", ""the""]","[0, 0, 0, 0, 0, 0]","[0.0056, 0.0153, 0.0468, 0.016, 0.0026, 0.0118]","[0, 0, 0, 0]","[0.0153, 0.0468, 0.016, 0.0026]",4,0,1,put,0.407
1QR3zLzrqfI,rep_06,she ordered a cake,spoken_explanation,True,2.63,False,She ordered a cake?,"[""She"", ""ordered"", ""a"", ""cake?""]","[0, 0, 0, 1]","[0.3865, 0.004, 0.0763, 0.9989]","[0, 0, 0, 1]","[0.3865, 0.004, 0.0763, 0.9989]",4,1,3,cake,0.117
U30_A9xmFL8,rep_10,i never said you stole my money i,spoken_explanation,True,3.23,False,I never said you sold my money.,"[""I"", ""never"", ""said"", ""you"", ""sold"", ""my"", ""money.""]","[0, 0, 0, 0, 1, 1, 1]","[0.0078, 0.0452, 0.0042, 0.0299, 0.7185, 0.9198, 0.9997]","[0, 0, 0, 0, 1, 1, 1, 0]","[0.0078, 0.0452, 0.0042, 0.0299, 0.7185, 0.9198, 0.9997, 0]",7,3,6,money,0.133
S5f0FKhPax0,rep_05,i want you to,spoken_explanation,True,0.81,False,Now I want you to try to,"[""Now"", ""I"", ""want"", ""you"", ""to"", ""try"", ""to""]","[0, 0, 0, 0, 0, 0, 0]","[0.0042, 0.0059, 0.0394, 0.0261, 0.028, 0.1257, 0.1165]","[0, 0, 0, 0]","[0.0059, 0.0394, 0.0261, 0.028]",4,0,1,want,0.131
S5f0FKhPax0,rep_06,i want you to,spoken_explanation,True,1.25,False,I want you to try to,"[""I"", ""want"", ""you"", ""to"", ""try"", ""to""]","[0, 0, 0, 0, 0, 0]","[0.0049, 0.009, 0.0114, 0.0084, 0.0253, 0.0354]","[0, 0, 0, 0]","[0.0049, 0.009, 0.0114, 0.0084]",4,0,2,you,0.125
uc8AgRPyFe8,rep_05,i have the word,spoken_explanation,True,1.21,False,"Well, now I have the word.","[""Well,"", ""now"", ""I"", ""have"", ""the"", ""word.""]","[0, 1, 0, 0, 0, 1]","[0.2069, 0.9694, 0.0984, 0.1525, 0.4855, 0.914]","[0, 0, 0, 1]","[0.0984, 0.1525, 0.4855, 0.914]",4,2,3,word,0.137
fhhV1N2XJtg,rep_05,never said she stole my money if the,spoken_explanation,False,3.47,False,I never said she stole my money. I never,"[""I"", ""never"", ""said"", ""she"", ""stole"", ""my"", ""money."", ""I"", ""never""]","[0, 0, 0, 0, 1, 1, 0, 0, 0]","[0.0008, 0.0046, 0.0079, 0.0574, 0.5227, 0.9959, 0.0134, 0.0006, 0.0013]","[0, 0, 0, 1, 1, 0, 0, 0]","[0.0046, 0.0079, 0.0574, 0.5227, 0.9959, 0.0134, 0.0006, 0.0013]",8,2,4,my,0.418
fhhV1N2XJtg,rep_06,never said she stole my money if the,spoken_explanation,False,3.31,False,and never says she stole my money.,"[""and"", ""never"", ""says"", ""she"", ""stole"", ""my"", ""money.""]","[0, 0, 0, 0, 0, 1, 1]","[0.0005, 0.007, 0.0128, 0.007, 0.055, 0.9706, 0.9977]","[0, 0, 0, 0, 1, 1, 0, 0]","[0.007, 0.0128, 0.007, 0.055, 0.9706, 0.9977, 0, 0]",6,2,5,money,0.136
pGE2PZPqkyU,rep_04,heads up heads down heads up heads down,no_explanation,True,9.57,False,Heads up! Heads down. Heads up.,"[""Heads"", ""up!"", ""Heads"", ""down."", ""Heads"", ""up.""]","[0, 1, 0, 0, 0, 0]","[0.115, 0.8983, 0.0413, 0.2641, 0.1447, 0.2029]","[0, 1, 0, 0, 0, 0, 0, 0]","[0.115, 0.8983, 0.0413, 0.2641, 0.1447, 0.2029, 0, 0]",6,1,1,up,0.144
pGE2PZPqkyU,rep_05,heads up heads down heads up heads down,no_explanation,True,8.31,False,Heads up! Heads out! Heads up!,"[""Heads"", ""up!"", ""Heads"", ""out!"", ""Heads"", ""up!""]","[0, 0, 0, 1, 0, 0]","[0.0046, 0.3149, 0.1277, 0.6944, 0.0992, 0.0531]","[0, 0, 0, 1, 0, 0, 0, 0]","[0.0046, 0.3149, 0.1277, 0.6944, 0.0992, 0.0531, 0, 0]",6,1,3,down,0.143
k8k_rNTDjJM,rep_04,who then turned out 15 years later to be,spoken_explanation,True,2.47,False,who then turned out 15 years later to be the leader of the,"[""who"", ""then"", ""turned"", ""out"", ""15"", ""years"", ""later"", ""to"", ""be"", ""the"", ""leader"", ""of"", ""the""]","[0, 0, 0, 0, 0, 0, 0, 0, 0, 0, 0, 0, 0]","[0.0111, 0.0066, 0.0284, 0.0967, 0.1564, 0.2908, 0.2075, 0.0118, 0.0011, 0.0007, 0.0008, 0.0012, 0.0029]","[0, 0, 0, 0, 0, 0, 0, 0, 0]","[0.0111, 0.0066, 0.0284, 0.0967, 0.1564, 0.2908, 0.2075, 0.0118, 0.0011]",9,0,5,years,0.177
m0SstuhI79A,rep_04,say those three words,spoken_explanation,True,1.15,False,You can also say those three words,"[""You"", ""can"", ""also"", ""say"", ""those"", ""three"", ""words""]","[0, 0, 0, 0, 0, 1, 0]","[0.0056, 0.0187, 0.0404, 0.0952, 0.0622, 0.5172, 0.054]","[0, 0, 1, 0]","[0.0952, 0.0622, 0.5172, 0.054]",4,1,2,three,0.132
m0SstuhI79A,rep_05,say those three words,spoken_explanation,True,1.49,False,could also say those three words with,"[""could"", ""also"", ""say"", ""those"", ""three"", ""words"", ""with""]","[0, 0, 0, 0, 0, 0, 0]","[0.0043, 0.066, 0.004, 0.0057, 0.0167, 0.0064, 0.0022]","[0, 0, 0, 0]","[0.004, 0.0057, 0.0167, 0.0064]",4,0,2,three,0.133
31kPZRHD6CI,rep_04,the end of words,spoken_explanation,True,1.27,False,at the end of words.,"[""at"", ""the"", ""end"", ""of"", ""words.""]","[0, 0, 0, 0, 0]","[0.0581, 0.0238, 0.016, 0.0051, 0.0267]","[0, 0, 0, 0]","[0.0238, 0.016, 0.0051, 0.0267]",4,0,3,words,0.129
uRdFtrv2yGA,rep_07,do daily deeds diligently,spoken_explanation,False,1.63,False,Doo-doo-dee-dee-dee-dee-dee,"[""Doo-doo-dee-dee-dee-dee-dee""]",[1],[0.8706],"[0, 0, 0, 0]","[0, 0, 0, 0]",0,1,,,0.205
2jCAlyNj0Mk,rep_05,in the y direction,spoken_explanation,True,0.99,False,axis or in the y-direction.,"[""axis"", ""or"", ""in"", ""the"", ""y-direction.""]","[0, 0, 0, 0, 1]","[0.0989, 0.0361, 0.0583, 0.1693, 0.9674]","[0, 0, 0, 0]","[0.0583, 0.1693, 0, 0]",2,1,1,the,0.137
2jCAlyNj0Mk,rep_06,in the y direction,spoken_explanation,True,1.97,False,6 in the X direction.,"[""6"", ""in"", ""the"", ""X"", ""direction.""]","[0, 1, 0, 1, 1]","[0.4908, 0.6679, 0.4719, 0.958, 0.9589]","[1, 0, 1, 1]","[0.6679, 0.4719, 0.958, 0.9589]",4,3,3,direction,0.195
2jCAlyNj0Mk,rep_07,in the y direction,spoken_explanation,True,1.07,False,9 in the y direction.,"[""9"", ""in"", ""the"", ""y"", ""direction.""]","[0, 0, 0, 0, 0]","[0.0163, 0.0157, 0.0481, 0.3667, 0.0729]","[0, 0, 0, 0]","[0.0157, 0.0481, 0.3667, 0.0729]",4,0,2,y,0.126
2jCAlyNj0Mk,rep_08,in the y direction,spoken_explanation,True,1.33,False,change in the X direction,"[""change"", ""in"", ""the"", ""X"", ""direction""]","[0, 0, 0, 1, 1]","[0.0667, 0.0421, 0.1456, 0.9832, 0.9528]","[0, 0, 1, 1]","[0.0421, 0.1456, 0.9832, 0.9528]",4,2,2,y,0.196
2jCAlyNj0Mk,rep_09,in the y direction,spoken_explanation,True,1.53,False,"change in the Y direction,","[""change"", ""in"", ""the"", ""Y"", ""direction,""]","[0, 0, 0, 1, 1]","[0.2093, 0.0666, 0.2474, 0.9834, 0.9572]","[0, 0, 1, 1]","[0.0666, 0.2474, 0.9834, 0.9572]",4,2,2,y,0.126
K0hRJWN9O9c,rep_05,for her brother bob we also need a small plastic snake and a big toy frog for the,spoken_explanation,False,7.69,False,We also need a small plastic snake and a big toy frog for the kids.,"[""We"", ""also"", ""need"", ""a"", ""small"", ""plastic"", ""snake"", ""and"", ""a"", ""big"", ""toy"", ""frog"", ""for"", ""the"", ""kids.""]","[0, 0, 0, 0, 0, 0, 0, 0, 0, 0, 0, 0, 0, 0, 0]","[0.0041, 0.0323, 0.0006, 0.0017, 0.0047, 0.0053, 0.0029, 0.0079, 0.0388, 0.0464, 0.0429, 0.0752, 0.0036, 0.0059, 0.0304]","[0, 0, 0, 0, 0, 0, 0, 0, 0, 0, 0, 0, 0, 0, 0, 0, 0, 0]","[0, 0, 0, 0, 0.0041, 0.0323, 0.0006, 0.0017, 0.0047, 0.0053, 0.0029, 0.0079, 0.0388, 0.0464, 0.0429, 0.0752, 0.0036, 0.0059]",14,0,15,frog,0.188
lAvmL_fBXAo,rep_04,on the first syllable,spoken_explanation,True,1.41,False,dress on a fur sailboat.,"[""dress"", ""on"", ""a"", ""fur"", ""sailboat.""]","[0, 0, 0, 0, 1]","[0.0529, 0.0054, 0.0455, 0.1428, 0.63]","[0, 0, 0, 1]","[0.0054, 0.0455, 0.1428, 0.63]",4,1,3,syllable,0.209
lAvmL_fBXAo,rep_05,on the first syllable,spoken_explanation,True,1.83,False,So stress on the first syllable.,"[""So"", ""stress"", ""on"", ""the"", ""first"", ""syllable.""]","[0, 0, 0, 0, 1, 1]","[0.0145, 0.038, 0.0945, 0.2968, 0.9893, 0.9202]","[0, 0, 1, 1]","[0.0945, 0.2968, 0.9893, 0.9202]",4,2,2,first,0.137
lAvmL_fBXAo,rep_06,on the first syllable,spoken_explanation,True,1.75,False,the verb on the second syllable.,"[""the"", ""verb"", ""on"", ""the"", ""second"", ""syllable.""]","[0, 0, 0, 0, 0, 0]","[0.0302, 0.3348, 0.0004, 0.0006, 0.0004, 0.0029]","[0, 0, 0, 0]","[0.0004, 0.0006, 0.0004, 0.0029]",4,0,3,syllable,0.136
cDVrZ-T7r0g,rep_04,not going to recommend,no_explanation,True,1.97,False,any of that. I'm going to recommend,"[""any"", ""of"", ""that."", ""I'm"", ""going"", ""to"", ""recommend""]","[0, 0, 0, 0, 0, 0, 0]","[0.0615, 0.0228, 0.0371, 0.0269, 0.0094, 0.0201, 0.1457]","[0, 0, 0, 0]","[0, 0.0094, 0.0201, 0.1457]",3,0,3,recommend,0.143
NtGFA7vWjl4,rep_04,we put the emphasis,spoken_explanation,True,1.17,False,where you put the emphasis,"[""where"", ""you"", ""put"", ""the"", ""emphasis""]","[0, 0, 0, 0, 1]","[0.0179, 0.0366, 0.0342, 0.1244, 0.9503]","[0, 0, 0, 1]","[0, 0.0342, 0.1244, 0.9503]",3,1,3,emphasis,0.116
NtGFA7vWjl4,rep_05,we put the emphasis,spoken_explanation,True,1.35,False,And we put the emphasis,"[""And"", ""we"", ""put"", ""the"", ""emphasis""]","[0, 0, 0, 0, 1]","[0.0015, 0.0013, 0.211, 0.0797, 0.9716]","[0, 0, 0, 1]","[0.0013, 0.211, 0.0797, 0.9716]",4,1,3,emphasis,0.121
NtGFA7vWjl4,rep_06,we put the emphasis,spoken_explanation,True,1.13,False,and we put the emphasis here.,"[""and"", ""we"", ""put"", ""the"", ""emphasis"", ""here.""]","[0, 0, 0, 0, 0, 0]","[0.0054, 0.0053, 0.0176, 0.0216, 0.0786, 0.0802]","[0, 0, 0, 0]","[0.0053, 0.0176, 0.0216, 0.0786]",4,0,3,emphasis,0.13
NtGFA7vWjl4,rep_07,we put the emphasis,spoken_explanation,True,1.87,False,We put the emphasis,"[""We"", ""put"", ""the"", ""emphasis""]","[0, 0, 0, 1]","[0.0045, 0.0874, 0.0609, 0.6883]","[0, 0, 0, 1]","[0.0045, 0.0874, 0.0609, 0.6883]",4,1,3,emphasis,0.114
NtGFA7vWjl4,rep_08,we put the emphasis,spoken_explanation,True,1.27,False,But we'll put the emphasis here.,"[""But"", ""we'll"", ""put"", ""the"", ""emphasis"", ""here.""]","[0, 0, 0, 0, 1, 0]","[0.0004, 0.016, 0.0039, 0.0227, 0.8081, 0.3315]","[0, 0, 0, 1]","[0, 0.0039, 0.0227, 0.8081]",3,1,3,emphasis,0.136
NtGFA7vWjl4,rep_09,we put the emphasis,spoken_explanation,True,1.81,False,where we put the emphasis.,"[""where"", ""we"", ""put"", ""the"", ""emphasis.""]","[0, 0, 0, 0, 0]","[0.3671, 0.0069, 0.0017, 0.0354, 0.0407]","[0, 0, 0, 0]","[0.0069, 0.0017, 0.0354, 0.0407]",4,0,3,emphasis,0.126
NtGFA7vWjl4,rep_10,we put the emphasis,spoken_explanation,True,1.35,False,where you put the emphasis,"[""where"", ""you"", ""put"", ""the"", ""emphasis""]","[0, 0, 0, 0, 0]","[0.0383, 0.0349, 0.0081, 0.0192, 0.0434]","[0, 0, 0, 0]","[0, 0.0081, 0.0192, 0.0434]",3,0,3,emphasis,0.29
WMwkhnu72hA,rep_04,i'm so cold i'm,spoken_explanation,True,2.93,False,I'm so cold.,"[""I'm"", ""so"", ""cold.""]","[0, 1, 0]","[0.0026, 0.9152, 0.0029]","[0, 1, 0, 0]","[0.0026, 0.9152, 0.0029, 0]",3,1,1,so,0.118
WMwkhnu72hA,rep_05,i'm so cold i'm,spoken_explanation,True,3.13,False,I'm so cold. I'm not happy.,"[""I'm"", ""so"", ""cold."", ""I'm"", ""not"", ""happy.""]","[0, 0, 1, 0, 0, 0]","[0.0041, 0.0089, 0.6352, 0.0008, 0.0002, 0.001]","[0, 0, 1, 0]","[0.0041, 0.0089, 0.6352, 0.0008]",4,1,2,cold,0.144
7660492521906146580,rep_06,rice rolls i told you to buy a bunch of,no_explanation,False,3.37,False,I'm going to eat my own pangolas,"[""I'm"", ""going"", ""to"", ""eat"", ""my"", ""own"", ""pangolas""]","[0, 0, 0, 0, 0, 0, 0]","[0.071, 0.0495, 0.0139, 0.013, 0.0338, 0.1024, 0.1171]","[0, 0, 0, 0, 0, 0, 0, 0, 0, 0]","[0, 0, 0, 0, 0, 0.0139, 0.013, 0.0338, 0.1024, 0.1171]",5,0,9,of,0.15
7660492521906146580,rep_07,rice rolls i told you to buy a bunch of,no_explanation,False,0.75,False,I had to make,"[""I"", ""had"", ""to"", ""make""]","[0, 0, 0, 0]","[0.0613, 0.0737, 0.0622, 0.183]","[0, 0, 0, 0, 0, 0, 0, 0, 0, 0]","[0, 0, 0.0613, 0, 0, 0.0622, 0, 0, 0, 0]",2,0,5,to,0.113
7660492521906146580,rep_08,rice rolls i told you to buy a bunch of,no_explanation,False,0.75,False,I had to make,"[""I"", ""had"", ""to"", ""make""]","[0, 0, 0, 0]","[0.0613, 0.0737, 0.0622, 0.183]","[0, 0, 0, 0, 0, 0, 0, 0, 0, 0]","[0, 0, 0.0613, 0, 0, 0.0622, 0, 0, 0, 0]",2,0,5,to,0.111
7660492521906146580,rep_09,rice rolls i told you to buy a bunch of,no_explanation,False,0.75,False,I had to make,"[""I"", ""had"", ""to"", ""make""]","[0, 0, 0, 0]","[0.0613, 0.0737, 0.0622, 0.183]","[0, 0, 0, 0, 0, 0, 0, 0, 0, 0]","[0, 0, 0.0613, 0, 0, 0.0622, 0, 0, 0, 0]",2,0,5,to,0.109
7660492521906146580,rep_10,rice rolls i told you to buy a bunch of,no_explanation,False,0.77,False,and I had to make,"[""and"", ""I"", ""had"", ""to"", ""make""]","[0, 0, 0, 0, 0]","[0.0394, 0.0529, 0.0754, 0.0826, 0.2875]","[0, 0, 0, 0, 0, 0, 0, 0, 0, 0]","[0, 0, 0.0529, 0, 0, 0.0826, 0, 0, 0, 0]",2,0,5,to,0.12
7660492521906146580,rep_11,rice rolls i told you to buy a bunch of,no_explanation,False,1.03,False,internet,"[""internet""]",[0],[0.0354],"[0, 0, 0, 0, 0, 0, 0, 0, 0, 0]","[0, 0, 0, 0, 0, 0, 0, 0, 0, 0]",0,0,,,0.094
7660492521906146580,rep_12,rice rolls i told you to buy a bunch of,no_explanation,False,1.29,False,the international,"[""the"", ""international""]","[0, 1]","[0.0624, 0.6362]","[0, 0, 0, 0, 0, 0, 0, 0, 0, 0]","[0, 0, 0, 0, 0, 0, 0, 0, 0, 0]",0,1,,,0.099
7660492521906146580,rep_13,rice rolls i told you to buy a bunch of,no_explanation,False,1.31,False,coordination changes,"[""coordination"", ""changes""]","[1, 0]","[0.5476, 0.1511]","[0, 0, 0, 0, 0, 0, 0, 0, 0, 0]","[0, 0, 0, 0, 0, 0, 0, 0, 0, 0]",0,1,,,0.098
7660492521906146580,rep_14,rice rolls i told you to buy a bunch of,no_explanation,False,3.49,False,and changes meaning.,"[""and"", ""changes"", ""meaning.""]","[0, 0, 0]","[0.2192, 0.3606, 0.4373]","[0, 0, 0, 0, 0, 0, 0, 0, 0, 0]","[0, 0, 0, 0, 0, 0, 0, 0, 0, 0]",0,0,,,0.112
7660492521906146580,rep_15,rice rolls i told you to buy a bunch of,no_explanation,False,0.77,False,!!!!!!!!!!!!!!!!!!!!!!!!!!!!!!!!!!!!!!!!!!!!!!!!!!!!!!!!!!!!!!!!!!!!!!!!!!!!!!!!!!!!!!!!!!!!!!!!!!!!!!!!!!!!!!!!!!!!!!!!!!!!!!!!!!!!!!!!!!!!!!!!!!!!!!!!!!!!!!!!!!!!!!!!!!!!!!!!!!!!!!!!!!!!!!!!!!!!!!!!,"[""!!!!!!!!!!!!!!!!!!!!!!!!!!!!!!!!!!!!!!!!!!!!!!!!!!!!!!!!!!!!!!!!!!!!!!!!!!!!!!!!!!!!!!!!!!!!!!!!!!!!!!!!!!!!!!!!!!!!!!!!!!!!!!!!!!!!!!!!!!!!!!!!!!!!!!!!!!!!!!!!!!!!!!!!!!!!!!!!!!!!!!!!!!!!!!!!!!!!!!!!""]",[0],[NaN],"[0, 0, 0, 0, 0, 0, 0, 0, 0, 0]","[0, 0, 0, 0, 0, 0, 0, 0, 0, 0]",0,0,,,1.241
7660492521906146580,rep_16,rice rolls i told you to buy a bunch of,no_explanation,False,1.79,False,!!!!!!!!!!!!!!!!!!!!!!!!!!!!!!!!!!!!!!!!!!!!!!!!!!!!!!!!!!!!!!!!!!!!!!!!!!!!!!!!!!!!!!!!!!!!!!!!!!!!!!!!!!!!!!!!!!!!!!!!!!!!!!!!!!!!!!!!!!!!!!!!!!!!!!!!!!!!!!!!!!!!!!!!!!!!!!!!!!!!!!!!!!!!!!!!!!!!!!!!,"[""!!!!!!!!!!!!!!!!!!!!!!!!!!!!!!!!!!!!!!!!!!!!!!!!!!!!!!!!!!!!!!!!!!!!!!!!!!!!!!!!!!!!!!!!!!!!!!!!!!!!!!!!!!!!!!!!!!!!!!!!!!!!!!!!!!!!!!!!!!!!!!!!!!!!!!!!!!!!!!!!!!!!!!!!!!!!!!!!!!!!!!!!!!!!!!!!!!!!!!!!""]",[0],[NaN],"[0, 0, 0, 0, 0, 0, 0, 0, 0, 0]","[0, 0, 0, 0, 0, 0, 0, 0, 0, 0]",0,0,,,1.247
7660492521906146580,rep_17,rice rolls i told you to buy a bunch of,no_explanation,False,0.35,False,!!!!!!!!!!!!!!!!!!!!!!!!!!!!!!!!!!!!!!!!!!!!!!!!!!!!!!!!!!!!!!!!!!!!!!!!!!!!!!!!!!!!!!!!!!!!!!!!!!!!!!!!!!!!!!!!!!!!!!!!!!!!!!!!!!!!!!!!!!!!!!!!!!!!!!!!!!!!!!!!!!!!!!!!!!!!!!!!!!!!!!!!!!!!!!!!!!!!!!!!,"[""!!!!!!!!!!!!!!!!!!!!!!!!!!!!!!!!!!!!!!!!!!!!!!!!!!!!!!!!!!!!!!!!!!!!!!!!!!!!!!!!!!!!!!!!!!!!!!!!!!!!!!!!!!!!!!!!!!!!!!!!!!!!!!!!!!!!!!!!!!!!!!!!!!!!!!!!!!!!!!!!!!!!!!!!!!!!!!!!!!!!!!!!!!!!!!!!!!!!!!!!""]",[0],[NaN],"[0, 0, 0, 0, 0, 0, 0, 0, 0, 0]","[0, 0, 0, 0, 0, 0, 0, 0, 0, 0]",0,0,,,1.248
7660492521906146580,rep_18,rice rolls i told you to buy a bunch of,no_explanation,False,0.25,False,!!!!!!!!!!!!!!!!!!!!!!!!!!!!!!!!!!!!!!!!!!!!!!!!!!!!!!!!!!!!!!!!!!!!!!!!!!!!!!!!!!!!!!!!!!!!!!!!!!!!!!!!!!!!!!!!!!!!!!!!!!!!!!!!!!!!!!!!!!!!!!!!!!!!!!!!!!!!!!!!!!!!!!!!!!!!!!!!!!!!!!!!!!!!!!!!!!!!!!!!,"[""!!!!!!!!!!!!!!!!!!!!!!!!!!!!!!!!!!!!!!!!!!!!!!!!!!!!!!!!!!!!!!!!!!!!!!!!!!!!!!!!!!!!!!!!!!!!!!!!!!!!!!!!!!!!!!!!!!!!!!!!!!!!!!!!!!!!!!!!!!!!!!!!!!!!!!!!!!!!!!!!!!!!!!!!!!!!!!!!!!!!!!!!!!!!!!!!!!!!!!!!""]",[0],[NaN],"[0, 0, 0, 0, 0, 0, 0, 0, 0, 0]","[0, 0, 0, 0, 0, 0, 0, 0, 0, 0]",0,0,,,1.349
7660492521906146580,rep_19,rice rolls i told you to buy a bunch of,no_explanation,False,0.25,False,!!!!!!!!!!!!!!!!!!!!!!!!!!!!!!!!!!!!!!!!!!!!!!!!!!!!!!!!!!!!!!!!!!!!!!!!!!!!!!!!!!!!!!!!!!!!!!!!!!!!!!!!!!!!!!!!!!!!!!!!!!!!!!!!!!!!!!!!!!!!!!!!!!!!!!!!!!!!!!!!!!!!!!!!!!!!!!!!!!!!!!!!!!!!!!!!!!!!!!!!,"[""!!!!!!!!!!!!!!!!!!!!!!!!!!!!!!!!!!!!!!!!!!!!!!!!!!!!!!!!!!!!!!!!!!!!!!!!!!!!!!!!!!!!!!!!!!!!!!!!!!!!!!!!!!!!!!!!!!!!!!!!!!!!!!!!!!!!!!!!!!!!!!!!!!!!!!!!!!!!!!!!!!!!!!!!!!!!!!!!!!!!!!!!!!!!!!!!!!!!!!!!""]",[0],[NaN],"[0, 0, 0, 0, 0, 0, 0, 0, 0, 0]","[0, 0, 0, 0, 0, 0, 0, 0, 0, 0]",0,0,,,1.247
7660492521906146580,rep_20,rice rolls i told you to buy a bunch of,no_explanation,False,0.23,False,!!!!!!!!!!!!!!!!!!!!!!!!!!!!!!!!!!!!!!!!!!!!!!!!!!!!!!!!!!!!!!!!!!!!!!!!!!!!!!!!!!!!!!!!!!!!!!!!!!!!!!!!!!!!!!!!!!!!!!!!!!!!!!!!!!!!!!!!!!!!!!!!!!!!!!!!!!!!!!!!!!!!!!!!!!!!!!!!!!!!!!!!!!!!!!!!!!!!!!!!,"[""!!!!!!!!!!!!!!!!!!!!!!!!!!!!!!!!!!!!!!!!!!!!!!!!!!!!!!!!!!!!!!!!!!!!!!!!!!!!!!!!!!!!!!!!!!!!!!!!!!!!!!!!!!!!!!!!!!!!!!!!!!!!!!!!!!!!!!!!!!!!!!!!!!!!!!!!!!!!!!!!!!!!!!!!!!!!!!!!!!!!!!!!!!!!!!!!!!!!!!!!""]",[0],[NaN],"[0, 0, 0, 0, 0, 0, 0, 0, 0, 0]","[0, 0, 0, 0, 0, 0, 0, 0, 0, 0]",0,0,,,1.346
7660492521906146580,rep_21,rice rolls i told you to buy a bunch of,no_explanation,False,0.23,False,!!!!!!!!!!!!!!!!!!!!!!!!!!!!!!!!!!!!!!!!!!!!!!!!!!!!!!!!!!!!!!!!!!!!!!!!!!!!!!!!!!!!!!!!!!!!!!!!!!!!!!!!!!!!!!!!!!!!!!!!!!!!!!!!!!!!!!!!!!!!!!!!!!!!!!!!!!!!!!!!!!!!!!!!!!!!!!!!!!!!!!!!!!!!!!!!!!!!!!!!,"[""!!!!!!!!!!!!!!!!!!!!!!!!!!!!!!!!!!!!!!!!!!!!!!!!!!!!!!!!!!!!!!!!!!!!!!!!!!!!!!!!!!!!!!!!!!!!!!!!!!!!!!!!!!!!!!!!!!!!!!!!!!!!!!!!!!!!!!!!!!!!!!!!!!!!!!!!!!!!!!!!!!!!!!!!!!!!!!!!!!!!!!!!!!!!!!!!!!!!!!!!""]",[0],[NaN],"[0, 0, 0, 0, 0, 0, 0, 0, 0, 0]","[0, 0, 0, 0, 0, 0, 0, 0, 0, 0]",0,0,,,1.243
7660492521906146580,rep_22,rice rolls i told you to buy a bunch of,no_explanation,False,0.23,False,!!!!!!!!!!!!!!!!!!!!!!!!!!!!!!!!!!!!!!!!!!!!!!!!!!!!!!!!!!!!!!!!!!!!!!!!!!!!!!!!!!!!!!!!!!!!!!!!!!!!!!!!!!!!!!!!!!!!!!!!!!!!!!!!!!!!!!!!!!!!!!!!!!!!!!!!!!!!!!!!!!!!!!!!!!!!!!!!!!!!!!!!!!!!!!!!!!!!!!!!,"[""!!!!!!!!!!!!!!!!!!!!!!!!!!!!!!!!!!!!!!!!!!!!!!!!!!!!!!!!!!!!!!!!!!!!!!!!!!!!!!!!!!!!!!!!!!!!!!!!!!!!!!!!!!!!!!!!!!!!!!!!!!!!!!!!!!!!!!!!!!!!!!!!!!!!!!!!!!!!!!!!!!!!!!!!!!!!!!!!!!!!!!!!!!!!!!!!!!!!!!!!""]",[0],[NaN],"[0, 0, 0, 0, 0, 0, 0, 0, 0, 0]","[0, 0, 0, 0, 0, 0, 0, 0, 0, 0]",0,0,,,1.246
7660492521906146580,rep_23,rice rolls i told you to buy a bunch of,no_explanation,False,0.23,False,!!!!!!!!!!!!!!!!!!!!!!!!!!!!!!!!!!!!!!!!!!!!!!!!!!!!!!!!!!!!!!!!!!!!!!!!!!!!!!!!!!!!!!!!!!!!!!!!!!!!!!!!!!!!!!!!!!!!!!!!!!!!!!!!!!!!!!!!!!!!!!!!!!!!!!!!!!!!!!!!!!!!!!!!!!!!!!!!!!!!!!!!!!!!!!!!!!!!!!!!,"[""!!!!!!!!!!!!!!!!!!!!!!!!!!!!!!!!!!!!!!!!!!!!!!!!!!!!!!!!!!!!!!!!!!!!!!!!!!!!!!!!!!!!!!!!!!!!!!!!!!!!!!!!!!!!!!!!!!!!!!!!!!!!!!!!!!!!!!!!!!!!!!!!!!!!!!!!!!!!!!!!!!!!!!!!!!!!!!!!!!!!!!!!!!!!!!!!!!!!!!!!""]",[0],[NaN],"[0, 0, 0, 0, 0, 0, 0, 0, 0, 0]","[0, 0, 0, 0, 0, 0, 0, 0, 0, 0]",0,0,,,1.242
7660492521906146580,rep_24,rice rolls i told you to buy a bunch of,no_explanation,False,0.23,False,!!!!!!!!!!!!!!!!!!!!!!!!!!!!!!!!!!!!!!!!!!!!!!!!!!!!!!!!!!!!!!!!!!!!!!!!!!!!!!!!!!!!!!!!!!!!!!!!!!!!!!!!!!!!!!!!!!!!!!!!!!!!!!!!!!!!!!!!!!!!!!!!!!!!!!!!!!!!!!!!!!!!!!!!!!!!!!!!!!!!!!!!!!!!!!!!!!!!!!!!,"[""!!!!!!!!!!!!!!!!!!!!!!!!!!!!!!!!!!!!!!!!!!!!!!!!!!!!!!!!!!!!!!!!!!!!!!!!!!!!!!!!!!!!!!!!!!!!!!!!!!!!!!!!!!!!!!!!!!!!!!!!!!!!!!!!!!!!!!!!!!!!!!!!!!!!!!!!!!!!!!!!!!!!!!!!!!!!!!!!!!!!!!!!!!!!!!!!!!!!!!!!""]",[0],[NaN],"[0, 0, 0, 0, 0, 0, 0, 0, 0, 0]","[0, 0, 0, 0, 0, 0, 0, 0, 0, 0]",0,0,,,1.247
