meeting,block_id,votes,of,models_voting_yes,speaker,start,text_snippet
"City Council Budget Hearing - November 18, 2025 [W6aSdOttjPk]",56,1,5,gemma-4-4b,SPEAKER_00,1695.52,campbell thank you very much and the memo that you provided to council laying this out ahead of time was extremely helpful i wanted to go back to that second projection slide and just to be clear about what is projected on there and what isn't projected on there so you mentioned um it assumes no own
"City Council Budget Hearing - November 18, 2025 [W6aSdOttjPk]",58,3,5,gemma-4-4b;ministral-8b;phi-4,SPEAKER_00,1732.58,thank you council president counselor med uh thank you mr vice president thank you uh director Campbell. My question is given that there was a structural deficit in the general fund even after home rule I appreciate the projections. I do have some concerns about like the sustainability of the elimin
"City Council Budget Hearing - November 18, 2025 [W6aSdOttjPk]",60,1,5,phi-4,SPEAKER_00,1796.66,needs to be needs to be worked with and thank you and also my other question was what the 2007 bond paying that off do we not have the debt service to take on do
"City Council Budget Hearing - November 18, 2025 [W6aSdOttjPk]",63,1,5,phi-4,UNKNOWN,1994.55,general fund so if we have that there's also a little bit more flexibility with the water fund as well great Thank You councillor Hirsch Thank You council vice president thank you director Campbell for the presentation my
"City Council Budget Hearing - November 18, 2025 [W6aSdOttjPk]",64,2,5,gemma-4-4b;phi-4,SPEAKER_00,2009.87,question is around the areas of focus for cost savings that you mentioned so deployment health care focusing on cutting costs their debt elimination and the deployment of you know technologies that might save us cost over the long
"City Council Budget Hearing - November 18, 2025 [W6aSdOttjPk]",65,2,5,gemma-4-4b;phi-4,UNKNOWN,2027.32,term my question is just is there any sense of what those savings are going to mean year over year and then in the long run of this projection that we're
"City Council Budget Hearing - November 18, 2025 [W6aSdOttjPk]",66,1,5,phi-4,SPEAKER_00,2039.5,looking at here and I know that I'm sure a lot of that is kind of nebulous like
"City Council Budget Hearing - November 18, 2025 [W6aSdOttjPk]",67,1,5,phi-4,UNKNOWN,2049.4,it's hard to know exactly what savings will come from like some of these investments that we're making but is there any general sense because I think as we're looking at this projection and we're thinking about to what extent do
"City Council Budget Hearing - November 18, 2025 [W6aSdOttjPk]",68,1,5,phi-4,SPEAKER_00,2063.85,we balance strengthening the position of the water fund by reducing the transfer from there to the general fund versus this picture here where we would you know see deficits in the future yeah I mean I don't have numbers with me tonight I will say we have not included these cost savings in these pro
"City Council Budget Hearing - November 18, 2025 [W6aSdOttjPk]",75,3,5,gemma-4-4b;ministral-8b;phi-4,UNKNOWN,2203.44,cost savings going to be you know ten million dollars over the next ten years is it gonna be 20 is it gonna be 30 I don't know I'm not sure that I could say it would be 30 million over the next 10 years be quite impressive but the reason
"City Council Budget Hearing - November 18, 2025 [W6aSdOttjPk]",76,2,5,ministral-8b;phi-4,SPEAKER_00,2225.5,"I guess I'm asking that question is just because I'm looking at you know 2035 we're saying the fund balance would be negative 54 and again, this is assuming no water transfer This is assuming, you know, none of these cost savings that we would realize it might be conservatively estimating Revenue gr"
"City Council Budget Hearing - November 18, 2025 [W6aSdOttjPk]",77,2,5,ministral-8b;phi-4,UNKNOWN,2262.12,dollars that year you'd want it to be somewhere in the ballpark of 15 to 20 million so how do we get 70 million dollars over the next 10 years outside of the assumptions that are baked into
"City Council Budget Hearing - November 18, 2025 [W6aSdOttjPk]",90,2,5,gemma-4-4b;phi-4,SPEAKER_00,2807.1,lot of assumptions it is still a 28.5 million dollar flip in a 60 70 million dollar uh general fund budget in in 12 months um i guess my questions oh and what one more um i guess this is a question for confirmation i recall in previous years director hopkins saying that the reason we make these tran
"City Council Budget Hearing - November 18, 2025 [W6aSdOttjPk]",91,1,5,phi-4,UNKNOWN,2870.74,number one how does the um rate case play into these considerations can the city make the case to the puc that look we have this debt we have this infrastructure we have to build we should
"City Council Budget Hearing - November 18, 2025 [W6aSdOttjPk]",92,1,5,phi-4,SPEAKER_00,2885.54,be able to ask outside city rate payers to pay a little bit more and then continue this this transfer rather than hit the general fund and second question did i understand correctly that we are planning additional borrowing uh to fund water improvements and uh is the condition of the
"City Council Budget Hearing - November 18, 2025 [W6aSdOttjPk]",102,1,5,gemma-4-4b,SPEAKER_00,2992.24,really closely as well because that then also affects interest rates yeah I think part of this Tim is that yes we have known that the water fund is needed and if you talk to the other director Campbell and he like this has been a sore a source of much consternation this this four million dollar tran
"City Council Budget Hearing - November 18, 2025 [W6aSdOttjPk]",114,1,5,qwen3.5-9b-q6,SPEAKER_00,3284.34,mr. president public comment Amos thoughts who is one or block of South
"City Council Budget Hearing - November 18, 2025 [W6aSdOttjPk]",116,1,5,qwen3.5-9b-q6,SPEAKER_00,3297.76,have to uh remind me uh so i think in the in the police budget they were trying to get up to the 128 staff members and we're at 110 i think it's about 105 right now 105. so you know i mean and
"City Council Budget Hearing - November 18, 2025 [W6aSdOttjPk]",117,1,5,phi-4,UNKNOWN,3312.8,i also will say like i greatly appreciate these projections i think it allows us to have this conversation uh in a way that we couldn't if you weren't projecting out this for this long so it
"City Council Budget Hearing - November 18, 2025 [W6aSdOttjPk]",118,3,5,gemma-4-4b;ministral-8b;phi-4,SPEAKER_00,3321.44,is very helpful but i'm wondering why are we not considering uh you know kind of a phased approach to trying to get to that 128 number uh with the police department i i work very closely with the police department i'm in the citizen police academy right now i understand that they're understaffed and
"City Council Budget Hearing - November 18, 2025 [W6aSdOttjPk]",119,1,5,phi-4,UNKNOWN,3355.34,isn't looking at more of a phased approach to getting us up to full
"City Council Budget Hearing - November 18, 2025 [W6aSdOttjPk]",120,1,5,ministral-8b,SPEAKER_00,3358.04,staffing with the police department because our overtime budget is out of control whatever we are over eight hundred thousand dollars we're over a million dollars in overtime and that's not sustainable for our team and the hours that staff have been working i don't think it is particularly good for 
"City Council Budget Hearing - November 18, 2025 [W6aSdOttjPk]",168,3,5,gemma-4-4b;qwen3.5-9b-q6;qwen3.5-9b-q8,SPEAKER_00,4350.89,a lot more resources and coordinations we might need supplies technology equipment the events remain the core part of our cities like activation drawing people downtown support
"City Council Budget Hearing - November 18, 2025 [W6aSdOttjPk]",169,2,5,qwen3.5-9b-q6;qwen3.5-9b-q8,UNKNOWN,4362.97,for economic the identity of the city and community pride there's so many residents that we're tracking right now that are coming from the neighborhoods to really celebrate the
"City Council Budget Hearing - November 18, 2025 [W6aSdOttjPk]",170,2,5,qwen3.5-9b-q6;qwen3.5-9b-q8,SPEAKER_00,4372.65,city in the downtown area and the increase in sponsorship requests is primarily tied to activating bins park yule plaza and penn square and making some upgrades across all of our special
"City Council Budget Hearing - November 18, 2025 [W6aSdOttjPk]",171,1,5,phi-4,UNKNOWN,4385.93,event lineup we want our goal is to continue elevating local talent but we also want to
"City Council Budget Hearing - November 18, 2025 [W6aSdOttjPk]",172,1,5,phi-4,SPEAKER_00,4390.97,couple it in and bring in some headline performers into special events in 2026 and we're doing this with a small and mighty team that we're very proud of so the what we're requesting from Council is an addition of one part-time person that wouldn't technically start until the end of once the Welcome
"City Council Budget Hearing - November 18, 2025 [W6aSdOttjPk]",183,1,5,phi-4,UNKNOWN,4631.42,"that's at the state level. And so that's tourism. We were able to apply,"
"City Council Budget Hearing - November 18, 2025 [W6aSdOttjPk]",184,1,5,phi-4,SPEAKER_00,4636.1,"we received funding last year related to NAP. We tested it, and as you can see, there's $18,000. To take that in 2024 from $18,000 and then 2025 to increase it to $200,000 is really the extraordinary opportunity. So leveraging grants, sponsorship, and state funding opportunities is kind of the portf"
"City Council Budget Hearing - November 18, 2025 [W6aSdOttjPk]",185,1,5,phi-4,UNKNOWN,4661.36,"I think we have a lot of opportunity that we've been missing out on, so it'll be exciting to report out on the progress next year. Yeah, I agree. Thank you."
"City Council Budget Hearing - November 18, 2025 [W6aSdOttjPk]",201,1,5,gemma-4-4b,UNKNOWN,4846.24,"So whether we're engaging with our civic engagement programs, who is not at the table,"
"City Council Budget Hearing - November 18, 2025 [W6aSdOttjPk]",204,1,5,gemma-4-4b,SPEAKER_00,4865.98,lancaster residents thank you thank you so much director carasco no further questions thank you thank you any additional questions or comments from council councilor mitt uh thank you mr vice president thank you director carasco for the presentation um what are some ways that we can increase revenue
"City Council Budget Hearing - November 18, 2025 [W6aSdOttjPk]",207,3,5,gemma-4-4b;phi-4;qwen3.5-9b-q6,UNKNOWN,4927.0,more different types of vendors that are selling not only food but can we have
"City Council Budget Hearing - November 18, 2025 [W6aSdOttjPk]",208,2,5,phi-4;qwen3.5-9b-q6,SPEAKER_00,4931.7,cultural items also represented there that's one of the things we're also one
"City Council Budget Hearing - November 18, 2025 [W6aSdOttjPk]",209,2,5,phi-4;qwen3.5-9b-q6,UNKNOWN,4937.28,of the areas is related to permitting for vendors that are selling alcohol and
"City Council Budget Hearing - November 18, 2025 [W6aSdOttjPk]",212,1,5,gemma-4-4b,SPEAKER_00,4961.34,there's a couple of things that we can tweak that will continue to build but the easiest thing is getting more vendors there and we have the space for that and so that's really like the easiest thing like how can we invite more people and to increase those revenues thank you and that concludes my qu
"City Council Budget Hearing - November 18, 2025 [W6aSdOttjPk]",213,1,5,ministral-8b,UNKNOWN,5070.32,increased travel and conference budget like what types of things are do you you have in mind or would you recommend for incoming new mayor and why is that
"City Council Budget Hearing - November 18, 2025 [W6aSdOttjPk]",216,1,5,ministral-8b,SPEAKER_00,5146.34,Municipal League in which the future you know the mayor-elect Arroyo can decide
"City Council Budget Hearing - November 18, 2025 [W6aSdOttjPk]",217,1,5,ministral-8b,UNKNOWN,5152.8,if they want to continue if he wants to continue to participate in that I did
"City Council Budget Hearing - November 18, 2025 [W6aSdOttjPk]",223,3,5,phi-4;qwen3.5-9b-q6;qwen3.5-9b-q8,UNKNOWN,5448.02,the budget needs as as much you know kicking the tires looking under the hood
"City Council Budget Hearing - November 18, 2025 [W6aSdOttjPk]",224,3,5,phi-4;qwen3.5-9b-q6;qwen3.5-9b-q8,SPEAKER_00,5454.9,and so forth and then as I said you know meaningful action on the part of City council so just a question to city council if you guys do have ideas about further cuts or other amendments to the budget do you have a means of doing that within the time frame of getting it
"City Council Budget Hearing - November 18, 2025 [W6aSdOttjPk]",226,2,5,gemma-4-4b;phi-4,SPEAKER_00,5488.66,um when will an updated budget be posted and is there a chance that we could also have a brief explanation of the changes maybe not a full red line but just something the public can see i believe it is posted um and i i um this is a good moment to say that you know we the administration the council 
"City Council Budget Hearing - November 18, 2025 [W6aSdOttjPk]",228,1,5,gemma-4-4b,SPEAKER_00,5629.56,hearings happen before that official first read while we can't deliberate not in public we could go to the administration with our concerns suggestions questions and i agree that this is a reflection of those things that have happened so for what it's worth yeah and
"City Council Budget Hearing - November 18, 2025 [W6aSdOttjPk]",236,3,5,gemma-4-4b;ministral-8b;phi-4,SPEAKER_00,7405.94,for also running a tight ship i know it's uh very impressive on what you're able to do um here in the city with so many moving pieces uh just one question regarding the drop in water consumption um my understanding is that we're looking at trends uh and i'm not sure if that work has been completed o
"City Council Budget Hearing - November 18, 2025 [W6aSdOttjPk]",243,1,5,phi-4,SPEAKER_00,7624.6,Many of the staff that are on those sites now can do that work from their positions as laborers in in the in the water plants or the wastewater plant themselves and therefore we don't need to re have the parks staff do that work that park staff could go back to doing parks and stormwater management 
"City Council Budget Hearing - November 18, 2025 [W6aSdOttjPk]",244,1,5,phi-4,UNKNOWN,7759.35,because my understanding yeah is that we you know have sale of those recyclable materials Can you just remind me what the expansion and the capacity is like are we gonna have double or triple?
"City Council Budget Hearing - November 18, 2025 [W6aSdOttjPk]",245,1,5,phi-4,SPEAKER_00,7774.39,"and then or or you know, however percent increase and do we expect like a pretty"
"City Council Budget Hearing - November 18, 2025 [W6aSdOttjPk]",246,1,5,phi-4,UNKNOWN,7783.34,Corollary relationship between the expansion like if we get double the op space we get double the recycle material Revenue or not necessarily not necessarily. Those are very good questions
"City Council Budget Hearing - November 18, 2025 [W6aSdOttjPk]",247,1,5,phi-4,SPEAKER_00,7796.34,"That's part of what we're trying to trying to study it goes to not only what the current market is for recyclable recycling and recyclables, but what the surrounding Environment is as well. Laksam is very successful in how it does recycling work and the the trends are even though there's been a dipp"
"City Council Budget Hearing - November 18, 2025 [W6aSdOttjPk]",248,2,5,gemma-4-4b;phi-4,UNKNOWN,7870.18,thank you that's helpful and then my other question kind of relates to an earlier question I had about like cost savings and I know we're very much at the outset of this so I understand if there's not many much in the way of answers right now I am curious though about the expansion of solar faciliti
"City Council Budget Hearing - November 18, 2025 [W6aSdOttjPk]",251,3,5,gemma-4-4b;ministral-8b;phi-4,SPEAKER_00,7942.51,councilman Thank You mr. vice president Thank You director Campbell this presentation was very helpful and I know this question was probably exhausted many times but if we were to bring the water fund equity transfer to two million like it was in 2023 and 2024 what implications would that have on th
"City Council Budget Hearing - November 18, 2025 [W6aSdOttjPk]",255,1,5,phi-4,SPEAKER_00,8193.57,to be able to really understand that and and understand all of the levers that
"City Council Budget Hearing - November 18, 2025 [W6aSdOttjPk]",256,1,5,phi-4,UNKNOWN,8199.57,could be pushed or pulled to get the water fund to a place where those
"City Council Budget Hearing - November 18, 2025 [W6aSdOttjPk]",257,2,5,gemma-4-4b;phi-4,SPEAKER_00,8204.25,transfers are happening I would say just to reiterate what director Tina Campbell mentioned council should consider this as an annual one-time thing for this moment to be able to get to this next piece of work does that help counselor yes I know I'm kind of kicking it forward but it's it's there's a
"City Council Budget Hearing - November 18, 2025 [W6aSdOttjPk]",264,2,5,gemma-4-4b;phi-4,UNKNOWN,8419.48,things happen that aren't budgeted thank you and that's why it's important for us
"City Council Budget Hearing - November 18, 2025 [W6aSdOttjPk]",270,4,5,ministral-8b;phi-4;qwen3.5-9b-q6;qwen3.5-9b-q8,UNKNOWN,8587.11,"TAXPAYERS, THOSE ARE DIFFERENT CLASSES."
"City Council Budget Hearing - November 18, 2025 [W6aSdOttjPk]",272,4,5,ministral-8b;phi-4;qwen3.5-9b-q6;qwen3.5-9b-q8,UNKNOWN,8647.38,even though we are not looking at rate increases this year it seems like there's a prospect for weight increases the following year wondering if you could comment that and if you comment on that
"City Council Budget Hearing - November 18, 2025 [W6aSdOttjPk]",277,2,5,ministral-8b;phi-4,SPEAKER_00,8788.15,possible so that we're if we have to do the rate increases we don't also have to do uh either an eit or a real estate tax increase that's all um regarding solid waste and recycling i recall that it was maybe three years ago uh there was a campaign to uh try to get people to be a little bit more disc
"City Council Budget Hearing - October 21, 2025 [pkVzY-53sJI]",83,2,5,gemma-4-4b;phi-4,SPEAKER_00,1987.81,"thank you mr vice president and thank you director campbell for the presentation My only question is, with some of the additional staffing and the expenses increasing by roughly 10%, do we think that this will be at a level plateaued for the next couple years,"
"City Council Budget Hearing - October 21, 2025 [pkVzY-53sJI]",85,1,5,gemma-4-4b,SPEAKER_00,2021.73,"Thank you, and that was my only question Thank You councillor men comes president. Thank you. Dr. Campbell. Thank you for being here and presenting for us tonight my questions around Permitting and consolidating and permitting. It's this comes up a lot when people talk to us about Frustrations with "
"City Council Budget Hearing - October 21, 2025 [pkVzY-53sJI]",86,1,5,gemma-4-4b,UNKNOWN,2045.99,instead of having many disparate apart departments sort of oversee that bringing it together sounds like a good idea can you talk a little bit about some of like the benefit that we're hoping to
"City Council Budget Hearing - October 21, 2025 [pkVzY-53sJI]",94,1,5,phi-4,UNKNOWN,2126.01,the direction of this being a little bit more consultative for folks and just trying so I know that it's difficult to navigate um I've run across it myself too so is the purpose to be like more consultative and help people in that process that is that part of it that is part of it I um I'll say a li
"City Council Budget Hearing - October 21, 2025 [pkVzY-53sJI]",103,3,5,gemma-4-4b;ministral-8b;phi-4,SPEAKER_00,2307.77,you um i had two questions uh the first is just around the general goals of the additional hires
"City Council Budget Hearing - October 21, 2025 [pkVzY-53sJI]",104,2,5,gemma-4-4b;phi-4,UNKNOWN,2314.27,particularly in hr and data and technology um can you just speak specifically i know a consultant recommended two additional hires in hr just wondering what the specific goals of those hires and same with it and the position that was added to treasury as well that would be my first question um we di
"City Council Budget Hearing - October 21, 2025 [pkVzY-53sJI]",111,1,5,phi-4,SPEAKER_00,2422.65,of training that we need to be doing internal to the organization um related to hr man and management um people are complicated it turns out so this is a recommendation that is literally
"City Council Budget Hearing - October 21, 2025 [pkVzY-53sJI]",112,1,5,phi-4,UNKNOWN,2436.25,two plus decades in the making and i'm strongly supporting it it was recommended in 2007 so thank you my second question I'm not sure if it should wholly go to you or to kind of a
"City Council Budget Hearing - October 21, 2025 [pkVzY-53sJI]",113,1,5,phi-4,SPEAKER_00,2454.75,smattering of the of the directors but I did want to like highlight the bonuses that are listed in the personnel can you just explain broadly are those is it being run through the department director or is that you overseeing it are they incentive performance based or are they distributed among the 
"City Council Budget Hearing - October 21, 2025 [pkVzY-53sJI]",117,2,5,gemma-4-4b;phi-4,SPEAKER_00,2598.32,still tbd we we this is something that that um there's been a lot of machinations about and it's probably going to continue okay thank you uh yes and appreciate the the brain trust coming together to try to solve try to solve this challenge so um and then the last question that i have is regarding u
"City Council Budget Hearing - October 21, 2025 [pkVzY-53sJI]",118,1,5,phi-4,UNKNOWN,2623.68,of the uh strategy is around sponsorships fundraising securing grants for the city i know that you know taxes don't always cover um you know the expenses that we generate so just
"City Council Budget Hearing - October 21, 2025 [pkVzY-53sJI]",119,1,5,phi-4,SPEAKER_00,2635.04,kind of curious about the strategy for 2026 raising funds through securing grants and what
"City Council Budget Hearing - October 21, 2025 [pkVzY-53sJI]",124,3,5,gemma-4-4b;phi-4;qwen3.5-9b-q6,UNKNOWN,2686.16,over the next couple of years great thank you um any questions or comments from the public come on up good evening mr stu drier go ahead um a couple of comments and then a couple of questions um preface by saying um recognize that budgeting is a months-long process and listening to a 10-minute prese
"City Council Budget Hearing - October 21, 2025 [pkVzY-53sJI]",125,1,5,gemma-4-4b,SPEAKER_00,2757.9,areas um i share um councilman hirsch's you know just concerns slash questions about number of positions on the one hand absolutely sounds like they're justified on the other hand positions always cost money and once positions get established can be very hard to claw them back number three with rega
"City Council Budget Hearing - October 21, 2025 [pkVzY-53sJI]",126,4,5,ministral-8b;phi-4;qwen3.5-9b-q6;qwen3.5-9b-q8,UNKNOWN,2800.14,land development plan and then i have to go somewhere else to get my permit i have to go
"City Council Budget Hearing - October 21, 2025 [pkVzY-53sJI]",128,3,5,phi-4;qwen3.5-9b-q6;qwen3.5-9b-q8,UNKNOWN,2858.94,it easier and faster to get built this reduces cost encourages development and provides communities
"City Council Budget Hearing - October 21, 2025 [pkVzY-53sJI]",129,1,5,qwen3.5-9b-q6,SPEAKER_00,2863.76,with the homes they need without unnecessary and costly delays it also incentivizes small
"City Council Budget Hearing - October 21, 2025 [pkVzY-53sJI]",130,1,5,qwen3.5-9b-q6,UNKNOWN,2868.98,developers and incremental development which helps the local economy yeah my
"City Council Budget Hearing - October 21, 2025 [pkVzY-53sJI]",131,3,5,gemma-4-4b;phi-4;qwen3.5-9b-q6,SPEAKER_00,2876.97,question then is twofold number one reducing billing cycles from 17 to 4 is that something that city residents would be seeing would that change what they're experiencing terms of their billing it initially may change because the billing
"City Council Budget Hearing - October 21, 2025 [pkVzY-53sJI]",183,1,5,gemma-4-4b,SPEAKER_00,3967.76,uh the permit function and building codes in particular i i think one answer is honestly uh the the amount of demand and and frankly complaints that we get about uh this as a city service is significant and i i really do think we need to focus on doing better here and doing better means that we're i
"City Council Budget Hearing - October 21, 2025 [pkVzY-53sJI]",201,1,5,phi-4,SPEAKER_00,4444.89,point of contact for questions related to business that person also served as a connective tissue of sorts we have a really strong ecosystem of nonprofit organizations that focus on economic development but one of the things that has I've seen as being a challenge here is the city does not have a pe
"City Council Budget Hearing - October 21, 2025 [pkVzY-53sJI]",209,1,5,gemma-4-4b,SPEAKER_00,4658.52,four percent of that is annual cost of living increases but you know in streamlining the Department of Planning or the Bureau of Planning some of those things are these going to just be one-time expenses other than the additional positions yes thank you for for clarifying I had taken down some
"City Council Budget Hearing - October 21, 2025 [pkVzY-53sJI]",211,1,5,ministral-8b,SPEAKER_00,4743.7,revenues up 70 percent um i think that's great how do we continue to try to maximize that and what is the nature of some of those fees while i would like to come back every year and say that
"City Council Budget Hearing - October 21, 2025 [pkVzY-53sJI]",215,2,5,gemma-4-4b;phi-4,SPEAKER_00,4786.0,"Thank you. And just lastly, I think the economic development manager would be great And I look forward to seeing that in the upcoming years and that concludes my questions. Thank you. Thank you very much My question is really just to clarify. I want to make sure I have it, right? So the position cha"
"City Council Budget Hearing - October 21, 2025 [pkVzY-53sJI]",217,2,5,ministral-8b;phi-4,SPEAKER_00,4816.62,approved in the budget This is a very specialized position. So I assume there will be a period of time where it wouldn't necessarily be full
"City Council Budget Hearing - October 21, 2025 [pkVzY-53sJI]",218,2,5,ministral-8b;phi-4,UNKNOWN,4825.24,"No, I wouldn't necessarily be filled and have you considered a job description for this role or is that something that you want to hold until the next administration i do actually have a draft of the job description"
"City Council Budget Hearing - October 21, 2025 [pkVzY-53sJI]",227,2,5,gemma-4-4b;phi-4,SPEAKER_00,5005.08,perfect thank you counselor thank you um just one question uh i think you might have alluded to this in uh an answer that you gave counselor med um but who is conducting the review of the zoning in saldo and because i know we had talked about it being a consultant i think at one point is that still 
"City Council Budget Hearing - October 21, 2025 [pkVzY-53sJI]",229,2,5,gemma-4-4b;phi-4,SPEAKER_00,5068.92,of the other zoning stuff we are dealing with right now but we it is a top priority for us thank you thank you councillor hirsch um director delves just a couple questions um regarding the healthy lives healthy lancaster initiatives i know we completed the assessment what's kind of been the outcome 
"City Council Budget Hearing - October 21, 2025 [pkVzY-53sJI]",234,1,5,gemma-4-4b,UNKNOWN,5181.84,wellness and recreational programming for youth and families and older adults to foster that
"City Council Budget Hearing - October 21, 2025 [pkVzY-53sJI]",237,3,5,gemma-4-4b;ministral-8b;phi-4,SPEAKER_00,5209.53,funding sources and set up the program to do that but I think that is like an exciting area of potential in the future okay thank you questions or comments from the public good evening is this on uh marshall miller 100th block of east fine street uh director delph thank you for the information tonig
"City Council Budget Hearing - October 21, 2025 [pkVzY-53sJI]",243,2,5,gemma-4-4b;phi-4,SPEAKER_00,5334.7,and knock out those projects. Great. Thank you. That's really helpful. And then I wanted to follow up on the Bureau Chief of Permitting and kind of centralizing these processes. A complaint that I've heard repeatedly from folks who are trying to build in the city or just deal with permitting general
"City Council Budget Hearing - October 21, 2025 [pkVzY-53sJI]",247,4,5,gemma-4-4b;phi-4;qwen3.5-9b-q6;qwen3.5-9b-q8,SPEAKER_00,5412.51,a consultant i give uh credit we we've hired one permit coordinator kelly already and she's been serving that role and in some ways it's just she she can't get to everything and she's also not within a management structure yet and that's the purpose of the office i agree with you it is exciting and 
"City Council Budget Hearing - October 21, 2025 [pkVzY-53sJI]",248,1,5,gemma-4-4b,UNKNOWN,5449.14,second what marshall said i've also heard concerns about um permitting and streamlining that and making it more transparent would be fantastic um on along the same lines um improving the building codes function would also be really i think important and and welcome so adding an official that sounds 
"City Council Budget Hearing - October 21, 2025 [pkVzY-53sJI]",249,1,5,phi-4,SPEAKER_00,5490.66,and if all of them have been respected all of them should at least be led safe at this point not to
"City Council Budget Hearing - October 21, 2025 [pkVzY-53sJI]",250,1,5,phi-4,UNKNOWN,5498.18,say we shouldn't continue it and continue systematic inspections but for example if I have say a 75% chance of getting inspected rather than a hundred percent chance of getting inspected I'm probably still gonna be on the up-and-up because that's still a pretty good chance doing a fair
"City Council Budget Hearing - October 21, 2025 [pkVzY-53sJI]",251,1,5,phi-4,SPEAKER_00,5515.9,randomized inspection might be a way of being able to draw back that function a
"City Council Budget Hearing - October 21, 2025 [pkVzY-53sJI]",254,1,5,gemma-4-4b,UNKNOWN,5543.14,respectfully I would urge council not to approve the creation of an economic
"City Council Budget Hearing - October 21, 2025 [pkVzY-53sJI]",255,1,5,gemma-4-4b,SPEAKER_00,5547.92,development manager position as mr. Delv saluted we have multiple nonprofits in the city including Lancaster City Alliance EDC I believe there is a proposal to add a city chief of staff part of the city's chief of staff position that person could be a liaison with those nonprofits really personally 
"City Council Budget Hearing - October 21, 2025 [pkVzY-53sJI]",258,2,5,gemma-4-4b;phi-4,UNKNOWN,5610.71,is 5.4 million um what was that extra expense due to and how was it offset and was any of that
"City Council Budget Hearing - October 21, 2025 [pkVzY-53sJI]",259,1,5,phi-4,SPEAKER_00,5618.47,offset coming from reserves can you ask that question again tim because i just want to make
"City Council Budget Hearing - October 21, 2025 [pkVzY-53sJI]",260,1,5,phi-4,UNKNOWN,5632.74,sure we had the years correct i'm looking at 2025 budget um as amended i'm seeing top line figure 4.9 million 2025 projected 5.437 million and i'm looking at the budget draft pdf from the website director campbell says we're going to have to take a look at that okay thank you okay good question thou
"City Council Budget Hearing - October 21, 2025 [pkVzY-53sJI]",265,2,5,gemma-4-4b;ministral-8b,SPEAKER_00,5791.06,portion of the overall cost and the rest would be covered by cdbg right that's that's the intent okay i just was stating that because my one of my concerns you know as a member of the planning commission we're two years out from the comprehensive plan approval haven't made much progress on the zonin
"City Council Budget Hearing - October 21, 2025 [pkVzY-53sJI]",267,1,5,phi-4,SPEAKER_00,5857.4,helpful to know a little bit more you know you kind of described it as sort of liaison liaising with non-profits i was just wondering if there's more kind of meat in that job description yeah i think there's a whole host of things that this position could do and haven't haven't flesh this out entire
"City Council Budget Hearing - October 21, 2025 [pkVzY-53sJI]",268,1,5,phi-4,UNKNOWN,5881.99,you're right this person could play a very important role in serving as that
"City Council Budget Hearing - October 21, 2025 [pkVzY-53sJI]",269,1,5,phi-4,SPEAKER_00,5887.59,connective tissue with the other organizations because uh there there are some questions for me about um is the city uh really steering and and driving um a lot of these initiatives in the way that we could be we have great relationships with those organizations they're doing a great job i also thin
"City Council Budget Hearing - October 21, 2025 [pkVzY-53sJI]",270,2,5,phi-4;qwen3.5-9b-q6,UNKNOWN,5932.31,conversation with those organizations so far i can say that i work very very closely for lancaster city with lancaster city alliance and um you know we've got marshall and jeremy and i leadership levels doing a ton of work that could be happening at a staff level as well and it makes it very uh diff
"City Council Budget Hearing - October 21, 2025 [pkVzY-53sJI]",271,3,5,gemma-4-4b;phi-4;qwen3.5-9b-q6,SPEAKER_00,5973.22,one of the consistent feedback that i've received that the city is can do a lot more to lean into small business support and navigating the amount of resources that exist within our community and also navigating some of the departments within city hall from a small business perspective so really app
"City Council Budget Hearing - October 21, 2025 [pkVzY-53sJI]",272,1,5,qwen3.5-9b-q6,UNKNOWN,6008.42,that accomplished i know it was a heavy lift to get that program up and running building trust
"City Council Budget Hearing - October 21, 2025 [pkVzY-53sJI]",277,1,5,gemma-4-4b,SPEAKER_00,6074.09,important but it may not be as focused on some of these issues like business assistance economic mobility workforce development and those are all areas that i see this position could focus on yeah
"City Council Budget Hearing - October 21, 2025 [pkVzY-53sJI]",279,3,5,gemma-4-4b;ministral-8b;phi-4,SPEAKER_00,6092.65,something i'd like to see our city do more of is really do an analysis of what types of business are needed in our community as well which i could see this position kind of filling that gap um you
"City Council Budget Hearing - October 21, 2025 [pkVzY-53sJI]",333,1,5,phi-4,SPEAKER_00,7272.43,the city is that part of it it's kind of a cost neutral when they when they respond outside we
"City Council Budget Hearing - October 21, 2025 [pkVzY-53sJI]",334,1,5,phi-4,UNKNOWN,7277.63,we get a reimbursement which goes back into our our general fund line item for any cost and usually it's overtime cost and that goes right back in and if you look at the budget you'll see that there's some deposits in that through the cert team through the county through the south central
"City Council Budget Hearing - October 21, 2025 [pkVzY-53sJI]",335,1,5,phi-4,SPEAKER_00,7295.71,task force and eventually once we partner with the federal uh the federal there's a little more money there that you can actually recoup the salary and the overtime got it so yeah thank you
"City Council Budget Hearing - October 21, 2025 [pkVzY-53sJI]",379,1,5,gemma-4-4b,SPEAKER_00,8208.73,and all the fantastic work all the things that you listed the accreditation the incredible success with recruiting you've clearly done excellent work you and your team So I just wanted to commend you and and thank you for your service to the city. All right. Thank you Councillor Craig
"City Council Budget Hearing - October 21, 2025 [pkVzY-53sJI]",381,1,5,phi-4,SPEAKER_00,8245.62,60 is the the age we have to retire as warrant officers. Okay. Thank you council president thank you I didn't want to say anything that's an important
"City Council Budget Hearing - October 21, 2025 [pkVzY-53sJI]",382,1,5,phi-4,UNKNOWN,8267.28,point of clarification I asked the question because do you look rather
"City Council Budget Hearing - October 21, 2025 [pkVzY-53sJI]",383,2,5,gemma-4-4b;phi-4,SPEAKER_00,8273.44,young to retire I have two two questions kind of in the weeds maybe a little bit but um so you're probably thankful that this is your last budget that you need to do um there i noticed a line for on-call um captains um can you talk a little bit about what that means and it says that there's a note t
"City Council Budget Hearing - October 21, 2025 [pkVzY-53sJI]",384,1,5,phi-4,UNKNOWN,8302.94,exactly does that mean so it came out of a different line item before so the new line item was added so um every night after hours there's a duty captain who takes calls um and basically you know the the shift oic the lieutenant working or sergeant will handle this you know any issues that come up i
"City Council Budget Hearing - October 21, 2025 [pkVzY-53sJI]",385,1,5,phi-4,SPEAKER_00,8342.68,and that's the compensation for that got it and then i also noticed an increase for community
"City Council Budget Hearing - October 21, 2025 [pkVzY-53sJI]",386,1,5,phi-4,UNKNOWN,8348.68,"service aids can you talk a little bit about why we anticipate needing that for the upcoming year it looks like um it looks like we increased it in 2025 but we haven't used all of that for this year So I'm just kind of curious. Yeah, that would come down to staffing. We've been understaffed for year"
"City Council Budget Hearing - October 21, 2025 [pkVzY-53sJI]",391,2,5,gemma-4-4b;phi-4,SPEAKER_00,8408.72,minor calls like parking issues noise complaints things of those natures okay so currently because that has been understaffed we're pulling officers off to do some of that work a lot of that work all of that work yes okay got it thank you very much thank you council president councilman uh thank you
"City Council Budget Hearing - October 21, 2025 [pkVzY-53sJI]",393,1,5,gemma-4-4b,SPEAKER_00,8446.38,is that still going to kind of be like a one-man office or are we planning to add additional resources we need an additional person there typically there was another sergeant there our
"City Council Budget Hearing - October 21, 2025 [pkVzY-53sJI]",396,4,5,ministral-8b;phi-4;qwen3.5-9b-q6;qwen3.5-9b-q8,UNKNOWN,8489.97,at the police budget you know a question comes to my mind on you know what can we do and what can
"City Council Budget Hearing - October 21, 2025 [pkVzY-53sJI]",398,2,5,qwen3.5-9b-q6;qwen3.5-9b-q8,UNKNOWN,8535.62,i don't have the answer to that i mean they don't have a real good answer except to just say keep advocating i mean you can see you saw in the october 6 presentation that our our costs with that continue to increase every year exponentially compared to what we get from the state so it's important to
"City Council Budget Hearing - October 21, 2025 [pkVzY-53sJI]",399,3,5,gemma-4-4b;ministral-8b;phi-4,SPEAKER_00,8556.88,know upcoming retirements and you know fringe benefits you know going up year over year I just think you know it would behoove all of us to kind of try to get the state to you know give more to police bureaus and retired officers and
"City Council Budget Hearing - October 21, 2025 [pkVzY-53sJI]",400,1,5,phi-4,UNKNOWN,8572.12,kind of relief relieve municipalities who are taking on the burden of that
"City Council Budget Hearing - October 21, 2025 [pkVzY-53sJI]",402,1,5,gemma-4-4b,UNKNOWN,8591.49,couple were added pay was bummed and I if I remember it but I don't know if it was a new position or not but an admin assistant can talk about kind of what the goals are around increasing that program increasing the pay and also trying to I imagine recruiting is difficult and I'm sure that's part of
"City Council Budget Hearing - October 21, 2025 [pkVzY-53sJI]",408,4,5,gemma-4-4b;ministral-8b;phi-4;qwen3.5-9b-q6,UNKNOWN,8717.13,zero efforts and our safe routes to schools so we know that those positions are are very critical in the city and we appreciate all the crossing guards that we have because uh is a really really
"City Council Budget Hearing - October 21, 2025 [pkVzY-53sJI]",409,3,5,ministral-8b;phi-4;qwen3.5-9b-q6,SPEAKER_00,8729.77,thankless and tough job um and um and so yes i think that's all i have to say about that i don't
"City Council Budget Hearing - October 21, 2025 [pkVzY-53sJI]",410,3,5,ministral-8b;phi-4;qwen3.5-9b-q6,UNKNOWN,8737.61,know if there's anything else to add yeah i would just add that it is a tough position to fill because it's a hour two in the morning an hour two in the afternoon so to get yelled at yeah an hour in the morning to yell that and then an hour or two in the afternoon there's been a ton of discussion as
"City Council Budget Hearing - October 21, 2025 [pkVzY-53sJI]",412,4,5,ministral-8b;phi-4;qwen3.5-9b-q6;qwen3.5-9b-q8,UNKNOWN,8762.49,it's unfortunate it's a bad reflection on our drivers particularly in our community and i would just say i do really hope that i told sergeant summerall that i hope that he proves me wrong and fills every one of those positions i would love to see that as well thank you
"City Council Budget Hearing - October 21, 2025 [pkVzY-53sJI]",414,1,5,phi-4,UNKNOWN,8810.3,work as a soe director for temple we did a lot of coordination with invictus and i thought that was really successful um is that in in the budget for next year kind of what are what is the police department thinking about that role so we ran it through i believe we cut the hours back a little bit ri
"City Council Budget Hearing - October 21, 2025 [pkVzY-53sJI]",418,3,5,phi-4;qwen3.5-9b-q6;qwen3.5-9b-q8,UNKNOWN,8902.72,department and council to consider that in future years yeah the only thing i would add with the park rangers um when you create a position that they're now city employees it's you know is you you have that position yeah so it's it's a long-term investment yeah thank you 800 block of george street u
"City Council Budget Hearing - October 21, 2025 [pkVzY-53sJI]",419,2,5,qwen3.5-9b-q6;qwen3.5-9b-q8,SPEAKER_00,8940.17,positive benefits for the department the city and so forth so that's that's amazing that's absolutely fantastic so broadly speaking what I'm coming up to advocate for is I do think that the city budget in what essentially is a
"City Council Budget Hearing - October 21, 2025 [pkVzY-53sJI]",420,1,5,phi-4,UNKNOWN,8959.3,Goldilocks economy we have very low unemployment we have 2.9 percent
"City Council Budget Hearing - October 21, 2025 [pkVzY-53sJI]",421,2,5,gemma-4-4b;phi-4,SPEAKER_00,8963.3,"inflation last year we had a 5.5 percent general fund increase we're trying to to not raise the EIT over another 10 years. The current budget is proposing a 6.5% general fund increase and a reserve drawdown of $859,000 and change. I just don't think that's the right recipe for 2026."
"City Council Budget Hearing - October 21, 2025 [pkVzY-53sJI]",422,1,5,phi-4,UNKNOWN,8987.63,I think funding police adequately and having as many officers on the street
"City Council Budget Hearing - October 21, 2025 [pkVzY-53sJI]",426,3,5,gemma-4-4b;ministral-8b;phi-4,UNKNOWN,9009.99,"I wanted to ask about the staffing. It sounds like the budgeted staffing is 114 positions in 2025, 128 positions in 2026. But if I heard you correctly, we actually only currently"
"City Council Budget Hearing - October 21, 2025 [pkVzY-53sJI]",427,2,5,ministral-8b;phi-4,SPEAKER_00,9027.75,have 104 sworn officers and the intent is to increase that by 10 ish which would be I guess 114 so my question is how does that then relate to the
"City Council Budget Hearing - October 21, 2025 [pkVzY-53sJI]",428,2,5,ministral-8b;phi-4,UNKNOWN,9043.19,top-line budget for the police department that I'm seeing if we're at 114 instead of 128 does that mean that we'll be spending less than the number
"City Council Budget Hearing - October 21, 2025 [pkVzY-53sJI]",438,2,5,gemma-4-4b;ministral-8b,UNKNOWN,9215.66,100 and i guess ultimately 128 versus 114. what what does that mean again in terms of enhanced safety quicker response to crime and so forth because i think if i mean that's the trade-off ultimately the city council has to weigh i guess another question would be how much does an individual officer c
"City Council Budget Hearing - October 21, 2025 [pkVzY-53sJI]",441,2,5,gemma-4-4b;qwen3.5-9b-q6,SPEAKER_00,9290.88,pretty significant that we've gone from a 145 to 128 that is an enormous amount of savings to budget over time and we're that we're not staffing at a level that's not appropriate to the call volume of our city and it speaks to the gains that we've made in safety our homicide rates are down et cetera
"City Council Budget Hearing - October 21, 2025 [pkVzY-53sJI]",442,1,5,qwen3.5-9b-q6,UNKNOWN,9342.24,safety in the city and i would just add that the staffing study didn't just tell us what the number of officers should be it told us when we should be deploying those officers the times so we looked at that and we adjusted our minimum staffing around those times which when we're fully
"City Council Budget Hearing - October 21, 2025 [pkVzY-53sJI]",443,1,5,qwen3.5-9b-q6,SPEAKER_00,9361.06,staffed will cut down significantly as well on cost if i could ask um the incremental cost of one officer roughly speaking uh new officers i think start out at 65 65 000 um fringe benefits
"City Council Budget Hearing - October 21, 2025 [pkVzY-53sJI]",445,2,5,gemma-4-4b;phi-4,SPEAKER_00,9396.56,block of east fine street i thank you for the presentation tonight and for your service you guys have a tough job and i think you do it well um quick question just around enforcement priorities if you're up to the full 128 officers does that give you a little bit of a like a flexibility where the of
"City Council Budget Hearing - October 21, 2025 [pkVzY-53sJI]",447,3,5,gemma-4-4b;ministral-8b;phi-4,SPEAKER_00,9460.64,stuff more than just enforcement which will have a positive effect positive effect on the city that's great and actually bleeds into my second question which one of your two goals was to continue your engagement and recruitment improvements that you've been working on and I'm wondering how high of a
"City Council Committee Meeting - April 1, 2025 [kplLo-BL1w0]_exclusive",8,3,5,gemma-4-4b;ministral-8b;phi-4,SPEAKER_05,865.44,questions from the committee if I may come 30s I have just one question there was a I believe ten million dollar grants for cities that may want if they're struggling in some area and that was by governor Shapiro are you aware that are you looking into that grant at all yeah i'm not sure which grant
"City Council Committee Meeting - April 1, 2025 [kplLo-BL1w0]_exclusive",10,1,5,gemma-4-4b,SPEAKER_03,910.79,"Thank you, Director Campbell. My question is, do we project that the revenues and taxes will meet the budget for Q1? I know it's still a little bit too early to say, but are we on pace from a revenue side?"
"City Council Committee Meeting - April 1, 2025 [kplLo-BL1w0]_exclusive",21,3,5,gemma-4-4b;ministral-8b;phi-4,SPEAKER_17,1349.3,"Thank you, Councilor Arroyo. Thank you, Director Campbell, for the presentation. And are there any projects being delayed or canceled or reduced as a result of this amendment?"
"City Council Committee Meeting - April 1, 2025 [kplLo-BL1w0]_exclusive",28,4,5,ministral-8b;phi-4;qwen3.5-9b-q6;qwen3.5-9b-q8,SPEAKER_01,1507.88,"Thank you. Tony D'Astra, 700 Block New Holland Avenue. I want to echo what Darlene's saying. Municipal government is where we as the people supposed to understand how government functions on all levels. This is the smallest level, so this is the school. And years ago, I was encouraged that, you know"
"City Council Committee Meeting - April 1, 2025 [kplLo-BL1w0]_exclusive",33,3,5,gemma-4-4b;ministral-8b;phi-4,SPEAKER_07,1649.15,"in Susie Gomez 100 block the north for a divorce Street. I just wanted to implement for the public, not so much for you guys. What Janet had mentioned, $10 million of the Josh Shapiro fund that was granted to municipalities should have been used. As Tina Campbell mentioned, she's relying on the inco"
"City Council Committee Meeting - April 1, 2025 [kplLo-BL1w0]_exclusive",36,1,5,ministral-8b,SPEAKER_05,1791.91,"I just wanted to first inform everyone that, just like President Veque said, there will be no comments during the time that Chief Mendez is doing his presentation. There has been some drastic changes, and I picked that up when Councilor Arroyo ran the budget meeting where there was no comments from "
"City Council Committee Meeting - April 1, 2025 [kplLo-BL1w0]_exclusive",44,1,5,ministral-8b,SPEAKER_03,3426.12,"First, the most recent incident that most people are here for with the March 2nd, given that this involved minors, is there a separate use of force policy and is there a separate reporting standard when it involves minors?"
"City Council Committee Meeting - April 1, 2025 [kplLo-BL1w0]_exclusive",48,3,5,gemma-4-4b;ministral-8b;phi-4,SPEAKER_03,3476.36,"Accessibly. Not the reports. Only quarter fours. Well, given that these are quarterly, can we have request reports quarterly to the council, similar to the finance quarterly reports, to kind of go over the use of force within the quarter and the findings? Would that be something that council could r"
"City Council Committee Meeting - April 1, 2025 [kplLo-BL1w0]_exclusive",50,1,5,phi-4,SPEAKER_03,3509.2,What incidents happened within this quarter? What were the findings and just a report to counsel?
"City Council Committee Meeting - April 1, 2025 [kplLo-BL1w0]_exclusive",52,2,5,gemma-4-4b;ministral-8b,SPEAKER_03,3521.78,"My last question is, given that you stated that the review is viewed in the lens of an officer that is fully trained, is there any consideration in if this officer had previous incidents or his past or anything like that?"
"City Council Committee Meeting - April 1, 2025 [kplLo-BL1w0]_exclusive",55,3,5,gemma-4-4b;ministral-8b;phi-4,SPEAKER_17,3648.43,"Thank you, Councilor Diaz. Thank you, Chief Mendez, for the presentation. uh what immediate steps is the department willing to take in order to increase transparency and"
"City Council Committee Meeting - April 1, 2025 [kplLo-BL1w0]_exclusive",60,2,5,gemma-4-4b;phi-4,SPEAKER_06,3860.78,no further question thank you yes if i may she was going to speak first i have one question um i want to just clarify on the the latest update of statistics for use of force in the most recent quarter that's available just to put it in perspective so that was the slide and it's available on the poli
"City Council Committee Meeting - April 1, 2025 [kplLo-BL1w0]_exclusive",63,2,5,gemma-4-4b;phi-4,SPEAKER_02,3922.38,of the arrest so thank you thank you councillor ds um thank you for the report i appreciate it um a couple questions uh regarding to one of the things you mentioned was um after an incident happens um you mentioned the case law that occurred well what type of coaching happens after or does any coach
"City Council Committee Meeting - April 1, 2025 [kplLo-BL1w0]_exclusive",64,1,5,phi-4,SPEAKER_12,3960.95,of the the post review things that we can do coaching and again coaching is typically used where they didn't violate a policy but we're saying hey do better you can do this this is a better option I can think of one you know coaching recently where we like when practical we tell you to make sure the
"City Council Committee Meeting - April 1, 2025 [kplLo-BL1w0]_exclusive",65,1,5,phi-4,SPEAKER_02,4018.2,in 2018 is when we first started having body cams or having every officer wear body cams can you tell us a little bit more about the policy and the practice for police officers and body cams as far as when they're turned on when the
"City Council Committee Meeting - April 1, 2025 [kplLo-BL1w0]_exclusive",70,2,5,gemma-4-4b;phi-4,SPEAKER_05,4538.28,say right now Thank You mayor sir Archie I also want to extend a thank you for chief Mendez to take that opportunity to come and give us the information and stats of what is going on in our community in reference to crime as well as unfortunately children that are carrying weapons that can cause dam
"City Council Committee Meeting - April 1, 2025 [kplLo-BL1w0]_exclusive",73,2,5,ministral-8b;phi-4,SPEAKER_08,4592.84,favorite plural way to say it why why that's happening can I just kept follow up with councillor Diaz about the funding that you mentioned councillor yeah I did find it this is a proposal from the Shapiro administration to add ten million dollars to the budget that is currently being considered it w
"City Council Committee Meeting - April 1, 2025 [kplLo-BL1w0]_exclusive",88,3,5,gemma-4-4b;ministral-8b;phi-4,SPEAKER_17,5252.81,And what is the expected timeline for receiving funding and completing these replacements? I don't know if I missed it.
"City Council Committee Meeting - April 1, 2025 [kplLo-BL1w0]_exclusive",90,1,5,gemma-4-4b,SPEAKER_08,5297.67,current administration but that is a request that mayors are bringing to the new administration regarding that timeframe of 10 years.
"City Council Committee Meeting - April 1, 2025 [kplLo-BL1w0]_exclusive",95,2,5,gemma-4-4b;phi-4,SPEAKER_00,5403.16,understands everything that's going on but as I come to these meetings and I hear about these resolutions it makes me want to ask more questions at the last council meeting we are approved to go for pen best I think for nine million dollars is that correct no okay yeah it was nine point one thank yo
"City Council Committee Meeting - April 1, 2025 [kplLo-BL1w0]_exclusive",96,1,5,phi-4,SPEAKER_08,5490.5,do we know where that may be they're my questions a couple of those questions if you want me to um and i'm going to invite you so first part we don't know if we're going to get a grant or a loan yet this bird we have to apply okay and there's a certain amount of money that penvest has through the st
"City Council Committee Meeting - April 1, 2025 [kplLo-BL1w0]_exclusive",97,1,5,phi-4,SPEAKER_09,5552.59,i can't remember i'm sorry we're assuming it's going to be between 12 and 15 million dollars what all told total at the value of the dollars in the respective years and so
"City Council Committee Meeting - April 1, 2025 [kplLo-BL1w0]_exclusive",98,1,5,phi-4,SPEAKER_08,5569.09,that that is why we we don't know if we're even going to get any grant funding or if they're only going to have a lot of appropriate funds for a loan but we're just talking in this resolution we are just talking about about lead-mine replacement. The previous resolutions did not have to do with lead
"City Council Committee Meeting - April 1, 2025 [kplLo-BL1w0]_exclusive",100,1,5,ministral-8b,SPEAKER_00,5634.27,"That's why I didn't understand why I had to ask council meetings. We just went for $9 million. If we knew we were going to go from Penvest, I think they counted $9 million in the budget, if I'm correct. Why wasn't we asking for more when we got two more items of resolutions here? And we're paying ad"
"City Council Committee Meeting - April 1, 2025 [kplLo-BL1w0]_exclusive",108,1,5,phi-4,SPEAKER_09,5863.66,the funds we pay for our water are rate payers right here so including those non-city residents so the the debt service that for funds that are borrowed to do capital work in the in the water
"City Council Committee Meeting - April 1, 2025 [kplLo-BL1w0]_exclusive",109,1,5,phi-4,SPEAKER_14,5875.34,fund or the wastewater fund is paid for by those rates just for clarification
"City Council Committee Meeting - April 1, 2025 [kplLo-BL1w0]_exclusive",112,1,5,ministral-8b,SPEAKER_07,5920.54,our next presentation okay the um 6 000 to 27 000 per line for uh the unit replacement and do you know what contractors were put on these or is that the cities those will be those will be competitively bid and because there are uh currently residents that are paying this amount because there were so
"City Council Committee Meeting - April 1, 2025 [kplLo-BL1w0]_exclusive",114,1,5,phi-4,SPEAKER_07,5976.21,that cost and also um yeah i'll just leave it at that okay but this has been ongoing conversations this is not something that you're presenting as a resolution today actually there was 7.1 million dollars that was received from a grant for this issue that's different or is the 9.1 along with the 7.1
"City Council Committee Meeting - April 1, 2025 [kplLo-BL1w0]_exclusive",119,2,5,gemma-4-4b;ministral-8b,SPEAKER_14,6246.74,"Thank you, Director Campbell. Just a quick question. So the interim financing, is that being pursued due to the urgency of this particular project?"
"City Council Committee Meeting - April 1, 2025 [kplLo-BL1w0]_exclusive",132,3,5,gemma-4-4b;ministral-8b;phi-4,SPEAKER_03,6569.48,you council president uh counselor matt uh thank you thank you uh director cannibal um counselor council president uh started kind of getting into the question i was going to ask but given that the water is used by other municipalities um are there any inner municipal agreements that he could try to
"City Council Committee Meeting - April 1, 2025 [kplLo-BL1w0]_exclusive",134,1,5,qwen3.5-9b-q6,SPEAKER_03,6658.98,"Thank you, and I appreciate that. I would hope that the city isn't taking the majority of the burden. I understand we own the infrastructure, and it's a city asset, but I do feel that other municipalities should be stepping up and paying their fair share as well. So whether that's through rate chang"
"City Council Committee Meeting - April 1, 2025 [kplLo-BL1w0]_exclusive",136,3,5,gemma-4-4b;ministral-8b;phi-4,SPEAKER_17,6721.91,thank you just a quick question and what impact what financial impact there is in on the waterways for the residents for the waterways rates for the rates this is part of
"City Council Committee Meeting - April 1, 2025 [kplLo-BL1w0]_exclusive",138,2,5,gemma-4-4b;phi-4,SPEAKER_17,6870.76,"It will raise for the residents anyway, right?"
"City Council Committee Meeting - April 1, 2025 [kplLo-BL1w0]_exclusive",140,2,5,ministral-8b;phi-4,SPEAKER_17,6881.43,"And this reimbursement, will it affect the city's overall debt?"
"City Council Committee Meeting - April 1, 2025 [kplLo-BL1w0]_exclusive",149,1,5,gemma-4-4b,SPEAKER_00,7028.54,"We're talking about both Resolutions 28 and 29, is that correct? Or are we just talking about 20? Okay, so we're talking about two. Okay, so I think Council, I think you're all asking the right questions. I do believe that no one's trying to say this is not a need. We understand the water. home rule"
"City Council Committee Meeting - April 1, 2025 [kplLo-BL1w0]_exclusive",150,1,5,gemma-4-4b,SPEAKER_08,7159.84,impact on the homeowner and the taxpayer i could just say i hear your concerns and frustrations miss bird i think that the way that this is set up is that we have to borrow the money send the money put the projects in the ground and then go for rate increase to then pay ourselves back and when we go
"City Council Committee Meeting - April 1, 2025 [kplLo-BL1w0]_exclusive",172,1,5,gemma-4-4b,SPEAKER_09,8017.32,a huge park it's certainly nothing like reservoir or we muster or Buchanan but we are able to pack a lot of in very interesting activities in even that
"City Council Committee Meeting - April 1, 2025 [kplLo-BL1w0]_exclusive",175,1,5,ministral-8b,SPEAKER_07,8057.97,"you had mentioned that people's ideas are in order to cut waste or cut funding or try to save as much are you using city residents workers skilled workers Thaddeus Stevens you know people that are actually and you know in the city that can do these for less costs in terms of looking for contractors,"
"City Council Committee Meeting - April 1, 2025 [kplLo-BL1w0]_exclusive",182,1,5,phi-4,SPEAKER_09,8456.94,isn't for the actual improvements that is correct so the nature of master planning is that it means reaching out to the community which has been as i understand it and please correct me if i'm wrong has been hungry for this work to be done for several years anyway but things have changed throughout 
"City Council Committee Meeting - April 1, 2025 [kplLo-BL1w0]_exclusive",183,3,5,phi-4;qwen3.5-9b-q6;qwen3.5-9b-q8,SPEAKER_14,8539.35,and recreation master plan I just want to agree with mr. Campbell when he said
"City Council Committee Meeting - April 1, 2025 [kplLo-BL1w0]_exclusive",185,4,5,ministral-8b;phi-4;qwen3.5-9b-q6;qwen3.5-9b-q8,SPEAKER_07,8639.85,yeah and i just want to piggyback on that because i have been asking the mayor since she first took this position um that my concern was reservoir park we talked about this in the beginning of her becoming mayor so there are specifically you know things such as the playground so I don't know if it w
"City Council Committee Meeting - April 1, 2025 [kplLo-BL1w0]_exclusive",186,1,5,phi-4,SPEAKER_09,8763.44,this is a master planning effort it's not the design effort the master planning effort means reaching out to the local community to adjacent neighbors to others who may may use the park for whatever reasons they might want to and identify what is of interest to them what are the space requirements f
"City Council Committee Meeting - April 1, 2025 [kplLo-BL1w0]_exclusive",190,3,5,phi-4;qwen3.5-9b-q6;qwen3.5-9b-q8,SPEAKER_01,9144.6,you Tony that's just 700 block in New Holland Avenue I don't have a problem with us approving the grant application I think it's worth applying for and seeing where it goes but I do think that miss Byrd is making a good point about parks in the southeast in general i think miss gomez is as well um y
"City Council Committee Meeting - April 1, 2025 [kplLo-BL1w0]_exclusive",193,2,5,gemma-4-4b;phi-4,SPEAKER_16,9224.53,"Thank you, Council President. Community planning has one item on the agenda this evening. It's administration bill number 3-2025 authorizing the sale of real property. And that's me,"
"City Council Committee Meeting - April 1, 2025 [kplLo-BL1w0]_exclusive",195,1,5,gemma-4-4b,SPEAKER_16,9316.69,to know what was the the process before was that we would do a resolution and and said and then once we went and got into the beginning of january that allowed us the abilities to change the the
"City Council Committee Meeting - April 1, 2025 [kplLo-BL1w0]_exclusive",197,1,5,ministral-8b,SPEAKER_16,9390.74,yeah would counsel still have to approve the methodology if there was a property
"City Council Committee Meeting - April 1, 2025 [kplLo-BL1w0]_exclusive",198,1,5,phi-4,SPEAKER_02,9417.2,that the city wanted to sell or is that to the administration to determine which route they want to go to sell the property I it is my understanding and I
"City Council Committee Meeting - April 1, 2025 [kplLo-BL1w0]_exclusive",199,1,5,phi-4,SPEAKER_08,9427.34,have to actually go back and check I have to read it again because I read it a day ago and I'm just not sure that I'm a hundred dollars but what I think is that when we bring the council property or or want to change how we have a property for sale we would need to get a council's approval for this 
"City Council Committee Meeting - April 1, 2025 [kplLo-BL1w0]_exclusive",200,1,5,phi-4,SPEAKER_02,9454.6,great just for the next meeting if we could just have that yeah i think it's in the ordinance if
"City Council Committee Meeting - April 1, 2025 [kplLo-BL1w0]_exclusive",202,1,5,phi-4,SPEAKER_05,9464.62,to misspeak thank you mary so currently i mean the way it's it's right here i think it's number three it would provide compensation to be paid to the real estate broker is that what we're doing
"City Council Committee Meeting - April 1, 2025 [kplLo-BL1w0]_exclusive",208,2,5,ministral-8b;phi-4,SPEAKER_05,9532.95,work for their services currently yeah we do the same no we do currently we're precluded from using a real estate broker exactly thank you very much that's what i needed to know okay councilman
"City Council Committee Meeting - April 1, 2025 [kplLo-BL1w0]_exclusive",211,2,5,ministral-8b;phi-4,SPEAKER_16,9614.6,would come to council when we wanted to use a realtor questions from the council as a whole
"City Council Committee Meeting - April 1, 2025 [kplLo-BL1w0]_exclusive",212,1,5,gemma-4-4b,SPEAKER_03,9624.89,"Thank you, Councilor Craig. I know this is the first reading, and this is just a committee, but I do have some questions around what the process would look like, the selection of the realtor. Also, I understand it would expand the possible market for a property to be sold, but I do think that there "
"City Council Committee Meeting - April 1, 2025 [kplLo-BL1w0]_exclusive",223,2,5,qwen3.5-9b-q6;qwen3.5-9b-q8,SPEAKER_08,10299.23,like a business and government should operate like a government it was
"City Council Committee Meeting - April 1, 2025 [kplLo-BL1w0]_exclusive",224,2,5,qwen3.5-9b-q6;qwen3.5-9b-q8,SPEAKER_01,10309.72,disapproved by this County Planning Commission my apologies no they they approved Planning Commission approved I'm just expressing the frustration we
"City Council Committee Meeting - April 1, 2025 [kplLo-BL1w0]_exclusive",226,1,5,gemma-4-4b,SPEAKER_01,10366.34,change the process just yet and pausing this three months we we need to have bigger community community conversation about the idea of changing these public processes thank you that's what we're
"City Council Committee Meeting - April 1, 2025 [kplLo-BL1w0]_exclusive",228,1,5,qwen3.5-9b-q6,SPEAKER_08,10405.31,away and at the same time I would say that we're also trying to pay for a lot of things this is a conversation about the future use of this parcel there there was no we sent it out to every housing organization in the city that had been doing work there were no proposals that came from any housing n
"City Council Committee Meeting - April 1, 2025 [kplLo-BL1w0]_exclusive",229,2,5,ministral-8b;qwen3.5-9b-q6,SPEAKER_07,10485.53,and the city is in desperate need of a low-income subsidized housing and I don't think that HUD or the Housing Authority would be more than happy to grab this to put some housing for the people in the city of Lancaster they are desperate there's more and more homeless people out there so I don't thi
"City Council Committee Meeting - April 1, 2025 [kplLo-BL1w0]_exclusive",233,2,5,gemma-4-4b;phi-4,SPEAKER_07,10695.66,"Just one quick question. November 18th through the 19th, is that like a marked date representing anything in the history of Puerto Rico that we can raise it on that date, or can you accept a more historical date?"
"City Council Committee Meeting - April 1, 2025 [kplLo-BL1w0]_exclusive",234,3,5,gemma-4-4b;ministral-8b;phi-4,SPEAKER_13,10714.3,"Councilor Arroyo, this date was chosen for a particular reason?"
"City Council Committee Meeting - April 1, 2025 [kplLo-BL1w0]_standard",8,4,5,gemma-4-4b;ministral-8b;phi-4;qwen3.5-9b-q8,SPEAKER_05,865.44,questions from the committee if I may come 30s I have just one question there was a I believe ten million dollar grants for cities that may want if they're struggling in some area and that was by governor Shapiro are you aware that are you looking into that grant at all yeah i'm not sure which grant
"City Council Committee Meeting - April 1, 2025 [kplLo-BL1w0]_standard",10,1,5,gemma-4-4b,SPEAKER_03,910.79,"Thank you, Director Campbell. My question is, do we project that the revenues and taxes will meet the budget for Q1? I know it's still a little bit too early to say, but are we on pace from a revenue side?"
"City Council Committee Meeting - April 1, 2025 [kplLo-BL1w0]_standard",21,3,5,gemma-4-4b;ministral-8b;phi-4,SPEAKER_17,1349.3,"Thank you, Councilor Arroyo. Thank you, Director Campbell, for the presentation. And are there any projects being delayed or canceled or reduced as a result of this amendment?"
"City Council Committee Meeting - April 1, 2025 [kplLo-BL1w0]_standard",28,4,5,ministral-8b;phi-4;qwen3.5-9b-q6;qwen3.5-9b-q8,SPEAKER_01,1507.88,"Thank you. Tony D'Astra, 700 Block New Holland Avenue. I want to echo what Darlene's saying. Municipal government is where we as the people supposed to understand how government functions on all levels. This is the smallest level, so this is the school. And years ago, I was encouraged that, you know"
"City Council Committee Meeting - April 1, 2025 [kplLo-BL1w0]_standard",29,2,5,qwen3.5-9b-q6;qwen3.5-9b-q8,SPEAKER_02,1578.37,and I think we could present these as well I think these are presented on the website prior to council meetings and prepared for public availability hi I'm
"City Council Committee Meeting - April 1, 2025 [kplLo-BL1w0]_standard",33,3,5,gemma-4-4b;ministral-8b;phi-4,SPEAKER_07,1649.15,"in Susie Gomez 100 block the north for a divorce Street. I just wanted to implement for the public, not so much for you guys. What Janet had mentioned, $10 million of the Josh Shapiro fund that was granted to municipalities should have been used. As Tina Campbell mentioned, she's relying on the inco"
"City Council Committee Meeting - April 1, 2025 [kplLo-BL1w0]_standard",36,1,5,ministral-8b,SPEAKER_05,1791.91,"I just wanted to first inform everyone that, just like President Veque said, there will be no comments during the time that Chief Mendez is doing his presentation. There has been some drastic changes, and I picked that up when Councilor Arroyo ran the budget meeting where there was no comments from "
"City Council Committee Meeting - April 1, 2025 [kplLo-BL1w0]_standard",44,1,5,ministral-8b,SPEAKER_03,3426.12,"First, the most recent incident that most people are here for with the March 2nd, given that this involved minors, is there a separate use of force policy and is there a separate reporting standard when it involves minors?"
"City Council Committee Meeting - April 1, 2025 [kplLo-BL1w0]_standard",48,3,5,gemma-4-4b;ministral-8b;phi-4,SPEAKER_03,3476.36,"Accessibly. Not the reports. Only quarter fours. Well, given that these are quarterly, can we have request reports quarterly to the council, similar to the finance quarterly reports, to kind of go over the use of force within the quarter and the findings? Would that be something that council could r"
"City Council Committee Meeting - April 1, 2025 [kplLo-BL1w0]_standard",50,1,5,phi-4,SPEAKER_03,3509.2,What incidents happened within this quarter? What were the findings and just a report to counsel?
"City Council Committee Meeting - April 1, 2025 [kplLo-BL1w0]_standard",52,2,5,gemma-4-4b;ministral-8b,SPEAKER_03,3521.78,"My last question is, given that you stated that the review is viewed in the lens of an officer that is fully trained, is there any consideration in if this officer had previous incidents or his past or anything like that?"
"City Council Committee Meeting - April 1, 2025 [kplLo-BL1w0]_standard",55,3,5,gemma-4-4b;ministral-8b;phi-4,SPEAKER_17,3648.43,"Thank you, Councilor Diaz. Thank you, Chief Mendez, for the presentation. uh what immediate steps is the department willing to take in order to increase transparency and"
"City Council Committee Meeting - April 1, 2025 [kplLo-BL1w0]_standard",60,2,5,gemma-4-4b;phi-4,SPEAKER_06,3860.78,no further question thank you yes if i may she was going to speak first i have one question um i want to just clarify on the the latest update of statistics for use of force in the most recent quarter that's available just to put it in perspective so that was the slide and it's available on the poli
"City Council Committee Meeting - April 1, 2025 [kplLo-BL1w0]_standard",63,2,5,gemma-4-4b;phi-4,SPEAKER_02,3922.38,of the arrest so thank you thank you councillor ds um thank you for the report i appreciate it um a couple questions uh regarding to one of the things you mentioned was um after an incident happens um you mentioned the case law that occurred well what type of coaching happens after or does any coach
"City Council Committee Meeting - April 1, 2025 [kplLo-BL1w0]_standard",64,1,5,phi-4,SPEAKER_12,3960.95,of the the post review things that we can do coaching and again coaching is typically used where they didn't violate a policy but we're saying hey do better you can do this this is a better option I can think of one you know coaching recently where we like when practical we tell you to make sure the
"City Council Committee Meeting - April 1, 2025 [kplLo-BL1w0]_standard",65,1,5,phi-4,SPEAKER_02,4018.2,in 2018 is when we first started having body cams or having every officer wear body cams can you tell us a little bit more about the policy and the practice for police officers and body cams as far as when they're turned on when the
"City Council Committee Meeting - April 1, 2025 [kplLo-BL1w0]_standard",70,2,5,gemma-4-4b;phi-4,SPEAKER_05,4538.28,say right now Thank You mayor sir Archie I also want to extend a thank you for chief Mendez to take that opportunity to come and give us the information and stats of what is going on in our community in reference to crime as well as unfortunately children that are carrying weapons that can cause dam
"City Council Committee Meeting - April 1, 2025 [kplLo-BL1w0]_standard",73,2,5,ministral-8b;phi-4,SPEAKER_08,4592.84,favorite plural way to say it why why that's happening can I just kept follow up with councillor Diaz about the funding that you mentioned councillor yeah I did find it this is a proposal from the Shapiro administration to add ten million dollars to the budget that is currently being considered it w
"City Council Committee Meeting - April 1, 2025 [kplLo-BL1w0]_standard",88,3,5,gemma-4-4b;ministral-8b;phi-4,SPEAKER_17,5252.81,And what is the expected timeline for receiving funding and completing these replacements? I don't know if I missed it.
"City Council Committee Meeting - April 1, 2025 [kplLo-BL1w0]_standard",90,1,5,gemma-4-4b,SPEAKER_08,5297.67,current administration but that is a request that mayors are bringing to the new administration regarding that timeframe of 10 years.
"City Council Committee Meeting - April 1, 2025 [kplLo-BL1w0]_standard",95,1,5,gemma-4-4b,SPEAKER_00,5403.16,understands everything that's going on but as I come to these meetings and I hear about these resolutions it makes me want to ask more questions at the last council meeting we are approved to go for pen best I think for nine million dollars is that correct no okay yeah it was nine point one thank yo
"City Council Committee Meeting - April 1, 2025 [kplLo-BL1w0]_standard",96,1,5,phi-4,SPEAKER_08,5490.5,do we know where that may be they're my questions a couple of those questions if you want me to um and i'm going to invite you so first part we don't know if we're going to get a grant or a loan yet this bird we have to apply okay and there's a certain amount of money that penvest has through the st
"City Council Committee Meeting - April 1, 2025 [kplLo-BL1w0]_standard",97,1,5,phi-4,SPEAKER_09,5552.59,i can't remember i'm sorry we're assuming it's going to be between 12 and 15 million dollars what all told total at the value of the dollars in the respective years and so
"City Council Committee Meeting - April 1, 2025 [kplLo-BL1w0]_standard",98,1,5,phi-4,SPEAKER_08,5569.09,that that is why we we don't know if we're even going to get any grant funding or if they're only going to have a lot of appropriate funds for a loan but we're just talking in this resolution we are just talking about about lead-mine replacement. The previous resolutions did not have to do with lead
"City Council Committee Meeting - April 1, 2025 [kplLo-BL1w0]_standard",100,1,5,ministral-8b,SPEAKER_00,5634.27,"That's why I didn't understand why I had to ask council meetings. We just went for $9 million. If we knew we were going to go from Penvest, I think they counted $9 million in the budget, if I'm correct. Why wasn't we asking for more when we got two more items of resolutions here? And we're paying ad"
"City Council Committee Meeting - April 1, 2025 [kplLo-BL1w0]_standard",109,1,5,phi-4,SPEAKER_06,5853.18,director campbell just to clarify my point there the the funds that we use to pay for our water property tax our property tax bill that's our water bill is that correct
"City Council Committee Meeting - April 1, 2025 [kplLo-BL1w0]_standard",115,1,5,ministral-8b,SPEAKER_07,5920.54,our next presentation okay the um 6 000 to 27 000 per line for uh the unit replacement and do you know what contractors were put on these or is that the cities those will be those will be competitively bid and because there are uh currently residents that are paying this amount because there were so
"City Council Committee Meeting - April 1, 2025 [kplLo-BL1w0]_standard",117,1,5,phi-4,SPEAKER_07,5976.21,that cost and also um yeah i'll just leave it at that okay but this has been ongoing conversations this is not something that you're presenting as a resolution today actually there was 7.1 million dollars that was received from a grant for this issue that's different or is the 9.1 along with the 7.1
"City Council Committee Meeting - April 1, 2025 [kplLo-BL1w0]_standard",118,1,5,phi-4,SPEAKER_14,6005.46,different and this is for the internal water service line inventory which is still the inventory is still taking place there hasn't been any replacement yet of the internal service line
"City Council Committee Meeting - April 1, 2025 [kplLo-BL1w0]_standard",119,1,5,phi-4,SPEAKER_09,6017.22,correct thank you just just as a reference one may want to look on at the list of projects because it's very easy to confuse one penvest application request with another there is a list of projects i believe it's currently on the the project the list of projects for which the capital budget is suppo
"City Council Committee Meeting - April 1, 2025 [kplLo-BL1w0]_standard",122,3,5,gemma-4-4b;ministral-8b;phi-4,SPEAKER_14,6246.74,"Thank you, Director Campbell. Just a quick question. So the interim financing, is that being pursued due to the urgency of this particular project?"
"City Council Committee Meeting - April 1, 2025 [kplLo-BL1w0]_standard",135,3,5,gemma-4-4b;ministral-8b;phi-4,SPEAKER_03,6569.48,you council president uh counselor matt uh thank you thank you uh director cannibal um counselor council president uh started kind of getting into the question i was going to ask but given that the water is used by other municipalities um are there any inner municipal agreements that he could try to
"City Council Committee Meeting - April 1, 2025 [kplLo-BL1w0]_standard",137,1,5,qwen3.5-9b-q6,SPEAKER_03,6658.98,"Thank you, and I appreciate that. I would hope that the city isn't taking the majority of the burden. I understand we own the infrastructure, and it's a city asset, but I do feel that other municipalities should be stepping up and paying their fair share as well. So whether that's through rate chang"
"City Council Committee Meeting - April 1, 2025 [kplLo-BL1w0]_standard",139,3,5,gemma-4-4b;ministral-8b;phi-4,SPEAKER_17,6721.91,thank you just a quick question and what impact what financial impact there is in on the waterways for the residents for the waterways rates for the rates this is part of
"City Council Committee Meeting - April 1, 2025 [kplLo-BL1w0]_standard",141,3,5,gemma-4-4b;ministral-8b;phi-4,SPEAKER_17,6870.76,"It will raise for the residents anyway, right?"
"City Council Committee Meeting - April 1, 2025 [kplLo-BL1w0]_standard",143,2,5,ministral-8b;phi-4,SPEAKER_17,6881.43,"And this reimbursement, will it affect the city's overall debt?"
"City Council Committee Meeting - April 1, 2025 [kplLo-BL1w0]_standard",152,1,5,gemma-4-4b,SPEAKER_00,7028.54,"We're talking about both Resolutions 28 and 29, is that correct? Or are we just talking about 20? Okay, so we're talking about two. Okay, so I think Council, I think you're all asking the right questions. I do believe that no one's trying to say this is not a need. We understand the water. home rule"
"City Council Committee Meeting - April 1, 2025 [kplLo-BL1w0]_standard",153,1,5,gemma-4-4b,SPEAKER_08,7159.84,impact on the homeowner and the taxpayer i could just say i hear your concerns and frustrations miss bird i think that the way that this is set up is that we have to borrow the money send the money put the projects in the ground and then go for rate increase to then pay ourselves back and when we go
"City Council Committee Meeting - April 1, 2025 [kplLo-BL1w0]_standard",175,1,5,gemma-4-4b,SPEAKER_09,8017.32,a huge park it's certainly nothing like reservoir or we muster or Buchanan but we are able to pack a lot of in very interesting activities in even that
"City Council Committee Meeting - April 1, 2025 [kplLo-BL1w0]_standard",178,1,5,phi-4,SPEAKER_07,8048.11,we're not talking about that one yet okay okay yeah so I could just mention you had mentioned that people's ideas are in order to cut waste or cut funding or try to save as much are you using city residents workers skilled workers Thaddeus Stevens you know people that are actually and you know in th
"City Council Committee Meeting - April 1, 2025 [kplLo-BL1w0]_standard",185,1,5,phi-4,SPEAKER_09,8456.94,isn't for the actual improvements that is correct so the nature of master planning is that it means reaching out to the community which has been as i understand it and please correct me if i'm wrong has been hungry for this work to be done for several years anyway but things have changed throughout 
"City Council Committee Meeting - April 1, 2025 [kplLo-BL1w0]_standard",186,2,5,qwen3.5-9b-q6;qwen3.5-9b-q8,SPEAKER_14,8539.35,and recreation master plan I just want to agree with mr. Campbell when he said
"City Council Committee Meeting - April 1, 2025 [kplLo-BL1w0]_standard",188,4,5,ministral-8b;phi-4;qwen3.5-9b-q6;qwen3.5-9b-q8,SPEAKER_07,8639.85,yeah and i just want to piggyback on that because i have been asking the mayor since she first took this position um that my concern was reservoir park we talked about this in the beginning of her becoming mayor so there are specifically you know things such as the playground so I don't know if it w
"City Council Committee Meeting - April 1, 2025 [kplLo-BL1w0]_standard",189,1,5,phi-4,SPEAKER_09,8763.44,this is a master planning effort it's not the design effort the master planning effort means reaching out to the local community to adjacent neighbors to others who may may use the park for whatever reasons they might want to and identify what is of interest to them what are the space requirements f
"City Council Committee Meeting - April 1, 2025 [kplLo-BL1w0]_standard",193,3,5,phi-4;qwen3.5-9b-q6;qwen3.5-9b-q8,SPEAKER_01,9144.6,you Tony that's just 700 block in New Holland Avenue I don't have a problem with us approving the grant application I think it's worth applying for and seeing where it goes but I do think that miss Byrd is making a good point about parks in the southeast in general i think miss gomez is as well um y
"City Council Committee Meeting - April 1, 2025 [kplLo-BL1w0]_standard",196,1,5,phi-4,SPEAKER_16,9224.53,"Thank you, Council President. Community planning has one item on the agenda this evening. It's administration bill number 3-2025 authorizing the sale of real property. And that's me,"
"City Council Committee Meeting - April 1, 2025 [kplLo-BL1w0]_standard",198,1,5,gemma-4-4b,SPEAKER_16,9316.69,to know what was the the process before was that we would do a resolution and and said and then once we went and got into the beginning of january that allowed us the abilities to change the the
"City Council Committee Meeting - April 1, 2025 [kplLo-BL1w0]_standard",200,1,5,ministral-8b,SPEAKER_16,9390.74,yeah would counsel still have to approve the methodology if there was a property
"City Council Committee Meeting - April 1, 2025 [kplLo-BL1w0]_standard",201,1,5,phi-4,SPEAKER_02,9417.2,that the city wanted to sell or is that to the administration to determine which route they want to go to sell the property I it is my understanding and I
"City Council Committee Meeting - April 1, 2025 [kplLo-BL1w0]_standard",202,1,5,phi-4,SPEAKER_08,9427.34,have to actually go back and check I have to read it again because I read it a day ago and I'm just not sure that I'm a hundred dollars but what I think is that when we bring the council property or or want to change how we have a property for sale we would need to get a council's approval for this 
"City Council Committee Meeting - April 1, 2025 [kplLo-BL1w0]_standard",205,1,5,phi-4,SPEAKER_05,9464.62,to misspeak thank you mary so currently i mean the way it's it's right here i think it's number three it would provide compensation to be paid to the real estate broker is that what we're doing
"City Council Committee Meeting - April 1, 2025 [kplLo-BL1w0]_standard",211,2,5,ministral-8b;phi-4,SPEAKER_05,9532.95,work for their services currently yeah we do the same no we do currently we're precluded from using a real estate broker exactly thank you very much that's what i needed to know okay councilman
"City Council Committee Meeting - April 1, 2025 [kplLo-BL1w0]_standard",214,2,5,ministral-8b;phi-4,SPEAKER_16,9614.6,would come to council when we wanted to use a realtor questions from the council as a whole
"City Council Committee Meeting - April 1, 2025 [kplLo-BL1w0]_standard",215,1,5,gemma-4-4b,SPEAKER_03,9624.89,"Thank you, Councilor Craig. I know this is the first reading, and this is just a committee, but I do have some questions around what the process would look like, the selection of the realtor. Also, I understand it would expand the possible market for a property to be sold, but I do think that there "
"City Council Committee Meeting - April 1, 2025 [kplLo-BL1w0]_standard",219,1,5,phi-4,SPEAKER_03,9769.23,i guess i would just hope that we would still have the ability of the intention of what that property
"City Council Committee Meeting - April 1, 2025 [kplLo-BL1w0]_standard",220,1,5,phi-4,SPEAKER_08,9774.27,becomes that's also through a whole zoning process and so um and that information that we've collected related to zoning uh for that particular parcel would be part of the sale and typically sales of properties in the city of langley lancaster are contingent have contingencies related to them gettin
"City Council Committee Meeting - April 1, 2025 [kplLo-BL1w0]_standard",221,1,5,phi-4,SPEAKER_03,9816.19,that is a very standard practice thank you and that answers some of my questions but i look
"City Council Committee Meeting - April 1, 2025 [kplLo-BL1w0]_standard",223,4,5,gemma-4-4b;ministral-8b;phi-4;qwen3.5-9b-q8,SPEAKER_00,9839.89,"Yes, Darlene Bird. I think council needs to be very cautious in what they're doing. I think this goes under an administration code. I think to once you put that in place as one of the things you would be deciding is who has the authority to make those decisions. So if it becomes the administration, "
"City Council Committee Meeting - April 1, 2025 [kplLo-BL1w0]_standard",226,4,5,ministral-8b;phi-4;qwen3.5-9b-q6;qwen3.5-9b-q8,SPEAKER_07,10092.4,so I would keep that in mind yes and it is a competitive market um and there are a lot of programs not being used for first-time homebuyers and there are a lot of families that could use properties across the city that is being taken by bidders there's a reason why the city precluded this from or fr
"City Council Committee Meeting - April 1, 2025 [kplLo-BL1w0]_standard",227,4,5,ministral-8b;phi-4;qwen3.5-9b-q6;qwen3.5-9b-q8,SPEAKER_01,10160.0,"Holland Avenue. So this is concerning to me because the way I see this is as creating a method of private sale for public goods. There is a reason I think the bidding process is in place and there is, as far as I understand, there's nothing prohibiting us from being more open about our advertising. "
"City Council Committee Meeting - April 1, 2025 [kplLo-BL1w0]_standard",228,1,5,qwen3.5-9b-q6,SPEAKER_08,10299.23,like a business and government should operate like a government it was disapproved by this County Planning Commission my apologies no they they
"City Council Committee Meeting - April 1, 2025 [kplLo-BL1w0]_standard",229,1,5,qwen3.5-9b-q6,SPEAKER_01,10318.12,approved Planning Commission approved I'm just expressing the frustration we
"City Council Committee Meeting - April 1, 2025 [kplLo-BL1w0]_standard",230,2,5,phi-4;qwen3.5-9b-q6,SPEAKER_08,10321.48,weren't made aware of that at Planning Commission okay I will just say that you know we are planning to bring the first tranche and I think Councillor Mead reported on this as part of his transition committee report that we're going to plan to bring the first tranche if an admin code changes to coun
"City Council Committee Meeting - April 1, 2025 [kplLo-BL1w0]_standard",231,4,5,gemma-4-4b;phi-4;qwen3.5-9b-q6;qwen3.5-9b-q8,SPEAKER_01,10366.34,change the process just yet and pausing this three months we we need to have bigger community community conversation about the idea of changing these public processes thank you that's what we're
"City Council Committee Meeting - April 1, 2025 [kplLo-BL1w0]_standard",232,3,5,phi-4;qwen3.5-9b-q6;qwen3.5-9b-q8,SPEAKER_07,10378.57,"we're here for. Thank you. I just want to add, I just want to add real quickly, there are non-profit organizations such as churches, multiple, a substantial amount of churches throughout the city of Lancaster that could use that. That is true. And we could, and they're not being, I work with multipl"
"City Council Committee Meeting - April 1, 2025 [kplLo-BL1w0]_standard",233,2,5,qwen3.5-9b-q6;qwen3.5-9b-q8,SPEAKER_08,10405.31,away and at the same time I would say that we're also trying to pay for a lot of things this is a conversation about the future use of this parcel there there was no we sent it out to every housing organization in the city that had been doing work there were no proposals that came from any housing n
"City Council Committee Meeting - April 1, 2025 [kplLo-BL1w0]_standard",234,4,5,gemma-4-4b;ministral-8b;qwen3.5-9b-q6;qwen3.5-9b-q8,SPEAKER_07,10485.53,and the city is in desperate need of a low-income subsidized housing and I don't think that HUD or the Housing Authority would be more than happy to grab this to put some housing for the people in the city of Lancaster they are desperate there's more and more homeless people out there so I don't thi
"City Council Committee Meeting - April 1, 2025 [kplLo-BL1w0]_standard",238,3,5,gemma-4-4b;ministral-8b;phi-4,SPEAKER_07,10695.66,"Just one quick question. November 18th through the 19th, is that like a marked date representing anything in the history of Puerto Rico that we can raise it on that date, or can you accept a more historical date?"
"City Council Committee Meeting - April 1, 2025 [kplLo-BL1w0]_standard",239,1,5,ministral-8b,SPEAKER_13,10714.3,"Councilor Arroyo, this date was chosen for a particular reason?"
"City Council Committee Meeting - August 11, 2025 [6DXgO59xzeU]_exclusive",4,3,5,gemma-4-4b;ministral-8b;phi-4,SPEAKER_02,707.45,thank you counselor colleagues and thank you for your willingness to serve my only question is how do you see the role of the downtown investment district and diversifying opportunities for
"City Council Committee Meeting - August 11, 2025 [6DXgO59xzeU]_exclusive",5,1,5,gemma-4-4b,SPEAKER_03,718.89,business owners in the downtown um thank you for your question i think the biggest thing when it comes to diversifying downtown equal opportunity all over i think that there's not enough people that realize different things that you can do downtown as a business owner i think that also So having the
"City Council Committee Meeting - August 11, 2025 [6DXgO59xzeU]_exclusive",11,1,5,gemma-4-4b,SPEAKER_11,903.39,"Counselor Kulikst, I'll just make a quick comment that I have the honor of serving on the Public Art Advisory Board with Rachel O'Berry and Sisa Valthole on the Public Art Advisory Board, and I just, they all do a really good job, all bring good ideas, and so I definitely think they're an asset"
"City Council Committee Meeting - August 11, 2025 [6DXgO59xzeU]_exclusive",23,3,5,gemma-4-4b;ministral-8b;phi-4,SPEAKER_16,1854.33,all right and i think i will stop there now thank you for the presentation director campbell um just one question regarding some of the revenue lines that you mentioned franchise fees parking violations and pension state funds can you clarify what franchise fees are and the percentage of parking vio
"City Council Committee Meeting - August 11, 2025 [6DXgO59xzeU]_exclusive",25,2,5,ministral-8b;phi-4,SPEAKER_04,1889.86,percentage are you asking the percentage or which fines we're collecting um so i think my
"City Council Committee Meeting - August 11, 2025 [6DXgO59xzeU]_exclusive",26,3,5,gemma-4-4b;ministral-8b;phi-4,SPEAKER_16,1901.43,understanding is that uh the city of lancaster does not receive a hundred percent of parking tickets etc there's a percentage that's paid out to the city yes so there's an administrative
"City Council Committee Meeting - August 11, 2025 [6DXgO59xzeU]_exclusive",28,3,5,ministral-8b;qwen3.5-9b-q6;qwen3.5-9b-q8,SPEAKER_15,1934.28,eyeball on me back there hi i'm not here that often um the parking as you know the parking authority runs the violation parking program under a contract with the city parking authority is basically like a management company during the enforcement for meters street sweeping and residential permit par
"City Council Committee Meeting - August 11, 2025 [6DXgO59xzeU]_exclusive",35,1,5,gemma-4-4b,SPEAKER_11,2058.58,"Councilor Harris. Thank you, Director Campbell. That was a great report. The one question I had, and I know you said that for the earned income tax revenue, that it was running about where the city expected. I just had a question on the actual, like, financial statement. It shows around 27%, and so "
"City Council Committee Meeting - August 11, 2025 [6DXgO59xzeU]_exclusive",38,3,5,gemma-4-4b;ministral-8b;phi-4,SPEAKER_02,2123.88,and thank you director campbell this report was very helpful my question was regarding the unfilled positions and the vacancies are we planning to keep those vacancies throughout the rest of the fiscal year and given that we are seeing revenues a little bit ahead of what were anticipated is there an
"City Council Committee Meeting - August 11, 2025 [6DXgO59xzeU]_exclusive",49,1,5,gemma-4-4b,SPEAKER_16,2688.08,craig thank you for the presentation um just one quick question i'm assuming this isn't going to affect any the accessibility the sidewalk for pedestrians or anyone like that based on the type of design it is the structure that's all questions from council as a whole okay i'll make
"City Council Committee Meeting - August 11, 2025 [6DXgO59xzeU]_exclusive",58,3,5,gemma-4-4b;ministral-8b;phi-4,SPEAKER_04,3167.67,underway thank you and if i could just add to that to say that the former use of lsc was consuming more water than the proposed new use and so i just want to make sure that everybody's aware of that and as it relates to the electricity usage that is really an issue for the pennsylvania utilities com
"City Council Committee Meeting - August 11, 2025 [6DXgO59xzeU]_exclusive",64,1,5,phi-4,SPEAKER_00,3333.86,councilor diaz thank you council president public safety committee has a bill number 05 2025 creating a community police review board due to the scheduling issues with the meeting and i personally prefer to move this proposal to the september meeting now that it is online and can be reviewed plus i 
"City Council Committee Meeting - August 11, 2025 [6DXgO59xzeU]_standard",4,3,5,gemma-4-4b;ministral-8b;phi-4,SPEAKER_02,707.45,thank you counselor colleagues and thank you for your willingness to serve my only question is how do you see the role of the downtown investment district and diversifying opportunities for
"City Council Committee Meeting - August 11, 2025 [6DXgO59xzeU]_standard",5,1,5,gemma-4-4b,SPEAKER_03,718.89,business owners in the downtown um thank you for your question i think the biggest thing when it comes to diversifying downtown equal opportunity all over i think that there's not enough people that realize different things that you can do downtown as a business owner i think that also So having the
"City Council Committee Meeting - August 11, 2025 [6DXgO59xzeU]_standard",11,1,5,gemma-4-4b,SPEAKER_11,903.39,"Counselor Kulikst, I'll just make a quick comment that I have the honor of serving on the Public Art Advisory Board with Rachel O'Berry and Sisa Valthole on the Public Art Advisory Board, and I just, they all do a really good job, all bring good ideas, and so I definitely think they're an asset"
"City Council Committee Meeting - August 11, 2025 [6DXgO59xzeU]_standard",23,3,5,gemma-4-4b;ministral-8b;phi-4,SPEAKER_16,1854.33,all right and i think i will stop there now thank you for the presentation director campbell um just one question regarding some of the revenue lines that you mentioned franchise fees parking violations and pension state funds can you clarify what franchise fees are and the percentage of parking vio
"City Council Committee Meeting - August 11, 2025 [6DXgO59xzeU]_standard",25,2,5,ministral-8b;phi-4,SPEAKER_04,1889.86,percentage are you asking the percentage or which fines we're collecting um so i think my
"City Council Committee Meeting - August 11, 2025 [6DXgO59xzeU]_standard",26,3,5,gemma-4-4b;ministral-8b;phi-4,SPEAKER_16,1901.43,understanding is that uh the city of lancaster does not receive a hundred percent of parking tickets etc there's a percentage that's paid out to the city yes so there's an administrative
"City Council Committee Meeting - August 11, 2025 [6DXgO59xzeU]_standard",27,1,5,ministral-8b,SPEAKER_04,1911.51,would you mind coming to the mic so the public can who might be watching at home can um i'm not
"City Council Committee Meeting - August 11, 2025 [6DXgO59xzeU]_standard",28,2,5,gemma-4-4b;phi-4,SPEAKER_15,1928.68,prepared for what i'm supposed to speak about that's okay oh yeah you can sit here see his eyeball on me back there hi i'm not here that often um the parking as you know the parking authority runs the violation parking program under a contract with the city parking authority is basically like a mana
"City Council Committee Meeting - August 11, 2025 [6DXgO59xzeU]_standard",35,1,5,gemma-4-4b,SPEAKER_11,2058.58,"Councilor Harris. Thank you, Director Campbell. That was a great report. The one question I had, and I know you said that for the earned income tax revenue, that it was running about where the city expected. I just had a question on the actual, like, financial statement. It shows around 27%, and so "
"City Council Committee Meeting - August 11, 2025 [6DXgO59xzeU]_standard",38,3,5,gemma-4-4b;ministral-8b;phi-4,SPEAKER_02,2123.88,and thank you director campbell this report was very helpful my question was regarding the unfilled positions and the vacancies are we planning to keep those vacancies throughout the rest of the fiscal year and given that we are seeing revenues a little bit ahead of what were anticipated is there an
"City Council Committee Meeting - August 11, 2025 [6DXgO59xzeU]_standard",49,1,5,gemma-4-4b,SPEAKER_16,2688.08,craig thank you for the presentation um just one quick question i'm assuming this isn't going to affect any the accessibility the sidewalk for pedestrians or anyone like that based on the type of design it is the structure that's all questions from council as a whole okay i'll make
"City Council Committee Meeting - August 11, 2025 [6DXgO59xzeU]_standard",58,3,5,gemma-4-4b;ministral-8b;phi-4,SPEAKER_04,3167.67,underway thank you and if i could just add to that to say that the former use of lsc was consuming more water than the proposed new use and so i just want to make sure that everybody's aware of that and as it relates to the electricity usage that is really an issue for the pennsylvania utilities com
"City Council Committee Meeting - August 11, 2025 [6DXgO59xzeU]_standard",64,1,5,phi-4,SPEAKER_00,3333.86,councilor diaz thank you council president public safety committee has a bill number 05 2025 creating a community police review board due to the scheduling issues with the meeting and i personally prefer to move this proposal to the september meeting now that it is online and can be reviewed plus i 
"City Council Committee Meeting - February 3, 2025 [aHT_ba_YwG8]",5,1,5,phi-4,SPEAKER_10,491.94,you mr. vice president the personal committee has two items on the agenda but the first item is a push to back to the next committee meeting and the second item is the nomination for reappointment to the city revitalization and Improvement Zone Authority Shelby Norman. She currently serves on the bo
"City Council Committee Meeting - February 3, 2025 [aHT_ba_YwG8]",17,3,5,gemma-4-4b;ministral-8b;phi-4,SPEAKER_05,1246.92,"Thank you, Vice. I'd like to know a little bit more about the truck."
"City Council Committee Meeting - February 3, 2025 [aHT_ba_YwG8]",24,2,5,gemma-4-4b;ministral-8b,SPEAKER_12,1616.15,"That helps a lot. And just my follow-up question is, given that these are some of the first three-year plans, are we confident in our ability to service the whole debt, given the need for additional bonds after the planning or design phase?"
"City Council Committee Meeting - February 3, 2025 [aHT_ba_YwG8]",31,3,5,gemma-4-4b;ministral-8b;phi-4,SPEAKER_09,1721.47,march but yeah i would also just say that the master parks plan implementation does include all of the engagement that we did that lays out um the plans for many of the parks that are on the list vision zero is similar as part of the act of transportation which has been approved by city council um a
"City Council Committee Meeting - February 3, 2025 [aHT_ba_YwG8]",32,2,5,gemma-4-4b;phi-4,SPEAKER_07,1783.13,well we're basically looking at the fact that this is we're looking at a debt and bond financing needs that's that's mostly what i'm looking at i know some of them are already we had already voted on that prior to or we're basically looking at in the future especially with the ep uh mandates that we
"City Council Committee Meeting - February 3, 2025 [aHT_ba_YwG8]",34,3,5,gemma-4-4b;ministral-8b;phi-4,SPEAKER_09,1824.64,"community to speak into it as well. And I think that's also the benefit of the adoption of the home rule charter requiring the long term capital plan to be laid out for the public so that there is more broad awareness of the types of investments that are required in our water, wastewater and stormwa"
"City Council Committee Meeting - February 3, 2025 [aHT_ba_YwG8]",36,3,5,gemma-4-4b;ministral-8b;phi-4,SPEAKER_07,1942.8,to be my last question in regards to um these projects do we have anything included that was already added in regards to the grants is there any grants that we had added into this because i'm just trying to figure out what the difference between the debt and also the minus the grants
"City Council Committee Meeting - February 3, 2025 [aHT_ba_YwG8]",38,3,5,gemma-4-4b;ministral-8b;phi-4,SPEAKER_07,1996.69,"My last question, I'm sorry. I just thought of this just because I know that there's a large, there's a big question mark on what the federal government is going to be doing. Have you received anything or any notices of grants that may have been already either denied or that they are going forward w"
"City Council Committee Meeting - February 3, 2025 [aHT_ba_YwG8]",42,1,5,gemma-4-4b,SPEAKER_00,2110.33,know if you have anything you want to add yes thank you very very much this is this is to be able to do surface treatment of roadways that are shared by both Madheim Township and the city of Lancaster on Marshall Avenue between Lidditz Pike and and Juliet Avenue it's approximately 82% of the roadway
"City Council Committee Meeting - February 3, 2025 [aHT_ba_YwG8]",48,2,5,gemma-4-4b;ministral-8b,SPEAKER_10,2469.77,"Thank you, Constable Hirsch. Thank you, Dr. Campbell, for the presentation. What would be the role of the city in those projects? Will the city be involved in ongoing oversight of those projects?"
"City Council Committee Meeting - February 3, 2025 [aHT_ba_YwG8]",56,1,5,phi-4,SPEAKER_07,2710.96,is it possible to speak up a little bit yes yes
"City Council Committee Meeting - February 3, 2025 [aHT_ba_YwG8]",58,4,5,gemma-4-4b;phi-4;qwen3.5-9b-q6;qwen3.5-9b-q8,SPEAKER_08,3386.96,just a comment I want to thank the city for continuing to prioritize housing and affordable housing and home repair and continuing to thank you guys for the
"City Council Committee Meeting - February 3, 2025 [aHT_ba_YwG8]",59,2,5,ministral-8b;phi-4,SPEAKER_12,3414.85,presentation just a question about some of the moves that were made due to staffing levels not being filled such as Department engagement or city program administration and future plans you know these positions are restaffed you know will we go after those dollars to cover you know those positions b
"City Council Committee Meeting - February 3, 2025 [aHT_ba_YwG8]",61,3,5,gemma-4-4b;ministral-8b;phi-4,SPEAKER_12,3499.05,thank you and then in regards to the police social work program of being geographically only for the or not being allowed in the downtown investment area if you just spend on that and just kind of if you just kind of re-explain uh the police social work aspect of it sure so cdbg
"City Council Committee Meeting - February 3, 2025 [aHT_ba_YwG8]",64,2,5,qwen3.5-9b-q6;qwen3.5-9b-q8,SPEAKER_02,3591.11,around the 2026 23rd plan wonderful just a quick comment I'll say from voting on this item just because the organization that I work for assets is listed as an organization in the action plans same from voting thank you are there any
"City Council Committee Meeting - February 3, 2025 [aHT_ba_YwG8]",65,3,5,phi-4;qwen3.5-9b-q6;qwen3.5-9b-q8,SPEAKER_05,3612.06,further comments or questions in regards to the funding for the CBD G and housing
"City Council Committee Meeting - February 3, 2025 [aHT_ba_YwG8]",67,3,5,phi-4;qwen3.5-9b-q6;qwen3.5-9b-q8,SPEAKER_01,3631.16,that we have good question the only funding that i saw that went to the shelters was from 2021 that
"City Council Committee Meeting - February 3, 2025 [aHT_ba_YwG8]",68,2,5,qwen3.5-9b-q6;qwen3.5-9b-q8,SPEAKER_03,3639.98,was part of the esg allocation so homeless shelters and service for homeless individuals is out is funded through the emergency solutions grant or esg funding for which we received entitlement funds in 2021 but not since and those same activities are not eligible through cdb for cdbg funding because
"City Council Committee Meeting - February 3, 2025 [aHT_ba_YwG8]",71,3,5,phi-4;qwen3.5-9b-q6;qwen3.5-9b-q8,SPEAKER_07,3808.62,so so you're looking at probably repairing what three houses with that particular money depends
"City Council Committee Meeting - February 3, 2025 [aHT_ba_YwG8]",73,1,5,gemma-4-4b,SPEAKER_05,3853.85,far in the consolidated plan thank you thank you for having us and we look
"City Council Committee Meeting - July 1, 2025 [GduwovKQ8ek]_exclusive",17,1,5,gemma-4-4b,SPEAKER_02,1871.46,dr campbell i'm looking at the exhibit a and i just so maybe maybe i just need to kind of conceptualize we're talking about fleet management because some of the vehicles in the first list are things like dump trucks and sweepers and gators and so is enterprise fleet management also managing our flee
"City Council Committee Meeting - July 1, 2025 [GduwovKQ8ek]_exclusive",19,1,5,ministral-8b,SPEAKER_11,1905.39,counselor colleagues thank you consulate Jimmy the consular way thank you and there you can but what is the process for determining a public vehicle is ready for disposal what what we have it's a very good question what
"City Council Committee Meeting - July 1, 2025 [GduwovKQ8ek]_exclusive",25,1,5,gemma-4-4b,SPEAKER_02,2221.2,a note i want to just ensure council and members of the public in the room that we have been told that the live stream is not affected by the popping noises that we're hearing it's coming in through the speaker in the room and so the audio feed is coming in separately
"City Council Committee Meeting - July 1, 2025 [GduwovKQ8ek]_exclusive",36,2,5,gemma-4-4b;phi-4,SPEAKER_03,3680.38,come appreciate confirming my math if they don't live and work in this if they
"City Council Committee Meeting - July 1, 2025 [GduwovKQ8ek]_exclusive",37,1,5,phi-4,SPEAKER_02,3685.8,live and work in the city they would get right but if they live outside of the city that could be as little as half 46 percent thank you any additional
"City Council Committee Meeting - July 1, 2025 [GduwovKQ8ek]_exclusive",43,1,5,phi-4,SPEAKER_09,3786.32,recall you've already actually essentially approved this in a previous resolution but given the fact that this is a 99 year lease given the fact that this is going to have impact on generations of lancaster residents hereafter it's it's it's important for city council to have the documents and appro
"City Council Committee Meeting - July 1, 2025 [GduwovKQ8ek]_exclusive",45,1,5,gemma-4-4b,SPEAKER_02,4127.68,councilor council president mr hanberger thank you so much for the summary and for everyone's work on the lease agreement i know it's it's an intense and long document and i just wanted to say that i appreciate that it has uh continued to capture the um the the pieces of the letter intent that were 
"City Council Committee Meeting - July 1, 2025 [GduwovKQ8ek]_exclusive",47,1,5,ministral-8b,SPEAKER_05,4192.18,my question is just around the I guess I just want to make sure I understand correctly what I read there's quite a lot of you know reading to do but in particular in the agreements surrounding the water line as I read it it read as though that partners for environmental stewardship would be required
"City Council Committee Meeting - July 1, 2025 [GduwovKQ8ek]_exclusive",51,4,5,ministral-8b;phi-4;qwen3.5-9b-q6;qwen3.5-9b-q8,SPEAKER_00,4380.12,swan hotel project good evening turning around so many times good evening uh lauren finn senior planner for the city this um this sewer planning module is for the swan hotel redevelopment so it's located at 101 south queen street we've been looking forward to the redevelopment of of this hotel for a
"City Council Committee Meeting - July 1, 2025 [GduwovKQ8ek]_exclusive",61,3,5,gemma-4-4b;ministral-8b;phi-4,SPEAKER_11,4721.59,"Hodge. Director Campbell, could you tell us some of the benefits"
"City Council Committee Meeting - July 1, 2025 [GduwovKQ8ek]_standard",17,1,5,gemma-4-4b,SPEAKER_02,1871.46,dr campbell i'm looking at the exhibit a and i just so maybe maybe i just need to kind of conceptualize we're talking about fleet management because some of the vehicles in the first list are things like dump trucks and sweepers and gators and so is enterprise fleet management also managing our flee
"City Council Committee Meeting - July 1, 2025 [GduwovKQ8ek]_standard",19,1,5,ministral-8b,SPEAKER_11,1905.39,counselor colleagues thank you consulate Jimmy the consular way thank you and there you can but what is the process for determining a public vehicle is ready for disposal what what we have it's a very good question what
"City Council Committee Meeting - July 1, 2025 [GduwovKQ8ek]_standard",25,1,5,gemma-4-4b,SPEAKER_02,2221.2,a note i want to just ensure council and members of the public in the room that we have been told that the live stream is not affected by the popping noises that we're hearing it's coming in through the speaker in the room and so the audio feed is coming in separately
"City Council Committee Meeting - July 1, 2025 [GduwovKQ8ek]_standard",36,1,5,ministral-8b,SPEAKER_03,3680.38,come appreciate confirming my math if they don't live and work in this if they live and work in the city they would get right but if they live outside of the
"City Council Committee Meeting - July 1, 2025 [GduwovKQ8ek]_standard",37,1,5,ministral-8b,SPEAKER_02,3689.28,city that could be as little as half 46 percent thank you any additional
"City Council Committee Meeting - July 1, 2025 [GduwovKQ8ek]_standard",43,1,5,phi-4,SPEAKER_09,3786.32,recall you've already actually essentially approved this in a previous resolution but given the fact that this is a 99 year lease given the fact that this is going to have impact on generations of lancaster residents hereafter it's it's it's important for city council to have the documents and appro
"City Council Committee Meeting - July 1, 2025 [GduwovKQ8ek]_standard",45,1,5,gemma-4-4b,SPEAKER_02,4127.68,councilor council president mr hanberger thank you so much for the summary and for everyone's work on the lease agreement i know it's it's an intense and long document and i just wanted to say that i appreciate that it has uh continued to capture the um the the pieces of the letter intent that were 
"City Council Committee Meeting - July 1, 2025 [GduwovKQ8ek]_standard",47,1,5,ministral-8b,SPEAKER_05,4192.18,my question is just around the I guess I just want to make sure I understand correctly what I read there's quite a lot of you know reading to do but in particular in the agreements surrounding the water line as I read it it read as though that partners for environmental stewardship would be required
"City Council Committee Meeting - July 1, 2025 [GduwovKQ8ek]_standard",51,4,5,ministral-8b;phi-4;qwen3.5-9b-q6;qwen3.5-9b-q8,SPEAKER_00,4380.12,swan hotel project good evening turning around so many times good evening uh lauren finn senior planner for the city this um this sewer planning module is for the swan hotel redevelopment so it's located at 101 south queen street we've been looking forward to the redevelopment of of this hotel for a
"City Council Committee Meeting - July 1, 2025 [GduwovKQ8ek]_standard",61,3,5,gemma-4-4b;ministral-8b;phi-4,SPEAKER_11,4721.59,"Hodge. Director Campbell, could you tell us some of the benefits"
"City Council Committee Meeting - July 15, 2025 [z0C4LoiIcxE]_exclusive",6,3,5,gemma-4-4b;ministral-8b;phi-4,SPEAKER_00,667.41,about you know i kind of thought and i racked my brain as i looked at it again because i was like i'm not sure i mean maybe it doesn't make much of a difference but i thought you know um having the budget activity like the what on the far left then the due date and then who's responsible for it woul
"City Council Committee Meeting - July 15, 2025 [z0C4LoiIcxE]_exclusive",11,1,5,phi-4,SPEAKER_04,929.6,question and I know I had either the section wrong or the article wrong yeah
"City Council Committee Meeting - July 15, 2025 [z0C4LoiIcxE]_exclusive",14,1,5,phi-4,SPEAKER_03,951.32,looking at the admin code or the Charter I'm sorry I'm looking at the admin code right so that the Charter it's article 4 this keep in mind remember what tab yeah remember remember and this is for the public too this is this is sort of just to remember that the real Bible is the Charter that's the p
"City Council Committee Meeting - July 15, 2025 [z0C4LoiIcxE]_exclusive",17,3,5,gemma-4-4b;ministral-8b;phi-4,SPEAKER_06,1012.21,uh councilman arroyo i actually don't have any questions or comments i thought um yeah i thought the changes that were suggested during the last reading were very valid and yeah feel good about
"City Council Committee Meeting - July 15, 2025 [z0C4LoiIcxE]_exclusive",18,3,5,gemma-4-4b;ministral-8b;phi-4,SPEAKER_00,1024.13,it councilman hirsch i just had one question um section three which is on page 25 of the admin code that's before us it talks about the sale of personal property am i correct my understanding is that this threshold for sale personal property as far as like resolution approval by council is about 250
"City Council Committee Meeting - July 15, 2025 [z0C4LoiIcxE]_exclusive",20,1,5,phi-4,SPEAKER_00,1100.4,but to be clear those thresholds that were aforementioned those are still in place
"City Council Committee Meeting - July 15, 2025 [z0C4LoiIcxE]_exclusive",22,3,5,gemma-4-4b;ministral-8b;phi-4,SPEAKER_00,1141.86,you know maybe I don't know what an appropriate threshold is but maybe that's something we ought
"City Council Committee Meeting - July 15, 2025 [z0C4LoiIcxE]_exclusive",24,2,5,gemma-4-4b;phi-4,SPEAKER_00,1189.82,helpful that context kind of more answers my question on that and as of right now I don't I don't really have much else so councilman I'm in thank you
"City Council Committee Meeting - July 15, 2025 [z0C4LoiIcxE]_exclusive",25,3,5,gemma-4-4b;ministral-8b;phi-4,SPEAKER_05,1205.32,my only question is kind of a process question as it relates to budgets with the charter and with adopting the new admin code is there something that would prevent us or would it be wise to put things in the admin code for future budgets like like for example if council wanted to you know make it a 
"City Council Committee Meeting - July 15, 2025 [z0C4LoiIcxE]_exclusive",27,3,5,gemma-4-4b;ministral-8b;phi-4,SPEAKER_05,1321.06,possible each year. Yeah and I guess like if it was like kind of like you know our reserve funds needs to be at x percent of the budget or if we are there's many different examples but that's what I was wondering kind of in like a good financial management way is there are kind of are we able to do 
"City Council Committee Meeting - July 15, 2025 [z0C4LoiIcxE]_exclusive",29,2,5,gemma-4-4b;phi-4,SPEAKER_07,1373.67,"And I would just add that in contrast to the Home Rule Charter, which cannot be changed changed the admin code can also be changed on a regular basis and and a budget is my understanding has always been that a budget is an annual allocation and that you cannot make commitments for future budget year"
"City Council Committee Meeting - July 15, 2025 [z0C4LoiIcxE]_exclusive",30,3,5,gemma-4-4b;ministral-8b;phi-4,SPEAKER_05,1436.78,that's that was that was really the basis of my question was kind of from like the policy side and like can we set policies that would affect future
"City Council Committee Meeting - July 15, 2025 [z0C4LoiIcxE]_exclusive",32,2,5,ministral-8b;phi-4,SPEAKER_05,1502.68,"and and uh just my like my final piece of kind of where like my thought process was going on this You know, there's been a lot of talks about tax exemptions for low-income earners, and a question that did come into my mind was, you know, through the admin code, would we be able to exempt any future "
"City Council Committee Meeting - July 15, 2025 [z0C4LoiIcxE]_exclusive",50,1,5,gemma-4-4b,SPEAKER_07,1859.28,seated for a new mayor is seated i think it's extremely important so thank you for that are
"City Council Committee Meeting - July 15, 2025 [z0C4LoiIcxE]_standard",6,3,5,gemma-4-4b;ministral-8b;phi-4,SPEAKER_00,667.41,about you know i kind of thought and i racked my brain as i looked at it again because i was like i'm not sure i mean maybe it doesn't make much of a difference but i thought you know um having the budget activity like the what on the far left then the due date and then who's responsible for it woul
"City Council Committee Meeting - July 15, 2025 [z0C4LoiIcxE]_standard",14,1,5,phi-4,SPEAKER_03,951.32,looking at the admin code or the Charter I'm sorry I'm looking at the admin code right so that the Charter it's article 4 this keep in mind remember what tab yeah remember remember and this is for the public too this is this is sort of just to remember that the real Bible is the Charter that's the p
"City Council Committee Meeting - July 15, 2025 [z0C4LoiIcxE]_standard",17,3,5,gemma-4-4b;ministral-8b;phi-4,SPEAKER_06,1012.21,uh councilman arroyo i actually don't have any questions or comments i thought um yeah i thought the changes that were suggested during the last reading were very valid and yeah feel good about
"City Council Committee Meeting - July 15, 2025 [z0C4LoiIcxE]_standard",18,3,5,gemma-4-4b;ministral-8b;phi-4,SPEAKER_00,1024.13,it councilman hirsch i just had one question um section three which is on page 25 of the admin code that's before us it talks about the sale of personal property am i correct my understanding is that this threshold for sale personal property as far as like resolution approval by council is about 250
"City Council Committee Meeting - July 15, 2025 [z0C4LoiIcxE]_standard",20,1,5,phi-4,SPEAKER_00,1100.4,but to be clear those thresholds that were aforementioned those are still in place
"City Council Committee Meeting - July 15, 2025 [z0C4LoiIcxE]_standard",22,3,5,gemma-4-4b;ministral-8b;phi-4,SPEAKER_00,1141.86,you know maybe I don't know what an appropriate threshold is but maybe that's something we ought
"City Council Committee Meeting - July 15, 2025 [z0C4LoiIcxE]_standard",24,2,5,gemma-4-4b;phi-4,SPEAKER_00,1189.82,helpful that context kind of more answers my question on that and as of right now I don't I don't really have much else so councilman I'm in thank you
"City Council Committee Meeting - July 15, 2025 [z0C4LoiIcxE]_standard",25,3,5,gemma-4-4b;ministral-8b;phi-4,SPEAKER_05,1205.32,my only question is kind of a process question as it relates to budgets with the charter and with adopting the new admin code is there something that would prevent us or would it be wise to put things in the admin code for future budgets like like for example if council wanted to you know make it a 
"City Council Committee Meeting - July 15, 2025 [z0C4LoiIcxE]_standard",27,3,5,gemma-4-4b;ministral-8b;phi-4,SPEAKER_05,1321.06,possible each year. Yeah and I guess like if it was like kind of like you know our reserve funds needs to be at x percent of the budget or if we are there's many different examples but that's what I was wondering kind of in like a good financial management way is there are kind of are we able to do 
"City Council Committee Meeting - July 15, 2025 [z0C4LoiIcxE]_standard",29,2,5,gemma-4-4b;phi-4,SPEAKER_07,1373.67,"And I would just add that in contrast to the Home Rule Charter, which cannot be changed changed the admin code can also be changed on a regular basis and and a budget is my understanding has always been that a budget is an annual allocation and that you cannot make commitments for future budget year"
"City Council Committee Meeting - July 15, 2025 [z0C4LoiIcxE]_standard",30,4,5,gemma-4-4b;ministral-8b;phi-4;qwen3.5-9b-q8,SPEAKER_05,1436.78,that's that was that was really the basis of my question was kind of from like the policy side and like can we set policies that would affect future
"City Council Committee Meeting - July 15, 2025 [z0C4LoiIcxE]_standard",31,1,5,qwen3.5-9b-q8,SPEAKER_03,1444.82,budgets yeah and I think the answer there is really you can't you can't directly control the subsequent budget you can only control the current one that being said you want to put policies in place that keep it that direct the administration on how to administer the budget ordinance on an annual bas
"City Council Committee Meeting - July 15, 2025 [z0C4LoiIcxE]_standard",32,3,5,ministral-8b;phi-4;qwen3.5-9b-q8,SPEAKER_05,1502.68,"and and uh just my like my final piece of kind of where like my thought process was going on this You know, there's been a lot of talks about tax exemptions for low-income earners, and a question that did come into my mind was, you know, through the admin code, would we be able to exempt any future "
"City Council Committee Meeting - July 15, 2025 [z0C4LoiIcxE]_standard",38,4,5,gemma-4-4b;ministral-8b;phi-4;qwen3.5-9b-q8,SPEAKER_01,1679.24,but to some earlier points made by people up on the day or rather at the table the charter is the bible and let me actually look up something in my three minutes. I could be wrong but I do believe that the charter can be amended through referendums so long as it's not affecting the government struct
"City Council Committee Meeting - July 15, 2025 [z0C4LoiIcxE]_standard",48,2,5,ministral-8b;phi-4,SPEAKER_07,1859.28,seated for a new mayor is seated i think it's extremely important so thank you for that are
"City Council Committee Meeting - June 17, 2025 [e_aXcEkzyEY]_exclusive",2,1,5,gemma-4-4b,SPEAKER_04,2937.34,council and so this is you know if a small piece of real estate is better in
"City Council Committee Meeting - June 17, 2025 [e_aXcEkzyEY]_exclusive",9,1,5,ministral-8b,SPEAKER_10,3403.66,tell me if this is broad enough or if this is too specific and and I'm looking
"City Council Committee Meeting - June 17, 2025 [e_aXcEkzyEY]_exclusive",13,3,5,gemma-4-4b;ministral-8b;phi-4,SPEAKER_00,3558.42,with the Charter and the information that were given here am I going to be able to find like all most of the answers that I need and if I can't find the answers that I need who I call so I need a book like yours well you don't
"City Council Committee Meeting - June 17, 2025 [e_aXcEkzyEY]_exclusive",16,3,5,gemma-4-4b;ministral-8b;phi-4,SPEAKER_01,3705.31,"Thank you Madam President. So I haven't read it yet so I don't have really many questions but I was looking at section one where we have the definitions and how did you come up with those concepts or where did you get them? Because I know that we have other concepts, for example, like the department"
"City Council Committee Meeting - June 17, 2025 [e_aXcEkzyEY]_exclusive",19,2,5,gemma-4-4b;phi-4,SPEAKER_03,3822.33,can we add the other definitions of what you can you can add or delete anything from this document this is your document not my document thank you that's all I have for now thank you
"City Council Committee Meeting - June 17, 2025 [e_aXcEkzyEY]_exclusive",23,3,5,phi-4;qwen3.5-9b-q6;qwen3.5-9b-q8,SPEAKER_10,3900.42,for an increase to the overall budget it's just a transfer between the departments so that's the
"City Council Committee Meeting - June 17, 2025 [e_aXcEkzyEY]_exclusive",26,3,5,gemma-4-4b;ministral-8b;phi-4,SPEAKER_04,3918.54,counselor med thoughts and questions there you go uh thank you council president and uh thank you uh barry for your presentation this evening and i really appreciate some of the good governance measures around procurement and around the budgets i guess my only question and guidance that i would like
"City Council Committee Meeting - June 17, 2025 [e_aXcEkzyEY]_exclusive",30,3,5,gemma-4-4b;ministral-8b;phi-4,SPEAKER_04,4257.51,uh thank you and i just have one final question and it's kind of in regards to like um with this new charter and some of the ambiguities of what state law is currently what state laws may change um is there anything in the administrative code that we could kind of put in to protect i don't want to s
"City Council Committee Meeting - June 17, 2025 [e_aXcEkzyEY]_exclusive",36,1,5,gemma-4-4b,SPEAKER_09,4457.18,"Thank you. Great, I have one last thought of my own and I just wanna, well, thank you for putting this together. I particularly appreciate the tables that are included on the budget timeline and the other timelines because reading through that in the way it is presented in the charter is complicated"
"City Council Committee Meeting - June 17, 2025 [e_aXcEkzyEY]_exclusive",37,4,5,ministral-8b;phi-4;qwen3.5-9b-q6;qwen3.5-9b-q8,SPEAKER_06,4532.1,"in the 600 block of North Shippen and I have a couple questions one of them is on the procurement numbers and I was a bit surprised to see that the threshold for a public bid is just 23,000 and change that that seems like a pretty small sum for what strikes me as a fairly involved and onerous proced"
"City Council Committee Meeting - June 17, 2025 [e_aXcEkzyEY]_standard",2,1,5,gemma-4-4b,SPEAKER_04,2937.34,council and so this is you know if a small piece of real estate is better in
"City Council Committee Meeting - June 17, 2025 [e_aXcEkzyEY]_standard",9,1,5,ministral-8b,SPEAKER_10,3403.66,tell me if this is broad enough or if this is too specific and and I'm looking
"City Council Committee Meeting - June 17, 2025 [e_aXcEkzyEY]_standard",13,3,5,gemma-4-4b;ministral-8b;phi-4,SPEAKER_00,3558.42,with the Charter and the information that were given here am I going to be able to find like all most of the answers that I need and if I can't find the answers that I need who I call so I need a book like yours well you don't
"City Council Committee Meeting - June 17, 2025 [e_aXcEkzyEY]_standard",16,3,5,gemma-4-4b;ministral-8b;phi-4,SPEAKER_01,3705.31,"Thank you Madam President. So I haven't read it yet so I don't have really many questions but I was looking at section one where we have the definitions and how did you come up with those concepts or where did you get them? Because I know that we have other concepts, for example, like the department"
"City Council Committee Meeting - June 17, 2025 [e_aXcEkzyEY]_standard",19,2,5,gemma-4-4b;phi-4,SPEAKER_03,3822.33,can we add the other definitions of what you can you can add or delete anything from this document this is your document not my document thank you that's all I have for now thank you
"City Council Committee Meeting - June 17, 2025 [e_aXcEkzyEY]_standard",23,3,5,phi-4;qwen3.5-9b-q6;qwen3.5-9b-q8,SPEAKER_10,3900.42,for an increase to the overall budget it's just a transfer between the departments so that's the
"City Council Committee Meeting - June 17, 2025 [e_aXcEkzyEY]_standard",26,3,5,gemma-4-4b;ministral-8b;phi-4,SPEAKER_04,3918.54,counselor med thoughts and questions there you go uh thank you council president and uh thank you uh barry for your presentation this evening and i really appreciate some of the good governance measures around procurement and around the budgets i guess my only question and guidance that i would like
"City Council Committee Meeting - June 17, 2025 [e_aXcEkzyEY]_standard",30,3,5,gemma-4-4b;ministral-8b;phi-4,SPEAKER_04,4257.51,uh thank you and i just have one final question and it's kind of in regards to like um with this new charter and some of the ambiguities of what state law is currently what state laws may change um is there anything in the administrative code that we could kind of put in to protect i don't want to s
"City Council Committee Meeting - June 17, 2025 [e_aXcEkzyEY]_standard",36,1,5,gemma-4-4b,SPEAKER_09,4457.18,"Thank you. Great, I have one last thought of my own and I just wanna, well, thank you for putting this together. I particularly appreciate the tables that are included on the budget timeline and the other timelines because reading through that in the way it is presented in the charter is complicated"
"City Council Committee Meeting - June 17, 2025 [e_aXcEkzyEY]_standard",37,4,5,ministral-8b;phi-4;qwen3.5-9b-q6;qwen3.5-9b-q8,SPEAKER_06,4532.1,"in the 600 block of North Shippen and I have a couple questions one of them is on the procurement numbers and I was a bit surprised to see that the threshold for a public bid is just 23,000 and change that that seems like a pretty small sum for what strikes me as a fairly involved and onerous proced"
"City Council Committee Meeting - June 2, 2025 [gyhG_Bp4bV4]_exclusive",5,3,5,phi-4;qwen3.5-9b-q6;qwen3.5-9b-q8,SPEAKER_04,741.35,right around we'll we'll be in with you how do you see yourself holding accountability to the checks and balance needed for the city and fairness to her residents uh
"City Council Committee Meeting - June 2, 2025 [gyhG_Bp4bV4]_exclusive",6,3,5,gemma-4-4b;ministral-8b;phi-4,SPEAKER_10,753.57,in many of my positions uh i've held those types of responsibilities uh especially uh in the area with uh issues with the city issues with the college issues with community residents so i have i think a strong background ground in in voting people organizations and entities accountable thank you cou
"City Council Committee Meeting - June 2, 2025 [gyhG_Bp4bV4]_exclusive",7,1,5,gemma-4-4b,SPEAKER_07,796.71,"joining us. How do you kind of ensure that your personal beliefs or biases maybe don't affect necessarily a situation where you're called to be an impartial arbiter or mediator? How do you ensure that... Excuse me, I have artillery ears. No worries. Sorry about that. How do you ensure that your pers"
"City Council Committee Meeting - June 2, 2025 [gyhG_Bp4bV4]_exclusive",8,1,5,phi-4,SPEAKER_10,844.32,"of being neutral okay that was sorry that's a little more concise yeah um during my tenure at Thaddeus Stevens, I ran and orchestrated or organized a program where we had to bring a lot of folks in to check out their ability to be biased in some of the decision-making pertaining to the college itsel"
"City Council Committee Meeting - June 2, 2025 [gyhG_Bp4bV4]_exclusive",10,3,5,gemma-4-4b;ministral-8b;phi-4,SPEAKER_10,923.38,"I served, I did a stint here in Lancaster on the Human Relations Commission. I think I served probably about one term on there. I think that was during, I would date myself, but it was early. And I was introduced to a lot of the things that will be impacting the city and some of the things that the "
"City Council Committee Meeting - June 2, 2025 [gyhG_Bp4bV4]_exclusive",12,1,5,gemma-4-4b,SPEAKER_06,962.76,"Thank you, Mr. Colbert, for being here with us this evening. How do you believe that integrity and honesty and elected officials can build community engagement and trust?"
"City Council Committee Meeting - June 2, 2025 [gyhG_Bp4bV4]_exclusive",13,1,5,gemma-4-4b,SPEAKER_10,975.22,"It's paramount to building the trust, especially with the community. If you don't have integrity, you can't really accomplish anything. integrity uh will lead to you know holding the city administration city folks and everybody accountable to uh to the issues at hand or the ethical issues that may b"
"City Council Committee Meeting - June 2, 2025 [gyhG_Bp4bV4]_exclusive",18,1,5,ministral-8b,SPEAKER_01,1800.33,fairness of to the residents good question um i think when it comes to accountability especially through an ethics commission it really comes through transparency and making sure that the ethics commission is transparent in the work it does whether it is reporting at a city council or publishing the
"City Council Committee Meeting - June 2, 2025 [gyhG_Bp4bV4]_exclusive",25,4,5,gemma-4-4b;phi-4;qwen3.5-9b-q6;qwen3.5-9b-q8,SPEAKER_01,1977.56,yeah um integrity um i think people like to think of it as you know making the right decision when nobody's looking um and i think that the ethical code of conduct or an ethical framework would help um develop trust uh with the community uh knowing that there is guidelines for decision making in the
"City Council Committee Meeting - June 2, 2025 [gyhG_Bp4bV4]_exclusive",26,4,5,gemma-4-4b;phi-4;qwen3.5-9b-q6;qwen3.5-9b-q8,SPEAKER_12,2027.4,"Thank you. Thank you. Thank you for being here tonight. How will you ensure that your decisions, your decisions are consistent across cases?"
"City Council Committee Meeting - June 2, 2025 [gyhG_Bp4bV4]_exclusive",29,1,5,gemma-4-4b,SPEAKER_01,2075.35,"Absolutely. So in a former position that I held, I did hold a POA with the IRS, and once that position was done um ethically i had responsibility to end that poa and no longer represent the company so in that regard the ethics dilemma was resolved um i think there's other ethics dilemmas that i've n"
"City Council Committee Meeting - June 2, 2025 [gyhG_Bp4bV4]_exclusive",31,4,5,gemma-4-4b;phi-4;qwen3.5-9b-q6;qwen3.5-9b-q8,SPEAKER_00,2213.42,"Mayor, Madam President, Council Members, I'm really honored to be here and also really enjoyed hearing the interviews of the other candidates. My name is Chris Solt. I was born and raised in Vermont. I actually grew up in Burlington, Vermont, which I'll get back to next very quickly. Then I moved to"
"City Council Committee Meeting - June 2, 2025 [gyhG_Bp4bV4]_exclusive",34,2,5,qwen3.5-9b-q6;qwen3.5-9b-q8,SPEAKER_00,2315.68,"Yeah. Well, as you could probably tell, like being in the fair trade world, the fairness is something that is something is very passionate i'm very passionate about um and uh kind of interestingly in my organization now we have a code of practice that we hold 200 uh small businesses to the united st"
"City Council Committee Meeting - June 2, 2025 [gyhG_Bp4bV4]_exclusive",35,1,5,qwen3.5-9b-q8,SPEAKER_03,2389.58,Councilor Hirsch.
"City Council Committee Meeting - June 2, 2025 [gyhG_Bp4bV4]_exclusive",36,1,5,phi-4,SPEAKER_07,2390.56,"Thank you, Chris, for being here. I was going to ask how your personal beliefs, how do you avoid them interfering with your decision making? You kind of just spoke to that. So I'll ask, you know, how would you handle a situation where you know someone was the subject of an ethics complaint?"
"City Council Committee Meeting - June 2, 2025 [gyhG_Bp4bV4]_exclusive",43,4,5,gemma-4-4b;phi-4;qwen3.5-9b-q6;qwen3.5-9b-q8,SPEAKER_00,2567.53,else just mentioned our current um political dialogue and um you know the tone right now is is really stark i think that in lancaster city um especially we have an opportunity to control what we have going in our community the integrity and trust that you all have and and lancaster elected officials
"City Council Committee Meeting - June 2, 2025 [gyhG_Bp4bV4]_exclusive",44,4,5,gemma-4-4b;phi-4;qwen3.5-9b-q6;qwen3.5-9b-q8,SPEAKER_12,2613.69,i mean it's really the biggest issue right thank you council clicks thank you council president thank you for being here tonight and uh how will you ensure that your decisions are consistently worst cases within the commission regardless of a person's political power or connections
"City Council Committee Meeting - June 2, 2025 [gyhG_Bp4bV4]_exclusive",62,2,5,gemma-4-4b;ministral-8b,SPEAKER_04,4723.68,on that topic counselors anything to add i have a question if i may for those that don't read english will there be translations for this group here no for anything that's going to be well i
"City Council Committee Meeting - June 2, 2025 [gyhG_Bp4bV4]_exclusive",65,1,5,gemma-4-4b,SPEAKER_04,4820.56,different language this just in case anybody comes forward and says why hasn't this been translated i will just direct them to you because you would be the one that would be responsible answering and being transparent to them because i'm sure it will come up yeah and and obviously we would
"City Council Committee Meeting - June 2, 2025 [gyhG_Bp4bV4]_exclusive",67,2,5,gemma-4-4b;phi-4,SPEAKER_06,4862.58,anything additional from council yeah thank you kelts president my only question comment i guess would be more of a comment is uh you know other than reading and getting more familiar with the charter how could we make sure that this body stays on pace with these meetings and not try to rewrite the 
"City Council Committee Meeting - June 2, 2025 [gyhG_Bp4bV4]_exclusive",71,3,5,gemma-4-4b;ministral-8b;phi-4,SPEAKER_06,5079.57,answered and i will say maybe even if we could um have some uh education to the public on the process and the timeline and if they could also ask questions in between directly to the administration so the meetings aren't getting bogged down with you know a question and answer
"City Council Committee Meeting - June 2, 2025 [gyhG_Bp4bV4]_exclusive",78,1,5,phi-4,SPEAKER_07,5245.89,formulate those questions and right yeah great anything else i'm just gonna ask real briefly um is there any anything we've seen from other cities that have undergone this process that we should take note of either things that have gone well things have not gone well
"City Council Committee Meeting - June 2, 2025 [gyhG_Bp4bV4]_exclusive",79,1,5,phi-4,SPEAKER_08,5264.86,well uh in in reality no um because we're the most recent city to do it in quite a while the other municipalities that have converted to the home rule one have been different types of municipalities have oftentimes come out of act 47 and had different financial constraints and or different issues. I
"City Council Committee Meeting - June 2, 2025 [gyhG_Bp4bV4]_exclusive",80,3,5,gemma-4-4b;ministral-8b;phi-4,SPEAKER_04,5323.1,"They're always different. I try, because I have a friend that she's a city council person in Minnesota, and we talk back and forth about the charter, and she goes, oh, my God, your charter is really crazy, and she would give me her feedback. So they're all different."
"City Council Committee Meeting - June 2, 2025 [gyhG_Bp4bV4]_exclusive",84,3,5,gemma-4-4b;ministral-8b;phi-4,SPEAKER_06,5519.88,uh yes um thank you council president um this is an annual resolution to recognize world refugee day of an immigrant heritage month which is june of 2025 and world refugee day is on june 20th and this resolution is just going to honor and recognize the contributions made by both our immigrant commun
"City Council Committee Meeting - June 2, 2025 [gyhG_Bp4bV4]_exclusive",88,1,5,gemma-4-4b,SPEAKER_05,5589.38,anything to share with us um not particularly um juneteenth is a relatively new holiday for most people but um in the african-american community it has been recognized for a very long time and um i'm just pleased that the city of lancaster has has um taken it upon themselves to recognize juneteenth 
"City Council Committee Meeting - June 2, 2025 [gyhG_Bp4bV4]_exclusive",94,4,5,ministral-8b;phi-4;qwen3.5-9b-q6;qwen3.5-9b-q8,SPEAKER_07,5946.9,there things that you feel like as far as what the city is doing and getting us both the street trees and shade trees but also just its overall tree canopy things of the city should do better or what maybe things that are that are going well yeah I
"City Council Committee Meeting - June 2, 2025 [gyhG_Bp4bV4]_exclusive",95,4,5,gemma-4-4b;phi-4;qwen3.5-9b-q6;qwen3.5-9b-q8,SPEAKER_13,5966.06,think that we could do change the traditional approach of just putting a single sidewalk street tree in to doing planting strips to doing cluster planting in areas where we're off the sidewalk a little bit uh and in that way create more habitat and more storm water reduction um i think that there co
"City Council Committee Meeting - June 2, 2025 [gyhG_Bp4bV4]_exclusive",99,1,5,gemma-4-4b,SPEAKER_07,6127.45,I was going to say the only comment I would make is I think it might make sense to move all of these
"City Council Committee Meeting - June 2, 2025 [gyhG_Bp4bV4]_exclusive",107,2,5,gemma-4-4b;ministral-8b,SPEAKER_11,6258.48,just a little bit about the project um my name is ryan griffith i'm the president of cornerstone design architects we are working with brentwood builders with our client and the developer for the property um this was the property was a it was a it's a historic hotel um but it was a blighted property
"City Council Committee Meeting - June 2, 2025 [gyhG_Bp4bV4]_exclusive",108,2,5,gemma-4-4b;phi-4,SPEAKER_09,6417.04,so how are we going to get 21 munich's community in there i think um ryan if i might jump in i've got a few notes here and if i uh misstate it please uh correct me um you're right council craig it's not a particularly large uh property this has been one of the challenges for the redevelopment of the
"City Council Committee Meeting - June 2, 2025 [gyhG_Bp4bV4]_exclusive",110,1,5,phi-4,SPEAKER_09,6486.98,okay great yes uh and i thought ryan described very well that there's just a small portion of the building that requires demolition but as a whole this historic asset is being preserved the historical commission did recommend approval I don't believe it was controversial in any way that's why we don
"City Council Committee Meeting - June 2, 2025 [gyhG_Bp4bV4]_exclusive",114,1,5,phi-4,SPEAKER_11,6554.18,correct so the the original take on this or concept was that there would be nine units and a small speakeasy kind of bar restaurant um the reality was is that there wasn't a great way to fit that in and yeah still get units in there um and the bigger reality and the more important thing is that ther
"City Council Committee Meeting - June 2, 2025 [gyhG_Bp4bV4]_exclusive",118,3,5,gemma-4-4b;ministral-8b;phi-4,SPEAKER_06,6614.01,"questions? Thank you, Councilman Craig, and thank you for being here this evening. My first question is, what happens to that parking lot in the back of the hotel? The parking lot is, I believe,"
"City Council Committee Meeting - June 2, 2025 [gyhG_Bp4bV4]_exclusive",123,3,5,gemma-4-4b;ministral-8b;phi-4,SPEAKER_06,6657.65,"And then my final question is with just 11 units, what are the rates, the nightly rates going to be in order to get a return?"
"City Council Committee Meeting - June 2, 2025 [gyhG_Bp4bV4]_exclusive",125,1,5,phi-4,SPEAKER_06,6706.01,these be like one to two bedroom layouts with you know diet kitchens and it is yeah yeah so
"City Council Committee Meeting - June 2, 2025 [gyhG_Bp4bV4]_exclusive",126,1,5,phi-4,SPEAKER_11,6712.77,kitchenette light is kind of how it is and it is it is really it's someplace where if you could see yourself maybe visiting Lancaster for a week right and seeing the sights or being here on business or being here for a wedding or whatever that might be that it can be like kind of a touchdown space f
"City Council Committee Meeting - June 2, 2025 [gyhG_Bp4bV4]_exclusive",146,3,5,gemma-4-4b;ministral-8b;phi-4,SPEAKER_06,7976.33,i see a question thank you thank you counselor craig my question is um do we anticipate any rollover funds from 2025 to 2026 especially given that there's a lot of uncertainty in what funding
"City Council Committee Meeting - June 2, 2025 [gyhG_Bp4bV4]_exclusive",148,2,5,gemma-4-4b;phi-4,SPEAKER_07,8046.98,thank you any further questions from council not really a question but a comment uh excellent presentation thank you jen um thank you rebecca i know your team does good work and i just want to continue to point out that like of all the things that the city could put this money towards it continues t
"City Council Committee Meeting - June 2, 2025 [gyhG_Bp4bV4]_standard",5,3,5,phi-4;qwen3.5-9b-q6;qwen3.5-9b-q8,SPEAKER_04,741.35,right around we'll we'll be in with you how do you see yourself holding accountability to the checks and balance needed for the city and fairness to her residents uh
"City Council Committee Meeting - June 2, 2025 [gyhG_Bp4bV4]_standard",6,3,5,gemma-4-4b;ministral-8b;phi-4,SPEAKER_10,753.57,in many of my positions uh i've held those types of responsibilities uh especially uh in the area with uh issues with the city issues with the college issues with community residents so i have i think a strong background ground in in voting people organizations and entities accountable thank you cou
"City Council Committee Meeting - June 2, 2025 [gyhG_Bp4bV4]_standard",9,1,5,ministral-8b,SPEAKER_07,819.12,that your personal beliefs don't necessarily conflict with your responsibility to be an impartial uh uh arbiter or mediator um how how would i really not understanding your question just asking like how do you make sure that your personal beliefs or biases don't get in the way
"City Council Committee Meeting - June 2, 2025 [gyhG_Bp4bV4]_standard",10,3,5,gemma-4-4b;ministral-8b;phi-4,SPEAKER_10,844.32,"of being neutral okay that was sorry that's a little more concise yeah um during my tenure at Thaddeus Stevens, I ran and orchestrated or organized a program where we had to bring a lot of folks in to check out their ability to be biased in some of the decision-making pertaining to the college itsel"
"City Council Committee Meeting - June 2, 2025 [gyhG_Bp4bV4]_standard",12,4,5,gemma-4-4b;phi-4;qwen3.5-9b-q6;qwen3.5-9b-q8,SPEAKER_10,923.38,"I served, I did a stint here in Lancaster on the Human Relations Commission. I think I served probably about one term on there. I think that was during, I would date myself, but it was early. And I was introduced to a lot of the things that will be impacting the city and some of the things that the "
"City Council Committee Meeting - June 2, 2025 [gyhG_Bp4bV4]_standard",14,4,5,ministral-8b;phi-4;qwen3.5-9b-q6;qwen3.5-9b-q8,SPEAKER_06,962.76,"Thank you, Mr. Colbert, for being here with us this evening. How do you believe that integrity and honesty and elected officials can build community engagement and trust?"
"City Council Committee Meeting - June 2, 2025 [gyhG_Bp4bV4]_standard",15,3,5,gemma-4-4b;ministral-8b;qwen3.5-9b-q8,SPEAKER_10,975.22,"It's paramount to building the trust, especially with the community. If you don't have integrity, you can't really accomplish anything. integrity uh will lead to you know holding the city administration city folks and everybody accountable to uh to the issues at hand or the ethical issues that may b"
"City Council Committee Meeting - June 2, 2025 [gyhG_Bp4bV4]_standard",16,1,5,qwen3.5-9b-q8,SPEAKER_12,1013.96,thank you madam president um good evening paul thank you for your willingness to serve uh how will you ensure that your decisions are consistent across cases within the commission regardless of the person's political power or connections uh well i think you have to
"City Council Committee Meeting - June 2, 2025 [gyhG_Bp4bV4]_standard",17,1,5,qwen3.5-9b-q8,SPEAKER_10,1036.57,really be comfortable with uh your ability to understand the issues and to really analyze the issue and then like you said make sure that your your personal opinions and things but also
"City Council Committee Meeting - June 2, 2025 [gyhG_Bp4bV4]_standard",18,3,5,gemma-4-4b;ministral-8b;phi-4,SPEAKER_01,1763.71,proactively guide city officials on how to make good decisions that reflect the values of justice diversity transparency and community benefit considering both the intended and unintended impacts of the decisions we make and the desires that our residents have for their communities so that's what re
"City Council Committee Meeting - June 2, 2025 [gyhG_Bp4bV4]_standard",19,1,5,phi-4,SPEAKER_04,1794.65,so how do you see yourself holding accountability to checks and balance needed for the city and the
"City Council Committee Meeting - June 2, 2025 [gyhG_Bp4bV4]_standard",24,3,5,gemma-4-4b;qwen3.5-9b-q6;qwen3.5-9b-q8,SPEAKER_01,1935.68,"yes currently i serve on the personnel committee of the odc or occupational development center of of Lancaster. I've learned a lot from them. I've learned that running a small nonprofit is not easy, and that you really do have to work with the community and build your, your base your resources in or"
"City Council Committee Meeting - June 2, 2025 [gyhG_Bp4bV4]_standard",26,4,5,ministral-8b;phi-4;qwen3.5-9b-q6;qwen3.5-9b-q8,SPEAKER_06,1969.96,Thank you for being here. Thank you. How do you believe that integrity and honesty and elected officials can help build trust and engagement in the community
"City Council Committee Meeting - June 2, 2025 [gyhG_Bp4bV4]_standard",27,3,5,gemma-4-4b;ministral-8b;phi-4,SPEAKER_01,1977.56,yeah um integrity um i think people like to think of it as you know making the right decision when nobody's looking um and i think that the ethical code of conduct or an ethical framework would help um develop trust uh with the community uh knowing that there is guidelines for decision making in the
"City Council Committee Meeting - June 2, 2025 [gyhG_Bp4bV4]_standard",28,2,5,gemma-4-4b;phi-4,SPEAKER_12,2027.4,"Thank you. Thank you. Thank you for being here tonight. How will you ensure that your decisions, your decisions are consistent across cases?"
"City Council Committee Meeting - June 2, 2025 [gyhG_Bp4bV4]_standard",29,2,5,gemma-4-4b;phi-4,SPEAKER_01,2041.32,"So we can be commission regardless of a person's political power or connections. Oh, yeah, I think it comes from listening. Ultimately, we are a bunch of people with different opinions in a room. If it ever came to the point of needing to recuse myself, I would do that, but listening to different op"
"City Council Committee Meeting - June 2, 2025 [gyhG_Bp4bV4]_standard",31,4,5,gemma-4-4b;ministral-8b;phi-4;qwen3.5-9b-q6,SPEAKER_01,2075.35,"Absolutely. So in a former position that I held, I did hold a POA with the IRS, and once that position was done um ethically i had responsibility to end that poa and no longer represent the company so in that regard the ethics dilemma was resolved um i think there's other ethics dilemmas that i've n"
"City Council Committee Meeting - June 2, 2025 [gyhG_Bp4bV4]_standard",33,2,5,gemma-4-4b;qwen3.5-9b-q6,SPEAKER_00,2213.42,"Mayor, Madam President, Council Members, I'm really honored to be here and also really enjoyed hearing the interviews of the other candidates. My name is Chris Solt. I was born and raised in Vermont. I actually grew up in Burlington, Vermont, which I'll get back to next very quickly. Then I moved to"
"City Council Committee Meeting - June 2, 2025 [gyhG_Bp4bV4]_standard",35,2,5,ministral-8b;phi-4,SPEAKER_04,2303.01,Okay. Councilor Diaz. Thank you for coming. How do you see yourself holding accountability to the checks and balance needed for the city and fairness to our residents?
"City Council Committee Meeting - June 2, 2025 [gyhG_Bp4bV4]_standard",44,4,5,gemma-4-4b;phi-4;qwen3.5-9b-q6;qwen3.5-9b-q8,SPEAKER_06,2556.09,council president thank you for being here this evening how do you believe that integrity and honesty and elected officials can build trust and engagement in the community yeah but um someone
"City Council Committee Meeting - June 2, 2025 [gyhG_Bp4bV4]_standard",45,4,5,gemma-4-4b;ministral-8b;phi-4;qwen3.5-9b-q6,SPEAKER_00,2567.53,else just mentioned our current um political dialogue and um you know the tone right now is is really stark i think that in lancaster city um especially we have an opportunity to control what we have going in our community the integrity and trust that you all have and and lancaster elected officials
"City Council Committee Meeting - June 2, 2025 [gyhG_Bp4bV4]_standard",46,3,5,gemma-4-4b;phi-4;qwen3.5-9b-q6,SPEAKER_12,2613.69,i mean it's really the biggest issue right thank you council clicks thank you council president thank you for being here tonight and uh how will you ensure that your decisions are consistently worst cases within the commission regardless of a person's political power or connections
"City Council Committee Meeting - June 2, 2025 [gyhG_Bp4bV4]_standard",47,3,5,gemma-4-4b;phi-4;qwen3.5-9b-q6,SPEAKER_00,2634.92,yeah it's such a great question and it's also a very very difficult one to ensure but is the right question to be asking um i think certainly from my own individual standpoint um being very very mindful about my own presentation of my own power and privilege and white male you know old i've got gray
"City Council Committee Meeting - June 2, 2025 [gyhG_Bp4bV4]_standard",48,1,5,ministral-8b,SPEAKER_05,2734.73,thank you thank you that's okay hello hello could you tell us about a client when you had enough of a dilemma and i'm sorry oh my goodness i have so many and that i could share publicly
"City Council Committee Meeting - June 2, 2025 [gyhG_Bp4bV4]_standard",49,1,5,ministral-8b,SPEAKER_00,2748.49,um yeah so yeah i've i've been in hr and training for a long time so i have lots of of examples where there were was a complaint an ethics complaint and then there was another a reaction to someone who was a part of that and oftentimes you know those conflicts which have a lot of experience unfortun
"City Council Committee Meeting - June 2, 2025 [gyhG_Bp4bV4]_standard",63,1,5,gemma-4-4b,SPEAKER_08,4698.28,changed again nothing here is ever written in stone the only thing that's really written in stone is that you can't make any significant changes to the structure of government right within five years without doing another going through the same process we just went through correct that's that's writ
"City Council Committee Meeting - June 2, 2025 [gyhG_Bp4bV4]_standard",64,1,5,phi-4,SPEAKER_04,4723.68,on that topic counselors anything to add i have a question if i may for those that don't read english will there be translations for this group here no for anything that's going to be well i
"City Council Committee Meeting - June 2, 2025 [gyhG_Bp4bV4]_standard",67,1,5,ministral-8b,SPEAKER_04,4820.56,different language this just in case anybody comes forward and says why hasn't this been translated i will just direct them to you because you would be the one that would be responsible answering and being transparent to them because i'm sure it will come up yeah and and obviously we would
"City Council Committee Meeting - June 2, 2025 [gyhG_Bp4bV4]_standard",69,2,5,gemma-4-4b;phi-4,SPEAKER_06,4862.58,anything additional from council yeah thank you kelts president my only question comment i guess would be more of a comment is uh you know other than reading and getting more familiar with the charter how could we make sure that this body stays on pace with these meetings and not try to rewrite the 
"City Council Committee Meeting - June 2, 2025 [gyhG_Bp4bV4]_standard",73,2,5,gemma-4-4b;ministral-8b,SPEAKER_06,5079.57,answered and i will say maybe even if we could um have some uh education to the public on the process and the timeline and if they could also ask questions in between directly to the administration so the meetings aren't getting bogged down with you know a question and answer
"City Council Committee Meeting - June 2, 2025 [gyhG_Bp4bV4]_standard",78,1,5,phi-4,SPEAKER_08,5213.25,in mind that you know i i don't like to sort of like say i need the time but in reality you're doing a lot of new things and you're under a new structure of government um and you may have a question that i literally don't have the answer to i will have to research and research doesn't happen in a da
"City Council Committee Meeting - June 2, 2025 [gyhG_Bp4bV4]_standard",79,1,5,phi-4,SPEAKER_03,5240.45,period to submit those questions also so that the public and members of council have time to
"City Council Committee Meeting - June 2, 2025 [gyhG_Bp4bV4]_standard",80,1,5,phi-4,SPEAKER_07,5245.89,formulate those questions and right yeah great anything else i'm just gonna ask real briefly um is there any anything we've seen from other cities that have undergone this process that we should take note of either things that have gone well things have not gone well
"City Council Committee Meeting - June 2, 2025 [gyhG_Bp4bV4]_standard",81,1,5,phi-4,SPEAKER_08,5264.86,well uh in in reality no um because we're the most recent city to do it in quite a while the other municipalities that have converted to the home rule one have been different types of municipalities have oftentimes come out of act 47 and had different financial constraints and or different issues. I
"City Council Committee Meeting - June 2, 2025 [gyhG_Bp4bV4]_standard",82,2,5,ministral-8b;phi-4,SPEAKER_04,5323.1,"They're always different. I try, because I have a friend that she's a city council person in Minnesota, and we talk back and forth about the charter, and she goes, oh, my God, your charter is really crazy, and she would give me her feedback. So they're all different."
"City Council Committee Meeting - June 2, 2025 [gyhG_Bp4bV4]_standard",86,1,5,gemma-4-4b,SPEAKER_06,5519.88,uh yes um thank you council president um this is an annual resolution to recognize world refugee day of an immigrant heritage month which is june of 2025 and world refugee day is on june 20th and this resolution is just going to honor and recognize the contributions made by both our immigrant commun
"City Council Committee Meeting - June 2, 2025 [gyhG_Bp4bV4]_standard",90,2,5,gemma-4-4b;phi-4,SPEAKER_05,5589.38,anything to share with us um not particularly um juneteenth is a relatively new holiday for most people but um in the african-american community it has been recognized for a very long time and um i'm just pleased that the city of lancaster has has um taken it upon themselves to recognize juneteenth 
"City Council Committee Meeting - June 2, 2025 [gyhG_Bp4bV4]_standard",99,1,5,gemma-4-4b,SPEAKER_03,6036.5,committee from council and the whole council thank you marley so thank you for being here i just wanted to make mention are you a nurse also thank you i appreciate that and thank you for being doing that what you do and then also being interested in chantries i just think that's
"City Council Committee Meeting - June 2, 2025 [gyhG_Bp4bV4]_standard",107,2,5,gemma-4-4b;phi-4,SPEAKER_09,6229.79,commission here to address that yes yes craig i'm happy to uh come and speak for a moment i also think uh it's ryan correct representing as a project architect too okay so you can both just
"City Council Committee Meeting - June 2, 2025 [gyhG_Bp4bV4]_standard",109,3,5,gemma-4-4b;phi-4;qwen3.5-9b-q6,SPEAKER_11,6258.48,just a little bit about the project um my name is ryan griffith i'm the president of cornerstone design architects we are working with brentwood builders with our client and the developer for the property um this was the property was a it was a it's a historic hotel um but it was a blighted property
"City Council Committee Meeting - June 2, 2025 [gyhG_Bp4bV4]_standard",112,2,5,ministral-8b;phi-4,SPEAKER_09,6486.98,okay great yes uh and i thought ryan described very well that there's just a small portion of the building that requires demolition but as a whole this historic asset is being preserved the historical commission did recommend approval I don't believe it was controversial in any way that's why we don
"City Council Committee Meeting - June 2, 2025 [gyhG_Bp4bV4]_standard",120,3,5,gemma-4-4b;ministral-8b;phi-4,SPEAKER_06,6614.01,"questions? Thank you, Councilman Craig, and thank you for being here this evening. My first question is, what happens to that parking lot in the back of the hotel? The parking lot is, I believe,"
"City Council Committee Meeting - June 2, 2025 [gyhG_Bp4bV4]_standard",125,3,5,gemma-4-4b;ministral-8b;phi-4,SPEAKER_06,6657.65,"And then my final question is with just 11 units, what are the rates, the nightly rates going to be in order to get a return?"
"City Council Committee Meeting - June 2, 2025 [gyhG_Bp4bV4]_standard",145,1,5,phi-4,SPEAKER_02,7906.8,"comment on that? Have we had to make compromises? Yeah, I think from year to year, if we have had vacancies in one year, then that money would carry forward. And as long as we are administering the programs this cut was not any greater in fact it's a little bit less than we were anticipating yeah so"
"City Council Committee Meeting - June 2, 2025 [gyhG_Bp4bV4]_standard",148,3,5,gemma-4-4b;ministral-8b;phi-4,SPEAKER_06,7976.33,i see a question thank you thank you counselor craig my question is um do we anticipate any rollover funds from 2025 to 2026 especially given that there's a lot of uncertainty in what funding
"City Council Committee Meeting - June 2, 2025 [gyhG_Bp4bV4]_standard",150,2,5,gemma-4-4b;phi-4,SPEAKER_07,8046.98,thank you any further questions from council not really a question but a comment uh excellent presentation thank you jen um thank you rebecca i know your team does good work and i just want to continue to point out that like of all the things that the city could put this money towards it continues t
"City Council Committee Meeting - March 3, 2025 [qEcut0Mpq30]",5,1,5,phi-4,SPEAKER_14,301.99,councillor colleagues thank you madam president the personal committee has two items on the agenda for tonight the first item is the nomination of Stephen gross for appointment to the city revitalization and improvement zone authority mr groff is nominated due to his experience and a pair request of
"City Council Committee Meeting - March 3, 2025 [qEcut0Mpq30]",6,2,5,gemma-4-4b;phi-4,SPEAKER_12,357.94,well thank you very much for inviting me this evening I have not actually been to a City Council meeting or a committee's City Council meeting before so this is kind of my first first opportunity so I grew up in Lancaster County graduate of Warwick High School after law school I moved back after a s
"City Council Committee Meeting - March 3, 2025 [qEcut0Mpq30]",10,1,5,ministral-8b,SPEAKER_16,528.0,"Councillor Collins. Thank you, Mr. Grouch, for taking our questions and your willingness to serve. How can we use CRITS to help promote economic development and equitable economic development here in the city?"
"City Council Committee Meeting - March 3, 2025 [qEcut0Mpq30]",11,2,5,gemma-4-4b;phi-4,SPEAKER_12,541.73,"Well, I think you've already been doing it. You know, like I said, just the way that Lancaster City has changed just in the last few years and certainly over the last 10 or 15 years or 20 years, I mean, it looks completely different than when I grew up. There's always a new coffee shop opening up, a"
"City Council Committee Meeting - March 3, 2025 [qEcut0Mpq30]",31,1,5,phi-4,SPEAKER_15,2305.17,didn't talk about this but some of the work that he did in the kind of amortization is really to stack some of those so for example there's a couple are five years or ten years those are actually that financing is actually um shown more at the beginning of the the term so that doesn't stretch out as
"City Council Committee Meeting - March 3, 2025 [qEcut0Mpq30]",33,1,5,phi-4,SPEAKER_09,2332.9,question um could perhaps go to either director campbell although um it's just a very general question and it is some of the projects that are listed in this i know are are not maintenance but they're extending the useful life of the assets so they're almost like rehabilitation and not repair so to 
"City Council Committee Meeting - March 3, 2025 [qEcut0Mpq30]",36,1,5,gemma-4-4b,SPEAKER_05,2591.29,director Stephen Campbell I want to kind of call back to something we've been talking about the last couple of years on council and it relates to what you were just mentioning as far as planning goes but I just could you just talk a little bit about the ways that we have been planning for like these
"City Council Committee Meeting - March 3, 2025 [qEcut0Mpq30]",53,3,5,gemma-4-4b;ministral-8b;phi-4,SPEAKER_04,3123.36,"Question, do we know how far back?"
"City Council Committee Meeting - March 3, 2025 [qEcut0Mpq30]",55,3,5,gemma-4-4b;ministral-8b;phi-4,SPEAKER_04,3157.97,so do we know if records will be destroyed that has counselors at
"City Council Committee Meeting - March 3, 2025 [qEcut0Mpq30]",57,2,5,gemma-4-4b;phi-4,SPEAKER_04,3200.48,weren't provided with the specifics just a list and they're asking those documents be destroyed
"City Council Committee Meeting - March 3, 2025 [qEcut0Mpq30]",61,1,5,phi-4,SPEAKER_03,3341.19,good evening health members i'm pleased to be here today to share in updating you all as director campbell mentioned on lancaster's urban forestry program this is an effort that continues to grow in both impact and engagement at the heart of this work is our new urban forester mike meyer who in just
"City Council Committee Meeting - March 3, 2025 [qEcut0Mpq30]",62,1,5,gemma-4-4b,SPEAKER_07,3418.9,you for the introduction so as a quick reintroduction to the trees for people plan this is the city's plan for improving our urban forests and also making sure that everyone in the city no matter their location or status has access to the benefits of trees and that natural environment it's a really 
"City Council Committee Meeting - March 3, 2025 [qEcut0Mpq30]",63,4,5,gemma-4-4b;ministral-8b;phi-4;qwen3.5-9b-q6,SPEAKER_09,3936.94,i spoke right when i see this presentation it's it's a it's it's wonderful in so many ways you note I feel like I see street treats as something that if the city invests in in the short term has huge long-term benefits in so many different ways and the fact that you all are engaging the community in
"City Council Committee Meeting - March 3, 2025 [qEcut0Mpq30]",64,3,5,gemma-4-4b;phi-4;qwen3.5-9b-q6,SPEAKER_05,3979.16,thank you for the presentation this evening it's nice to meet you uh officially uh thank you could you speak a bit about i know that there are probably some residents who have uh have had bad experiences with street trees in the past and uh could you speak to ways that this new plan addresses concer
"City Council Committee Meeting - March 3, 2025 [qEcut0Mpq30]",65,2,5,gemma-4-4b;phi-4,SPEAKER_07,4011.4,in kind of two different ways uh the first one is process uh especially since i started i've been working with um various people within the city to make sure that we have a a good effective process for addressing these concerns like when a tree branch comes down or when someone needs to have assista
"City Council Committee Meeting - March 3, 2025 [qEcut0Mpq30]",66,3,5,gemma-4-4b;ministral-8b;phi-4,SPEAKER_06,4176.38,good way any other question or comment from in regards to replacing some of trees do you have like specific trees that you might have found that they're disease that need removal is there any issues I mean I know one particular one that has not been removed and it's causing especially when the wind 
"City Council Committee Meeting - March 3, 2025 [qEcut0Mpq30]",71,3,5,gemma-4-4b;ministral-8b;phi-4,SPEAKER_03,4335.87,"And if I can just add one point to your initial comment, Councillor, one of the things that I've observed that I really appreciate with respect to the risk of disease and things like that is the intentionality with respect to biodiversity and really it's beautiful to observe a line of trees that are"
"City Council Committee Meeting - March 3, 2025 [qEcut0Mpq30]",72,3,5,gemma-4-4b;ministral-8b;phi-4,SPEAKER_06,4389.29,"Is there any type of metrics or studies or any type of research that shows a particular tree or trees in general that have more susceptibility of becoming disease? I'm sure that there are particular ones, but I'm familiar only with a few trees. I'm not, I have allergies around this season, so trust "
"City Council Committee Meeting - March 3, 2025 [qEcut0Mpq30]",81,3,5,gemma-4-4b;ministral-8b;phi-4,SPEAKER_13,4917.19,project thank you um this is for the construction of three new single family attached dwellings
"City Council Committee Meeting - March 3, 2025 [qEcut0Mpq30]",84,1,5,ministral-8b,SPEAKER_16,5176.51,happy happy to do that as well with the timeline of the project thank you
"City Council Committee Meeting - March 3, 2025 [qEcut0Mpq30]",88,3,5,gemma-4-4b;ministral-8b;phi-4,SPEAKER_14,5299.15,thank you counselor any additional questions please thank you thank you for your remarks and um how will the proposed amendments benefit the community as a whole thank you we've been working
"City Council Committee Meeting - March 3, 2025 [qEcut0Mpq30]",95,1,5,phi-4,SPEAKER_05,5473.62,much. Do we have a context of the cost for retaining special counsel for a variety of we know that we do this for a variety of reasons. Do you have an idea of a cost of this?
"City Council Committee Meeting - March 3, 2025 [qEcut0Mpq30]",98,3,5,gemma-4-4b;ministral-8b;phi-4,SPEAKER_16,5512.07,"Thank you, Council President. Just one more question on where it's budgeted to. Is this administrative services line item?"
"City Council Committee Meeting - March 3, 2025 [qEcut0Mpq30]",108,2,5,gemma-4-4b;ministral-8b,SPEAKER_06,5676.86,Puerto Rico citizen
"City Council Committee Meeting - May 5, 2025 [aG_PgLEdQ8s]_exclusive",5,1,5,phi-4,SPEAKER_05,804.74,counselor arroyo thank you council president uh we have one item on our agenda this evening resolution number 37 uh authorizing the donation of 339-341 beaver street to soccer development i don't see director campbell here but i'm not sure gonna be me oh mayor sirachi uh thank you
"City Council Committee Meeting - May 5, 2025 [aG_PgLEdQ8s]_exclusive",7,3,5,gemma-4-4b;ministral-8b;phi-4,SPEAKER_05,1061.42,"Thank you, Mayor Srirachi. Just one question. Would you be able to elaborate a little bit more on the income criteria for, that will be listed in the deed restriction?"
"City Council Committee Meeting - May 5, 2025 [aG_PgLEdQ8s]_exclusive",16,3,5,phi-4;qwen3.5-9b-q6;qwen3.5-9b-q8,SPEAKER_12,1172.22,use is just my question the affordability restriction is in full force and effect for a period of 15 years from the date of the conveyance of this property to soccer the restriction period and that soccer by accepting delivery of the deed covenants on behalf of soccer its successors and assigns to p
"City Council Committee Meeting - May 5, 2025 [aG_PgLEdQ8s]_exclusive",17,4,5,ministral-8b;phi-4;qwen3.5-9b-q6;qwen3.5-9b-q8,SPEAKER_04,1220.47,and then also just my final question given that this is on a residential block well we will soccer also commit to making sure that the roads are the way that they were found when the development is done and what will the impact of the development have on the neighbors on the block so with with any
"City Council Committee Meeting - May 5, 2025 [aG_PgLEdQ8s]_exclusive",18,2,5,ministral-8b;phi-4,SPEAKER_12,1241.07,construction there are definitely impacts to the to the surrounding residents and soccer has as I mentioned been doing projects on these few blocks three four and five hundred of Beaver Street I I'm not I'm not anticipating that there is going to be need for a lot of work in the streets there may be
"City Council Committee Meeting - May 5, 2025 [aG_PgLEdQ8s]_exclusive",19,2,5,gemma-4-4b;phi-4,SPEAKER_04,1286.09,thank you and the only reason I mentioned that is because it's kind of a skinny street on that block it is a skinny street so but that that concludes
"City Council Committee Meeting - May 5, 2025 [aG_PgLEdQ8s]_exclusive",20,1,5,gemma-4-4b,SPEAKER_09,1297.72,my questions very briefly councillor Ahmed thank you it's a good question I just wanted to note as part of any land development project that is part of the consideration what what typically happens is the city will take a an amount of money in escrow to protect any of the public assets so if a sidew
"City Council Committee Meeting - May 5, 2025 [aG_PgLEdQ8s]_exclusive",23,3,5,phi-4;qwen3.5-9b-q6;qwen3.5-9b-q8,SPEAKER_04,1426.76,point but that would be the decision of the of saka in this case and would it be the city's decision to re-up the 15 years uh that's correct it would be uh saka's choice at that point
"City Council Committee Meeting - May 5, 2025 [aG_PgLEdQ8s]_exclusive",25,1,5,gemma-4-4b,SPEAKER_02,1464.68,number you have a comment miss gomez yes i have a comment regards to excuse me susie gomez 115 north
"City Council Committee Meeting - May 5, 2025 [aG_PgLEdQ8s]_exclusive",32,1,5,gemma-4-4b,SPEAKER_01,1793.21,"Thank you very much, Director Campbell. Yeah, that's a really nice gesture to the Public Works employees and their families. All I'll add is that, you know, Public Works are things that I think a lot of us take for granted. You know, we take for granted that when we turn the water on, the water come"
"City Council Committee Meeting - May 5, 2025 [aG_PgLEdQ8s]_exclusive",39,4,5,gemma-4-4b;ministral-8b;qwen3.5-9b-q6;qwen3.5-9b-q8,SPEAKER_06,2010.03,any questions from the public jose rivera honey block of corn my question is are we getting a new
"City Council Committee Meeting - May 5, 2025 [aG_PgLEdQ8s]_exclusive",40,4,5,ministral-8b;phi-4;qwen3.5-9b-q6;qwen3.5-9b-q8,SPEAKER_11,2027.95,water station you know because that whole thing is like only 1800s for that particular um well yes all the tainted water and everything what they'll do is they'll expand the capacity for
"City Council Committee Meeting - May 5, 2025 [aG_PgLEdQ8s]_exclusive",41,2,5,qwen3.5-9b-q6;qwen3.5-9b-q8,SPEAKER_06,2045.44,for that development but you're not fixing the main project the whole name
"City Council Committee Meeting - May 5, 2025 [aG_PgLEdQ8s]_exclusive",57,1,5,phi-4,SPEAKER_09,2519.54,are you a member of the historic society or the historic committee no i'm not and there are specific eligibility criteria for serving on the historical commission and the harb and i cannot
"City Council Committee Meeting - May 5, 2025 [aG_PgLEdQ8s]_exclusive",58,1,5,phi-4,SPEAKER_13,2540.48,serve on either one of those and you're asking for a building inspector position that will be a part of another debt on top of taxpayer dollar so my question is the president of the historic society or the current building inspector are you saying that he's incapable of performing these duties or me
"City Council Committee Meeting - May 5, 2025 [aG_PgLEdQ8s]_exclusive",65,1,5,phi-4,SPEAKER_02,2662.59,delegate that can you elaborate that to delegate the appointment to boards commissions and authorities so there's not just one city employee city representative who can serve on all of them but multiple of those employees concerned there's uh director delphs do the city employees who are already emp
"City Council Committee Meeting - May 5, 2025 [aG_PgLEdQ8s]_exclusive",66,2,5,qwen3.5-9b-q6;qwen3.5-9b-q8,SPEAKER_09,2691.95,boards commissions or authorities they do not thank you and and just to be clear too the law already requires that a building inspector sit on the uh harb and on the historical commission
"City Council Committee Meeting - May 5, 2025 [aG_PgLEdQ8s]_exclusive",67,4,5,gemma-4-4b;phi-4;qwen3.5-9b-q6;qwen3.5-9b-q8,SPEAKER_06,2705.24,and is doing so currently correct thank you thank you jose rivera hundred block of corn now will you have decisions and making what if these historical buildings stay up or they come down just just for instance I mean I got what three minutes just like they're doing on what's that up here Prince Str
"City Council Committee Meeting - May 5, 2025 [aG_PgLEdQ8s]_exclusive",68,2,5,qwen3.5-9b-q6;qwen3.5-9b-q8,SPEAKER_02,2768.7,that's what i'm asking so this bill has nothing to do with specific or general decisions
"City Council Committee Meeting - May 5, 2025 [aG_PgLEdQ8s]_exclusive",72,3,5,phi-4;qwen3.5-9b-q6;qwen3.5-9b-q8,SPEAKER_01,2834.83,yeah bike month may is bike month nationally and the city has a lot of really exciting events going on i think every time i talk about bike month up here i'd be remiss if i didn't mention bike it lancaster.com uh slash bike dash month uh if you go there you'll see all of the events that are coming u
"City Council Committee Meeting - May 5, 2025 [aG_PgLEdQ8s]_standard",5,1,5,phi-4,SPEAKER_05,804.74,counselor arroyo thank you council president uh we have one item on our agenda this evening resolution number 37 uh authorizing the donation of 339-341 beaver street to soccer development i don't see director campbell here but i'm not sure gonna be me oh mayor sirachi uh thank you
"City Council Committee Meeting - May 5, 2025 [aG_PgLEdQ8s]_standard",7,3,5,gemma-4-4b;ministral-8b;phi-4,SPEAKER_05,1061.42,"Thank you, Mayor Srirachi. Just one question. Would you be able to elaborate a little bit more on the income criteria for, that will be listed in the deed restriction?"
"City Council Committee Meeting - May 5, 2025 [aG_PgLEdQ8s]_standard",16,3,5,phi-4;qwen3.5-9b-q6;qwen3.5-9b-q8,SPEAKER_12,1172.22,use is just my question the affordability restriction is in full force and effect for a period of 15 years from the date of the conveyance of this property to soccer the restriction period and that soccer by accepting delivery of the deed covenants on behalf of soccer its successors and assigns to p
"City Council Committee Meeting - May 5, 2025 [aG_PgLEdQ8s]_standard",17,4,5,ministral-8b;phi-4;qwen3.5-9b-q6;qwen3.5-9b-q8,SPEAKER_04,1220.47,and then also just my final question given that this is on a residential block well we will soccer also commit to making sure that the roads are the way that they were found when the development is done and what will the impact of the development have on the neighbors on the block so with with any
"City Council Committee Meeting - May 5, 2025 [aG_PgLEdQ8s]_standard",18,2,5,ministral-8b;phi-4,SPEAKER_12,1241.07,construction there are definitely impacts to the to the surrounding residents and soccer has as I mentioned been doing projects on these few blocks three four and five hundred of Beaver Street I I'm not I'm not anticipating that there is going to be need for a lot of work in the streets there may be
"City Council Committee Meeting - May 5, 2025 [aG_PgLEdQ8s]_standard",19,2,5,gemma-4-4b;phi-4,SPEAKER_04,1286.09,thank you and the only reason I mentioned that is because it's kind of a skinny street on that block it is a skinny street so but that that concludes
"City Council Committee Meeting - May 5, 2025 [aG_PgLEdQ8s]_standard",20,1,5,gemma-4-4b,SPEAKER_09,1297.72,my questions very briefly councillor Ahmed thank you it's a good question I just wanted to note as part of any land development project that is part of the consideration what what typically happens is the city will take a an amount of money in escrow to protect any of the public assets so if a sidew
"City Council Committee Meeting - May 5, 2025 [aG_PgLEdQ8s]_standard",23,3,5,phi-4;qwen3.5-9b-q6;qwen3.5-9b-q8,SPEAKER_04,1426.76,point but that would be the decision of the of saka in this case and would it be the city's decision to re-up the 15 years uh that's correct it would be uh saka's choice at that point
"City Council Committee Meeting - May 5, 2025 [aG_PgLEdQ8s]_standard",25,1,5,gemma-4-4b,SPEAKER_02,1464.68,number you have a comment miss gomez yes i have a comment regards to excuse me susie gomez 115 north
"City Council Committee Meeting - May 5, 2025 [aG_PgLEdQ8s]_standard",32,1,5,gemma-4-4b,SPEAKER_01,1793.21,"Thank you very much, Director Campbell. Yeah, that's a really nice gesture to the Public Works employees and their families. All I'll add is that, you know, Public Works are things that I think a lot of us take for granted. You know, we take for granted that when we turn the water on, the water come"
"City Council Committee Meeting - May 5, 2025 [aG_PgLEdQ8s]_standard",39,3,5,gemma-4-4b;ministral-8b;qwen3.5-9b-q8,SPEAKER_06,2010.03,any questions from the public jose rivera honey block of corn my question is are we getting a new
"City Council Committee Meeting - May 5, 2025 [aG_PgLEdQ8s]_standard",40,3,5,ministral-8b;phi-4;qwen3.5-9b-q8,SPEAKER_11,2027.95,water station you know because that whole thing is like only 1800s for that particular um well yes all the tainted water and everything what they'll do is they'll expand the capacity for
"City Council Committee Meeting - May 5, 2025 [aG_PgLEdQ8s]_standard",41,1,5,qwen3.5-9b-q8,SPEAKER_06,2045.44,for that development but you're not fixing the main project the whole name
"City Council Committee Meeting - May 5, 2025 [aG_PgLEdQ8s]_standard",57,1,5,phi-4,SPEAKER_09,2519.54,are you a member of the historic society or the historic committee no i'm not and there are specific eligibility criteria for serving on the historical commission and the harb and i cannot
"City Council Committee Meeting - May 5, 2025 [aG_PgLEdQ8s]_standard",58,1,5,phi-4,SPEAKER_13,2540.48,serve on either one of those and you're asking for a building inspector position that will be a part of another debt on top of taxpayer dollar so my question is the president of the historic society or the current building inspector are you saying that he's incapable of performing these duties or me
"City Council Committee Meeting - May 5, 2025 [aG_PgLEdQ8s]_standard",65,1,5,phi-4,SPEAKER_02,2662.59,delegate that can you elaborate that to delegate the appointment to boards commissions and authorities so there's not just one city employee city representative who can serve on all of them but multiple of those employees concerned there's uh director delphs do the city employees who are already emp
"City Council Committee Meeting - May 5, 2025 [aG_PgLEdQ8s]_standard",66,1,5,qwen3.5-9b-q8,SPEAKER_09,2691.95,boards commissions or authorities they do not thank you and and just to be clear too the law already requires that a building inspector sit on the uh harb and on the historical commission
"City Council Committee Meeting - May 5, 2025 [aG_PgLEdQ8s]_standard",67,3,5,gemma-4-4b;phi-4;qwen3.5-9b-q8,SPEAKER_06,2705.24,and is doing so currently correct thank you thank you jose rivera hundred block of corn now will you have decisions and making what if these historical buildings stay up or they come down just just for instance I mean I got what three minutes just like they're doing on what's that up here Prince Str
"City Council Committee Meeting - May 5, 2025 [aG_PgLEdQ8s]_standard",68,1,5,qwen3.5-9b-q8,SPEAKER_02,2768.7,that's what i'm asking so this bill has nothing to do with specific or general decisions
"City Council Committee Meeting - May 5, 2025 [aG_PgLEdQ8s]_standard",72,3,5,phi-4;qwen3.5-9b-q6;qwen3.5-9b-q8,SPEAKER_01,2834.83,yeah bike month may is bike month nationally and the city has a lot of really exciting events going on i think every time i talk about bike month up here i'd be remiss if i didn't mention bike it lancaster.com uh slash bike dash month uh if you go there you'll see all of the events that are coming u
"City Council Committee Meeting - November 3, 2025 [nE5HiAtqwpA]",33,1,5,phi-4,UNKNOWN,1090.39,concerned about overall trends within a department and less about those individual line items so i'm
"City Council Committee Meeting - November 3, 2025 [nE5HiAtqwpA]",34,1,5,phi-4,SPEAKER_00,1095.67,thankful to say that i'm only seeing general trends of keeping expenses below budget at this point even if some of those individual lines are a bit higher and finally just a few very quick
"City Council Committee Meeting - November 3, 2025 [nE5HiAtqwpA]",35,1,5,phi-4,UNKNOWN,1110.78,notes about the four enterprise funds i'm including debt payments in all of these points just because i wanted to show kind of the true costs even though they aren't included
"City Council Committee Meeting - November 3, 2025 [nE5HiAtqwpA]",38,1,5,phi-4,SPEAKER_00,1206.95,year very close to our budget on that and i will stop there and see if you have any questions Thank you director Campbell. I'll open it up to the Finance Committee for any questions or comments full counsel Councilor met Thank You mr. Vice President Thank You director Campbell I appreciate the prese
"City Council Committee Meeting - November 3, 2025 [nE5HiAtqwpA]",79,1,5,phi-4,UNKNOWN,2042.68,the total financial outlay may not actually end up going back to the taxpayers we also wanted to offer some other options so here's a couple of them we could consider allocating the approximate portion that would have been refunded so the full amount the 304 000 into the critical repair program this
"City Council Committee Meeting - November 3, 2025 [nE5HiAtqwpA]",84,1,5,phi-4,SPEAKER_00,2201.05,clarify if they did not file taxes or request the exemption funds they would not be eligible for it and my final question is with the potential process of exploring a new program would council have to and amend the budget as it's currently presented to include that amount to be spent in the next fis
"City Council Committee Meeting - November 3, 2025 [nE5HiAtqwpA]",87,2,5,gemma-4-4b;phi-4,UNKNOWN,2252.67,fifty eight thousand two three hundred four ish thousand has not been included as a line in the proposed 2025 budget. That's correct. OK. A couple of comments I would make. I don't think it makes more I don't think it makes logical sense to spend more than our residents would benefit on a program es
"City Council Committee Meeting - November 3, 2025 [nE5HiAtqwpA]",90,3,5,gemma-4-4b;phi-4;qwen3.5-9b-q8,SPEAKER_00,2311.27,The budget proposal that was given to us on October 12th it not only showed a drawing of a million dollars in reserve in the year 2026 it also in a presentation showed over a 10-year timetable that our reserve would be significantly depleted and I think that if we were to allocate an additional amou
"City Council Committee Meeting - November 3, 2025 [nE5HiAtqwpA]",91,1,5,qwen3.5-9b-q8,UNKNOWN,2400.18,kind of program in which we you know whether it is the water program whether it is critical repair or
"City Council Committee Meeting - November 3, 2025 [nE5HiAtqwpA]",92,1,5,qwen3.5-9b-q8,SPEAKER_00,2404.9,if we would go with the exemption i think we need to think long and hard about adding that additional expense in a budget that i frankly feel is a little over expensed and i'm open to dialogue with my colleagues on council and with the administration on that but i felt i had to say that that conclud
"City Council Committee Meeting - November 3, 2025 [nE5HiAtqwpA]",93,3,5,gemma-4-4b;ministral-8b;phi-4,UNKNOWN,2476.74,spend here a water bill assistance program that could that's designated for city residents and I'm assuming could have income restrictions just as it as it stands today and beef up the funds that we're already doing in that program and making it more impactful if we serve 98 families imagine what we
"City Council Committee Meeting - November 3, 2025 [nE5HiAtqwpA]",94,1,5,phi-4,SPEAKER_00,2501.1,know this this you know relatively small amount of the budget that we get from these filings to just reinvest them directly back into the folks that would
"City Council Committee Meeting - November 3, 2025 [nE5HiAtqwpA]",95,1,5,phi-4,UNKNOWN,2511.46,be you know potentially struggling with things like water bills so I would just
"City Council Committee Meeting - November 3, 2025 [nE5HiAtqwpA]",96,1,5,phi-4,SPEAKER_00,2516.32,encourage council to think about that and thank you for confirming the income restriction requirement Thank You council president councillor met Thank You mr. president just one last question just to clarify this would have to be a a one time allocation because we wouldn't be able to build it into f
"City Council Committee Meeting - November 3, 2025 [nE5HiAtqwpA]",102,1,5,phi-4,SPEAKER_00,2584.68,"this would just be additional draw on reserves,"
"City Council Committee Meeting - November 3, 2025 [nE5HiAtqwpA]",103,1,5,phi-4,UNKNOWN,2588.72,assuming no other changes so that that's kind of the purpose of my my comment there thank you counselors yeah i'll just say that uh as a reminder when we you know i won't speak for council but i remember the intention of going through the home rule process was thinking about
"City Council Committee Meeting - November 3, 2025 [nE5HiAtqwpA]",104,1,5,phi-4,SPEAKER_00,2606.28,the financial sustainability of the city in the future and for our residents so to keep that in mind as we explore some of these programs that will cost a significant amount of money also like the idea around exploring new programs as councilor president as council president mentioned
"City Council Committee Meeting - November 3, 2025 [nE5HiAtqwpA]",105,2,5,gemma-4-4b;phi-4,UNKNOWN,2624.04,um some of the programs that we have in existence do benefit property owners but we don't really have anything in existence that benefits low-income renters um so there there is an opportunity there to be discussed around you know in the future what does a program that benefits
"City Council Committee Meeting - November 3, 2025 [nE5HiAtqwpA]",106,1,5,phi-4,SPEAKER_00,2638.76,low-income renters look like and could this be an opportunity to fund something like that so yeah any additional questions or comments from council all right i'll welcome any questions or
"City Council Committee Meeting - November 3, 2025 [nE5HiAtqwpA]",107,1,5,ministral-8b,UNKNOWN,2652.78,comments from the public you may need to turn that on if you're the first person up and you can raise or lower it as you need it to testing there you go yeah darling bird and street i would ask about the other municipalities 38.4 percent how would they know whether or not city residents paid their
"City Council Committee Meeting - November 3, 2025 [nE5HiAtqwpA]",111,2,5,gemma-4-4b;ministral-8b,UNKNOWN,2732.01,700 block New Holland Avenue just quick statement at the beginning we shouldn't
"City Council Committee Meeting - November 3, 2025 [nE5HiAtqwpA]",113,1,5,phi-4,UNKNOWN,2739.51,off of the backs of our poorest residents there are other ways to do it but I do have some questions I actually want to thank you because this gave more context to some questions I had from the past so I appreciate that part of my frustration in looking at these figures is that they come from a smal
"City Council Committee Meeting - November 3, 2025 [nE5HiAtqwpA]",117,3,5,gemma-4-4b;ministral-8b;phi-4,UNKNOWN,2954.17,"critical repair in the water assistance program, I think targeted fairly small number of households I Honestly, don't know if there could be a program that would benefit a broader range of lower-income households But if there were anything like that feasible, I would encourage council in the adminis"
"City Council Committee Meeting - November 3, 2025 [nE5HiAtqwpA]",140,2,5,gemma-4-4b;ministral-8b,SPEAKER_00,3342.53,I'm just kind of curious. How did they arrive at the balance like the between the grant amount and the loan amount?
"City Council Committee Meeting - November 3, 2025 [nE5HiAtqwpA]",144,1,5,ministral-8b,SPEAKER_00,3395.98,"The debt service will be will have no budgetary impact to the current projections, right?"
"City Council Committee Meeting - November 3, 2025 [nE5HiAtqwpA]",146,1,5,gemma-4-4b,SPEAKER_00,3416.88,other pen best financings do they encourage the 30-year repayment schedule or is that something we have optionality and is this just like the best timetable for this particular loan I'm curious about that yeah I mean they offer the terms with 1% interest sometimes it's worth looking at those a littl
"City Council Committee Meeting - November 3, 2025 [nE5HiAtqwpA]",149,1,5,gemma-4-4b,UNKNOWN,3463.15,would what copies of this be made available to the public or do we have physical copies by chance I mean I don't have enough for everybody and this will be made available to the public thank you great any additional further for the
"City Council Committee Meeting - November 3, 2025 [nE5HiAtqwpA]",156,2,5,gemma-4-4b;ministral-8b,SPEAKER_00,3552.73,what I plan on doing is at 623 there's some existing garages and I plan on just breaking those down and building five single-family homes on a lot that's
"City Council Committee Meeting - November 3, 2025 [nE5HiAtqwpA]",160,2,5,qwen3.5-9b-q6;qwen3.5-9b-q8,SPEAKER_00,3664.8,there is a garage that is very badly rotted has much structural damage I
"City Council Committee Meeting - November 3, 2025 [nE5HiAtqwpA]",161,2,5,qwen3.5-9b-q6;qwen3.5-9b-q8,UNKNOWN,3670.8,would like to tear that down put in a small pre-manufactured shed fence in the property so that it can be used as a play area for my children thank you so
"City Council Committee Meeting - November 3, 2025 [nE5HiAtqwpA]",176,3,5,gemma-4-4b;ministral-8b;phi-4,SPEAKER_00,3909.22,a brief overview of what your project is going to be and Oh mr. Reichenbach good to see you push your button I guess I forgot how to do that good evening councilman mayor and everybody in attendance I'll be very brief because I
"City Council Committee Meeting - November 3, 2025 [nE5HiAtqwpA]",177,2,5,gemma-4-4b;phi-4,UNKNOWN,3930.53,know your time is valuable thank you for the consideration my name is Jimmy reichenbach i'm the chief impact officer from union community care for those who aren't familiar
"City Council Committee Meeting - November 3, 2025 [nE5HiAtqwpA]",183,1,5,qwen3.5-9b-q8,UNKNOWN,4001.47,"busy, but it looks like a bit of a 90s location. So we're looking for local shares to help us fund the renovation of that location. We plan to be there for several more generations. We've been there for several decades already, and we'll be requesting a million dollars in LSA money to be"
"City Council Committee Meeting - November 3, 2025 [nE5HiAtqwpA]",188,1,5,phi-4,SPEAKER_00,4073.98,administration resolution 69 2025 to full council on the 11th second all those in favor aye aye thank you thank you for your time thank you um the next um one on the list is administration resolution number 70 authorizing an application for local shares account program by univision childcare either 
"City Council Committee Meeting - November 3, 2025 [nE5HiAtqwpA]",190,2,5,qwen3.5-9b-q6;qwen3.5-9b-q8,SPEAKER_00,4133.47,the historic slave maker lock building so I'm here tonight to share the slave
"City Council Committee Meeting - November 3, 2025 [nE5HiAtqwpA]",191,2,5,qwen3.5-9b-q6;qwen3.5-9b-q8,UNKNOWN,4138.91,maker renewal project in an effort to revitalize one of Lancaster's true landmarks it sits on Southwest End Avenue between 1st Street and 2nd Street we are home to about 35 current small businesses including Lancaster Conservancy petals with style posh bridal and luxe salon and spa and the bird in h
"City Council Committee Meeting - November 3, 2025 [nE5HiAtqwpA]",192,1,5,qwen3.5-9b-q8,SPEAKER_00,4171.27,residential and not thriving mixed-use campuses many of the businesses have
"City Council Committee Meeting - November 3, 2025 [nE5HiAtqwpA]",193,1,5,qwen3.5-9b-q8,UNKNOWN,4175.39,been there for years and some even decades so we're looking for funds to
"City Council Committee Meeting - November 3, 2025 [nE5HiAtqwpA]",194,1,5,qwen3.5-9b-q8,SPEAKER_00,4179.33,renovate that property thank you what's the the cost of your application we are seeking a million dollars in local share account support for energy
"City Council Committee Meeting - November 3, 2025 [nE5HiAtqwpA]",195,1,5,phi-4,UNKNOWN,4197.44,efficient systems stormwater management and green infrastructure repaving of the parking lot the historic facade restoration and a playground and community space thank you and I'm sure somebody's gonna ask is that's the total cost for the project no ma'am that is just what like the critical needs an
"City Council Committee Meeting - November 3, 2025 [nE5HiAtqwpA]",198,2,5,gemma-4-4b;ministral-8b,SPEAKER_00,4236.63,"So I think the biggest thing that we're struggling with now is like the stormwater, which is also a city issue. I see"
"City Council Committee Meeting - November 3, 2025 [nE5HiAtqwpA]",201,4,5,gemma-4-4b;ministral-8b;phi-4;qwen3.5-9b-q8,UNKNOWN,4272.31,"What this would mean for univision child care specifically in in this renovation project briefly Yes, so there's also another Space so I just recently opened in in july with the help of the city arpa funds and that center is for 60 students we have almost already kind of outgrown that we have a stan"
"City Council Committee Meeting - November 3, 2025 [nE5HiAtqwpA]",202,1,5,qwen3.5-9b-q8,SPEAKER_00,4367.67,"jenny german as ms craig had said before we've been uh before this committee previously for lsa funds, but as a quick reminder, our students, eight of our programs come together to participate"
"City Council Committee Meeting - November 3, 2025 [nE5HiAtqwpA]",203,1,5,qwen3.5-9b-q8,UNKNOWN,4382.41,in the student home construction project as one of our signature focuses of the college. We're currently working on a project that's on Stevens Avenue. Stevens Avenue is located
"City Council Committee Meeting - November 3, 2025 [nE5HiAtqwpA]",209,3,5,gemma-4-4b;ministral-8b;phi-4,UNKNOWN,4501.17,okay turn your turn your mic on there you go okay I actually have three of my board members with me Jabari Betty and Linda our project is South and Stevens project and it consists of land that was donated to South and concerned neighbor from Thaddeus Stevens Foundation. It was formerly known as the 
"City Council Committee Meeting - November 3, 2025 [nE5HiAtqwpA]",212,2,5,gemma-4-4b;phi-4,SPEAKER_00,4697.01,Authorizing an application to local shares account program by chestnut housing Good evening. Good evening. Thanks for having us this evening. Thank you councillor Craig and full council and mayor appreciate your time I
"City Council Committee Meeting - November 3, 2025 [nE5HiAtqwpA]",214,1,5,gemma-4-4b,SPEAKER_00,4721.6,This is essentially duplicating a request that you might recall we made last year since the 2024 LSA Awards have not yet been Finalized by the state we felt it was kind of good due diligence to come back with the same request this year For you all so just a reminder of what we're working on This pro
"City Council Committee Meeting - November 3, 2025 [nE5HiAtqwpA]",218,1,5,gemma-4-4b,SPEAKER_00,4806.67,money okay questions from the committee questions from council as a whole Thank You councillor Craig you made mention of the funding delay is that directly related to the state budget impasse is that why LSA has been delayed in general
"City Council Committee Meeting - November 3, 2025 [nE5HiAtqwpA]",222,1,5,phi-4,SPEAKER_00,4849.36,be a similar timeline for the 2024 awards so yes it is just a very long process yes it is I don't know if you have more up-to-date information I don't so we go off of the CFA timelines and what
"City Council Committee Meeting - November 3, 2025 [nE5HiAtqwpA]",223,1,5,phi-4,UNKNOWN,4862.86,we were told for this year was that we could expect it to go anywhere from eight months to I think it's been a year and two months before so they were hopeful that we would get it in it I guess it would have been September of this year but clearly we're still waiting so we're kind of relying on thei
"City Council Committee Meeting - November 3, 2025 [nE5HiAtqwpA]",224,1,5,phi-4,SPEAKER_00,4885.56,"Sure. Great. Thank you for that. That ambiguity is tough because prices for these projects keep going up and up and up, and you apply a year and a half ago, and now you're back again. I feel your frustration. Okay. All right. I will make"
"City Council Committee Meeting - November 3, 2025 [nE5HiAtqwpA]",229,1,5,phi-4,UNKNOWN,4957.05,come before you uh in the past in some uh other forms just wanted to uh circle back and give a
"City Council Committee Meeting - November 3, 2025 [nE5HiAtqwpA]",230,1,5,phi-4,SPEAKER_00,4963.21,little additional context about this particular item uh earlier this year city council amended the city code to allow real estate sales through a licensed real estate broker so that that action has already happened this resolution tonight which is 78 2025 before city council this month in november p
"City Council Committee Meeting - November 3, 2025 [nE5HiAtqwpA]",235,1,5,phi-4,UNKNOWN,5149.51,councillor Craig thank you director Delveson sorry if I missed this but is Is there a deadline on up until we will we will be accepting offers for the property or would this be open ended. Yeah I don't have any dates tonight. It's really intended to be driven by the marketing plan that Compass has p
"City Council Committee Meeting - November 3, 2025 [nE5HiAtqwpA]",240,2,5,gemma-4-4b;phi-4,SPEAKER_00,5266.77,nonprofit use thank you thank you councillor Craig and thank you for the presentation my only question is moving forward with compass if if organizations
"City Council Committee Meeting - November 3, 2025 [nE5HiAtqwpA]",252,1,5,gemma-4-4b,SPEAKER_00,5501.04,"community benefit. One of the things that I think is a real benefit of using a real estate broker is hopefully we're going to reach a wider market and we're going to get a better sense of what is the highest and best use of the property. I think our first attempt or two at this, it was very"
"City Council Committee Meeting - November 3, 2025 [nE5HiAtqwpA]",255,2,5,gemma-4-4b;ministral-8b,UNKNOWN,5530.18,comp plan too but i don't think we'll know how to compare that until we get uh concrete offers on the table thank you we have one more yeah i guess i'll add in um do the proceeds from the sale go to the general fund and does the city have anything to pay down on the property uh like any this the fun
"City Council Committee Meeting - November 3, 2025 [nE5HiAtqwpA]",273,1,5,phi-4,UNKNOWN,6131.94,that you may be familiar with again your ordinance currently doesn't allow anything over 20 000
"City Council Committee Meeting - November 3, 2025 [nE5HiAtqwpA]",274,1,5,phi-4,SPEAKER_00,6137.06,square feet and you know what we've seen that has done is sort of encourage some of the smaller type facilities garages and some of the residential areas being permitted for that those storage uses if you could go to the next slide bernie so this is just an excerpt from the zoning map and shows
"City Council Committee Meeting - November 3, 2025 [nE5HiAtqwpA]",275,1,5,phi-4,UNKNOWN,6156.98,the property that we're talking about this evening and the zoning to the north being in the cm zoning district that we would propose to extend to the south and incorporate our property which is
"City Council Committee Meeting - November 3, 2025 [nE5HiAtqwpA]",276,1,5,phi-4,SPEAKER_00,6168.5,currently in in the c3 or the pink betsy did provide a full list of all the criteria that would an applicant would be required to meet in order to construct a self-storage facility without size restriction another thing i just want to point out to the council that there is another building on this p
"City Council Committee Meeting - November 3, 2025 [nE5HiAtqwpA]",277,1,5,phi-4,UNKNOWN,6198.64,two unit site condo they're going to be converting that building for an office use and so we're looking forward to that being part of the overall redevelopment of this site if you could go to the
"City Council Committee Meeting - November 3, 2025 [nE5HiAtqwpA]",278,1,5,phi-4,SPEAKER_00,6211.28,next sheet bernie all right so i wanted to give council a sense of the impact of the amendment across the city so this is currently a map showing where self-storage facilities are permitted to
"City Council Committee Meeting - November 3, 2025 [nE5HiAtqwpA]",300,1,5,phi-4,SPEAKER_00,6711.45,what what would be the impact yes um there would be a temporary impact with the moving in of
"City Council Committee Meeting - November 3, 2025 [nE5HiAtqwpA]",301,2,5,gemma-4-4b;phi-4,UNKNOWN,6718.12,equipment to allow for the construction demolition of the existing uses and then for the construction i think following the actual establishment of the business there would be a reduction in the amount of trips and vehicle trips because it's a fairly low chip generator for the self-storage
"City Council Committee Meeting - November 3, 2025 [nE5HiAtqwpA]",302,1,5,phi-4,SPEAKER_00,6735.8,probably consolidated onto you know an individual day of the week versus being a lot more traffic
"City Council Committee Meeting - November 3, 2025 [nE5HiAtqwpA]",304,1,5,phi-4,SPEAKER_00,6758.44,new building construction materials okay so has the the businesses that are that currently exist along that little strip there have have they been spoken to as anybody had conversation with them can you please come up to the mic or any mic anyone that's working well I'm Eric Scott without tree so th
"City Council Committee Meeting - November 3, 2025 [nE5HiAtqwpA]",308,1,5,gemma-4-4b,SPEAKER_00,6877.79,vehicles so i don't know that the retail people will be affected that much but we'll certainly have the conversation this project moves forward thank you um are there any questions from count from the committee thank you councillor craig um i'd probably be the first to admit that um storage units do
"City Council Committee Meeting - November 3, 2025 [nE5HiAtqwpA]",309,2,5,gemma-4-4b;phi-4,UNKNOWN,6910.88,the property okay and going back i kind of want to hang out on the question around the small
"City Council Committee Meeting - November 3, 2025 [nE5HiAtqwpA]",310,1,5,phi-4,SPEAKER_00,6915.44,businesses that are uh currently on the footprint how many total businesses are currently on the footprint there's really one primary business the two quonset huts are used for storage to simplify
"City Council Committee Meeting - November 3, 2025 [nE5HiAtqwpA]",311,1,5,phi-4,UNKNOWN,6928.32,that discussion there's one current business elliot's auto garage and and you're saying that their lease is ending and there will be their lease is ending and there's other issues where
"City Council Committee Meeting - November 3, 2025 [nE5HiAtqwpA]",312,2,5,gemma-4-4b;phi-4,SPEAKER_00,6939.58,elliot's not going to have much use for the property after that timetable anyhow okay and as far as I know that you had mentioned there was research done on productive uses for this property were there other options that were considered for the development of this area that would fit the current zon
"City Council Committee Meeting - November 3, 2025 [nE5HiAtqwpA]",313,1,5,phi-4,UNKNOWN,6956.13,considered every option I've been with oak tree for almost 11 years now we've considered every possible option I just not on I think one other consideration
"City Council Committee Meeting - November 3, 2025 [nE5HiAtqwpA]",314,1,5,phi-4,SPEAKER_00,6968.79,is the the ability to have a high turnover retail space is really challenging because you're going to be drawing traffic across those uh other uses which is an impact to their use and this use it provides for there's a lot of space to put a building there
"City Council Committee Meeting - November 3, 2025 [nE5HiAtqwpA]",315,1,5,phi-4,UNKNOWN,6988.13,but if you were to occupy that let's say at a ratio that a retail space or some other
"City Council Committee Meeting - November 3, 2025 [nE5HiAtqwpA]",316,3,5,gemma-4-4b;ministral-8b;phi-4,SPEAKER_00,6993.97,higher employee count business would be it would be really a challenge to get the folks in and out of there plus the service vehicles to get in would be really challenging as well can i underscore that point i find myself going on dillerville road quite frequently and have occasion to go
"City Council Committee Meeting - November 3, 2025 [nE5HiAtqwpA]",317,1,5,phi-4,UNKNOWN,7013.12,in to that shopping plaza because i like ethiopian food it is very difficult to navigate out of that parking lot so much so that the church that occupies on sundays has somebody out front
"City Council Committee Meeting - November 3, 2025 [nE5HiAtqwpA]",318,4,5,gemma-4-4b;phi-4;qwen3.5-9b-q6;qwen3.5-9b-q8,SPEAKER_00,7027.36,directing traffic because there's a merge that's coming off of harrisburg pike and three lanes of traffic on dillerville road and so i appreciate that the use that's being considered for this is a low trip use even though i also appreciate council arroyo that a um you know highest best
"City Council Committee Meeting - November 3, 2025 [nE5HiAtqwpA]",319,2,5,qwen3.5-9b-q6;qwen3.5-9b-q8,UNKNOWN,7050.8,use you know not i'm not you know storage facility got it you know i have and for this particular
"City Council Committee Meeting - November 3, 2025 [nE5HiAtqwpA]",320,2,5,qwen3.5-9b-q6;qwen3.5-9b-q8,SPEAKER_00,7058.82,site also sitting down off of the it's just the visibility is also really difficult um because it's not at grade with dillerville road itself so those are just that's just my two cents the only thing i was going to tag on to that is it's not just trip generation and high volume it's also The one we 
"City Council Committee Meeting - November 3, 2025 [nE5HiAtqwpA]",325,2,5,qwen3.5-9b-q6;qwen3.5-9b-q8,UNKNOWN,7134.05,Understanding that it's a limited. It's more limited and more on the map
"City Council Committee Meeting - November 3, 2025 [nE5HiAtqwpA]",326,2,5,qwen3.5-9b-q6;qwen3.5-9b-q8,SPEAKER_00,7138.65,but it is also removing the special exception so can you talk about how we got to that sure removing the r3 and r4 special exceptions was something that
"City Council Committee Meeting - November 3, 2025 [nE5HiAtqwpA]",332,2,5,gemma-4-4b;phi-4,SPEAKER_00,7314.68,Thank You councillor Craig um first just a comment I think what is being proposed
"City Council Committee Meeting - November 3, 2025 [nE5HiAtqwpA]",333,1,5,phi-4,UNKNOWN,7321.65,on the whole makes sense I definitely appreciate the like trade-off of you
"City Council Committee Meeting - November 3, 2025 [nE5HiAtqwpA]",334,3,5,gemma-4-4b;ministral-8b;phi-4,SPEAKER_00,7327.11,know I think it's probably for the in the city's best interest to limit self storage out of residential and I mean I guess that's just my opinion but I also had a question which I just want to make sure I understand correctly so there's a clause in the table of uses that says something to the effect
"City Council Committee Meeting - November 3, 2025 [nE5HiAtqwpA]",336,3,5,gemma-4-4b;qwen3.5-9b-q6;qwen3.5-9b-q8,SPEAKER_00,7386.72,oh there's a self storage you know somebody could build a huge self storage
"City Council Committee Meeting - November 3, 2025 [nE5HiAtqwpA]",337,2,5,qwen3.5-9b-q6;qwen3.5-9b-q8,UNKNOWN,7390.32,facility there and we don't you know our zoning doesn't match that is that kind
"City Council Committee Meeting - November 3, 2025 [nE5HiAtqwpA]",338,2,5,qwen3.5-9b-q6;qwen3.5-9b-q8,SPEAKER_00,7394.64,of the intention that's exactly right but we're primarily thinking about would be a lot consolidation because that's something that anyone could do by right
"City Council Committee Meeting - November 3, 2025 [nE5HiAtqwpA]",341,3,5,gemma-4-4b;ministral-8b;phi-4,UNKNOWN,7421.76,further questions from council as well I'll entertain questions or comments from the public 700 block new holland avenue i just wanted to comment from more of a contextual standpoint
"City Council Committee Meeting - November 3, 2025 [nE5HiAtqwpA]",342,4,5,gemma-4-4b;phi-4;qwen3.5-9b-q6;qwen3.5-9b-q8,SPEAKER_00,7446.31,uh when this did come to planning commission i do share your anxiety about storage units
"City Council Committee Meeting - November 3, 2025 [nE5HiAtqwpA]",343,3,5,phi-4;qwen3.5-9b-q6;qwen3.5-9b-q8,UNKNOWN,7452.64,i do think we're getting a good trade-off by preventing these in our currently zoned residential areas i also was concerned about expanding the permission of storage units in
"City Council Committee Meeting - November 3, 2025 [nE5HiAtqwpA]",344,3,5,phi-4;qwen3.5-9b-q6;qwen3.5-9b-q8,SPEAKER_00,7460.88,our community but that's why the commission had conversation to really narrow this down to one site to prevent it from being a prolific thing and also the um as mr hirsch is pointing out with the date being affixed to it this is a good example of a property that suffers under our current
"City Council Committee Meeting - November 3, 2025 [nE5HiAtqwpA]",345,2,5,gemma-4-4b;phi-4,UNKNOWN,7480.88,ordinances and why we really need to light the fire to redo our zoning ordinances in general
"City Council Committee Meeting - November 3, 2025 [nE5HiAtqwpA]",346,1,5,phi-4,SPEAKER_00,7487.49,i personally felt a little bit of feelings for the circumstance because it was kind of expressed that
"City Council Committee Meeting - November 3, 2025 [nE5HiAtqwpA]",347,1,5,phi-4,UNKNOWN,7493.57,"that this was a holding pattern until more clarity could be provided by a zoning update, which they hadn't gotten, which is why they came to us with this amendment."
"City Council Committee Meeting - November 3, 2025 [nE5HiAtqwpA]",348,2,5,gemma-4-4b;phi-4,SPEAKER_00,7504.29,"So yeah, it's not perfect as far as what we might wanna see with the comp plan, but I think this is the most practical, from my standpoint, the most practical solution"
"City Council Committee Meeting - November 3, 2025 [nE5HiAtqwpA]",349,1,5,phi-4,UNKNOWN,7516.53,"we could get under the current context to protect the community, but also advance the community forward. that's just what i wanted to say for the record and everyone have a good night thank you are there any further questions from the public comments thank you so much um i'll make a motion to move"
"City Council Committee Meeting - November 3, 2025 [nE5HiAtqwpA]",360,1,5,phi-4,SPEAKER_00,7742.23,what has already been installed manages about nine acres so that is significant there's also on different stretches of of Ross Street some localized flooding in that area that needs to be addressed so at this moment we've could we continue to seek grant funding for implementation while the design pr
"City Council Committee Meeting - November 3, 2025 [nE5HiAtqwpA]",361,1,5,phi-4,UNKNOWN,7765.23,"received 35,000 from the Chesapeake Bay Trust from their g3 or green towns green"
"City Council Committee Meeting - November 3, 2025 [nE5HiAtqwpA]",362,1,5,phi-4,SPEAKER_00,7772.01,streets green jobs program for the for design which puts us in a much better position to be able to make up and to go after grant funding to make up any other shortfall
"City Council Committee Meeting - November 3, 2025 [nE5HiAtqwpA]",363,4,5,gemma-4-4b;phi-4;qwen3.5-9b-q6;qwen3.5-9b-q8,UNKNOWN,7782.37,if we don't get the full million that is being requested for this against this 1.5 million dollar project i'm very open to questions at this moment thank you director campbell um so i read this with great interest i happen to live along this the stretch of street that we're talking
"City Council Committee Meeting - November 3, 2025 [nE5HiAtqwpA]",364,3,5,phi-4;qwen3.5-9b-q6;qwen3.5-9b-q8,SPEAKER_00,7802.02,about so it's exciting hopefully we get the grant I have a couple just two questions I don't know
"City Council Committee Meeting - November 3, 2025 [nE5HiAtqwpA]",365,3,5,phi-4;qwen3.5-9b-q6;qwen3.5-9b-q8,UNKNOWN,7812.52,from what I read that it's explicitly stated but I'm assuming we're talking about like rain gardens
"City Council Committee Meeting - November 3, 2025 [nE5HiAtqwpA]",369,1,5,ministral-8b,UNKNOWN,7862.85,the southern basin which is every the water that goes to to edge uh edge comb not edge comb angle side angle side thank you for some reason i have some something else it's been a long day But so it does address two particular storm sheds that we're looking at managing in detail Thank you. And then m
"City Council Committee Meeting - November 3, 2025 [nE5HiAtqwpA]",373,2,5,gemma-4-4b;ministral-8b,UNKNOWN,7956.0,and i'll also offer are there any comments uh or questions from the public um darlene bird ann street i know we borrowed a lot of money for stormwater and for sewer we just had another pen vest grant how much of the city is not covered in the money that we're borrowing that we're looking to take a m
"City Council Committee Meeting - November 3, 2025 [nE5HiAtqwpA]",378,1,5,gemma-4-4b,SPEAKER_00,8077.52,consulting the capital plan because I think it lays out nicely like where the funds are coming
"City Council Committee Meeting - November 3, 2025 [nE5HiAtqwpA]",381,2,5,gemma-4-4b;phi-4,UNKNOWN,8090.24,I think that's probably the best guide as far as where those borrowings that you're talking about are going and that kind of thing. right because i know we asked these questions when they were talking about borrowing the money and getting a bond and how much they were getting a bond for and it was e
"City Council Committee Meeting - November 3, 2025 [nE5HiAtqwpA]",406,2,5,gemma-4-4b;phi-4,SPEAKER_00,8678.73,council Hirsch Thank You council president my question is just a lot of what's been said makes sense I am curious though about the input from the Central Market Trust my understanding is that they currently still do not have an executive director although someone can correct me if I'm wrong who from
"City Council Committee Meeting - November 3, 2025 [nE5HiAtqwpA]",410,2,5,gemma-4-4b;phi-4,SPEAKER_00,8752.69,they don't have one currently but staff as well and I would just say that the that their legal counsel was the final review and that is what got us to here and so it has been a long journey that's helpful thank you thank you counselor men Thank You council president and thank you director Campbell's
"City Council Committee Meeting - November 3, 2025 [nE5HiAtqwpA]",411,2,5,gemma-4-4b;phi-4,UNKNOWN,8785.88,city gonna have to do due diligence to make sure that the capital plan is happening and the expenditures are what they're supposed to be is this gonna be just like a board joint effort or is this gonna be extra work in time for city staff to go back and audit expenditures so the building is still ow
"City Council Committee Meeting - November 3, 2025 [nE5HiAtqwpA]",423,3,5,phi-4;qwen3.5-9b-q6;qwen3.5-9b-q8,UNKNOWN,9028.49,and I did a little research income I I looked up um York and Harrisburg Harris actually Harrisburg's population is lower than Lancaster's I find that amazing but um I looked up Harrisburg um Scranton Altoona different cities around Pennsylvania that have the close to the same
"City Council Committee Meeting - November 3, 2025 [nE5HiAtqwpA]",424,3,5,phi-4;qwen3.5-9b-q6;qwen3.5-9b-q8,SPEAKER_00,9056.74,population maybe a little under a little over just to kind of gauge where their council salaries are
"City Council Committee Meeting - November 3, 2025 [nE5HiAtqwpA]",425,4,5,gemma-4-4b;phi-4;qwen3.5-9b-q6;qwen3.5-9b-q8,UNKNOWN,9064.26,some of their council salaries are incredible um Harrisburg right off the top of my head I don't remember the exact figure but I think Harrisburg might be somewhere around 20 and you know they're probably although Harrisburg is the capital their population is less than Lancaster Pennsylvania and all
"City Council Committee Meeting - November 3, 2025 [nE5HiAtqwpA]",426,2,5,gemma-4-4b;phi-4,SPEAKER_00,9111.11,with this proposal I don't think that anybody serves on council in this
"City Council Committee Meeting - November 3, 2025 [nE5HiAtqwpA]",427,1,5,phi-4,UNKNOWN,9115.85,part-time capacity part-time in quotation marks capacity for the salary but I do think it's not insignificant to note that it's been very long time that there's been any sort of change and also not insignificant to note that nobody sitting on this dais without being reelected would have any benefit 
"City Council Committee Meeting - November 3, 2025 [nE5HiAtqwpA]",428,1,5,phi-4,SPEAKER_00,9139.49,the passage of this bill I think that that's super important and also not for nothing the Home Rule Charter does mandate an increased number of meetings and and increased involvement in budgeting processes and I think that that the time should be recognized but also the level of accountability for
"City Council Committee Meeting - November 3, 2025 [nE5HiAtqwpA]",429,1,5,gemma-4-4b,UNKNOWN,9162.81,voters should also be recognized so if council members aren't coming to those meetings or meeting their commitments or being an active participant in those
"City Council Committee Meeting - November 3, 2025 [nE5HiAtqwpA]",432,2,5,gemma-4-4b;phi-4,SPEAKER_00,9201.07,forward i think that it has been a long time and i think this will also allow other folks in the community who may have not been interested in running for council to look into running for council if they gave additional means for them to do so i would also like to add you know that i am
"City Council Committee Meeting - November 3, 2025 [nE5HiAtqwpA]",437,1,5,gemma-4-4b,UNKNOWN,9244.38,yeah and forgive me if this was already explained councillor Craig but in your comments but the overall cost of council would actually be lower compared to pre
"City Council Committee Meeting - November 3, 2025 [nE5HiAtqwpA]",441,3,5,gemma-4-4b;phi-4;qwen3.5-9b-q8,UNKNOWN,9322.55,"inflation calculator based on when the $8,000 salary was passed today that would be worth over 13 and a half thousand so you know y'all heard my"
"City Council Committee Meeting - November 3, 2025 [nE5HiAtqwpA]",442,2,5,phi-4;qwen3.5-9b-q8,SPEAKER_00,9337.69,budget comments earlier and my concerns I think the fact that so I full disclosure I wasn't sure how I felt about this when I saw it on our agenda
"City Council Committee Meeting - November 3, 2025 [nE5HiAtqwpA]",443,2,5,phi-4;qwen3.5-9b-q8,UNKNOWN,9348.07,but you know looking at that and saying okay it wouldn't even necessarily keep
"City Council Committee Meeting - November 3, 2025 [nE5HiAtqwpA]",444,1,5,gemma-4-4b,SPEAKER_00,9353.65,up with inflation for what it was said at 2005 but I think it's nice that there an increase and i also feel better about it knowing that it's effective 2028 so i'm not voted on my own you know um on my current term so those things kind of made me feel a little better about it so thank you any additi
"City Council Committee Meeting - October 6, 2025 [bubudvmIB_E]",54,3,5,gemma-4-4b;qwen3.5-9b-q6;qwen3.5-9b-q8,,,
"City Council Committee Meeting - October 6, 2025 [bubudvmIB_E]",68,2,5,qwen3.5-9b-q6;qwen3.5-9b-q8,,,
"City Council Committee Meeting - October 6, 2025 [bubudvmIB_E]",70,2,5,qwen3.5-9b-q6;qwen3.5-9b-q8,,,
"City Council Committee Meeting - October 6, 2025 [bubudvmIB_E]",72,3,5,gemma-4-4b;qwen3.5-9b-q6;qwen3.5-9b-q8,,,
"City Council Committee Meeting - October 6, 2025 [bubudvmIB_E]",77,3,5,gemma-4-4b;qwen3.5-9b-q6;qwen3.5-9b-q8,,,
"City Council Committee Meeting - October 6, 2025 [bubudvmIB_E]",80,3,5,gemma-4-4b;qwen3.5-9b-q6;qwen3.5-9b-q8,,,
"City Council Committee Meeting - October 6, 2025 [bubudvmIB_E]",94,4,5,gemma-4-4b;phi-4;qwen3.5-9b-q6;qwen3.5-9b-q8,,,
"City Council Committee Meeting - October 6, 2025 [bubudvmIB_E]",97,4,5,gemma-4-4b;phi-4;qwen3.5-9b-q6;qwen3.5-9b-q8,,,
"City Council Committee Meeting - October 6, 2025 [bubudvmIB_E]",139,3,5,phi-4;qwen3.5-9b-q6;qwen3.5-9b-q8,,,
"City Council Committee Meeting - October 6, 2025 [bubudvmIB_E]",148,3,5,gemma-4-4b;phi-4;qwen3.5-9b-q8,,,
"City Council Committee Meeting - October 6, 2025 [bubudvmIB_E]",152,3,5,phi-4;qwen3.5-9b-q6;qwen3.5-9b-q8,,,
"City Council Committee Meeting - October 6, 2025 [bubudvmIB_E]",154,3,5,phi-4;qwen3.5-9b-q6;qwen3.5-9b-q8,,,
"City Council Committee Meeting - October 6, 2025 [bubudvmIB_E]",158,4,5,ministral-8b;phi-4;qwen3.5-9b-q6;qwen3.5-9b-q8,,,
"City Council Committee Meeting - October 6, 2025 [bubudvmIB_E]",173,4,5,ministral-8b;phi-4;qwen3.5-9b-q6;qwen3.5-9b-q8,,,
"City Council Committee Meeting - October 6, 2025 [bubudvmIB_E]",177,4,5,ministral-8b;phi-4;qwen3.5-9b-q6;qwen3.5-9b-q8,,,
"City Council Committee Meeting - October 6, 2025 [bubudvmIB_E]",186,3,5,phi-4;qwen3.5-9b-q6;qwen3.5-9b-q8,,,
"City Council Committee Meeting - October 6, 2025 [bubudvmIB_E]_exclusive",21,1,5,gemma-4-4b,SPEAKER_26,2495.46,"COUNSELOR OMID? THANK YOU, MR. VICE PRESIDENT. AND THANK YOU, DIRECTOR CAMPBELL, FOR THE PRESENTATION. I JUST HAD TWO QUESTIONS. FIRST, WITH THE PROJECTIONS WITH SOME UPCOMING DEFICITS AND SOME UPCOMING DEPLETIONS OF FUND BALANCES, WHAT ARE SOME WAYS THAT THE ADMINISTRATION IS going to be keeping th"
"City Council Committee Meeting - October 6, 2025 [bubudvmIB_E]_exclusive",37,2,5,ministral-8b;phi-4,SPEAKER_05,2907.82,GOOD EVENING.
"City Council Committee Meeting - October 6, 2025 [bubudvmIB_E]_exclusive",46,3,5,gemma-4-4b;ministral-8b;phi-4,SPEAKER_15,3060.56,Should be good. Yep. Thank you So you you said that you've done the the work to justify the size of the police department? is that data publicly available or can it be made publicly available to show the justification for
"City Council Committee Meeting - October 6, 2025 [bubudvmIB_E]_exclusive",54,1,5,qwen3.5-9b-q6,SPEAKER_03,3233.26,"GOOD EVENING, CHRISTOPHER PETERS, CHAIR OF THE HISTORICAL COMMISSION. WITH ME TONIGHT IS VICE CHAIR DANIELLE AND FORMER VICE CHAIR STEVE FUNK AS WELL. AS WAS MENTIONED, THERE WAS A PROPOSAL BROUGHT BEFORE US. IT WAS AFTER THE FACT DEMOLITION AND NEW CONSTRUCTION. THIS IS OVER ON LEMON STREET. WHAT O"
"City Council Committee Meeting - October 6, 2025 [bubudvmIB_E]_exclusive",58,2,5,qwen3.5-9b-q6;qwen3.5-9b-q8,SPEAKER_22,3897.68,you thank you um so you said you mentioned that um you've been a contractor in lancaster city for quite a while yep and it never dawned on you to maybe go before the historical commission or check with the historical commission because you know a large portion of our city is historical
"City Council Committee Meeting - October 6, 2025 [bubudvmIB_E]_exclusive",59,2,5,qwen3.5-9b-q6;qwen3.5-9b-q8,SPEAKER_01,3923.36,absolutely and we routinely run into suzanne we looked at where this property was it's an eclectic block it's outside of the harb all of these played into nate's desire to purchase the home and i don't want to we submit a lot of permits we are very much under the guidance of city permit clerk and ci
"City Council Committee Meeting - October 6, 2025 [bubudvmIB_E]_exclusive",60,3,5,gemma-4-4b;phi-4;qwen3.5-9b-q6,SPEAKER_22,3979.76,we respond accordingly okay thank you so much for the information my primary concern is that i mean there wasn't any thought of considering going through the historical commission or the historical review board to you know you know to look over your plans for the property and you know since you your
"City Council Committee Meeting - October 6, 2025 [bubudvmIB_E]_exclusive",61,2,5,phi-4;qwen3.5-9b-q6,SPEAKER_01,4016.61,and that was part of the reason we actually did the follow-up plan submission midway through so we did go back we called in and said hey who who wants to see the plan review we were directed to give it to the inspector who was going to be doing the plan reviews that's where we sent it and so yeah i 
"City Council Committee Meeting - October 6, 2025 [bubudvmIB_E]_exclusive",62,1,5,phi-4,SPEAKER_25,4046.89,other questions from the committee counselor craig um thank you for the explanation um curious about a couple things and i'm not sure who in this room could potentially answer this but specifically about the process so when you guys applied for the permits and received these permits you guys submitt
"City Council Committee Meeting - October 6, 2025 [bubudvmIB_E]_exclusive",66,2,5,gemma-4-4b;phi-4,SPEAKER_25,4130.82,ME PERSONALLY COUNCIL CRAIG I'M I THINK JUST FROM A PROCESS STANDPOINT I HAVE QUESTIONS AROUND IF A PERMIT WAS ISSUED WITH THE EXPECTATION OF THIS PROJECT HAPPENING IN THE WAY THAT IT HAPPENED WHAT HAPPENS WITH THE AFTER THE FACT DETERMINATION SO IF THE PROJECT'S ALREADY COMPLETED WHAT HAPPENS NOW I
"City Council Committee Meeting - October 6, 2025 [bubudvmIB_E]_exclusive",68,1,5,ministral-8b,SPEAKER_29,4164.73,MR FUNK UH I'M STEVE FUNK UH MEMBER OF THE HISTORICAL COMMISSION YOU CAN FEEL FREE TO
"City Council Committee Meeting - October 6, 2025 [bubudvmIB_E]_exclusive",71,1,5,ministral-8b,SPEAKER_01,4234.73,obviously was not interior renovation it did reference full window replacement it had three dimensional models of the exterior there's also a checklist on the front that we filled out in its entirety nowhere on the checklist does it ask us to go to the historic commission
"City Council Committee Meeting - October 6, 2025 [bubudvmIB_E]_exclusive",77,1,5,ministral-8b,SPEAKER_03,4509.39,"i guess i'll say we're tasked to review applications whether they meet uh the secretary of the junior group standards and the design standards and we're not REALLY TASKED WITH PROVIDING DESIGN SOLUTIONS OR RECOMMENDATIONS AT THIS POINT IN TIME, AND I WOULD FIND THAT PRETTY DIFFICULT WITH THIS APPLIC"
"City Council Committee Meeting - October 6, 2025 [bubudvmIB_E]_exclusive",79,1,5,gemma-4-4b,SPEAKER_26,4538.46,"THANK YOU, COUNSELOR CRAIG. I GUESS MY ONLY QUESTION WOULD BE TO COUNSELOR CRAIG'S POINT, AND GIVEN THIS IS AFTER THE FACT, ARE THEY EXPECTED TO RETURN IT TO ITS ORIGINAL STATE?"
"City Council Committee Meeting - October 6, 2025 [bubudvmIB_E]_exclusive",80,2,5,ministral-8b;phi-4,SPEAKER_17,4552.62,"THE HISTORICAL COMMISSION JUST LOOKS AT WHAT IS PRESENTED TO US. SO WE WERE PRESENTED WITH A DEMOLITION REQUEST AFTER THE FACT, AFTER IT WAS ALREADY DEMOLISHED, AND THEN WITH THE DESIGN. IF IT CAME TO US, LIKE JUST AS A BLUEPRINT, WE WOULD DENY IT. SO THAT'S WHY WE DENIED IT AS BUILT. AND I WILL SAY"
"City Council Committee Meeting - October 6, 2025 [bubudvmIB_E]_exclusive",81,1,5,gemma-4-4b,SPEAKER_14,4612.34,Craig if I may absolutely thank you I want to recognize the members of the Historical Commission for their work and understand that their role is really to review the Secretary of Interior standards and this presents a really interesting and unique challenge and and it's not one that's entirely unco
"City Council Committee Meeting - October 6, 2025 [bubudvmIB_E]_exclusive",84,2,5,gemma-4-4b;phi-4,SPEAKER_01,4830.45,one of the difficulties is we're done i would just go back to the comment why work continued work has not continued since we were notified of the issue so in august we were given permission to continue and carry on with interior work and non-visible work we have not done anything on that's front lem
"City Council Committee Meeting - October 6, 2025 [bubudvmIB_E]_exclusive",88,3,5,gemma-4-4b;ministral-8b;phi-4,SPEAKER_25,5029.04,CRAIG I JUST WANT TO MAKE A COMMENT BECAUSE THIS VERY INTERESTING SITUATION THAT WE'RE IN SO when i want to be empathetic to the fact that uh it was mentioned that clerical error was made so i have um it's a little frustrating to feel that we're going to put the onus on a property owner uh to um a r
"City Council Committee Meeting - October 6, 2025 [bubudvmIB_E]_exclusive",97,1,5,ministral-8b,SPEAKER_23,5718.14,wonderful perfect again I'm Jen and the purpose of the statewide LSA program is to reinvest gaming funds into projects in the communities to improve quality of life across Pennsylvania so specifically these grants range anywhere from twenty five thousand to one million dollars and there's no local m
"City Council Committee Meeting - October 6, 2025 [bubudvmIB_E]_exclusive",99,2,5,gemma-4-4b;ministral-8b,SPEAKER_20,5804.68,"I HAVE ONE CLARIFICATION THAT MIGHT BE IMPORTANT CONTEXT. ALSO, THANK YOU FOR YOUR APPLICATION. I THINK IT'S A VERY WORTHY PROJECT. BUT JUST ABOUT THE LOCAL SHARES PROCESS, ALTHOUGH WE SUBMIT THE APPLICATION ON BEHALF OF THE ORGANIZATIONS, DO WE HAVE ANY SORT OF FIDUCIARY RESPONSIBILITY OR OVERSIGHT"
"City Council Committee Meeting - October 6, 2025 [bubudvmIB_E]_exclusive",100,1,5,phi-4,SPEAKER_23,5825.68,"WE DO NOT. SO WE SIGN WITH ANY AWARDED ORGANIZATION, WE SIGN AN MOU WITH THEM, BASICALLY STATING that we are there for um support for grant support and that all of the then reimbursements come through us um but we are not we are not the the owners of those dollars it comes from the state"
"City Council Committee Meeting - October 6, 2025 [bubudvmIB_E]_exclusive",102,3,5,gemma-4-4b;ministral-8b;phi-4,SPEAKER_32,5871.9,by the ywca good evening good evening my name is dana clark i'm actually the architect for the y forward renovations i'm here on behalf of stacy tonight she was able to make it but i want to thank council and the mayor for allowing us this opportunity this is as you may know a transformational proje
"City Council Committee Meeting - October 6, 2025 [bubudvmIB_E]_exclusive",109,2,5,gemma-4-4b;ministral-8b,SPEAKER_21,6272.55,"COUNSELOR NIETZ. THANK YOU, COUNSELOR CRAIG. I just wanted to commend you. I was a counselor for sexual assault years ago, so seeing it grow and seeing it build, it's great. It just feels good knowing that women that run into situations of sexual assault or not having a home, it's great to know wher"
"City Council Committee Meeting - October 6, 2025 [bubudvmIB_E]_exclusive",114,2,5,gemma-4-4b;phi-4,SPEAKER_11,6511.91,good evening everybody sorry for the delay i was looking for my speaker notes but we're going to go with plan b and use the hard copy instead um okay um well uh thank you for the opportunity uh to speak on this topic tonight i know there's been a lot of interest in data centers overall um and partic
"City Council Committee Meeting - October 6, 2025 [bubudvmIB_E]_exclusive",115,1,5,ministral-8b,SPEAKER_21,7233.92,questions at this time okay so my question is related to the noise is there like i know that they have decibels levels um and i'm not sure the acoustic i'm thinking that you would have like 85 55 to 85 DB's is that something that would be outside or is it around 95 or 96 do you have what levels they
"City Council Committee Meeting - October 6, 2025 [bubudvmIB_E]_exclusive",123,1,5,phi-4,SPEAKER_20,8130.49,as well great um council president thank you um dr delphs uh under specifically water utilization and perhaps this is similar to energy use and and you know and the noise uh the way we've uh the approach we're taking with this yes um is it possible it to put an actual limitation on water usage in th
"City Council Committee Meeting - October 6, 2025 [bubudvmIB_E]_exclusive",126,3,5,gemma-4-4b;ministral-8b;phi-4,SPEAKER_26,8297.63,CRAIG AND THANK YOU DIRECTOR DELVES AND CITY STAFF FOR YOUR THOROUGHNESS IN THIS ZONING AMENDMENT MY QUESTION IS IF APPROVED WILL THIS RETROACTIVELY APPLY TO THE TWO DATA CENTERS THAT ARE CURRENTLY
"City Council Committee Meeting - October 6, 2025 [bubudvmIB_E]_exclusive",128,1,5,gemma-4-4b,SPEAKER_26,8377.14,"Thank you. And my final question, which you just mentioned, is the text amendment states that data centers shall make good faith efforts to maximize use of renewable and or clean energy. Other than the verifiable power purchase agreements, what other metrics do we have to show that"
"City Council Committee Meeting - October 6, 2025 [bubudvmIB_E]_exclusive",129,1,5,phi-4,SPEAKER_11,8396.4,they're acting in good faith yeah I appreciate the question and this is where we were trying to stretch into some territory to ensure that a developer this developer or any future developer of a data center that they are required to be intentional and thoughtful and put together an energy management
"City Council Committee Meeting - October 6, 2025 [bubudvmIB_E]_exclusive",130,1,5,phi-4,SPEAKER_14,8480.62,also renewable as we've seen the three billion dollar purchase of hydro power by Google on the Susquehanna River over the next 20 years so that I think that there's a combination of factors and that are at play here in terms of the the power utilization or the power source and also pushing up agains
"City Council Committee Meeting - October 6, 2025 [bubudvmIB_E]_exclusive",131,1,5,phi-4,SPEAKER_26,8508.95,appreciate the work being done by your department and by city staff and I would just hope that we continue to think about ways to protect city residents
"City Council Committee Meeting - October 6, 2025 [bubudvmIB_E]_exclusive",132,1,5,phi-4,SPEAKER_11,8516.69,against vague good faith effort definitions yep i we we agree and uh that is there to require that there's planning and there's thinking um but we are continuing to push on the issue of renewable as the mayor mentioned i i think that's very important are there any further questions from
"City Council Committee Meeting - October 6, 2025 [bubudvmIB_E]_exclusive",133,2,5,gemma-4-4b;phi-4,SPEAKER_07,8539.54,council as a whole councilor hirsch uh thank you director delfts um kind of a question kind of a comment and it might come across as odd but I know for me and as far as evaluating you know what the zoning can do and and what the city can do and regulate and as far as what some of my concerns are I w
"City Council Committee Meeting - October 6, 2025 [bubudvmIB_E]_exclusive",138,4,5,gemma-4-4b;ministral-8b;qwen3.5-9b-q6;qwen3.5-9b-q8,SPEAKER_24,8806.43,stories about communities that have suffered because of these data centers but i've yet to
"City Council Committee Meeting - October 6, 2025 [bubudvmIB_E]_exclusive",140,2,5,qwen3.5-9b-q6;qwen3.5-9b-q8,SPEAKER_06,8813.67,thank you mr dastran how you doing wonderful tony dash at 700 block of new holland avenue i will do my best to keep this one positive uh because i'm very glad to see this ordinance director delfs it is way more robust than i honestly had been anticipating so i appreciate the reviews you've done of a
"City Council Committee Meeting - October 6, 2025 [bubudvmIB_E]_exclusive",141,3,5,phi-4;qwen3.5-9b-q6;qwen3.5-9b-q8,SPEAKER_08,9003.6,thank you mr dastra um there you go you knew i'd be up here frank garcolio uh old trinity place uh yeah so uh i have to say that this is a lot better than i expected um and i recognize a lot of the language in here like some of the definitions and and things like that that look very similar to uh to
"City Council Committee Meeting - October 6, 2025 [bubudvmIB_E]_exclusive",148,1,5,ministral-8b,SPEAKER_02,9496.48,something about it and now i can't remember um it was the what consequences would they suffer
"City Council Committee Meeting - October 6, 2025 [bubudvmIB_E]_exclusive",152,3,5,gemma-4-4b;ministral-8b;phi-4,SPEAKER_28,9536.38,thank you thank you so zoning enforcement is already written in the zoning ordinance it's a set procedure the zoning officer if there is an enforcement issue a complaint or a violation he would investigate that complaint and he would file a notice of violation that would go through the process that 
"City Council Committee Meeting - October 6, 2025 [bubudvmIB_E]_exclusive",154,3,5,gemma-4-4b;ministral-8b;phi-4,SPEAKER_28,9572.62,yes they can if they don't address the the concern or the issue after a notice of a violation is sent in um and no action has been taken we can file with the district magistrate on those um i would foresee that probably not happening with this it doesn't happen frequently but it
"City Council Committee Meeting - October 6, 2025 [bubudvmIB_E]_exclusive",157,2,5,qwen3.5-9b-q6;qwen3.5-9b-q8,SPEAKER_11,9629.52,uh being proposed and built correct uh right so what what i was hoping we could do uh tonight uh and in the process we we have to think about this zoning amendment as applying to the entire city i do understand uh that there's a key question related to uh there's the east campus proposed at greenfie
"City Council Committee Meeting - October 6, 2025 [bubudvmIB_E]_exclusive",158,3,5,phi-4;qwen3.5-9b-q6;qwen3.5-9b-q8,SPEAKER_27,9699.87,would apply to those two sites okay so this all of this has been complete hypotheticals and there's just absolutely no guarantee that there will be any kind of precautions for noise for environmental safety for electricity for responsibility in any kind of way like there's absolutely no recourse or 
"City Council Committee Meeting - October 6, 2025 [bubudvmIB_E]_exclusive",164,1,5,gemma-4-4b,SPEAKER_07,10177.74,"THANK YOU SO MUCH FOR THE PRESENTATION. MY QUESTION IS, WILL THIS ALSO CAPTURE SOMEONE THAT WOULD ILLEGALLY TURN RIGHT IN A NO TURN ON RED SITUATION?"
"City Council Committee Meeting - October 6, 2025 [bubudvmIB_E]_exclusive",166,3,5,gemma-4-4b;ministral-8b;phi-4,SPEAKER_07,10198.41,"AND I JUST WANT TO MAKE A COMMENT IN SUPPORT OF THIS BECAUSE I WITNESS IT EVERY DAY, PEOPLE RUNNING RED LIGHTS. IT'S INCREDIBLY DANGEROUS. I HAD A DEAR FRIEND WHO WAS HIT, SEVERELY INJURED BOTH PHYSICALLY AND EMOTIONALLY, MENTALLY, AND I'M JUST REALLY GLAD TO SEE THE CITY PURSUE THIS IN OUR NEST BEC"
"City Council Committee Meeting - October 6, 2025 [bubudvmIB_E]_exclusive",168,2,5,gemma-4-4b;phi-4,SPEAKER_20,10234.73,"THANK YOU, COUNCILOR DIAZ. MS. MCCORMICK, THANK YOU SO MUCH. THIS IS VERY EXCITING. and i would echo council herch's comments and support i also just want to put a fine point on the fact that because this will be the headline right this is the city is trying to make money so to confirm we cannot mak"
"City Council Committee Meeting - October 6, 2025 [bubudvmIB_E]_exclusive",170,3,5,gemma-4-4b;ministral-8b;phi-4,SPEAKER_19,10284.94,UM WHERE I'M NOT YOU KNOW PRO HELPING THE POLICE UM I DO BELIEVE WE HAVE AN ENORMOUS AMOUNT OF HIT runs in this city that do not get solved so um yes where safety is concerned we do need new measures but we shouldn't be relying on trapping our residents to make money um i get that our city needs to 
"City Council Committee Meeting - October 6, 2025 [bubudvmIB_E]_exclusive",172,2,5,ministral-8b;phi-4,SPEAKER_19,10383.17,i don't think we should do that either like we pay out the wazoo and parking tickets we're paying out the wazoo and housing costs i just think that where we do need safer solutions like something on manor and philbert that decreases the speed because i just almost watched a kid get hit by a car two 
"City Council Committee Meeting - October 6, 2025 [bubudvmIB_E]_exclusive",178,2,5,qwen3.5-9b-q6;qwen3.5-9b-q8,SPEAKER_06,10749.93,making it a red light thank you tony dastro 700 block of new holland avenue uh whenever i see this sort of legislation i do get a little bit weirded out because like you know uber driver so i've seen plenty of other uber drivers and i know how it is when uh enforcement picks up but i do think it's a
"City Council Committee Meeting - October 6, 2025 [bubudvmIB_E]_exclusive",179,2,5,qwen3.5-9b-q6;qwen3.5-9b-q8,SPEAKER_24,10858.27,but Nathan Charles hopefully for 400 block of West Lemon so I had a question so who is responsible for the the enforcement of these cameras enforcement
"City Council Committee Meeting - October 6, 2025 [bubudvmIB_E]_exclusive",183,4,5,gemma-4-4b;phi-4;qwen3.5-9b-q6;qwen3.5-9b-q8,SPEAKER_24,10896.68,"So the question is, could the, what these cameras ticket be changed in the future? only with legislative changes for at the state level okay now the this in chicago they changed the timing of yellow lights they shortened the yellow lights to increase um the by a tenth of a second is is there any cha"
"City Council Committee Meeting - October 6, 2025 [bubudvmIB_E]_exclusive",184,2,5,qwen3.5-9b-q6;qwen3.5-9b-q8,SPEAKER_20,10925.2,the ordinance i was just reading that says that we can't deviate from the standard set by the
"City Council Committee Meeting - October 6, 2025 [bubudvmIB_E]_exclusive",185,4,5,ministral-8b;phi-4;qwen3.5-9b-q6;qwen3.5-9b-q8,SPEAKER_24,10930.24,by pen dot okay um appreciate it because i've i've been hit twice in a crosswalk walking on green so i definitely uh in very um want to see more safety in crosswalks but at the same time you know i've heard some good good comments here don't want to make sure that we're exacerbating
"City Council Committee Meeting - October 6, 2025 [bubudvmIB_E]_exclusive",189,3,5,ministral-8b;phi-4;qwen3.5-9b-q8,SPEAKER_26,11137.06,public safety committee my questions were was there any legal review of this resolution when
"City Council Committee Meeting - October 6, 2025 [bubudvmIB_E]_exclusive",190,3,5,ministral-8b;phi-4;qwen3.5-9b-q8,SPEAKER_21,11143.38,it was written well if you heard the mayor and she told me that it was illegal it was very interesting that if if a different state i mean a different county has it it's obviously not illegal and if you look at it and you read it there's nothing there that's going to show that there's going to be an
"City Council Committee Meeting - October 6, 2025 [bubudvmIB_E]_exclusive",191,3,5,ministral-8b;phi-4;qwen3.5-9b-q8,SPEAKER_26,11207.07,any legal review not when you met with the administration but when the resolution was
"City Council Committee Meeting - October 6, 2025 [bubudvmIB_E]_exclusive",195,2,5,gemma-4-4b;phi-4,SPEAKER_26,11254.19,finished oh you're not finished and and lastly i would just you know like to note that you know without any robust input from the solicitor's office from the chief of police and given that we're going to have a new chief of police a new administration and a new public safety commission um i don't th
"City Council Committee Meeting - October 6, 2025 [bubudvmIB_E]_exclusive",196,1,5,phi-4,SPEAKER_07,11280.16,to i guess ask the question if like if the administration's position is that it's not legal i would want to know what the what the reasoning or like um you know i i if if that was if that was said that i would want to know you know what the what the reasoning behind that is was there any discussion 
"City Council Committee Meeting - October 6, 2025 [bubudvmIB_E]_exclusive",197,1,5,phi-4,SPEAKER_21,11350.43,information to you because i have it all written down and i would be happy to okay and i also will send you the citizen police review board from pittsburgh i don't have any other questions i
"City Council Committee Meeting - October 6, 2025 [bubudvmIB_E]_exclusive",198,2,5,gemma-4-4b;ministral-8b,SPEAKER_07,11364.29,definitely do not feel comfortable with this given all of those concerns and not getting
"City Council Committee Meeting - October 6, 2025 [bubudvmIB_E]_exclusive",199,1,5,phi-4,SPEAKER_25,11371.54,an answer counselor diaz may ask a question i'm just yeah i'm just curious i feel like we jumped right into this but typically with ordinances i know we do a review of the process and also the highlights of the ordinance would you mind presenting the ordinance and talking to us a little bit about yo
"City Council Committee Meeting - October 6, 2025 [bubudvmIB_E]_exclusive",202,4,5,gemma-4-4b;ministral-8b;phi-4;qwen3.5-9b-q6,SPEAKER_20,11420.34,comment thank you um i i had ample opportunity to review this because i think this has come up for three months now and i have some lingering questions um most notably about the participation of the police social worker that's proposed here as an employee of the police department i would I would be 
"City Council Committee Meeting - October 6, 2025 [bubudvmIB_E]_exclusive",203,2,5,qwen3.5-9b-q6;qwen3.5-9b-q8,SPEAKER_06,11478.57,the mic is open okay tony dash 700 block of new holland avenue yeah so most of what you're seeing before you uh was put together by myself sent them as diaz for her review uh and no i did not have a lawyer look over it prior um this is one of those rare examples where a community member puts togethe
"City Council Committee Meeting - October 6, 2025 [bubudvmIB_E]_exclusive",206,4,5,ministral-8b;phi-4;qwen3.5-9b-q6;qwen3.5-9b-q8,SPEAKER_18,11923.91,enterline uh community organizer with lancaster stands up part of manhattan borough um i do appreciate tony taking the time to bring this and funnel it through janet i do think though I don't see how it's different from what came out of 2020 and that has dissolved and our community has asked for mor
"City Council Committee Meeting - October 6, 2025 [bubudvmIB_E]_exclusive",212,2,5,gemma-4-4b;phi-4,SPEAKER_07,12183.39,making a motion to to table um you know i i i i i will state again that i do not support this for the reasons that were aforementioned that it creates a misalignment between the community's expectations and reality and that that's kind of the issue at hand and that's that's that's kind of emblematic
"City Council Committee Meeting - October 6, 2025 [bubudvmIB_E]_exclusive",216,2,5,gemma-4-4b;phi-4,SPEAKER_18,12326.78,the intent um yes ma'am um i just i wanted to respond um to everyone in the mayor specifically is i don't think i i think you're right like we can look at other places in pa and try and see what we can resemble i don't think what what i'm saying is i don't think we should recreate what came out of 2
"City Council Committee Meeting - October 6, 2025 [bubudvmIB_E]_exclusive",217,1,5,phi-4,SPEAKER_14,12405.21,is in front of you that's what I would ask and I would just say that as I come to the conclusion of my term and there is an effort that's currently getting started to hire a new police chief that it would really be premature to i think it would be in the community's best interest to engage the new m
"City Council Committee Meeting - October 6, 2025 [bubudvmIB_E]_exclusive",218,1,5,phi-4,SPEAKER_18,12565.0,real i would just quickly respond in terms of i 100 hear what you're saying and not saying that anything didn't come out of it i hear what you're saying in terms of what is happening between the end of the year i just don't think the conversation should die and i think that there could be conversati
"City Council Committee Meeting - October 6, 2025 [bubudvmIB_E]_exclusive",220,3,5,phi-4;qwen3.5-9b-q6;qwen3.5-9b-q8,SPEAKER_14,12641.82,this since 2017 name me a class 3 city that has any teeth show me the point is
"City Council Committee Meeting - October 6, 2025 [bubudvmIB_E]_exclusive",221,3,5,phi-4;qwen3.5-9b-q6;qwen3.5-9b-q8,SPEAKER_06,12649.92,"that I answered the exam question but what I'm asking in response is for written stuff the public can read on their own time so we can get educated as well as y'all who are gonna be here next year so actually what I would recommend recommend instead of January, and I'm asking this of you specificall"
"City Council Committee Meeting - October 6, 2025 [bubudvmIB_E]_exclusive",235,1,5,phi-4,SPEAKER_09,12890.59,madam president my understanding is that mr hirsch made the motion uh the question is still uh before you for a second if councillor diaz is seconding the amendment then there can be a vote for
"City Council Committee Meeting - October 6, 2025 [bubudvmIB_E]_standard",21,1,5,gemma-4-4b,SPEAKER_26,2495.46,"COUNSELOR OMID? THANK YOU, MR. VICE PRESIDENT. AND THANK YOU, DIRECTOR CAMPBELL, FOR THE PRESENTATION. I JUST HAD TWO QUESTIONS. FIRST, WITH THE PROJECTIONS WITH SOME UPCOMING DEFICITS AND SOME UPCOMING DEPLETIONS OF FUND BALANCES, WHAT ARE SOME WAYS THAT THE ADMINISTRATION IS going to be keeping th"
"City Council Committee Meeting - October 6, 2025 [bubudvmIB_E]_standard",37,2,5,ministral-8b;phi-4,SPEAKER_05,2907.82,GOOD EVENING.
"City Council Committee Meeting - October 6, 2025 [bubudvmIB_E]_standard",46,3,5,gemma-4-4b;ministral-8b;phi-4,SPEAKER_15,3060.56,Should be good. Yep. Thank you So you you said that you've done the the work to justify the size of the police department? is that data publicly available or can it be made publicly available to show the justification for
"City Council Committee Meeting - October 6, 2025 [bubudvmIB_E]_standard",54,1,5,qwen3.5-9b-q6,SPEAKER_03,3233.26,"GOOD EVENING, CHRISTOPHER PETERS, CHAIR OF THE HISTORICAL COMMISSION. WITH ME TONIGHT IS VICE CHAIR DANIELLE AND FORMER VICE CHAIR STEVE FUNK AS WELL. AS WAS MENTIONED, THERE WAS A PROPOSAL BROUGHT BEFORE US. IT WAS AFTER THE FACT DEMOLITION AND NEW CONSTRUCTION. THIS IS OVER ON LEMON STREET. WHAT O"
"City Council Committee Meeting - October 6, 2025 [bubudvmIB_E]_standard",58,2,5,qwen3.5-9b-q6;qwen3.5-9b-q8,SPEAKER_22,3897.68,you thank you um so you said you mentioned that um you've been a contractor in lancaster city for quite a while yep and it never dawned on you to maybe go before the historical commission or check with the historical commission because you know a large portion of our city is historical
"City Council Committee Meeting - October 6, 2025 [bubudvmIB_E]_standard",59,2,5,qwen3.5-9b-q6;qwen3.5-9b-q8,SPEAKER_01,3923.36,absolutely and we routinely run into suzanne we looked at where this property was it's an eclectic block it's outside of the harb all of these played into nate's desire to purchase the home and i don't want to we submit a lot of permits we are very much under the guidance of city permit clerk and ci
"City Council Committee Meeting - October 6, 2025 [bubudvmIB_E]_standard",60,3,5,gemma-4-4b;phi-4;qwen3.5-9b-q6,SPEAKER_22,3979.76,we respond accordingly okay thank you so much for the information my primary concern is that i mean there wasn't any thought of considering going through the historical commission or the historical review board to you know you know to look over your plans for the property and you know since you your
"City Council Committee Meeting - October 6, 2025 [bubudvmIB_E]_standard",61,2,5,phi-4;qwen3.5-9b-q6,SPEAKER_01,4016.61,and that was part of the reason we actually did the follow-up plan submission midway through so we did go back we called in and said hey who who wants to see the plan review we were directed to give it to the inspector who was going to be doing the plan reviews that's where we sent it and so yeah i 
"City Council Committee Meeting - October 6, 2025 [bubudvmIB_E]_standard",62,1,5,phi-4,SPEAKER_25,4046.89,other questions from the committee counselor craig um thank you for the explanation um curious about a couple things and i'm not sure who in this room could potentially answer this but specifically about the process so when you guys applied for the permits and received these permits you guys submitt
"City Council Committee Meeting - October 6, 2025 [bubudvmIB_E]_standard",66,2,5,gemma-4-4b;phi-4,SPEAKER_25,4130.82,ME PERSONALLY COUNCIL CRAIG I'M I THINK JUST FROM A PROCESS STANDPOINT I HAVE QUESTIONS AROUND IF A PERMIT WAS ISSUED WITH THE EXPECTATION OF THIS PROJECT HAPPENING IN THE WAY THAT IT HAPPENED WHAT HAPPENS WITH THE AFTER THE FACT DETERMINATION SO IF THE PROJECT'S ALREADY COMPLETED WHAT HAPPENS NOW I
"City Council Committee Meeting - October 6, 2025 [bubudvmIB_E]_standard",68,1,5,ministral-8b,SPEAKER_29,4164.73,MR FUNK UH I'M STEVE FUNK UH MEMBER OF THE HISTORICAL COMMISSION YOU CAN FEEL FREE TO
"City Council Committee Meeting - October 6, 2025 [bubudvmIB_E]_standard",71,1,5,ministral-8b,SPEAKER_01,4234.73,obviously was not interior renovation it did reference full window replacement it had three dimensional models of the exterior there's also a checklist on the front that we filled out in its entirety nowhere on the checklist does it ask us to go to the historic commission
"City Council Committee Meeting - October 6, 2025 [bubudvmIB_E]_standard",77,1,5,ministral-8b,SPEAKER_03,4509.39,"i guess i'll say we're tasked to review applications whether they meet uh the secretary of the junior group standards and the design standards and we're not REALLY TASKED WITH PROVIDING DESIGN SOLUTIONS OR RECOMMENDATIONS AT THIS POINT IN TIME, AND I WOULD FIND THAT PRETTY DIFFICULT WITH THIS APPLIC"
"City Council Committee Meeting - October 6, 2025 [bubudvmIB_E]_standard",79,1,5,gemma-4-4b,SPEAKER_26,4538.46,"THANK YOU, COUNSELOR CRAIG. I GUESS MY ONLY QUESTION WOULD BE TO COUNSELOR CRAIG'S POINT, AND GIVEN THIS IS AFTER THE FACT, ARE THEY EXPECTED TO RETURN IT TO ITS ORIGINAL STATE?"
"City Council Committee Meeting - October 6, 2025 [bubudvmIB_E]_standard",80,2,5,ministral-8b;phi-4,SPEAKER_17,4552.62,"THE HISTORICAL COMMISSION JUST LOOKS AT WHAT IS PRESENTED TO US. SO WE WERE PRESENTED WITH A DEMOLITION REQUEST AFTER THE FACT, AFTER IT WAS ALREADY DEMOLISHED, AND THEN WITH THE DESIGN. IF IT CAME TO US, LIKE JUST AS A BLUEPRINT, WE WOULD DENY IT. SO THAT'S WHY WE DENIED IT AS BUILT. AND I WILL SAY"
"City Council Committee Meeting - October 6, 2025 [bubudvmIB_E]_standard",81,1,5,gemma-4-4b,SPEAKER_14,4612.34,Craig if I may absolutely thank you I want to recognize the members of the Historical Commission for their work and understand that their role is really to review the Secretary of Interior standards and this presents a really interesting and unique challenge and and it's not one that's entirely unco
"City Council Committee Meeting - October 6, 2025 [bubudvmIB_E]_standard",84,3,5,gemma-4-4b;phi-4;qwen3.5-9b-q6,SPEAKER_01,4830.45,one of the difficulties is we're done i would just go back to the comment why work continued work has not continued since we were notified of the issue so in august we were given permission to continue and carry on with interior work and non-visible work we have not done anything on that's front lem
"City Council Committee Meeting - October 6, 2025 [bubudvmIB_E]_standard",85,1,5,qwen3.5-9b-q6,SPEAKER_30,4935.96,important to follow the historical commission's recommendations in order to preserve the historical
"City Council Committee Meeting - October 6, 2025 [bubudvmIB_E]_standard",86,1,5,qwen3.5-9b-q6,SPEAKER_01,4944.84,aspects of the city's infrastructure and again i i do not dispute that i look at how we got to the eclectic block that this is where across the way we have distinctly different architecture on the bookends of the corner blocks it's an entirely different vernacular if you turn the corner uh we work o
"City Council Committee Meeting - October 6, 2025 [bubudvmIB_E]_standard",88,3,5,gemma-4-4b;ministral-8b;phi-4,SPEAKER_25,5029.04,CRAIG I JUST WANT TO MAKE A COMMENT BECAUSE THIS VERY INTERESTING SITUATION THAT WE'RE IN SO when i want to be empathetic to the fact that uh it was mentioned that clerical error was made so i have um it's a little frustrating to feel that we're going to put the onus on a property owner uh to um a r
"City Council Committee Meeting - October 6, 2025 [bubudvmIB_E]_standard",97,1,5,ministral-8b,SPEAKER_23,5718.14,wonderful perfect again I'm Jen and the purpose of the statewide LSA program is to reinvest gaming funds into projects in the communities to improve quality of life across Pennsylvania so specifically these grants range anywhere from twenty five thousand to one million dollars and there's no local m
"City Council Committee Meeting - October 6, 2025 [bubudvmIB_E]_standard",99,2,5,gemma-4-4b;ministral-8b,SPEAKER_20,5804.68,"I HAVE ONE CLARIFICATION THAT MIGHT BE IMPORTANT CONTEXT. ALSO, THANK YOU FOR YOUR APPLICATION. I THINK IT'S A VERY WORTHY PROJECT. BUT JUST ABOUT THE LOCAL SHARES PROCESS, ALTHOUGH WE SUBMIT THE APPLICATION ON BEHALF OF THE ORGANIZATIONS, DO WE HAVE ANY SORT OF FIDUCIARY RESPONSIBILITY OR OVERSIGHT"
"City Council Committee Meeting - October 6, 2025 [bubudvmIB_E]_standard",100,1,5,phi-4,SPEAKER_23,5825.68,"WE DO NOT. SO WE SIGN WITH ANY AWARDED ORGANIZATION, WE SIGN AN MOU WITH THEM, BASICALLY STATING that we are there for um support for grant support and that all of the then reimbursements come through us um but we are not we are not the the owners of those dollars it comes from the state"
"City Council Committee Meeting - October 6, 2025 [bubudvmIB_E]_standard",102,3,5,gemma-4-4b;ministral-8b;phi-4,SPEAKER_32,5871.9,by the ywca good evening good evening my name is dana clark i'm actually the architect for the y forward renovations i'm here on behalf of stacy tonight she was able to make it but i want to thank council and the mayor for allowing us this opportunity this is as you may know a transformational proje
"City Council Committee Meeting - October 6, 2025 [bubudvmIB_E]_standard",109,2,5,gemma-4-4b;ministral-8b,SPEAKER_21,6272.55,"COUNSELOR NIETZ. THANK YOU, COUNSELOR CRAIG. I just wanted to commend you. I was a counselor for sexual assault years ago, so seeing it grow and seeing it build, it's great. It just feels good knowing that women that run into situations of sexual assault or not having a home, it's great to know wher"
"City Council Committee Meeting - October 6, 2025 [bubudvmIB_E]_standard",114,3,5,gemma-4-4b;phi-4;qwen3.5-9b-q6,SPEAKER_11,6511.91,good evening everybody sorry for the delay i was looking for my speaker notes but we're going to go with plan b and use the hard copy instead um okay um well uh thank you for the opportunity uh to speak on this topic tonight i know there's been a lot of interest in data centers overall um and partic
"City Council Committee Meeting - October 6, 2025 [bubudvmIB_E]_standard",115,1,5,ministral-8b,SPEAKER_21,7233.92,questions at this time okay so my question is related to the noise is there like i know that they have decibels levels um and i'm not sure the acoustic i'm thinking that you would have like 85 55 to 85 DB's is that something that would be outside or is it around 95 or 96 do you have what levels they
"City Council Committee Meeting - October 6, 2025 [bubudvmIB_E]_standard",123,1,5,phi-4,SPEAKER_20,8130.49,as well great um council president thank you um dr delphs uh under specifically water utilization and perhaps this is similar to energy use and and you know and the noise uh the way we've uh the approach we're taking with this yes um is it possible it to put an actual limitation on water usage in th
"City Council Committee Meeting - October 6, 2025 [bubudvmIB_E]_standard",126,3,5,gemma-4-4b;ministral-8b;phi-4,SPEAKER_26,8297.63,CRAIG AND THANK YOU DIRECTOR DELVES AND CITY STAFF FOR YOUR THOROUGHNESS IN THIS ZONING AMENDMENT MY QUESTION IS IF APPROVED WILL THIS RETROACTIVELY APPLY TO THE TWO DATA CENTERS THAT ARE CURRENTLY
"City Council Committee Meeting - October 6, 2025 [bubudvmIB_E]_standard",128,1,5,gemma-4-4b,SPEAKER_26,8377.14,"Thank you. And my final question, which you just mentioned, is the text amendment states that data centers shall make good faith efforts to maximize use of renewable and or clean energy. Other than the verifiable power purchase agreements, what other metrics do we have to show that"
"City Council Committee Meeting - October 6, 2025 [bubudvmIB_E]_standard",129,1,5,phi-4,SPEAKER_11,8396.4,they're acting in good faith yeah I appreciate the question and this is where we were trying to stretch into some territory to ensure that a developer this developer or any future developer of a data center that they are required to be intentional and thoughtful and put together an energy management
"City Council Committee Meeting - October 6, 2025 [bubudvmIB_E]_standard",130,1,5,phi-4,SPEAKER_14,8480.62,also renewable as we've seen the three billion dollar purchase of hydro power by Google on the Susquehanna River over the next 20 years so that I think that there's a combination of factors and that are at play here in terms of the the power utilization or the power source and also pushing up agains
"City Council Committee Meeting - October 6, 2025 [bubudvmIB_E]_standard",131,1,5,phi-4,SPEAKER_26,8508.95,appreciate the work being done by your department and by city staff and I would just hope that we continue to think about ways to protect city residents
"City Council Committee Meeting - October 6, 2025 [bubudvmIB_E]_standard",132,1,5,phi-4,SPEAKER_11,8516.69,against vague good faith effort definitions yep i we we agree and uh that is there to require that there's planning and there's thinking um but we are continuing to push on the issue of renewable as the mayor mentioned i i think that's very important are there any further questions from
"City Council Committee Meeting - October 6, 2025 [bubudvmIB_E]_standard",133,2,5,gemma-4-4b;phi-4,SPEAKER_07,8539.54,council as a whole councilor hirsch uh thank you director delfts um kind of a question kind of a comment and it might come across as odd but I know for me and as far as evaluating you know what the zoning can do and and what the city can do and regulate and as far as what some of my concerns are I w
"City Council Committee Meeting - October 6, 2025 [bubudvmIB_E]_standard",138,4,5,gemma-4-4b;ministral-8b;qwen3.5-9b-q6;qwen3.5-9b-q8,SPEAKER_24,8806.43,stories about communities that have suffered because of these data centers but i've yet to
"City Council Committee Meeting - October 6, 2025 [bubudvmIB_E]_standard",140,2,5,qwen3.5-9b-q6;qwen3.5-9b-q8,SPEAKER_06,8813.67,thank you mr dastran how you doing wonderful tony dash at 700 block of new holland avenue i will do my best to keep this one positive uh because i'm very glad to see this ordinance director delfs it is way more robust than i honestly had been anticipating so i appreciate the reviews you've done of a
"City Council Committee Meeting - October 6, 2025 [bubudvmIB_E]_standard",141,3,5,phi-4;qwen3.5-9b-q6;qwen3.5-9b-q8,SPEAKER_08,9003.6,thank you mr dastra um there you go you knew i'd be up here frank garcolio uh old trinity place uh yeah so uh i have to say that this is a lot better than i expected um and i recognize a lot of the language in here like some of the definitions and and things like that that look very similar to uh to
"City Council Committee Meeting - October 6, 2025 [bubudvmIB_E]_standard",148,1,5,ministral-8b,SPEAKER_02,9496.48,something about it and now i can't remember um it was the what consequences would they suffer
"City Council Committee Meeting - October 6, 2025 [bubudvmIB_E]_standard",152,3,5,gemma-4-4b;ministral-8b;phi-4,SPEAKER_28,9536.38,thank you thank you so zoning enforcement is already written in the zoning ordinance it's a set procedure the zoning officer if there is an enforcement issue a complaint or a violation he would investigate that complaint and he would file a notice of violation that would go through the process that 
"City Council Committee Meeting - October 6, 2025 [bubudvmIB_E]_standard",154,3,5,gemma-4-4b;ministral-8b;phi-4,SPEAKER_28,9572.62,yes they can if they don't address the the concern or the issue after a notice of a violation is sent in um and no action has been taken we can file with the district magistrate on those um i would foresee that probably not happening with this it doesn't happen frequently but it
"City Council Committee Meeting - October 6, 2025 [bubudvmIB_E]_standard",157,2,5,qwen3.5-9b-q6;qwen3.5-9b-q8,SPEAKER_11,9629.52,uh being proposed and built correct uh right so what what i was hoping we could do uh tonight uh and in the process we we have to think about this zoning amendment as applying to the entire city i do understand uh that there's a key question related to uh there's the east campus proposed at greenfie
"City Council Committee Meeting - October 6, 2025 [bubudvmIB_E]_standard",158,3,5,phi-4;qwen3.5-9b-q6;qwen3.5-9b-q8,SPEAKER_27,9699.87,would apply to those two sites okay so this all of this has been complete hypotheticals and there's just absolutely no guarantee that there will be any kind of precautions for noise for environmental safety for electricity for responsibility in any kind of way like there's absolutely no recourse or 
"City Council Committee Meeting - October 6, 2025 [bubudvmIB_E]_standard",164,1,5,gemma-4-4b,SPEAKER_07,10177.74,"THANK YOU SO MUCH FOR THE PRESENTATION. MY QUESTION IS, WILL THIS ALSO CAPTURE SOMEONE THAT WOULD ILLEGALLY TURN RIGHT IN A NO TURN ON RED SITUATION?"
"City Council Committee Meeting - October 6, 2025 [bubudvmIB_E]_standard",166,3,5,gemma-4-4b;ministral-8b;phi-4,SPEAKER_07,10198.41,"AND I JUST WANT TO MAKE A COMMENT IN SUPPORT OF THIS BECAUSE I WITNESS IT EVERY DAY, PEOPLE RUNNING RED LIGHTS. IT'S INCREDIBLY DANGEROUS. I HAD A DEAR FRIEND WHO WAS HIT, SEVERELY INJURED BOTH PHYSICALLY AND EMOTIONALLY, MENTALLY, AND I'M JUST REALLY GLAD TO SEE THE CITY PURSUE THIS IN OUR NEST BEC"
"City Council Committee Meeting - October 6, 2025 [bubudvmIB_E]_standard",168,2,5,gemma-4-4b;phi-4,SPEAKER_20,10234.73,"THANK YOU, COUNCILOR DIAZ. MS. MCCORMICK, THANK YOU SO MUCH. THIS IS VERY EXCITING. and i would echo council herch's comments and support i also just want to put a fine point on the fact that because this will be the headline right this is the city is trying to make money so to confirm we cannot mak"
"City Council Committee Meeting - October 6, 2025 [bubudvmIB_E]_standard",170,3,5,gemma-4-4b;ministral-8b;phi-4,SPEAKER_19,10284.94,UM WHERE I'M NOT YOU KNOW PRO HELPING THE POLICE UM I DO BELIEVE WE HAVE AN ENORMOUS AMOUNT OF HIT runs in this city that do not get solved so um yes where safety is concerned we do need new measures but we shouldn't be relying on trapping our residents to make money um i get that our city needs to 
"City Council Committee Meeting - October 6, 2025 [bubudvmIB_E]_standard",172,2,5,ministral-8b;phi-4,SPEAKER_19,10383.17,i don't think we should do that either like we pay out the wazoo and parking tickets we're paying out the wazoo and housing costs i just think that where we do need safer solutions like something on manor and philbert that decreases the speed because i just almost watched a kid get hit by a car two 
"City Council Committee Meeting - October 6, 2025 [bubudvmIB_E]_standard",178,2,5,qwen3.5-9b-q6;qwen3.5-9b-q8,SPEAKER_06,10749.93,making it a red light thank you tony dastro 700 block of new holland avenue uh whenever i see this sort of legislation i do get a little bit weirded out because like you know uber driver so i've seen plenty of other uber drivers and i know how it is when uh enforcement picks up but i do think it's a
"City Council Committee Meeting - October 6, 2025 [bubudvmIB_E]_standard",179,2,5,qwen3.5-9b-q6;qwen3.5-9b-q8,SPEAKER_24,10858.27,but Nathan Charles hopefully for 400 block of West Lemon so I had a question so who is responsible for the the enforcement of these cameras enforcement
"City Council Committee Meeting - October 6, 2025 [bubudvmIB_E]_standard",183,4,5,gemma-4-4b;phi-4;qwen3.5-9b-q6;qwen3.5-9b-q8,SPEAKER_24,10896.68,"So the question is, could the, what these cameras ticket be changed in the future? only with legislative changes for at the state level okay now the this in chicago they changed the timing of yellow lights they shortened the yellow lights to increase um the by a tenth of a second is is there any cha"
"City Council Committee Meeting - October 6, 2025 [bubudvmIB_E]_standard",184,2,5,qwen3.5-9b-q6;qwen3.5-9b-q8,SPEAKER_20,10925.2,the ordinance i was just reading that says that we can't deviate from the standard set by the
"City Council Committee Meeting - October 6, 2025 [bubudvmIB_E]_standard",185,4,5,ministral-8b;phi-4;qwen3.5-9b-q6;qwen3.5-9b-q8,SPEAKER_24,10930.24,by pen dot okay um appreciate it because i've i've been hit twice in a crosswalk walking on green so i definitely uh in very um want to see more safety in crosswalks but at the same time you know i've heard some good good comments here don't want to make sure that we're exacerbating
"City Council Committee Meeting - October 6, 2025 [bubudvmIB_E]_standard",189,3,5,ministral-8b;phi-4;qwen3.5-9b-q8,SPEAKER_26,11137.06,public safety committee my questions were was there any legal review of this resolution when
"City Council Committee Meeting - October 6, 2025 [bubudvmIB_E]_standard",190,3,5,ministral-8b;phi-4;qwen3.5-9b-q8,SPEAKER_21,11143.38,it was written well if you heard the mayor and she told me that it was illegal it was very interesting that if if a different state i mean a different county has it it's obviously not illegal and if you look at it and you read it there's nothing there that's going to show that there's going to be an
"City Council Committee Meeting - October 6, 2025 [bubudvmIB_E]_standard",191,3,5,ministral-8b;phi-4;qwen3.5-9b-q8,SPEAKER_26,11207.07,any legal review not when you met with the administration but when the resolution was
"City Council Committee Meeting - October 6, 2025 [bubudvmIB_E]_standard",195,2,5,gemma-4-4b;phi-4,SPEAKER_26,11254.19,finished oh you're not finished and and lastly i would just you know like to note that you know without any robust input from the solicitor's office from the chief of police and given that we're going to have a new chief of police a new administration and a new public safety commission um i don't th
"City Council Committee Meeting - October 6, 2025 [bubudvmIB_E]_standard",196,1,5,phi-4,SPEAKER_07,11280.16,to i guess ask the question if like if the administration's position is that it's not legal i would want to know what the what the reasoning or like um you know i i if if that was if that was said that i would want to know you know what the what the reasoning behind that is was there any discussion 
"City Council Committee Meeting - October 6, 2025 [bubudvmIB_E]_standard",197,1,5,phi-4,SPEAKER_21,11350.43,information to you because i have it all written down and i would be happy to okay and i also will send you the citizen police review board from pittsburgh i don't have any other questions i
"City Council Committee Meeting - October 6, 2025 [bubudvmIB_E]_standard",198,2,5,gemma-4-4b;ministral-8b,SPEAKER_07,11364.29,definitely do not feel comfortable with this given all of those concerns and not getting
"City Council Committee Meeting - October 6, 2025 [bubudvmIB_E]_standard",199,1,5,phi-4,SPEAKER_25,11371.54,an answer counselor diaz may ask a question i'm just yeah i'm just curious i feel like we jumped right into this but typically with ordinances i know we do a review of the process and also the highlights of the ordinance would you mind presenting the ordinance and talking to us a little bit about yo
"City Council Committee Meeting - October 6, 2025 [bubudvmIB_E]_standard",202,4,5,gemma-4-4b;ministral-8b;phi-4;qwen3.5-9b-q6,SPEAKER_20,11420.34,comment thank you um i i had ample opportunity to review this because i think this has come up for three months now and i have some lingering questions um most notably about the participation of the police social worker that's proposed here as an employee of the police department i would I would be 
"City Council Committee Meeting - October 6, 2025 [bubudvmIB_E]_standard",203,2,5,qwen3.5-9b-q6;qwen3.5-9b-q8,SPEAKER_06,11478.57,the mic is open okay tony dash 700 block of new holland avenue yeah so most of what you're seeing before you uh was put together by myself sent them as diaz for her review uh and no i did not have a lawyer look over it prior um this is one of those rare examples where a community member puts togethe
"City Council Committee Meeting - October 6, 2025 [bubudvmIB_E]_standard",206,4,5,ministral-8b;phi-4;qwen3.5-9b-q6;qwen3.5-9b-q8,SPEAKER_18,11923.91,enterline uh community organizer with lancaster stands up part of manhattan borough um i do appreciate tony taking the time to bring this and funnel it through janet i do think though I don't see how it's different from what came out of 2020 and that has dissolved and our community has asked for mor
"City Council Committee Meeting - October 6, 2025 [bubudvmIB_E]_standard",212,2,5,gemma-4-4b;phi-4,SPEAKER_07,12183.39,making a motion to to table um you know i i i i i will state again that i do not support this for the reasons that were aforementioned that it creates a misalignment between the community's expectations and reality and that that's kind of the issue at hand and that's that's that's kind of emblematic
"City Council Committee Meeting - October 6, 2025 [bubudvmIB_E]_standard",216,2,5,gemma-4-4b;phi-4,SPEAKER_18,12326.78,the intent um yes ma'am um i just i wanted to respond um to everyone in the mayor specifically is i don't think i i think you're right like we can look at other places in pa and try and see what we can resemble i don't think what what i'm saying is i don't think we should recreate what came out of 2
"City Council Committee Meeting - October 6, 2025 [bubudvmIB_E]_standard",217,1,5,phi-4,SPEAKER_14,12405.21,is in front of you that's what I would ask and I would just say that as I come to the conclusion of my term and there is an effort that's currently getting started to hire a new police chief that it would really be premature to i think it would be in the community's best interest to engage the new m
"City Council Committee Meeting - October 6, 2025 [bubudvmIB_E]_standard",218,1,5,phi-4,SPEAKER_18,12565.0,real i would just quickly respond in terms of i 100 hear what you're saying and not saying that anything didn't come out of it i hear what you're saying in terms of what is happening between the end of the year i just don't think the conversation should die and i think that there could be conversati
"City Council Committee Meeting - October 6, 2025 [bubudvmIB_E]_standard",220,3,5,phi-4;qwen3.5-9b-q6;qwen3.5-9b-q8,SPEAKER_14,12641.82,this since 2017 name me a class 3 city that has any teeth show me the point is
"City Council Committee Meeting - October 6, 2025 [bubudvmIB_E]_standard",221,3,5,phi-4;qwen3.5-9b-q6;qwen3.5-9b-q8,SPEAKER_06,12649.92,"that I answered the exam question but what I'm asking in response is for written stuff the public can read on their own time so we can get educated as well as y'all who are gonna be here next year so actually what I would recommend recommend instead of January, and I'm asking this of you specificall"
"City Council Committee Meeting - October 6, 2025 [bubudvmIB_E]_standard",235,1,5,phi-4,SPEAKER_09,12890.59,madam president my understanding is that mr hirsch made the motion uh the question is still uh before you for a second if councillor diaz is seconding the amendment then there can be a vote for
"City Council Committee Meeting - September 16, 2025 [XzF6-XCVRFc]_exclusive",9,1,5,phi-4,SPEAKER_04,1053.02,from our existing ordinances and applicable um i had my questions answered at last meeting with those items so i didn't have anything for further in article three counselor hersh counselor med
"City Council Committee Meeting - September 16, 2025 [XzF6-XCVRFc]_exclusive",10,1,5,phi-4,SPEAKER_03,1072.11,um thank you my only question or comment was in regards to the reports um at least annually or such time at council deems necessary i do agree that um changing it to approval by the mayor would be uh appropriate um but i also wanted to you know it says at times such as council deems necessary um but
"City Council Committee Meeting - September 16, 2025 [XzF6-XCVRFc]_exclusive",11,1,5,phi-4,SPEAKER_00,1108.83,on that is again individual council members shouldn't have the authority it should be either a council decision or a committee decision as a group no one council member can act on behalf of council so as council deems appropriate that could be as a council committee deems appropriate there is a one 
"City Council Committee Meeting - September 16, 2025 [XzF6-XCVRFc]_exclusive",15,1,5,phi-4,SPEAKER_01,1481.97,Hersh I would say I think that makes sense I think like my question would be I guess who has the discretion to call for that second public comment period or does that just defer to the procedure that we have outlined in an earlier section that basically says the rules are set by an absolute majority
"City Council Committee Meeting - September 16, 2025 [XzF6-XCVRFc]_exclusive",16,1,5,phi-4,SPEAKER_00,1518.02,So so the rules aren't set by a majority plus one the rules are changed by or waived by a majority plus one the rules are set by a majority of council. So again let's assume a new council in place and for lack for sake of hypothetical an argument seven new council members starting in january the sev
"City Council Committee Meeting - September 16, 2025 [XzF6-XCVRFc]_exclusive",17,1,5,phi-4,SPEAKER_01,1572.12,currently set up but so then I guess my question is if like that to me if we're saying that the format the standard format is going to be just the first public comment period then it seems like it would constant does it not constitute waiver of the rules to add the second public comment period so ag
"City Council Committee Meeting - September 16, 2025 [XzF6-XCVRFc]_exclusive",26,3,5,gemma-4-4b;ministral-8b;phi-4,SPEAKER_06,1807.99,If I may the only question I have is for example if someone is coming in late and it's a constituent and by having the public comment in the beginning but not at the end when that hinder on some of the people that do work late and come to the meetings at a later time.
"City Council Committee Meeting - September 16, 2025 [XzF6-XCVRFc]_exclusive",27,1,5,gemma-4-4b,SPEAKER_00,1828.84,"Well again there's never going to be perfect right so perfect can be the enemy of good. One thing I would note is it's going to depend on how council determines to handle public comment. There's no guarantee that it will just be at the beginning or that it wouldn't be, as Ms. Baquet indicated, begin"
"City Council Committee Meeting - September 16, 2025 [XzF6-XCVRFc]_exclusive",33,3,5,gemma-4-4b;ministral-8b;phi-4,SPEAKER_04,2248.46,that up so that was my concern it didn't really establish a clear timeframe or a deadline for submitting that that memorandum which I think is I think the memorandum is great I think it's important if we're going to be considering legislation that it should have sort of a rubric for addressing quest
"City Council Committee Meeting - September 16, 2025 [XzF6-XCVRFc]_exclusive",35,1,5,phi-4,SPEAKER_03,2309.33,I would have is you know it says or city council members introducing the ordinance um if city council members are introducing the ordinance on their own um will they be will they have access to city staff for you know questions or any legal advice on the ordinance prior to submitting the questions t
"City Council Committee Meeting - September 16, 2025 [XzF6-XCVRFc]_exclusive",55,4,5,gemma-4-4b;ministral-8b;phi-4;qwen3.5-9b-q8,SPEAKER_05,3173.06,polite council chambers thank you well actually I do have the cancellation from I believe that was in August and there was one in July that they were both canceled and I know that because I came personally and was told it was canceled
"City Council Committee Meeting - September 16, 2025 [XzF6-XCVRFc]_exclusive",59,2,5,phi-4;qwen3.5-9b-q8,SPEAKER_06,3282.62,question is actually being questioned by a community member that wanted to know why the numbers of members are not there. So that's that's something I would probably
"City Council Committee Meeting - September 16, 2025 [XzF6-XCVRFc]_standard",9,1,5,phi-4,SPEAKER_04,1053.02,from our existing ordinances and applicable um i had my questions answered at last meeting with those items so i didn't have anything for further in article three counselor hersh counselor med
"City Council Committee Meeting - September 16, 2025 [XzF6-XCVRFc]_standard",10,1,5,phi-4,SPEAKER_03,1072.11,um thank you my only question or comment was in regards to the reports um at least annually or such time at council deems necessary i do agree that um changing it to approval by the mayor would be uh appropriate um but i also wanted to you know it says at times such as council deems necessary um but
"City Council Committee Meeting - September 16, 2025 [XzF6-XCVRFc]_standard",11,1,5,phi-4,SPEAKER_00,1108.83,on that is again individual council members shouldn't have the authority it should be either a council decision or a committee decision as a group no one council member can act on behalf of council so as council deems appropriate that could be as a council committee deems appropriate there is a one 
"City Council Committee Meeting - September 16, 2025 [XzF6-XCVRFc]_standard",15,1,5,phi-4,SPEAKER_01,1481.97,Hersh I would say I think that makes sense I think like my question would be I guess who has the discretion to call for that second public comment period or does that just defer to the procedure that we have outlined in an earlier section that basically says the rules are set by an absolute majority
"City Council Committee Meeting - September 16, 2025 [XzF6-XCVRFc]_standard",16,1,5,phi-4,SPEAKER_00,1518.02,So so the rules aren't set by a majority plus one the rules are changed by or waived by a majority plus one the rules are set by a majority of council. So again let's assume a new council in place and for lack for sake of hypothetical an argument seven new council members starting in january the sev
"City Council Committee Meeting - September 16, 2025 [XzF6-XCVRFc]_standard",17,1,5,phi-4,SPEAKER_01,1572.12,currently set up but so then I guess my question is if like that to me if we're saying that the format the standard format is going to be just the first public comment period then it seems like it would constant does it not constitute waiver of the rules to add the second public comment period so ag
"City Council Committee Meeting - September 16, 2025 [XzF6-XCVRFc]_standard",26,3,5,gemma-4-4b;ministral-8b;phi-4,SPEAKER_06,1807.99,If I may the only question I have is for example if someone is coming in late and it's a constituent and by having the public comment in the beginning but not at the end when that hinder on some of the people that do work late and come to the meetings at a later time.
"City Council Committee Meeting - September 16, 2025 [XzF6-XCVRFc]_standard",27,1,5,gemma-4-4b,SPEAKER_00,1828.84,"Well again there's never going to be perfect right so perfect can be the enemy of good. One thing I would note is it's going to depend on how council determines to handle public comment. There's no guarantee that it will just be at the beginning or that it wouldn't be, as Ms. Baquet indicated, begin"
"City Council Committee Meeting - September 16, 2025 [XzF6-XCVRFc]_standard",33,3,5,gemma-4-4b;ministral-8b;phi-4,SPEAKER_04,2248.46,that up so that was my concern it didn't really establish a clear timeframe or a deadline for submitting that that memorandum which I think is I think the memorandum is great I think it's important if we're going to be considering legislation that it should have sort of a rubric for addressing quest
"City Council Committee Meeting - September 16, 2025 [XzF6-XCVRFc]_standard",35,1,5,phi-4,SPEAKER_03,2309.33,I would have is you know it says or city council members introducing the ordinance um if city council members are introducing the ordinance on their own um will they be will they have access to city staff for you know questions or any legal advice on the ordinance prior to submitting the questions t
"City Council Committee Meeting - September 16, 2025 [XzF6-XCVRFc]_standard",55,4,5,gemma-4-4b;ministral-8b;phi-4;qwen3.5-9b-q8,SPEAKER_05,3173.06,polite council chambers thank you well actually I do have the cancellation from I believe that was in August and there was one in July that they were both canceled and I know that because I came personally and was told it was canceled
"City Council Committee Meeting - September 16, 2025 [XzF6-XCVRFc]_standard",59,2,5,phi-4;qwen3.5-9b-q8,SPEAKER_06,3282.62,question is actually being questioned by a community member that wanted to know why the numbers of members are not there. So that's that's something I would probably
"City Council Committee Meeting - September 2, 2025 [bNf9xj20-xg]_exclusive",7,1,5,gemma-4-4b,SPEAKER_08,744.91,council colleagues thank you i would just like to say that uh miss finney has been a great public advocate for art here in the city and i look forward to seeing her reappointment
"City Council Committee Meeting - September 2, 2025 [bNf9xj20-xg]_exclusive",9,1,5,gemma-4-4b,SPEAKER_14,758.69,"Councillor Kleeks. Just also want to add, many of you know Keisha through her work as an artist here in Lancaster City. And as someone that serves on that board, I think it's really important that we have local artists on that board. So I'm really glad that we're reappointing Keisha."
"City Council Committee Meeting - September 2, 2025 [bNf9xj20-xg]_exclusive",20,1,5,qwen3.5-9b-q8,SPEAKER_14,1945.78,and this might not be the question for you this might actually be more of a question for public works but i just see that there's an estimated four to six month delivery for the materials how solid do we feel about that given i mean i don't know what if anything is being sourced from overseas but wi
"City Council Committee Meeting - September 2, 2025 [bNf9xj20-xg]_exclusive",23,3,5,gemma-4-4b;ministral-8b;phi-4,SPEAKER_08,1993.2,thank you mr vice president um and thank you for the presentation this was very helpful um my only question is and you may have answered this when we do have the rfps from the banks is that going to be something that council will approve or is that something that the administration
"City Council Committee Meeting - September 2, 2025 [bNf9xj20-xg]_exclusive",41,1,5,gemma-4-4b,SPEAKER_12,2361.58,but how far is the bump out i guess that's the question yeah thank you councillor hirsch that
"City Council Committee Meeting - September 2, 2025 [bNf9xj20-xg]_exclusive",49,1,5,phi-4,SPEAKER_13,3034.4,"If I may, Councilor Craig?"
"City Council Committee Meeting - September 2, 2025 [bNf9xj20-xg]_exclusive",51,2,5,gemma-4-4b;phi-4,SPEAKER_07,3036.44,"First of all, thank you for sharing the outline of the vision, it seems very exciting. Just because we have the mics in front of us, if there's an opportunity for folks to invest their time or treasure into the organization, how can they find out more information?"
"City Council Committee Meeting - September 2, 2025 [bNf9xj20-xg]_exclusive",52,1,5,phi-4,SPEAKER_10,3050.7,"So they can visit our website at anchorlancaster.org, there is information there about volunteering and about giving."
"City Council Committee Meeting - September 2, 2025 [bNf9xj20-xg]_exclusive",53,1,5,phi-4,SPEAKER_07,3059.2,know it's a passionate subject in our community today so the more that we can help invest our resources into organizations like yours I think it's
"City Council Committee Meeting - September 2, 2025 [bNf9xj20-xg]_exclusive",54,1,5,phi-4,SPEAKER_11,3066.84,worth mentioning thank you thank you can I just add to you I believe the total project is about 1.6 million is that is that correct at least that's what my
"City Council Committee Meeting - September 2, 2025 [bNf9xj20-xg]_exclusive",55,1,5,phi-4,SPEAKER_10,3075.54,notes are saying so a little bit more is what I'm saying no it is it's actually two and a half to three million yes for the day center alone to to put the wall up and lower the ceiling a little bit and put in the unit for heating and cooling is about a hundred and forty thousand thank you are there 
"City Council Committee Meeting - September 2, 2025 [bNf9xj20-xg]_exclusive",61,1,5,gemma-4-4b,SPEAKER_05,3249.77,"good evening council good evening mayor this is a culmination of a two-year project that I've been working on with the Lancaster County Emergency Management Agency and fellow municipal leaders in emergency management to update the county hazard mitigation plan. The original plan was written in 2019,"
"City Council Committee Meeting - September 2, 2025 [bNf9xj20-xg]_exclusive",62,1,5,ministral-8b,SPEAKER_16,3417.3,thank you so much i do have a question for you would this be with the grants would that be in addition to the FEMA grants as well or is that all combined so there used to be
"City Council Committee Meeting - September 2, 2025 [bNf9xj20-xg]_exclusive",63,1,5,ministral-8b,SPEAKER_05,3430.73,two FEMA grants that we were eligible for one of the grant one of the grants is no longer active the grant that is still active is the hazard mitigation grant program it's centered around natural hazard resistance which is like earthquakes floods winter storms summer storms that kind of stuff so not
"City Council Committee Meeting - September 2, 2025 [bNf9xj20-xg]_exclusive",65,1,5,gemma-4-4b,SPEAKER_08,3476.84,presentation one question I had is what the county recently ending its partnership with the hazmat environmental fire rescue company does that have any thing to do with this proposal or is that going to affect the plan at all it's a good question so the
"City Council Committee Meeting - September 2, 2025 [bNf9xj20-xg]_exclusive",67,1,5,gemma-4-4b,SPEAKER_08,3539.68,planning to work with the neighboring county i just wanted to make sure that the work that we're doing would cover any outside third party that is coming in and absolutely so they're currently
"City Council Committee Meeting - September 2, 2025 [bNf9xj20-xg]_exclusive",69,3,5,gemma-4-4b;ministral-8b;phi-4,SPEAKER_09,3572.8,was that the rotten eggs that was the rotten eggs yes just just so everybody knows there was an incident with the spill of rotten eggs so uh but that was our hazard incident it was nothing more
"City Council Committee Meeting - September 2, 2025 [bNf9xj20-xg]_exclusive",72,1,5,gemma-4-4b,SPEAKER_09,3631.79,chief mendez and i uh to have a discussion um per your comments at the last meeting i haven't
"City Council Committee Meeting - September 2, 2025 [bNf9xj20-xg]_exclusive",75,1,5,phi-4,SPEAKER_16,3650.27,thank you thank you then i will go ahead and hold this until we receive response from the mayor and
"City Council Committee Meeting - September 2, 2025 [bNf9xj20-xg]_exclusive",76,2,5,gemma-4-4b;phi-4,SPEAKER_09,3659.46,chief mendez and and i would just qualify that if i may and until there's a meeting right you had requested a meeting with chief and i okay thank you thank you that would be all for public
"City Council Committee Meeting - September 2, 2025 [bNf9xj20-xg]_exclusive",91,4,5,ministral-8b;phi-4;qwen3.5-9b-q6;qwen3.5-9b-q8,SPEAKER_02,4355.28,public why people can't do this already I mean like what about this bill makes this it people able to do it doesn't you know like why why do we need this bill so that people can do this is it federal federally not allowed state not allowed
"City Council Committee Meeting - September 2, 2025 [bNf9xj20-xg]_exclusive",92,2,5,qwen3.5-9b-q6;qwen3.5-9b-q8,SPEAKER_14,4389.5,yeah I think we should do this and I'll just I was just gonna quickly add just from the research that I had been doing a lot of it is just about setting up a like I mean I hate to use the word framework because that sounds very I don't know I don't know what the other word would be but just kind of 
"City Council Committee Meeting - September 2, 2025 [bNf9xj20-xg]_standard",7,1,5,gemma-4-4b,SPEAKER_08,744.91,council colleagues thank you i would just like to say that uh miss finney has been a great public advocate for art here in the city and i look forward to seeing her reappointment
"City Council Committee Meeting - September 2, 2025 [bNf9xj20-xg]_standard",9,1,5,gemma-4-4b,SPEAKER_14,758.69,"Councillor Kleeks. Just also want to add, many of you know Keisha through her work as an artist here in Lancaster City. And as someone that serves on that board, I think it's really important that we have local artists on that board. So I'm really glad that we're reappointing Keisha."
"City Council Committee Meeting - September 2, 2025 [bNf9xj20-xg]_standard",20,1,5,qwen3.5-9b-q8,SPEAKER_14,1945.78,and this might not be the question for you this might actually be more of a question for public works but i just see that there's an estimated four to six month delivery for the materials how solid do we feel about that given i mean i don't know what if anything is being sourced from overseas but wi
"City Council Committee Meeting - September 2, 2025 [bNf9xj20-xg]_standard",23,3,5,gemma-4-4b;ministral-8b;phi-4,SPEAKER_08,1993.2,thank you mr vice president um and thank you for the presentation this was very helpful um my only question is and you may have answered this when we do have the rfps from the banks is that going to be something that council will approve or is that something that the administration
"City Council Committee Meeting - September 2, 2025 [bNf9xj20-xg]_standard",41,1,5,gemma-4-4b,SPEAKER_12,2361.58,but how far is the bump out i guess that's the question yeah thank you councillor hirsch that
"City Council Committee Meeting - September 2, 2025 [bNf9xj20-xg]_standard",46,3,5,gemma-4-4b;ministral-8b;phi-4,SPEAKER_16,2941.41,committee i just want to thank you for your services for our community i know it's hard i've worked with a board of rescue mission i volunteer and to feed them that's about as far as i go but it's nice to talk to them and see where they're at in life and how they want to improve their life and these
"City Council Committee Meeting - September 2, 2025 [bNf9xj20-xg]_standard",47,2,5,gemma-4-4b;phi-4,SPEAKER_14,2972.26,council as a whole thank you council craig just also echoing so much gratitude for the work that anchor does and in particular the willingness to collaborate with other organizations in the city i think is really commendable and it shows you know that we can do a lot to meet a lot of need um and i t
"City Council Committee Meeting - September 2, 2025 [bNf9xj20-xg]_standard",49,1,5,phi-4,SPEAKER_13,3034.4,"If I may, Councilor Craig?"
"City Council Committee Meeting - September 2, 2025 [bNf9xj20-xg]_standard",51,2,5,gemma-4-4b;phi-4,SPEAKER_07,3036.44,"First of all, thank you for sharing the outline of the vision, it seems very exciting. Just because we have the mics in front of us, if there's an opportunity for folks to invest their time or treasure into the organization, how can they find out more information?"
"City Council Committee Meeting - September 2, 2025 [bNf9xj20-xg]_standard",52,1,5,phi-4,SPEAKER_10,3050.7,"So they can visit our website at anchorlancaster.org, there is information there about volunteering and about giving."
"City Council Committee Meeting - September 2, 2025 [bNf9xj20-xg]_standard",53,1,5,phi-4,SPEAKER_07,3059.2,know it's a passionate subject in our community today so the more that we can help invest our resources into organizations like yours I think it's
"City Council Committee Meeting - September 2, 2025 [bNf9xj20-xg]_standard",54,1,5,phi-4,SPEAKER_11,3066.84,worth mentioning thank you thank you can I just add to you I believe the total project is about 1.6 million is that is that correct at least that's what my notes are saying so a little bit more is what I'm saying no it is it's actually
"City Council Committee Meeting - September 2, 2025 [bNf9xj20-xg]_standard",55,1,5,phi-4,SPEAKER_10,3082.38,two and a half to three million yes for the day center alone to to put the wall up and lower the ceiling a little bit and put in the unit for heating and cooling is about a hundred and forty thousand thank you are there any
"City Council Committee Meeting - September 2, 2025 [bNf9xj20-xg]_standard",62,2,5,gemma-4-4b;ministral-8b,SPEAKER_16,3417.3,thank you so much i do have a question for you would this be with the grants would that be in addition to the FEMA grants as well or is that all combined so there used to be
"City Council Committee Meeting - September 2, 2025 [bNf9xj20-xg]_standard",65,2,5,gemma-4-4b;ministral-8b,SPEAKER_08,3476.84,presentation one question I had is what the county recently ending its partnership with the hazmat environmental fire rescue company does that have any thing to do with this proposal or is that going to affect the plan at all it's a good question so the
"City Council Committee Meeting - September 2, 2025 [bNf9xj20-xg]_standard",67,1,5,gemma-4-4b,SPEAKER_08,3539.68,planning to work with the neighboring county i just wanted to make sure that the work that we're doing would cover any outside third party that is coming in and absolutely so they're currently
"City Council Committee Meeting - September 2, 2025 [bNf9xj20-xg]_standard",69,3,5,gemma-4-4b;ministral-8b;phi-4,SPEAKER_09,3572.8,was that the rotten eggs that was the rotten eggs yes just just so everybody knows there was an incident with the spill of rotten eggs so uh but that was our hazard incident it was nothing more
"City Council Committee Meeting - September 2, 2025 [bNf9xj20-xg]_standard",72,2,5,gemma-4-4b;phi-4,SPEAKER_09,3631.79,chief mendez and i uh to have a discussion um per your comments at the last meeting i haven't
"City Council Committee Meeting - September 2, 2025 [bNf9xj20-xg]_standard",73,1,5,phi-4,SPEAKER_16,3637.87,received any response from you or or the chief but you're welcome to bring that forward uh please
"City Council Committee Meeting - September 2, 2025 [bNf9xj20-xg]_standard",74,2,5,ministral-8b;phi-4,SPEAKER_09,3645.31,feel free to forward me the email request that you sent to chief and i because i didn't receive it
"City Council Committee Meeting - September 2, 2025 [bNf9xj20-xg]_standard",76,3,5,gemma-4-4b;ministral-8b;phi-4,SPEAKER_09,3659.46,chief mendez and and i would just qualify that if i may and until there's a meeting right you had requested a meeting with chief and i okay thank you thank you that would be all for public
"City Council Committee Meeting - September 2, 2025 [bNf9xj20-xg]_standard",91,4,5,ministral-8b;phi-4;qwen3.5-9b-q6;qwen3.5-9b-q8,SPEAKER_02,4355.28,public why people can't do this already I mean like what about this bill makes this it people able to do it doesn't you know like why why do we need this bill so that people can do this is it federal federally not allowed state not allowed
"City Council Committee Meeting - September 2, 2025 [bNf9xj20-xg]_standard",92,2,5,qwen3.5-9b-q6;qwen3.5-9b-q8,SPEAKER_14,4389.5,yeah I think we should do this and I'll just I was just gonna quickly add just from the research that I had been doing a lot of it is just about setting up a like I mean I hate to use the word framework because that sounds very I don't know I don't know what the other word would be but just kind of 
"City Council Ethics Code Work Session - November 6, 2025 [VZRKugPc6QU]",75,1,5,gemma-4-4b,UNKNOWN,1707.58,"and I was given a ticket for that, is that a violation of this? It shouldn't be if I'm actually serving on the board. Non-pecuniary public awards in recognition of public service."
"City Council Ethics Code Work Session - November 6, 2025 [VZRKugPc6QU]",87,1,5,phi-4,UNKNOWN,1901.46,there doesn't seem to be a need for that but there's a reservation that they can
"City Council Ethics Code Work Session - November 6, 2025 [VZRKugPc6QU]",88,1,5,phi-4,SPEAKER_00,1904.4,ask for it if it's relevant to I'm an investigation and they can get it from the city clerk and that the city clerk should be providing them with a list annually of who they actually who the city clerk actually has received the state of ethics the state ethics act statements of financial disclosure 
"City Council Ethics Code Work Session - November 6, 2025 [VZRKugPc6QU]",89,1,5,phi-4,UNKNOWN,1927.03,which is wrongful acts and whistleblower protection and while we talk about
"City Council Ethics Code Work Session - November 6, 2025 [VZRKugPc6QU]",90,1,5,gemma-4-4b,SPEAKER_00,1930.69,about wrongful acts we're talking about a wrongful complaint so complaints filed when there's no real basis for doing so without any real facts those should be subject to a penalty so that we make sure that what we don't get is a series of complaints that have personal attacks built into them that d
"City Council Ethics Code Work Session - November 6, 2025 [VZRKugPc6QU]",149,1,5,gemma-4-4b,UNKNOWN,2832.79,to date and open to questions I have a question for you maybe I missed it somewhere in here is there any provision for appeal whether by the complainant if the violation is not deemed it isn't successful in the preliminary investigation or the investigation process or by the subject so if for the co
"City Council Ethics Code Work Session - November 6, 2025 [VZRKugPc6QU]",156,1,5,gemma-4-4b,SPEAKER_00,2970.9,that makes sense thank you and again that's a preservation of resources um and also um protecting those who are complained about from a process that shouldn't happen if there's nothing that's been presented that it's on its face leaves one to believe it should it should continue
"City Council Ethics Code Work Session - November 6, 2025 [VZRKugPc6QU]",166,3,5,gemma-4-4b;ministral-8b;phi-4,SPEAKER_00,3100.04,And I think my question is a little bit similar to the Consul President's question. Will there be an appeal process if a respondent believes that a fighting was made in error?
"City Council Ethics Code Work Session - November 6, 2025 [VZRKugPc6QU]",175,1,5,phi-4,UNKNOWN,3261.01,Ethics Act so you're you're having a significant expansion of who has to comply with this there is a process to go through with union employees to make sure that this flows through with them properly it is not fair to put a burden on them that they're not aware of so to educate them is also relevant
"City Council Meeting - April 29, 2025 [5N3AIQLoNPU]_exclusive",5,4,5,ministral-8b;phi-4;qwen3.5-9b-q6;qwen3.5-9b-q8,SPEAKER_18,1072.88,um south queen street good evening good evening good evening to everyone and god bless everyone who is here today i'm uh reverend kevin polite the lead pastor of souls church incorporated of 415 south queen street lancaster city i want to thank you for the opportunity to address the board today in r
"City Council Meeting - April 29, 2025 [5N3AIQLoNPU]_exclusive",10,2,5,qwen3.5-9b-q6;qwen3.5-9b-q8,SPEAKER_17,1668.57,"Excuse me, I'm still talking."
"City Council Meeting - April 29, 2025 [5N3AIQLoNPU]_exclusive",11,3,5,ministral-8b;qwen3.5-9b-q6;qwen3.5-9b-q8,SPEAKER_10,1670.43,"Folks in the room, please. But where we do need that accountability from her, and yes, from our mayor, and from you, because you had your own issues like everybody else. So, where we do need accountability, let's not get lost in what actually brought us here. An attack on our youth, our black and br"
"City Council Meeting - April 29, 2025 [5N3AIQLoNPU]_exclusive",13,3,5,gemma-4-4b;ministral-8b;phi-4,SPEAKER_10,1736.19,everyone will get there and the new mayor takes Deneen seat I pray that this community that's worried about all the wrong things learns how to make bike policy accessible and prioritizes our children because I came in here for one specific reason and y'all turned it into this Janet show so while the
"City Council Meeting - April 29, 2025 [5N3AIQLoNPU]_exclusive",17,1,5,ministral-8b,SPEAKER_04,1836.78,Harris next speaker is Erin Dixon of the 500 block of North Street can we please
"City Council Meeting - April 29, 2025 [5N3AIQLoNPU]_exclusive",19,4,5,gemma-4-4b;ministral-8b;phi-4;qwen3.5-9b-q8,SPEAKER_15,1859.56,wanted to start off by saying it's an honor to be in this room this is my first time being here after the chamber has been named after my grandfather nelson polite senior
"City Council Meeting - April 29, 2025 [5N3AIQLoNPU]_exclusive",20,1,5,ministral-8b,SPEAKER_14,1867.2,and i live on his in his property our polite estate in the 500 block of north street
"City Council Meeting - April 29, 2025 [5N3AIQLoNPU]_exclusive",29,4,5,gemma-4-4b;ministral-8b;qwen3.5-9b-q6;qwen3.5-9b-q8,SPEAKER_22,2324.66,good evening my name is Daryl 100 block of the North Mary Street I'm just here today to sort of distill down the question about counselor Diaz's comments so either you believe that she when she didn't respond for a week claimed she hadn't seen it then claimed she was hacked then claimed it was a tee
"City Council Meeting - April 29, 2025 [5N3AIQLoNPU]_exclusive",31,2,5,qwen3.5-9b-q6;qwen3.5-9b-q8,SPEAKER_04,2451.1,next speaker is uh david miller glick of the first block of paper street thank you good evening mr
"City Council Meeting - April 29, 2025 [5N3AIQLoNPU]_exclusive",34,3,5,gemma-4-4b;ministral-8b;phi-4,SPEAKER_19,2493.34,towards our black and muslim neighbors that she has been proud to display on social media most recently counselor diaz attacked counselor ahmed's identity as a refugee and in sierra mr
"City Council Meeting - April 29, 2025 [5N3AIQLoNPU]_exclusive",38,3,5,phi-4;qwen3.5-9b-q6;qwen3.5-9b-q8,SPEAKER_07,2650.47,"good evening good evening everyone hello good evening everyone my name is chandra damal thank Thank you for coming here today. I'm standing here today not just as a support of Janet Diaz, but as someone that knows her through her hard work and her lifelong commitment to this city and its people. Whe"
"City Council Meeting - April 29, 2025 [5N3AIQLoNPU]_exclusive",46,3,5,gemma-4-4b;ministral-8b;phi-4,SPEAKER_14,3081.3,"Okay. I'll finish it up. Thank you. You are responsible for what you post on social media, so just be aware of that. think you do owe muslim women an apology thank you thank you mr harris our next speaker yes"
"City Council Meeting - April 29, 2025 [5N3AIQLoNPU]_exclusive",47,1,5,qwen3.5-9b-q8,SPEAKER_04,3098.68,madam president next is sandra rosario of washington borough miss rosario good evening
"City Council Meeting - April 29, 2025 [5N3AIQLoNPU]_exclusive",48,4,5,ministral-8b;phi-4;qwen3.5-9b-q6;qwen3.5-9b-q8,SPEAKER_13,3114.61,good evening thank you first of all i want to thank you council members i realize that you have a tough job some do it better than others some go out of their way some do not last year or the year before i believe it was a year before there was a situation going on in the city school district and i 
"City Council Meeting - April 29, 2025 [5N3AIQLoNPU]_exclusive",56,3,5,ministral-8b;qwen3.5-9b-q6;qwen3.5-9b-q8,SPEAKER_10,3934.58,Jessica Lopez the felon with less felonies than our president huh so let me start by reminding you right that for the last five years I've been here more than every single one of yous in this room so we're user thick today I hope yous are thick in two weeks and I hope you're thick weeks after that b
"City Council Meeting - April 29, 2025 [5N3AIQLoNPU]_exclusive",58,4,5,gemma-4-4b;ministral-8b;phi-4;qwen3.5-9b-q8,SPEAKER_16,4107.89,"All right, okay. Go ahead. Good evening. I'm just gonna get right in and ask to, anyway. This country was based on lies, deception, and racism, my people especially, for over 400 years. And those in position are still looking down at us fortunate people to fill their deep pockets. So excuse me, guys"
"City Council Meeting - April 29, 2025 [5N3AIQLoNPU]_exclusive",60,4,5,gemma-4-4b;phi-4;qwen3.5-9b-q6;qwen3.5-9b-q8,SPEAKER_16,4299.8,"While we know the bill given to me by Janet Diaz to adopt the Citizens Review Board, it has been opposed again by this mayor, along with other important issues Janet presented where none of you seconded."
"City Council Meeting - April 29, 2025 [5N3AIQLoNPU]_exclusive",64,3,5,gemma-4-4b;ministral-8b;phi-4,SPEAKER_24,4325.53,mr. doctor thank you good evening I don't have prepared remarks for this session but I did want to make the remark at how odd this all is I mean I've never been to a council meeting without any agenda items now that being said I do appreciate making sure there's a record of meetings making sure the 
"City Council Meeting - April 29, 2025 [5N3AIQLoNPU]_exclusive",67,4,5,gemma-4-4b;phi-4;qwen3.5-9b-q6;qwen3.5-9b-q8,SPEAKER_22,4596.88,thank you good evening daryl legacy 100 block of north mary again um i just want to make two points one i appreciate the statement of letting it happen at the ballot box and i i'm sure that counselor yes is not going to stand down so i think we're all going to have that so i think that's great that'
"City Council Meeting - April 29, 2025 [5N3AIQLoNPU]_exclusive",70,2,5,qwen3.5-9b-q6;qwen3.5-9b-q8,SPEAKER_17,4803.6,know your last name can you just say your full name oh yeah ashley martinez thank you appreciate
"City Council Meeting - April 29, 2025 [5N3AIQLoNPU]_exclusive",71,4,5,ministral-8b;phi-4;qwen3.5-9b-q6;qwen3.5-9b-q8,SPEAKER_11,4807.52,it thank you um i understand the pain especially from those in the muslim community who are hurting right now the injustice the discrimination it's real and your anger it's about it's valid but you're angry at the wrong person recently there have been hurtful and entirely false claims made against j
"City Council Meeting - April 29, 2025 [5N3AIQLoNPU]_exclusive",73,4,5,ministral-8b;phi-4;qwen3.5-9b-q6;qwen3.5-9b-q8,SPEAKER_07,4977.55,having thank you thank you good evening again um council members community of the members and my family that's here um lately people have been calling these meetings the janet show and i just heard of that some say with laughs some say with frustration but let's talk about what that really means bec
"City Council Meeting - April 29, 2025 [5N3AIQLoNPU]_exclusive",76,4,5,ministral-8b;phi-4;qwen3.5-9b-q6;qwen3.5-9b-q8,SPEAKER_01,5324.27,know how many times i have come here and told you guys that we need some upgrading at crystal park it hasn't been done we are going to open up the summer the west crystal volunteers are opening up the summer with mother's day i cannot secure safety in my neighborhood if the sockets are sticking out 
"City Council Meeting - April 29, 2025 [5N3AIQLoNPU]_exclusive",80,2,5,qwen3.5-9b-q6;qwen3.5-9b-q8,SPEAKER_23,5576.14,i did follow up with the administration um the mayor uh council president and director campbell uh director campbell did get back to me today and said that um he will get back to me on i did ask what was the status of the tickets um were there any um uh fines that were uh not waived but you know wer
"City Council Meeting - April 29, 2025 [5N3AIQLoNPU]_standard",5,3,5,phi-4;qwen3.5-9b-q6;qwen3.5-9b-q8,SPEAKER_18,1072.88,um south queen street good evening good evening good evening to everyone and god bless everyone who is here today i'm uh reverend kevin polite the lead pastor of souls church incorporated of 415 south queen street lancaster city i want to thank you for the opportunity to address the board today in r
"City Council Meeting - April 29, 2025 [5N3AIQLoNPU]_standard",10,2,5,qwen3.5-9b-q6;qwen3.5-9b-q8,SPEAKER_17,1668.57,"Excuse me, I'm still talking."
"City Council Meeting - April 29, 2025 [5N3AIQLoNPU]_standard",11,3,5,ministral-8b;qwen3.5-9b-q6;qwen3.5-9b-q8,SPEAKER_10,1670.43,"Folks in the room, please. But where we do need that accountability from her, and yes, from our mayor, and from you, because you had your own issues like everybody else. So, where we do need accountability, let's not get lost in what actually brought us here. An attack on our youth, our black and br"
"City Council Meeting - April 29, 2025 [5N3AIQLoNPU]_standard",13,3,5,gemma-4-4b;ministral-8b;phi-4,SPEAKER_10,1736.19,everyone will get there and the new mayor takes Deneen seat I pray that this community that's worried about all the wrong things learns how to make bike policy accessible and prioritizes our children because I came in here for one specific reason and y'all turned it into this Janet show so while the
"City Council Meeting - April 29, 2025 [5N3AIQLoNPU]_standard",17,1,5,ministral-8b,SPEAKER_04,1836.78,Harris next speaker is Erin Dixon of the 500 block of North Street can we please
"City Council Meeting - April 29, 2025 [5N3AIQLoNPU]_standard",19,4,5,gemma-4-4b;ministral-8b;phi-4;qwen3.5-9b-q8,SPEAKER_15,1859.56,wanted to start off by saying it's an honor to be in this room this is my first time being here after the chamber has been named after my grandfather nelson polite senior
"City Council Meeting - April 29, 2025 [5N3AIQLoNPU]_standard",20,1,5,ministral-8b,SPEAKER_14,1867.2,and i live on his in his property our polite estate in the 500 block of north street
"City Council Meeting - April 29, 2025 [5N3AIQLoNPU]_standard",29,4,5,gemma-4-4b;ministral-8b;qwen3.5-9b-q6;qwen3.5-9b-q8,SPEAKER_22,2324.66,good evening my name is Daryl 100 block of the North Mary Street I'm just here today to sort of distill down the question about counselor Diaz's comments so either you believe that she when she didn't respond for a week claimed she hadn't seen it then claimed she was hacked then claimed it was a tee
"City Council Meeting - April 29, 2025 [5N3AIQLoNPU]_standard",31,2,5,qwen3.5-9b-q6;qwen3.5-9b-q8,SPEAKER_04,2451.1,next speaker is uh david miller glick of the first block of paper street thank you good evening mr
"City Council Meeting - April 29, 2025 [5N3AIQLoNPU]_standard",34,3,5,gemma-4-4b;ministral-8b;phi-4,SPEAKER_19,2493.34,towards our black and muslim neighbors that she has been proud to display on social media most recently counselor diaz attacked counselor ahmed's identity as a refugee and in sierra mr
"City Council Meeting - April 29, 2025 [5N3AIQLoNPU]_standard",38,3,5,phi-4;qwen3.5-9b-q6;qwen3.5-9b-q8,SPEAKER_07,2650.47,"good evening good evening everyone hello good evening everyone my name is chandra damal thank Thank you for coming here today. I'm standing here today not just as a support of Janet Diaz, but as someone that knows her through her hard work and her lifelong commitment to this city and its people. Whe"
"City Council Meeting - April 29, 2025 [5N3AIQLoNPU]_standard",46,3,5,gemma-4-4b;ministral-8b;phi-4,SPEAKER_14,3081.3,"Okay. I'll finish it up. Thank you. You are responsible for what you post on social media, so just be aware of that. think you do owe muslim women an apology thank you thank you mr harris our next speaker yes"
"City Council Meeting - April 29, 2025 [5N3AIQLoNPU]_standard",47,1,5,qwen3.5-9b-q8,SPEAKER_04,3098.68,madam president next is sandra rosario of washington borough miss rosario good evening
"City Council Meeting - April 29, 2025 [5N3AIQLoNPU]_standard",48,4,5,ministral-8b;phi-4;qwen3.5-9b-q6;qwen3.5-9b-q8,SPEAKER_13,3114.61,good evening thank you first of all i want to thank you council members i realize that you have a tough job some do it better than others some go out of their way some do not last year or the year before i believe it was a year before there was a situation going on in the city school district and i 
"City Council Meeting - April 29, 2025 [5N3AIQLoNPU]_standard",56,3,5,ministral-8b;qwen3.5-9b-q6;qwen3.5-9b-q8,SPEAKER_10,3934.58,Jessica Lopez the felon with less felonies than our president huh so let me start by reminding you right that for the last five years I've been here more than every single one of yous in this room so we're user thick today I hope yous are thick in two weeks and I hope you're thick weeks after that b
"City Council Meeting - April 29, 2025 [5N3AIQLoNPU]_standard",58,3,5,gemma-4-4b;ministral-8b;phi-4,SPEAKER_10,3989.51,will have order in the room now this is the problem because comments that she made opened the door for a white man to sit here and tell a black woman to take off her headdress so i'm the problem i'm the problem apparently and not the person who took an oath to stand for every single body not just th
"City Council Meeting - April 29, 2025 [5N3AIQLoNPU]_standard",66,4,5,gemma-4-4b;phi-4;qwen3.5-9b-q6;qwen3.5-9b-q8,SPEAKER_16,4299.8,"While we know the bill given to me by Janet Diaz to adopt the Citizens Review Board, it has been opposed again by this mayor, along with other important issues Janet presented where none of you seconded."
"City Council Meeting - April 29, 2025 [5N3AIQLoNPU]_standard",70,3,5,gemma-4-4b;ministral-8b;phi-4,SPEAKER_24,4325.53,mr. doctor thank you good evening I don't have prepared remarks for this session but I did want to make the remark at how odd this all is I mean I've never been to a council meeting without any agenda items now that being said I do appreciate making sure there's a record of meetings making sure the 
"City Council Meeting - April 29, 2025 [5N3AIQLoNPU]_standard",73,4,5,gemma-4-4b;phi-4;qwen3.5-9b-q6;qwen3.5-9b-q8,SPEAKER_22,4596.88,thank you good evening daryl legacy 100 block of north mary again um i just want to make two points one i appreciate the statement of letting it happen at the ballot box and i i'm sure that counselor yes is not going to stand down so i think we're all going to have that so i think that's great that'
"City Council Meeting - April 29, 2025 [5N3AIQLoNPU]_standard",76,2,5,qwen3.5-9b-q6;qwen3.5-9b-q8,SPEAKER_17,4803.6,know your last name can you just say your full name oh yeah ashley martinez thank you appreciate
"City Council Meeting - April 29, 2025 [5N3AIQLoNPU]_standard",77,4,5,ministral-8b;phi-4;qwen3.5-9b-q6;qwen3.5-9b-q8,SPEAKER_11,4807.52,it thank you um i understand the pain especially from those in the muslim community who are hurting right now the injustice the discrimination it's real and your anger it's about it's valid but you're angry at the wrong person recently there have been hurtful and entirely false claims made against j
"City Council Meeting - April 29, 2025 [5N3AIQLoNPU]_standard",79,4,5,ministral-8b;phi-4;qwen3.5-9b-q6;qwen3.5-9b-q8,SPEAKER_07,4977.55,having thank you thank you good evening again um council members community of the members and my family that's here um lately people have been calling these meetings the janet show and i just heard of that some say with laughs some say with frustration but let's talk about what that really means bec
"City Council Meeting - April 29, 2025 [5N3AIQLoNPU]_standard",82,4,5,ministral-8b;phi-4;qwen3.5-9b-q6;qwen3.5-9b-q8,SPEAKER_01,5324.27,know how many times i have come here and told you guys that we need some upgrading at crystal park it hasn't been done we are going to open up the summer the west crystal volunteers are opening up the summer with mother's day i cannot secure safety in my neighborhood if the sockets are sticking out 
"City Council Meeting - April 29, 2025 [5N3AIQLoNPU]_standard",86,3,5,ministral-8b;qwen3.5-9b-q6;qwen3.5-9b-q8,SPEAKER_23,5576.14,i did follow up with the administration um the mayor uh council president and director campbell uh director campbell did get back to me today and said that um he will get back to me on i did ask what was the status of the tickets um were there any um uh fines that were uh not waived but you know wer
"City Council Meeting - April 8, 2025 [JNe8AGFZlIA]_exclusive",6,1,5,gemma-4-4b,SPEAKER_19,251.34,thank you we have a motion and a second counselors thank you very much for allowing me to introduce this resolution again this year april is sexual assault awareness month and it brings awareness that sexual violence continues to be widespread and affect all members of our community during this mont
"City Council Meeting - April 8, 2025 [JNe8AGFZlIA]_exclusive",16,2,5,gemma-4-4b;phi-4,SPEAKER_10,655.08,see the green light there now there we go so over the past few meetings we've heard feedback from the mayor regarding her views on I guess the ineffectiveness of civilian or rewards and the general challenges to reform posed by the city's agreements with the police or police unions to the extent tha
"City Council Meeting - April 8, 2025 [JNe8AGFZlIA]_exclusive",29,4,5,ministral-8b;phi-4;qwen3.5-9b-q6;qwen3.5-9b-q8,SPEAKER_14,1791.28,"Good evening. I'm going to present you. Jessica Lopez, Lancaster City. Hope everybody's having a good evening. let me start by saying that this narrative that it's okay to be on black and brown children for not having bike lights and popping willies in the street needs to stop the conversations that"
"City Council Meeting - April 8, 2025 [JNe8AGFZlIA]_exclusive",30,2,5,qwen3.5-9b-q6;qwen3.5-9b-q8,SPEAKER_19,2024.47,you good evening Tony Dasha 700 block of New
"City Council Meeting - April 8, 2025 [JNe8AGFZlIA]_exclusive",37,1,5,phi-4,SPEAKER_22,2252.24,the finance committee meeting our finance committee didn't uh during the last committee we heard from director campbell in an update on our budget for year end 2024 as well as the first two months of 2025 some of the highlights include that for year end 2024 most department expenses fell below budge
"City Council Meeting - April 8, 2025 [JNe8AGFZlIA]_exclusive",45,1,5,phi-4,SPEAKER_21,2424.84,comments on the motion to approve from the public hearing mr harris mr matt uh mr roy
"City Council Meeting - April 8, 2025 [JNe8AGFZlIA]_exclusive",49,1,5,gemma-4-4b,SPEAKER_30,2492.43,"additional comments other than the fact that this bill opens up the possibility for us to to have more options to be able to sell property when the property does come up, which is very rare for the city to have anything to sell."
"City Council Meeting - April 8, 2025 [JNe8AGFZlIA]_exclusive",51,3,5,gemma-4-4b;ministral-8b;phi-4,SPEAKER_24,2545.61,"Thank you, Council President. My only question, we did answer some of these prior, but just wanted to make sure that council would still have the authority over the process regards to the use of land and making sure the city's interests are protected and it's a real problem thank you there's Roger d"
"City Council Meeting - April 8, 2025 [JNe8AGFZlIA]_exclusive",58,4,5,ministral-8b;phi-4;qwen3.5-9b-q6;qwen3.5-9b-q8,SPEAKER_18,2962.44,"Suzy Gomez, 100 Block and North Roseboro. Just quickly, they would be an extra part of an expense on a subject line. And as I mentioned before, it hurts to go the extra mile to include exactly what Darlene just mentioned. I don't have to repeat it. i don't have to get into it i think she spoke clear"
"City Council Meeting - April 8, 2025 [JNe8AGFZlIA]_exclusive",59,3,5,phi-4;qwen3.5-9b-q6;qwen3.5-9b-q8,SPEAKER_19,3014.44,the public for our first reading good evening hello city council uh my name is richard boas
"City Council Meeting - April 8, 2025 [JNe8AGFZlIA]_exclusive",66,3,5,gemma-4-4b;ministral-8b;phi-4,SPEAKER_17,3193.99,council can set parameters for the use and um uh there is not discussion i mean i know that we're talking we're complaining two things because this is related to station six because it is a piece of property that we've been trying to sell i'll just reiterate for council's uh awareness that all of th
"City Council Meeting - April 8, 2025 [JNe8AGFZlIA]_exclusive",67,1,5,phi-4,SPEAKER_24,3272.96,pay to the realtor um but who determines who the realtor is so that's a professional service and
"City Council Meeting - April 8, 2025 [JNe8AGFZlIA]_exclusive",74,3,5,gemma-4-4b;ministral-8b;phi-4,SPEAKER_14,3444.0,jessica lopez link sdpa um thank you for clarifying that um may i suggest next time that we have something like this we know these things in advance so when these questions come up you're not getting the response that you're getting from the community if you would have have known in advance that the
"City Council Meeting - April 8, 2025 [JNe8AGFZlIA]_exclusive",83,2,5,gemma-4-4b;phi-4,SPEAKER_21,3723.4,"Mr. Mayor, ah I say resolution number 25 2025 mr. Harris a resolution of the Council of"
"City Council Meeting - April 8, 2025 [JNe8AGFZlIA]_exclusive",85,1,5,phi-4,SPEAKER_22,3748.55,"Series of 2018. Motion to approve. Second. We have a motion and a second. Councilor Arroyo. Thank you, Council President. Resolution number 25 pertains to capital projects. As they move forward, funding adjustments are needed as expenses for some projects increase and decrease for others. These adju"
"City Council Meeting - April 8, 2025 [JNe8AGFZlIA]_exclusive",90,1,5,ministral-8b,SPEAKER_18,3838.03,from the public on the resolution so those um those funds are going into the sewer is that
"City Council Meeting - April 8, 2025 [JNe8AGFZlIA]_exclusive",91,3,5,gemma-4-4b;ministral-8b;phi-4,SPEAKER_22,3853.55,"that what you said? Sewer funds? 1.3 million? Yeah, these funds are specific to the sewer fund. So that's going to go on top of the 1.4 surplus and the 3.9 million? This is pertaining to the bond that was funding projects for the 2018 bond, which is separate than what was stated before in the budget"
"City Council Meeting - April 8, 2025 [JNe8AGFZlIA]_exclusive",92,1,5,ministral-8b,SPEAKER_07,3883.57,clarification did you say that the funds are going to be used toward the sewer projects because that's what she asked and i didn't hear that that were approved in the 2018 we know and now that there are funds that are left over and you're going to put them where and what capital
"City Council Meeting - April 8, 2025 [JNe8AGFZlIA]_exclusive",93,3,5,gemma-4-4b;qwen3.5-9b-q6;qwen3.5-9b-q8,SPEAKER_22,3902.53,project so that bond approved a series of projects within that right and which where are you going to
"City Council Meeting - April 8, 2025 [JNe8AGFZlIA]_exclusive",94,4,5,ministral-8b;phi-4;qwen3.5-9b-q6;qwen3.5-9b-q8,SPEAKER_07,3908.05,apply that 2 million point what was it 2 million point 3 or something and I'm asking what are those projects are they sewer and water projects or what projects are they they are sewer projects thank you there's a difference
"City Council Meeting - April 8, 2025 [JNe8AGFZlIA]_exclusive",95,2,5,qwen3.5-9b-q6;qwen3.5-9b-q8,SPEAKER_17,3928.55,between capital thank you was referencing was our operating budget capital projects are separate from our operating budget there's a capital budget and operating budget right these are capital costs in the store in this
"City Council Meeting - April 8, 2025 [JNe8AGFZlIA]_exclusive",101,1,5,gemma-4-4b,SPEAKER_07,4035.81,um so when when were these projects due to be completed because we're looking at 2018 bonds in 2022 so what project in 2018 was completed and we have money left over but we didn't use that money toward the 2022 when we took out bonds in the 2018 bond issue that we just addressed then on the 2022 lis
"City Council Meeting - April 8, 2025 [JNe8AGFZlIA]_exclusive",104,1,5,phi-4,SPEAKER_19,4167.06,thank you thank you and I do think I don't see director Campbell either actually but there's your Tina Campbell I believe you had presented these with uh could you just speak very briefly if these are available uh online as well
"City Council Meeting - April 8, 2025 [JNe8AGFZlIA]_exclusive",111,2,5,gemma-4-4b;phi-4,SPEAKER_19,4363.2,"Thank you very much, Councillor Hirsch. Just a question for you, because you mentioned it, and I want to put a fine point on it. The point of this funding application, this application for funding, is to complete lead line replacement at no cost to residents."
"City Council Meeting - April 8, 2025 [JNe8AGFZlIA]_exclusive",112,1,5,phi-4,SPEAKER_05,4380.48,"Correct. Thank you. And that could range depending on, my understanding is, it could range depending on what the nature of that, because there's the pot-bullying procedure, which a more expensive way of figuring out what the what the material is um and then there's you know from that to the full rep"
"City Council Meeting - April 8, 2025 [JNe8AGFZlIA]_exclusive",113,1,5,phi-4,SPEAKER_07,4411.54,on the resolution from the public you say there's going to be no call starting bird and street no cost to the residents but if it's a loan because right now you're applying for a loan it's not a grant so if we don't get a grant where there be other action by council to vote on if it's a loan because
"City Council Meeting - April 8, 2025 [JNe8AGFZlIA]_exclusive",117,2,5,ministral-8b;phi-4,SPEAKER_07,4496.76,right so I mean I just want to clarify that because if we're getting a loan there is going to be a cost to the taxpayer I was going to pay right and
"City Council Meeting - April 8, 2025 [JNe8AGFZlIA]_exclusive",118,1,5,phi-4,SPEAKER_19,4506.64,okay yes our rate payers may see an impact if this is a loan on a grant
"City Council Meeting - April 8, 2025 [JNe8AGFZlIA]_exclusive",119,3,5,gemma-4-4b;ministral-8b;phi-4,SPEAKER_07,4513.56,let me just this question so I don't have to get up again and so the purpose of applying for two separate applications that reason is because I know we have an application fee why can't we not combine them both for one application for Penn Vest? I think it's just because of the nature of these two
"City Council Meeting - April 8, 2025 [JNe8AGFZlIA]_exclusive",123,1,5,phi-4,SPEAKER_19,4572.44,could it would be nice but they don't allow it and if I recall correctly I
"City Council Meeting - April 8, 2025 [JNe8AGFZlIA]_exclusive",124,1,5,phi-4,SPEAKER_05,4577.04,"think that's the city is trying to do that because by focusing on specific neighborhoods where there's a high number of known service lines that need to be replaced, that those could be lumped together to exactly what you're saying, like reduce that amount of fees so we don't have to pay each time a"
"City Council Meeting - April 8, 2025 [JNe8AGFZlIA]_exclusive",130,2,5,qwen3.5-9b-q6;qwen3.5-9b-q8,SPEAKER_05,4706.36,basically accelerated the timeline on this process mm-hmm and out of the interior lines as well I didn't know I don't know if you want to speak to that
"City Council Meeting - April 8, 2025 [JNe8AGFZlIA]_exclusive",131,2,5,qwen3.5-9b-q6;qwen3.5-9b-q8,SPEAKER_17,4716.54,"Mr. Rauch just to say the city has been replacing lead laterals off the water lines for decades which is why we have so few the the new law that has been passed both accelerates the remaining replacement of those lead lines those laterals of which there are less than 1% out of the 50,000 lines that "
"City Council Meeting - April 8, 2025 [JNe8AGFZlIA]_exclusive",132,2,5,ministral-8b;phi-4,SPEAKER_18,4796.43,problem it's always been a problem and it's I'm sorry once it then when when is the deadline hearse no the deadline that you have we're already at the 10th year then no it's from now it starts any years from now yeah thank you miss
"City Council Meeting - April 8, 2025 [JNe8AGFZlIA]_exclusive",138,1,5,gemma-4-4b,SPEAKER_24,4969.45,"number 28 Thank you, Council President. I just want, maybe just questions for Director Campbell. The interim financing as well as the PennVest loan, we've looked at the budgetary impact it would have, and it is aligned with our projections."
"City Council Meeting - April 8, 2025 [JNe8AGFZlIA]_exclusive",145,3,5,gemma-4-4b;ministral-8b;phi-4,SPEAKER_24,5056.68,"From the graphs that we had when we did the bond Presentation, it had the pedestal in gold or in a different color and that was not a part of the original bond, but that budget tear impact was still projected out over the life of the bond."
"City Council Meeting - April 8, 2025 [JNe8AGFZlIA]_exclusive",147,4,5,gemma-4-4b;ministral-8b;qwen3.5-9b-q6;qwen3.5-9b-q8,SPEAKER_07,5077.46,So we're talking about maybe $90 million we will be borrowing and taxpayers will be footing that bill?
"City Council Meeting - April 8, 2025 [JNe8AGFZlIA]_exclusive",148,3,5,ministral-8b;qwen3.5-9b-q6;qwen3.5-9b-q8,SPEAKER_19,5085.15,Rate payers in the water system?
"City Council Meeting - April 8, 2025 [JNe8AGFZlIA]_exclusive",149,4,5,ministral-8b;phi-4;qwen3.5-9b-q6;qwen3.5-9b-q8,SPEAKER_07,5088.29,"Tax payers. Oh, rate payers will pay? The $90 million utility? Yes. Even for the PennVest loan? Correct. Okay, very good. Infrastructure is extremely expensive. I have learned this. It really is. And since we do have 10 years, and I did attend a water meeting that the Public Works Department put on,"
"City Council Meeting - April 8, 2025 [JNe8AGFZlIA]_exclusive",150,2,5,gemma-4-4b;phi-4,SPEAKER_17,5186.98,talking about two different things i am so appreciative that you went to the combined sewer overflow meeting which i'm going to actually give in my talk about my mayor's report that is different than the 10-year timeline for the lead and copper rule so we're talking about three different things toni
"City Council Meeting - April 8, 2025 [JNe8AGFZlIA]_exclusive",152,1,5,phi-4,SPEAKER_18,5231.94,mayor i'm listening to what you're saying you're talking about three different things but we are also talking about um funding that was uh available from to that to 2018 to 2022 that is being moved over into administrative projects or other other you know projects that could be used for purposes suc
"City Council Meeting - April 8, 2025 [JNe8AGFZlIA]_exclusive",153,1,5,qwen3.5-9b-q6,SPEAKER_19,5272.52,for that are you speaking about the what as far as the bonds yeah which you're gonna get her a copy of where that's going to we can't change the bond at the
"City Council Meeting - April 8, 2025 [JNe8AGFZlIA]_exclusive",154,1,5,qwen3.5-9b-q6,SPEAKER_18,5286.36,allocations of those funds ministry but you could use it for some of that so
"City Council Meeting - April 8, 2025 [JNe8AGFZlIA]_exclusive",155,2,5,phi-4;qwen3.5-9b-q6,SPEAKER_17,5290.12,that the bond can decrease no that's not true you can't I think mr. Harris just mentioned that it's available on the website with the materials for the meeting. It lists the projects from 2018. That was for the sewer fund. Then there's the water fund. Those were projects from 2022. Those are project
"City Council Meeting - April 8, 2025 [JNe8AGFZlIA]_exclusive",156,3,5,gemma-4-4b;ministral-8b;phi-4,SPEAKER_18,5328.26,I understand that but projects with funding left over should be used by council for specific reasons to not burden the taxpayer so much you know I mean there's got to be other ways that you can use that we're not the experts we're the taxpayers we pay you the salary so that you can figure it out I m
"City Council Meeting - April 8, 2025 [JNe8AGFZlIA]_exclusive",160,1,5,ministral-8b,SPEAKER_21,5420.2,mr. Harris
"City Council Meeting - April 8, 2025 [JNe8AGFZlIA]_exclusive",171,3,5,ministral-8b;qwen3.5-9b-q6;qwen3.5-9b-q8,SPEAKER_07,5737.01,resolution 31 from the public Darlene Byrd I heard you say on the other one for South End Park that you were looking for a match from other grants does this require a match Director Tina Campbell is nodding yes and where do we plan on getting that match for this I do not know okay so we're gonna app
"City Council Meeting - April 8, 2025 [JNe8AGFZlIA]_exclusive",172,3,5,gemma-4-4b;qwen3.5-9b-q6;qwen3.5-9b-q8,SPEAKER_08,5789.01,resolution 31 it's coming from the 2025 bond funds that were just approved thank
"City Council Meeting - April 8, 2025 [JNe8AGFZlIA]_exclusive",173,2,5,qwen3.5-9b-q6;qwen3.5-9b-q8,SPEAKER_07,5797.38,you so we already borrowed the money for the match for this project through the
"City Council Meeting - April 8, 2025 [JNe8AGFZlIA]_exclusive",179,3,5,ministral-8b;qwen3.5-9b-q6;qwen3.5-9b-q8,SPEAKER_29,6396.93,"D'Astra, 700 block of New Holland Avenue. Act three, a vision for public involvement. If acts one and two were about access and process, this final part is about voice, about creating spaces where the community can engage with institutions that serve them. Yesterday I introduced online a draft ordin"
"City Council Meeting - April 8, 2025 [JNe8AGFZlIA]_exclusive",184,2,5,qwen3.5-9b-q6;qwen3.5-9b-q8,SPEAKER_19,6977.82,"I've been communicating with Ms. Berg and Director Campbell,"
"City Council Meeting - April 8, 2025 [JNe8AGFZlIA]_exclusive",185,3,5,phi-4;qwen3.5-9b-q6;qwen3.5-9b-q8,SPEAKER_18,6981.12,"Okay, well it's my time, so I wish Art Morris was here so I can just clearly state that has anyone ever seen the one-wheel bikers that are cross, go throughout our streets, that basically interfere with traffic, they run in and out of cars, I know you all seen them, it's one-wheel bike and there's a"
"City Council Meeting - April 8, 2025 [JNe8AGFZlIA]_exclusive",186,1,5,qwen3.5-9b-q8,SPEAKER_19,7169.8,much this is too much
"City Council Meeting - April 8, 2025 [JNe8AGFZlIA]_exclusive",188,1,5,qwen3.5-9b-q8,SPEAKER_19,7315.06,"May I respond to that, Ms. Lopez? Thank you. First of all, I agree that the comment was racist and disgusting. Second, I couldn't see it because she has me blocked."
"City Council Meeting - April 8, 2025 [JNe8AGFZlIA]_exclusive",192,3,5,phi-4;qwen3.5-9b-q6;qwen3.5-9b-q8,SPEAKER_19,7355.4,chair because she don't belong there i would like to have a longer conversation about this but diana's just speaking generalities that i know it's very difficult to remove a municipal government member in the state of pennsylvania it's a state matter but um yes that's my short version of that answer
"City Council Meeting - April 8, 2025 [JNe8AGFZlIA]_exclusive",193,3,5,phi-4;qwen3.5-9b-q6;qwen3.5-9b-q8,SPEAKER_14,7377.08,say much more but that speaks to the people watching on live to really really pay attention of who we're putting in these seats that we can't remove once they get there thank you
"City Council Meeting - April 8, 2025 [JNe8AGFZlIA]_exclusive",196,3,5,gemma-4-4b;ministral-8b;phi-4,SPEAKER_09,7558.68,"It is a very brief question, and I appreciate that. Thank you so much. Last week, I did have a question about the water rates and how we're going to be impacted as residents the percentage that we might anticipate of the water rates going up as a result of the improvement projects I found myself so "
"City Council Meeting - April 8, 2025 [JNe8AGFZlIA]_standard",6,1,5,gemma-4-4b,SPEAKER_19,251.34,thank you we have a motion and a second counselors thank you very much for allowing me to introduce this resolution again this year april is sexual assault awareness month and it brings awareness that sexual violence continues to be widespread and affect all members of our community during this mont
"City Council Meeting - April 8, 2025 [JNe8AGFZlIA]_standard",16,2,5,gemma-4-4b;phi-4,SPEAKER_10,655.08,see the green light there now there we go so over the past few meetings we've heard feedback from the mayor regarding her views on I guess the ineffectiveness of civilian or rewards and the general challenges to reform posed by the city's agreements with the police or police unions to the extent tha
"City Council Meeting - April 8, 2025 [JNe8AGFZlIA]_standard",29,4,5,ministral-8b;phi-4;qwen3.5-9b-q6;qwen3.5-9b-q8,SPEAKER_14,1791.28,"Good evening. I'm going to present you. Jessica Lopez, Lancaster City. Hope everybody's having a good evening. let me start by saying that this narrative that it's okay to be on black and brown children for not having bike lights and popping willies in the street needs to stop the conversations that"
"City Council Meeting - April 8, 2025 [JNe8AGFZlIA]_standard",30,2,5,qwen3.5-9b-q6;qwen3.5-9b-q8,SPEAKER_19,2024.47,you good evening Tony Dasha 700 block of New
"City Council Meeting - April 8, 2025 [JNe8AGFZlIA]_standard",37,1,5,phi-4,SPEAKER_22,2252.24,the finance committee meeting our finance committee didn't uh during the last committee we heard from director campbell in an update on our budget for year end 2024 as well as the first two months of 2025 some of the highlights include that for year end 2024 most department expenses fell below budge
"City Council Meeting - April 8, 2025 [JNe8AGFZlIA]_standard",45,1,5,phi-4,SPEAKER_21,2424.84,comments on the motion to approve from the public hearing mr harris mr matt uh mr roy
"City Council Meeting - April 8, 2025 [JNe8AGFZlIA]_standard",49,1,5,gemma-4-4b,SPEAKER_30,2492.43,"additional comments other than the fact that this bill opens up the possibility for us to to have more options to be able to sell property when the property does come up, which is very rare for the city to have anything to sell."
"City Council Meeting - April 8, 2025 [JNe8AGFZlIA]_standard",51,3,5,gemma-4-4b;ministral-8b;phi-4,SPEAKER_24,2545.61,"Thank you, Council President. My only question, we did answer some of these prior, but just wanted to make sure that council would still have the authority over the process regards to the use of land and making sure the city's interests are protected and it's a real problem thank you there's Roger d"
"City Council Meeting - April 8, 2025 [JNe8AGFZlIA]_standard",58,4,5,ministral-8b;phi-4;qwen3.5-9b-q6;qwen3.5-9b-q8,SPEAKER_18,2962.44,"Suzy Gomez, 100 Block and North Roseboro. Just quickly, they would be an extra part of an expense on a subject line. And as I mentioned before, it hurts to go the extra mile to include exactly what Darlene just mentioned. I don't have to repeat it. i don't have to get into it i think she spoke clear"
"City Council Meeting - April 8, 2025 [JNe8AGFZlIA]_standard",59,3,5,phi-4;qwen3.5-9b-q6;qwen3.5-9b-q8,SPEAKER_19,3014.44,the public for our first reading good evening hello city council uh my name is richard boas
"City Council Meeting - April 8, 2025 [JNe8AGFZlIA]_standard",66,3,5,gemma-4-4b;ministral-8b;phi-4,SPEAKER_17,3193.99,council can set parameters for the use and um uh there is not discussion i mean i know that we're talking we're complaining two things because this is related to station six because it is a piece of property that we've been trying to sell i'll just reiterate for council's uh awareness that all of th
"City Council Meeting - April 8, 2025 [JNe8AGFZlIA]_standard",67,1,5,phi-4,SPEAKER_24,3272.96,pay to the realtor um but who determines who the realtor is so that's a professional service and
"City Council Meeting - April 8, 2025 [JNe8AGFZlIA]_standard",75,1,5,phi-4,SPEAKER_19,3564.71,"Thank you. I can somewhat address that, although it lies a little bit out of my technical expertise, but the resolution specifically references record retention and disposition schedules um and it is um that is set by um pardon i'm just going through and reading here records of pennsylvania municipa"
"City Council Meeting - April 8, 2025 [JNe8AGFZlIA]_standard",82,1,5,phi-4,SPEAKER_21,3723.4,"Mr. Mayor, ah I say resolution number 25 2025 mr. Harris a resolution of the Council of"
"City Council Meeting - April 8, 2025 [JNe8AGFZlIA]_standard",90,1,5,gemma-4-4b,SPEAKER_22,3853.55,"that what you said? Sewer funds? 1.3 million? Yeah, these funds are specific to the sewer fund. So that's going to go on top of the 1.4 surplus and the 3.9 million? This is pertaining to the bond that was funding projects for the 2018 bond, which is separate than what was stated before in the budget"
"City Council Meeting - April 8, 2025 [JNe8AGFZlIA]_standard",93,3,5,gemma-4-4b;ministral-8b;phi-4,SPEAKER_07,3908.05,apply that 2 million point what was it 2 million point 3 or something and I'm asking what are those projects are they sewer and water projects or what projects are they they are sewer projects thank you there's a difference
"City Council Meeting - April 8, 2025 [JNe8AGFZlIA]_standard",98,2,5,gemma-4-4b;phi-4,SPEAKER_22,3986.74,motion and a second that's all right thank you this resolution for 20 or excuse me this resolution is similar to resolution number 25 um except this is for uh this pertains to the 2022 water fund um the adjustments total 5.3 million dollars thank you very much council
"City Council Meeting - April 8, 2025 [JNe8AGFZlIA]_standard",102,2,5,gemma-4-4b;phi-4,SPEAKER_07,4090.38,just got completed in now in 2024 and we found out that this money is left over yes projects do take several years right and now okay let me ask you a little bit differently right i don't think you're following me so in 2018 we had projects that were we took out bonds for the sewer and those project
"City Council Meeting - April 8, 2025 [JNe8AGFZlIA]_standard",105,1,5,phi-4,SPEAKER_19,4202.97,that are online okay all right so attached directly to the council agenda thank you okay appreciate that but still happy to send them might have them in my email once i can get to it i will have tabs open any additional comments from the public on resolution number 26.
"City Council Meeting - April 8, 2025 [JNe8AGFZlIA]_standard",110,1,5,gemma-4-4b,SPEAKER_19,4363.2,"Thank you very much, Councillor Hirsch. Just a question for you, because you mentioned it, and I want to put a fine point on it. The point of this funding application, this application for funding, is to complete lead line replacement at no cost to residents."
"City Council Meeting - April 8, 2025 [JNe8AGFZlIA]_standard",116,1,5,gemma-4-4b,SPEAKER_07,4496.76,right so I mean I just want to clarify that because if we're getting a loan there is going to be a cost to the taxpayer I was going to pay right and
"City Council Meeting - April 8, 2025 [JNe8AGFZlIA]_standard",117,3,5,phi-4;qwen3.5-9b-q6;qwen3.5-9b-q8,SPEAKER_19,4506.64,okay yes our rate payers may see an impact if this is a loan on a grant
"City Council Meeting - April 8, 2025 [JNe8AGFZlIA]_standard",119,3,5,phi-4;qwen3.5-9b-q6;qwen3.5-9b-q8,SPEAKER_05,4533.86,"projects are totally different. Like one is related to the interior service line and then the other is for the water main that is going from Susquehanna to the treatment plant, from the treatment plant to the distribution network. So it's not a"
"City Council Meeting - April 8, 2025 [JNe8AGFZlIA]_standard",120,1,5,phi-4,SPEAKER_07,4550.74,guideline through Penn Vest that we can apply for one and get and only pay one application fee instead of applying for two separate applications and paying two
"City Council Meeting - April 8, 2025 [JNe8AGFZlIA]_standard",121,1,5,phi-4,SPEAKER_17,4561.28,separate application fees okay that's what I was asking if there was a way we
"City Council Meeting - April 8, 2025 [JNe8AGFZlIA]_standard",122,1,5,phi-4,SPEAKER_19,4572.44,could it would be nice but they don't allow it and if I recall correctly I
"City Council Meeting - April 8, 2025 [JNe8AGFZlIA]_standard",123,3,5,gemma-4-4b;ministral-8b;phi-4,SPEAKER_05,4577.04,"think that's the city is trying to do that because by focusing on specific neighborhoods where there's a high number of known service lines that need to be replaced, that those could be lumped together to exactly what you're saying, like reduce that amount of fees so we don't have to pay each time a"
"City Council Meeting - April 8, 2025 [JNe8AGFZlIA]_standard",128,4,5,gemma-4-4b;ministral-8b;phi-4;qwen3.5-9b-q6,SPEAKER_18,4653.46,last depending on how she yes and we we knew ten years ago that this was an issue it should have been done ten years ago it's sad that we had to wait this long and strain the taxpayers to crunch up these numbers and be responsible for this debt but I really need a copy of the hundred and eight servi
"City Council Meeting - April 8, 2025 [JNe8AGFZlIA]_standard",132,2,5,gemma-4-4b;phi-4,SPEAKER_17,4716.54,"Mr. Rauch just to say the city has been replacing lead laterals off the water lines for decades which is why we have so few the the new law that has been passed both accelerates the remaining replacement of those lead lines those laterals of which there are less than 1% out of the 50,000 lines that "
"City Council Meeting - April 8, 2025 [JNe8AGFZlIA]_standard",139,3,5,gemma-4-4b;ministral-8b;phi-4,SPEAKER_24,4969.45,"number 28 Thank you, Council President. I just want, maybe just questions for Director Campbell. The interim financing as well as the PennVest loan, we've looked at the budgetary impact it would have, and it is aligned with our projections."
"City Council Meeting - April 8, 2025 [JNe8AGFZlIA]_standard",146,3,5,gemma-4-4b;ministral-8b;phi-4,SPEAKER_24,5056.68,"From the graphs that we had when we did the bond Presentation, it had the pedestal in gold or in a different color and that was not a part of the original bond, but that budget tear impact was still projected out over the life of the bond."
"City Council Meeting - April 8, 2025 [JNe8AGFZlIA]_standard",148,1,5,gemma-4-4b,SPEAKER_07,5077.46,So we're talking about maybe $90 million we will be borrowing and taxpayers will be footing that bill?
"City Council Meeting - April 8, 2025 [JNe8AGFZlIA]_standard",150,2,5,gemma-4-4b;phi-4,SPEAKER_07,5088.29,"Tax payers. Oh, rate payers will pay? The $90 million utility? Yes. Even for the PennVest loan? Correct. Okay, very good. Infrastructure is extremely expensive. I have learned this. It really is. And since we do have 10 years, and I did attend a water meeting that the Public Works Department put on,"
"City Council Meeting - April 8, 2025 [JNe8AGFZlIA]_standard",151,1,5,phi-4,SPEAKER_17,5186.98,talking about two different things i am so appreciative that you went to the combined sewer overflow meeting which i'm going to actually give in my talk about my mayor's report that is different than the 10-year timeline for the lead and copper rule so we're talking about three different things toni
"City Council Meeting - April 8, 2025 [JNe8AGFZlIA]_standard",153,2,5,gemma-4-4b;phi-4,SPEAKER_18,5231.94,mayor i'm listening to what you're saying you're talking about three different things but we are also talking about um funding that was uh available from to that to 2018 to 2022 that is being moved over into administrative projects or other other you know projects that could be used for purposes suc
"City Council Meeting - April 8, 2025 [JNe8AGFZlIA]_standard",156,2,5,ministral-8b;phi-4,SPEAKER_17,5290.12,that the bond can decrease no that's not true you can't I think mr. Harris just mentioned that it's available on the website with the materials for the meeting. It lists the projects from 2018. That was for the sewer fund. Then there's the water fund. Those were projects from 2022. Those are project
"City Council Meeting - April 8, 2025 [JNe8AGFZlIA]_standard",157,3,5,gemma-4-4b;ministral-8b;phi-4,SPEAKER_18,5328.26,I understand that but projects with funding left over should be used by council for specific reasons to not burden the taxpayer so much you know I mean there's got to be other ways that you can use that we're not the experts we're the taxpayers we pay you the salary so that you can figure it out I m
"City Council Meeting - April 8, 2025 [JNe8AGFZlIA]_standard",174,3,5,ministral-8b;qwen3.5-9b-q6;qwen3.5-9b-q8,SPEAKER_07,5737.01,resolution 31 from the public Darlene Byrd I heard you say on the other one for South End Park that you were looking for a match from other grants does this require a match Director Tina Campbell is nodding yes and where do we plan on getting that match for this I do not know okay so we're gonna app
"City Council Meeting - April 8, 2025 [JNe8AGFZlIA]_standard",175,3,5,gemma-4-4b;qwen3.5-9b-q6;qwen3.5-9b-q8,SPEAKER_08,5789.01,resolution 31 it's coming from the 2025 bond funds that were just approved thank
"City Council Meeting - April 8, 2025 [JNe8AGFZlIA]_standard",176,2,5,qwen3.5-9b-q6;qwen3.5-9b-q8,SPEAKER_07,5797.38,you so we already borrowed the money for the match for this project through the
"City Council Meeting - April 8, 2025 [JNe8AGFZlIA]_standard",182,3,5,ministral-8b;qwen3.5-9b-q6;qwen3.5-9b-q8,SPEAKER_29,6396.93,"D'Astra, 700 block of New Holland Avenue. Act three, a vision for public involvement. If acts one and two were about access and process, this final part is about voice, about creating spaces where the community can engage with institutions that serve them. Yesterday I introduced online a draft ordin"
"City Council Meeting - April 8, 2025 [JNe8AGFZlIA]_standard",187,2,5,qwen3.5-9b-q6;qwen3.5-9b-q8,SPEAKER_19,6977.82,"I've been communicating with Ms. Berg and Director Campbell,"
"City Council Meeting - April 8, 2025 [JNe8AGFZlIA]_standard",188,3,5,phi-4;qwen3.5-9b-q6;qwen3.5-9b-q8,SPEAKER_18,6981.12,"Okay, well it's my time, so I wish Art Morris was here so I can just clearly state that has anyone ever seen the one-wheel bikers that are cross, go throughout our streets, that basically interfere with traffic, they run in and out of cars, I know you all seen them, it's one-wheel bike and there's a"
"City Council Meeting - April 8, 2025 [JNe8AGFZlIA]_standard",189,1,5,qwen3.5-9b-q8,SPEAKER_19,7169.8,much this is too much
"City Council Meeting - April 8, 2025 [JNe8AGFZlIA]_standard",191,1,5,qwen3.5-9b-q8,SPEAKER_19,7315.06,"May I respond to that, Ms. Lopez? Thank you. First of all, I agree that the comment was racist and disgusting. Second, I couldn't see it because she has me blocked."
"City Council Meeting - April 8, 2025 [JNe8AGFZlIA]_standard",195,4,5,ministral-8b;phi-4;qwen3.5-9b-q6;qwen3.5-9b-q8,SPEAKER_19,7355.4,chair because she don't belong there i would like to have a longer conversation about this but diana's just speaking generalities that i know it's very difficult to remove a municipal government member in the state of pennsylvania it's a state matter but um yes that's my short version of that answer
"City Council Meeting - April 8, 2025 [JNe8AGFZlIA]_standard",196,4,5,ministral-8b;phi-4;qwen3.5-9b-q6;qwen3.5-9b-q8,SPEAKER_14,7377.08,say much more but that speaks to the people watching on live to really really pay attention of who we're putting in these seats that we can't remove once they get there thank you
"City Council Meeting - April 8, 2025 [JNe8AGFZlIA]_standard",199,4,5,gemma-4-4b;ministral-8b;phi-4;qwen3.5-9b-q8,SPEAKER_09,7558.68,"It is a very brief question, and I appreciate that. Thank you so much. Last week, I did have a question about the water rates and how we're going to be impacted as residents the percentage that we might anticipate of the water rates going up as a result of the improvement projects I found myself so "
"City Council Meeting - August 12, 2025 [Pg4nxjg-PUw]",24,4,5,gemma-4-4b;ministral-8b;qwen3.5-9b-q6;qwen3.5-9b-q8,,,
"City Council Meeting - August 12, 2025 [Pg4nxjg-PUw]",28,4,5,gemma-4-4b;ministral-8b;qwen3.5-9b-q6;qwen3.5-9b-q8,,,
"City Council Meeting - August 12, 2025 [Pg4nxjg-PUw]",87,2,5,qwen3.5-9b-q6;qwen3.5-9b-q8,,,
"City Council Meeting - August 12, 2025 [Pg4nxjg-PUw]",101,3,5,gemma-4-4b;qwen3.5-9b-q6;qwen3.5-9b-q8,,,
"City Council Meeting - August 12, 2025 [Pg4nxjg-PUw]",112,4,5,gemma-4-4b;phi-4;qwen3.5-9b-q6;qwen3.5-9b-q8,,,
"City Council Meeting - August 12, 2025 [Pg4nxjg-PUw]_exclusive",11,4,5,gemma-4-4b;ministral-8b;qwen3.5-9b-q6;qwen3.5-9b-q8,SPEAKER_18,1220.72,"shipping street and i've been reading about the data center uh projects for lancaster city with with increasing alarm in the newspaper. My, Memphis was mentioned previously, my son lives in Memphis, goes to college there, and he's been telling me some real horror stories about how data centers in th"
"City Council Meeting - August 12, 2025 [Pg4nxjg-PUw]_exclusive",19,3,5,gemma-4-4b;qwen3.5-9b-q6;qwen3.5-9b-q8,SPEAKER_05,1758.07,please next speaker is patricia eckman good evening i'm from this lampeter township i've been reading the articles in the lexington newspaper concerning the proposed data centers at greenfield road and harrisburg pike preliminary construction has already begun at the greenfield road site prior to th
"City Council Meeting - August 12, 2025 [Pg4nxjg-PUw]_exclusive",24,4,5,gemma-4-4b;ministral-8b;qwen3.5-9b-q6;qwen3.5-9b-q8,SPEAKER_24,2312.0,our next speaker mr harris is dan weigel good evening uh dan weigel uh clarendon drive um as you may have noticed there's a petition going around um there's a petition going around in our community about the data center we have hundreds of signatures on it it's been in the news obviously this is a b
"City Council Meeting - August 12, 2025 [Pg4nxjg-PUw]_exclusive",26,4,5,ministral-8b;phi-4;qwen3.5-9b-q6;qwen3.5-9b-q8,SPEAKER_24,2401.08,and storage they are not warehouses to mayor Sirachi and City Council must work with the public to pass a plan that insulates Lancaster residents from the negative effects of data centers for example price hikes for utilities low water pressure and rolling blackouts three city government must act wi
"City Council Meeting - August 12, 2025 [Pg4nxjg-PUw]_exclusive",28,1,5,phi-4,SPEAKER_24,2460.98,to you sitting up front i turn the question on you do you hear us and are you with us please raise your hands a bit higher please everyone on city council mayor sirachi do you hear us
"City Council Meeting - August 12, 2025 [Pg4nxjg-PUw]_exclusive",29,1,5,gemma-4-4b,SPEAKER_06,2478.41,are you with us this is a conversation that i want to continue to have because there are some of the things that you're demanding that i can't i can't respond to most especially around the public utility commission and the regulation of electricity and so i i hear you on the air quality water use ut
"City Council Meeting - August 12, 2025 [Pg4nxjg-PUw]_exclusive",31,2,5,gemma-4-4b;phi-4,SPEAKER_24,2557.46,and members of the city government thank you i look forward to your actions counselor craig
"City Council Meeting - August 12, 2025 [Pg4nxjg-PUw]_exclusive",35,2,5,ministral-8b;phi-4,SPEAKER_11,2607.14,"Good evening. Good evening, everyone. Thank you."
"City Council Meeting - August 12, 2025 [Pg4nxjg-PUw]_exclusive",38,4,5,ministral-8b;phi-4;qwen3.5-9b-q6;qwen3.5-9b-q8,SPEAKER_25,2771.21,speaker please our next speaker is jennifer siegel good evening hi my name is jennifer siegel but everyone here knows me as coral rights i live in marietta but i host events here in lancaster city and rely on people's willingness to travel to lancaster to pay my bills and most of my favorite people 
"City Council Meeting - August 12, 2025 [Pg4nxjg-PUw]_exclusive",41,4,5,ministral-8b;phi-4;qwen3.5-9b-q6;qwen3.5-9b-q8,SPEAKER_08,3160.88,name is Christine Kennedy I live in the first block of Market Street in Lancaster Pennsylvania and I come today to tell a little bit about what I've learned and where I was wrong with some of the comments I made at the prior City council meeting some of those were I've learned that data centers are 
"City Council Meeting - August 12, 2025 [Pg4nxjg-PUw]_exclusive",43,3,5,ministral-8b;qwen3.5-9b-q6;qwen3.5-9b-q8,SPEAKER_07,3354.46,next is i'm sorry lindsay fitting good evening hello my name is lindsay fitting i live on the
"City Council Meeting - August 12, 2025 [Pg4nxjg-PUw]_exclusive",44,2,5,gemma-4-4b;phi-4,SPEAKER_16,3361.11,500 block of west james street and i'm here to talk about you guessed it the ai data centers so as a resident of lancaster city i fear for our access to water and electricity if this data center is built we already have so much evidence of ai data centers causing droughts such as in Texas where all 
"City Council Meeting - August 12, 2025 [Pg4nxjg-PUw]_exclusive",50,3,5,ministral-8b;qwen3.5-9b-q6;qwen3.5-9b-q8,SPEAKER_29,3850.6,uh tony dash's 700 block in new holland avenue so what i signed up to talk about was actually parking um but i'm going to connect these two issues because you have some issues that web out over time the city has a parking issue it depends on how you look at it in what perspective that issue is maybe
"City Council Meeting - August 12, 2025 [Pg4nxjg-PUw]_exclusive",52,4,5,gemma-4-4b;ministral-8b;phi-4;qwen3.5-9b-q8,SPEAKER_20,4014.69,"Good evening. Thank you, sorry. I came here directly from a meeting with my family about end-of-life care for my father, so I hope that that shows how important this is to me. I'm very sorry to hear that,"
"City Council Meeting - August 12, 2025 [Pg4nxjg-PUw]_exclusive",59,1,5,phi-4,SPEAKER_22,4381.54,councillor arroyo thank you council president the finance committee meeting did or i'm sorry the finance committee did meet we had one item on the on the agenda we heard from director of administrative services tina campbell yesterday for the 2025 mid-year budget report overall the city's finances a
"City Council Meeting - August 12, 2025 [Pg4nxjg-PUw]_exclusive",79,4,5,ministral-8b;phi-4;qwen3.5-9b-q6;qwen3.5-9b-q8,SPEAKER_22,5181.02,i missed you when i looked that way no worries thank you council president just wanted to make a comment i'm also very excited about this project i had a chance to partake on the hike maybe a few weeks ago a month ago and was very excited for someone who grew up in the southeast i'd never step foot 
"City Council Meeting - August 12, 2025 [Pg4nxjg-PUw]_exclusive",82,4,5,ministral-8b;phi-4;qwen3.5-9b-q6;qwen3.5-9b-q8,SPEAKER_13,5319.18,good evening council mayor sirachi thank you chris for the setup earlier i'm diana martin i'm the executive director of partners for environmental stewardship i'm also a proud resident of the city of lancaster it's one of the reasons i'm really passionate about this project on behalf of our organiza
"City Council Meeting - August 12, 2025 [Pg4nxjg-PUw]_exclusive",87,1,5,gemma-4-4b,SPEAKER_12,5564.02,thank you council president this resolution authorizes a routine update to our memorandum of understanding with the lancaster county conservation district the changes being made are primarily administrative in nature including minor word changes uh and allowing lccd to provide documents online and o
"City Council Meeting - August 12, 2025 [Pg4nxjg-PUw]_exclusive",102,1,5,ministral-8b,SPEAKER_20,5956.92,data center how amazing is that we're getting something that preserves our environment and
"City Council Meeting - August 12, 2025 [Pg4nxjg-PUw]_exclusive",106,2,5,qwen3.5-9b-q6;qwen3.5-9b-q8,SPEAKER_11,6133.25,it was very well done so thank you thank you mr arcolio and yes it is hard to make spreadsheets visibly appealing but they are interesting any additional public
"City Council Meeting - August 12, 2025 [Pg4nxjg-PUw]_exclusive",107,3,5,ministral-8b;qwen3.5-9b-q6;qwen3.5-9b-q8,SPEAKER_18,6144.36,comments for this Alexander King 600 block of North Shippen so kind of to play up Tony Dastro's comments I'd like to say parking management in the city is an unmitigated disaster it seems to be a sort of grassroots sort of thing which seems to be the dumbest way to plan anything I've lived in a lot 
"City Council Meeting - August 12, 2025 [Pg4nxjg-PUw]_standard",11,4,5,gemma-4-4b;ministral-8b;qwen3.5-9b-q6;qwen3.5-9b-q8,SPEAKER_18,1220.72,"shipping street and i've been reading about the data center uh projects for lancaster city with with increasing alarm in the newspaper. My, Memphis was mentioned previously, my son lives in Memphis, goes to college there, and he's been telling me some real horror stories about how data centers in th"
"City Council Meeting - August 12, 2025 [Pg4nxjg-PUw]_standard",19,3,5,gemma-4-4b;qwen3.5-9b-q6;qwen3.5-9b-q8,SPEAKER_05,1758.07,please next speaker is patricia eckman good evening i'm from this lampeter township i've been reading the articles in the lexington newspaper concerning the proposed data centers at greenfield road and harrisburg pike preliminary construction has already begun at the greenfield road site prior to th
"City Council Meeting - August 12, 2025 [Pg4nxjg-PUw]_standard",24,4,5,gemma-4-4b;ministral-8b;qwen3.5-9b-q6;qwen3.5-9b-q8,SPEAKER_24,2312.0,our next speaker mr harris is dan weigel good evening uh dan weigel uh clarendon drive um as you may have noticed there's a petition going around um there's a petition going around in our community about the data center we have hundreds of signatures on it it's been in the news obviously this is a b
"City Council Meeting - August 12, 2025 [Pg4nxjg-PUw]_standard",26,4,5,ministral-8b;phi-4;qwen3.5-9b-q6;qwen3.5-9b-q8,SPEAKER_24,2401.08,and storage they are not warehouses to mayor Sirachi and City Council must work with the public to pass a plan that insulates Lancaster residents from the negative effects of data centers for example price hikes for utilities low water pressure and rolling blackouts three city government must act wi
"City Council Meeting - August 12, 2025 [Pg4nxjg-PUw]_standard",28,1,5,phi-4,SPEAKER_24,2460.98,to you sitting up front i turn the question on you do you hear us and are you with us please raise your hands a bit higher please everyone on city council mayor sirachi do you hear us
"City Council Meeting - August 12, 2025 [Pg4nxjg-PUw]_standard",29,1,5,gemma-4-4b,SPEAKER_06,2478.41,are you with us this is a conversation that i want to continue to have because there are some of the things that you're demanding that i can't i can't respond to most especially around the public utility commission and the regulation of electricity and so i i hear you on the air quality water use ut
"City Council Meeting - August 12, 2025 [Pg4nxjg-PUw]_standard",31,2,5,gemma-4-4b;phi-4,SPEAKER_24,2557.46,and members of the city government thank you i look forward to your actions counselor craig
"City Council Meeting - August 12, 2025 [Pg4nxjg-PUw]_standard",35,2,5,ministral-8b;phi-4,SPEAKER_11,2607.14,"Good evening. Good evening, everyone. Thank you."
"City Council Meeting - August 12, 2025 [Pg4nxjg-PUw]_standard",38,4,5,ministral-8b;phi-4;qwen3.5-9b-q6;qwen3.5-9b-q8,SPEAKER_25,2771.21,speaker please our next speaker is jennifer siegel good evening hi my name is jennifer siegel but everyone here knows me as coral rights i live in marietta but i host events here in lancaster city and rely on people's willingness to travel to lancaster to pay my bills and most of my favorite people 
"City Council Meeting - August 12, 2025 [Pg4nxjg-PUw]_standard",41,4,5,ministral-8b;phi-4;qwen3.5-9b-q6;qwen3.5-9b-q8,SPEAKER_08,3160.88,name is Christine Kennedy I live in the first block of Market Street in Lancaster Pennsylvania and I come today to tell a little bit about what I've learned and where I was wrong with some of the comments I made at the prior City council meeting some of those were I've learned that data centers are 
"City Council Meeting - August 12, 2025 [Pg4nxjg-PUw]_standard",43,3,5,ministral-8b;qwen3.5-9b-q6;qwen3.5-9b-q8,SPEAKER_07,3354.46,next is i'm sorry lindsay fitting good evening hello my name is lindsay fitting i live on the
"City Council Meeting - August 12, 2025 [Pg4nxjg-PUw]_standard",44,2,5,gemma-4-4b;phi-4,SPEAKER_16,3361.11,500 block of west james street and i'm here to talk about you guessed it the ai data centers so as a resident of lancaster city i fear for our access to water and electricity if this data center is built we already have so much evidence of ai data centers causing droughts such as in Texas where all 
"City Council Meeting - August 12, 2025 [Pg4nxjg-PUw]_standard",50,3,5,ministral-8b;qwen3.5-9b-q6;qwen3.5-9b-q8,SPEAKER_29,3850.6,uh tony dash's 700 block in new holland avenue so what i signed up to talk about was actually parking um but i'm going to connect these two issues because you have some issues that web out over time the city has a parking issue it depends on how you look at it in what perspective that issue is maybe
"City Council Meeting - August 12, 2025 [Pg4nxjg-PUw]_standard",59,1,5,phi-4,SPEAKER_22,4381.54,councillor arroyo thank you council president the finance committee meeting did or i'm sorry the finance committee did meet we had one item on the on the agenda we heard from director of administrative services tina campbell yesterday for the 2025 mid-year budget report overall the city's finances a
"City Council Meeting - August 12, 2025 [Pg4nxjg-PUw]_standard",79,4,5,ministral-8b;phi-4;qwen3.5-9b-q6;qwen3.5-9b-q8,SPEAKER_22,5181.02,i missed you when i looked that way no worries thank you council president just wanted to make a comment i'm also very excited about this project i had a chance to partake on the hike maybe a few weeks ago a month ago and was very excited for someone who grew up in the southeast i'd never step foot 
"City Council Meeting - August 12, 2025 [Pg4nxjg-PUw]_standard",82,4,5,ministral-8b;phi-4;qwen3.5-9b-q6;qwen3.5-9b-q8,SPEAKER_13,5319.18,good evening council mayor sirachi thank you chris for the setup earlier i'm diana martin i'm the executive director of partners for environmental stewardship i'm also a proud resident of the city of lancaster it's one of the reasons i'm really passionate about this project on behalf of our organiza
"City Council Meeting - August 12, 2025 [Pg4nxjg-PUw]_standard",87,1,5,gemma-4-4b,SPEAKER_12,5564.02,thank you council president this resolution authorizes a routine update to our memorandum of understanding with the lancaster county conservation district the changes being made are primarily administrative in nature including minor word changes uh and allowing lccd to provide documents online and o
"City Council Meeting - August 12, 2025 [Pg4nxjg-PUw]_standard",102,1,5,ministral-8b,SPEAKER_20,5956.92,data center how amazing is that we're getting something that preserves our environment and
"City Council Meeting - August 12, 2025 [Pg4nxjg-PUw]_standard",106,2,5,qwen3.5-9b-q6;qwen3.5-9b-q8,SPEAKER_11,6133.25,it was very well done so thank you thank you mr arcolio and yes it is hard to make spreadsheets visibly appealing but they are interesting any additional public
"City Council Meeting - August 12, 2025 [Pg4nxjg-PUw]_standard",107,3,5,ministral-8b;qwen3.5-9b-q6;qwen3.5-9b-q8,SPEAKER_18,6144.36,comments for this Alexander King 600 block of North Shippen so kind of to play up Tony Dastro's comments I'd like to say parking management in the city is an unmitigated disaster it seems to be a sort of grassroots sort of thing which seems to be the dumbest way to plan anything I've lived in a lot 
"City Council Meeting - August 26, 2025 [WImQYrQa0EM]",10,3,5,gemma-4-4b;ministral-8b;phi-4,SPEAKER_08,834.69,if i may president counselor diaz will there be opportunity for the members of the community to speak against or for um anything that they feel that is not in co basically possibly not in the way they wish to have this um proposal plan be done for the ia data center yes counselor diaz
"City Council Meeting - August 26, 2025 [WImQYrQa0EM]",12,2,5,gemma-4-4b;phi-4,SPEAKER_08,895.14,that comes out of this action would there be anyone from the core i think it's called core war data company that's going to be available to speak or answer any questions to the public
"City Council Meeting - August 26, 2025 [WImQYrQa0EM]",14,3,5,gemma-4-4b;ministral-8b;phi-4,SPEAKER_08,941.12,That's all I have.
"City Council Meeting - August 26, 2025 [WImQYrQa0EM]",22,1,5,phi-4,SPEAKER_07,1450.0,speaker please our first speaker is irene grievous thank you good evening good evening
"City Council Meeting - August 26, 2025 [WImQYrQa0EM]",23,4,5,gemma-4-4b;ministral-8b;qwen3.5-9b-q6;qwen3.5-9b-q8,SPEAKER_06,1464.08,my name is irene grievous and i'm on the 400 block of west end avenue i am here today to raise an issue that has gone unresolved for four years this prolonged and unexplained condemnation of my property located on 901 manor street this has placed a tremendous amount of burden on me personally and ne
"City Council Meeting - August 26, 2025 [WImQYrQa0EM]",35,4,5,ministral-8b;phi-4;qwen3.5-9b-q6;qwen3.5-9b-q8,SPEAKER_19,2118.7,ravi good evening my name is ravi ahuja i live on the 200 block of west walnut like many people here i'm obviously very affected by and concerned about the development of the data center i want to echo sarah's appreciations and something that some things that dan said as well about some of the thing
"City Council Meeting - August 26, 2025 [WImQYrQa0EM]",44,1,5,qwen3.5-9b-q8,SPEAKER_07,2570.79,Next is Frank Arcoglio.
"City Council Meeting - August 26, 2025 [WImQYrQa0EM]",47,4,5,ministral-8b;phi-4;qwen3.5-9b-q6;qwen3.5-9b-q8,SPEAKER_18,2692.96,"Good evening, first and only block of Wise Ave. I had some I changed up what I had said a little bit because of the things that you had spoke about earlier. So thank you for addressing the need for dialogue and starting the meeting that way. Our communities are thriving, diverse and deeply community"
"City Council Meeting - August 26, 2025 [WImQYrQa0EM]",52,3,5,gemma-4-4b;ministral-8b;phi-4,SPEAKER_08,3611.18,you had mentioned um previously when we were going over it um the budget you had mentioned in regards to how much we invest in our technology in in city hall do you recall that i believe that was in the operating budget is that yes um my question i'm kind of diverted to this particularly if we inves
"City Council Meeting - August 26, 2025 [WImQYrQa0EM]",61,1,5,ministral-8b,SPEAKER_07,3926.8,president thank you considering the following applications and recommendations from the Historical Commission for improvements to properties within the Heritage Conservation District first is Kiana Castro owner of 550 hand Avenue proposes construction of an uncovered stoop on the facade of a two-sto
"City Council Meeting - August 26, 2025 [WImQYrQa0EM]",68,4,5,ministral-8b;phi-4;qwen3.5-9b-q6;qwen3.5-9b-q8,SPEAKER_20,4249.42,good evening adjust that as needed uh brett stanley i live in mountville but i work in lancaster i spoke last last last meeting i've been here for all of them um i spoke on job creation and lack thereof possibly with the work in creating you know catalysts for the data centers sw at my employer in w
"City Council Meeting - August 26, 2025 [WImQYrQa0EM]",75,1,5,gemma-4-4b,SPEAKER_03,4861.64,"Council President, if I may."
"City Council Meeting - August 26, 2025 [WImQYrQa0EM]",77,1,5,phi-4,SPEAKER_04,4866.22,"Just very briefly, wanted to thank our folks for coming out tonight to continue to advocate for how we want our community to be built in the future and sharing information. Also love the graphics that were also brought up here earlier, so thank you for all your hard work on that. One thing I do wann"
"City Council Meeting - February 11, 2025 [JJbmuzCmd6s]_exclusive",8,2,5,gemma-4-4b;phi-4,SPEAKER_02,519.22,councillor Craig council president this resolution was read into record during the committee meeting last week and I don't feel the need to reread it because
"City Council Meeting - February 11, 2025 [JJbmuzCmd6s]_exclusive",49,2,5,ministral-8b;phi-4,SPEAKER_04,1318.33,is a resolution that is brought before council on an annual basis it is done because the city tracks water and sewers sewer usage as city properties mostly to detect leaks or unusual usage we don't bill ourselves for this usage the charges are exonerated annually to clear them from the financial acc
"City Council Meeting - February 11, 2025 [JJbmuzCmd6s]_exclusive",59,4,5,ministral-8b;phi-4;qwen3.5-9b-q6;qwen3.5-9b-q8,SPEAKER_08,1740.54,"And that is government funding, correct? Yes. OK. The other question would be, you had mentioned increased funding. The $305,000 is being allocated, is that correct? Reallocated. Reallocated. So you're going from 2020 to 2024 to show rejected funds? Can you explain that a little better?"
"City Council Meeting - February 11, 2025 [JJbmuzCmd6s]_exclusive",63,2,5,gemma-4-4b;qwen3.5-9b-q8,SPEAKER_08,1834.58,um you want to reassess and make changes for what for what you're reassessing
"City Council Meeting - February 11, 2025 [JJbmuzCmd6s]_exclusive",65,1,5,qwen3.5-9b-q8,SPEAKER_08,1859.33,this measure yeah but you're turning it in you're you're also really doing the annual action plan right you're taking all that into consideration without so meaning that there is funds available for housing and that's what these fun
"City Council Meeting - February 11, 2025 [JJbmuzCmd6s]_exclusive",68,3,5,gemma-4-4b;ministral-8b;phi-4,SPEAKER_08,1908.48,just that because of that there's funding available we have a housing crisis in Lancaster City and I think that is very unfair to the public any
"City Council Meeting - February 11, 2025 [JJbmuzCmd6s]_exclusive",72,3,5,gemma-4-4b;ministral-8b;phi-4,SPEAKER_01,1997.18,resolutions number 15 and 16 are very similar in nature they are essentially agreements that give us or we are essentially approving the ability to use the right of way to do future infrastructure projects in this case it's a ductile pipe that is in columbia pennsylvania as part of our water infrast
"City Council Meeting - February 11, 2025 [JJbmuzCmd6s]_exclusive",81,2,5,gemma-4-4b;phi-4,SPEAKER_07,2179.13,the mayor mayor sir thank you council president first i'm pleased to share that the city of lancaster along with the school district of lancaster was awarded 74 000 by the pennsylvania commission on crime and delinquency the state grant will allow a school district and partners to research and desig
"City Council Meeting - February 11, 2025 [JJbmuzCmd6s]_exclusive",83,1,5,phi-4,SPEAKER_03,2325.55,i just wanted to report back to the members of council that the government study transition committee did meet on january 29th and went over the purview of our work which is to make sure and ensure the transition to a homework charter moves in a timely manner with both the administrative code and th
"City Council Meeting - February 11, 2025 [JJbmuzCmd6s]_standard",8,2,5,gemma-4-4b;phi-4,SPEAKER_02,519.22,councillor Craig council president this resolution was read into record during the committee meeting last week and I don't feel the need to reread it because
"City Council Meeting - February 11, 2025 [JJbmuzCmd6s]_standard",49,2,5,ministral-8b;phi-4,SPEAKER_04,1318.33,is a resolution that is brought before council on an annual basis it is done because the city tracks water and sewers sewer usage as city properties mostly to detect leaks or unusual usage we don't bill ourselves for this usage the charges are exonerated annually to clear them from the financial acc
"City Council Meeting - February 11, 2025 [JJbmuzCmd6s]_standard",59,4,5,ministral-8b;phi-4;qwen3.5-9b-q6;qwen3.5-9b-q8,SPEAKER_08,1740.54,"And that is government funding, correct? Yes. OK. The other question would be, you had mentioned increased funding. The $305,000 is being allocated, is that correct? Reallocated. Reallocated. So you're going from 2020 to 2024 to show rejected funds? Can you explain that a little better?"
"City Council Meeting - February 11, 2025 [JJbmuzCmd6s]_standard",63,2,5,gemma-4-4b;qwen3.5-9b-q8,SPEAKER_08,1834.58,um you want to reassess and make changes for what for what you're reassessing
"City Council Meeting - February 11, 2025 [JJbmuzCmd6s]_standard",65,1,5,qwen3.5-9b-q8,SPEAKER_08,1859.33,this measure yeah but you're turning it in you're you're also really doing the annual action plan right you're taking all that into consideration without so meaning that there is funds available for housing and that's what these fun
"City Council Meeting - February 11, 2025 [JJbmuzCmd6s]_standard",68,3,5,gemma-4-4b;ministral-8b;phi-4,SPEAKER_08,1908.48,just that because of that there's funding available we have a housing crisis in Lancaster City and I think that is very unfair to the public any
"City Council Meeting - February 11, 2025 [JJbmuzCmd6s]_standard",72,3,5,gemma-4-4b;ministral-8b;phi-4,SPEAKER_01,1997.18,resolutions number 15 and 16 are very similar in nature they are essentially agreements that give us or we are essentially approving the ability to use the right of way to do future infrastructure projects in this case it's a ductile pipe that is in columbia pennsylvania as part of our water infrast
"City Council Meeting - February 11, 2025 [JJbmuzCmd6s]_standard",81,2,5,gemma-4-4b;phi-4,SPEAKER_07,2179.13,the mayor mayor sir thank you council president first i'm pleased to share that the city of lancaster along with the school district of lancaster was awarded 74 000 by the pennsylvania commission on crime and delinquency the state grant will allow a school district and partners to research and desig
"City Council Meeting - February 11, 2025 [JJbmuzCmd6s]_standard",83,1,5,phi-4,SPEAKER_03,2325.55,i just wanted to report back to the members of council that the government study transition committee did meet on january 29th and went over the purview of our work which is to make sure and ensure the transition to a homework charter moves in a timely manner with both the administrative code and th
"City Council Meeting - July 22, 2025 [Y4mI4udbAfM]",9,4,5,gemma-4-4b;phi-4;qwen3.5-9b-q6;qwen3.5-9b-q8,SPEAKER_17,1633.73,just you're already doing it please begin with your block thank you right into the mic and I know that the one is going to be cooled by air instead of water but air cooling could mean significant noise pollution for anyone living within a quarter mile of it the decibels reach well over those conside
"City Council Meeting - July 22, 2025 [Y4mI4udbAfM]",17,4,5,ministral-8b;phi-4;qwen3.5-9b-q6;qwen3.5-9b-q8,SPEAKER_32,2217.95,nelson i live on the 100 block of east lemon and um i wanted to talk about the planned data center as well i think that i have an issue with two major corporations telling us what will and will not be good for our citizens i think that's not for us to decide and i think that we have these data cente
"City Council Meeting - July 22, 2025 [Y4mI4udbAfM]",31,3,5,ministral-8b;qwen3.5-9b-q6;qwen3.5-9b-q8,SPEAKER_25,3220.95,next speaker next speaker is Ann Torres good evening hi my name is Ann Torres I live in lettuce but I work in Lancaster years back my friend had a baby through IVF they finally had their baby but over time they noticed that he was having issues breathing in and out of hospitals extensive stays but n
"City Council Meeting - July 22, 2025 [Y4mI4udbAfM]",37,1,5,qwen3.5-9b-q6,SPEAKER_26,3598.4,I want to thank the members of the public for coming out tonight and speaking to council as I mentioned before this is new information to many of us despite insinuations and I want to also assure you that council is committed to keeping the public informed as updates are provided on all matters incl
"City Council Meeting - July 22, 2025 [Y4mI4udbAfM]",38,2,5,qwen3.5-9b-q6;qwen3.5-9b-q8,SPEAKER_13,3704.84,council while uh council president if i may while we're getting the technology situated mayor srachi um i i want to just acknowledge the work of the department of public works in preparing for council the first ever capital plan to be presented this is one of the requirements that
"City Council Meeting - July 22, 2025 [Y4mI4udbAfM]",49,3,5,gemma-4-4b;ministral-8b;phi-4,SPEAKER_28,4913.92,question regarding the grant funding so understanding that we're anticipating some of those funding opportunities are there any risks of losing that on some based on some of the proposals at the state right now I am not aware of any
"City Council Meeting - July 22, 2025 [Y4mI4udbAfM]",55,4,5,gemma-4-4b;ministral-8b;phi-4;qwen3.5-9b-q8,SPEAKER_10,5097.14,make some of those decisions yes thank you and I really do appreciate this level of financial planning I have a capital plan at the hotel I manage so know it really excites me to see that you know each individual project has you know the allocations year over year so i really appreciate you and your
"City Council Meeting - July 22, 2025 [Y4mI4udbAfM]",63,3,5,gemma-4-4b;ministral-8b;phi-4,SPEAKER_26,6201.08,i do have a question uh the lines for the ms4 collection system and the um there's another line i'm sorry and the uh oh i see the green infrastructure correct corrective action yes um actually no just the ms4 system line so that's the same number repeated year over year i'm assuming there were some 
"City Council Meeting - July 22, 2025 [Y4mI4udbAfM]",66,3,5,gemma-4-4b;ministral-8b;phi-4,SPEAKER_01,6349.53,council president just had a brief question on the trees for people program and i understand that that's going forward over the next couple years into 2028 can you just reiterate what the what the goal is as far as like number of trees planted over the next three years and then if you happen to have
"City Council Meeting - July 22, 2025 [Y4mI4udbAfM]",71,2,5,gemma-4-4b;ministral-8b,SPEAKER_26,7175.2,i have two questions the first is the impacts of those separation projects water street sewer separation and then there was there was others there overall what is the impact of those projects i know you mentioned focusing on the water first but is that a significant or an insignificant impact if you
"City Council Meeting - July 22, 2025 [Y4mI4udbAfM]",77,2,5,gemma-4-4b;ministral-8b,SPEAKER_30,7412.26,counselor colleagues Thank You madam president and thank you for the presentation and I'm not sure who would answer this question and how is the department working to minimize the cost of those projects we can we
"City Council Meeting - July 22, 2025 [Y4mI4udbAfM]",79,2,5,phi-4;qwen3.5-9b-q8,SPEAKER_30,7480.94,unforeseen circumstance thank you thank you madam president thank you council royal maybe this
"City Council Meeting - July 22, 2025 [Y4mI4udbAfM]",80,4,5,gemma-4-4b;ministral-8b;phi-4;qwen3.5-9b-q8,SPEAKER_28,7491.77,question is too soon for tonight um but curious about capacity and project management for a lot of these projects um there's a lot going on especially in 26 and 27. what does capacity look like on the teams as well as what does project management look like in sequencing these projects just kind of t
"City Council Meeting - July 22, 2025 [Y4mI4udbAfM]",84,1,5,gemma-4-4b,SPEAKER_26,7763.36,are things that get delayed thank you so now I'd like to talk about our water
"City Council Meeting - July 22, 2025 [Y4mI4udbAfM]",89,2,5,gemma-4-4b;phi-4,SPEAKER_28,8663.68,while the public makes their way up sure if i may just wanted to express my gratitude to the public work scene for putting this presentation together and uh clearly for all the work that you guys do
"City Council Meeting - July 22, 2025 [Y4mI4udbAfM]",93,4,5,gemma-4-4b;ministral-8b;qwen3.5-9b-q6;qwen3.5-9b-q8,SPEAKER_07,8785.04,plan specifically good evening good evening Taylor Raymond 500 block of st. Joseph Street is this presentation going to be available on the website that's
"City Council Meeting - July 22, 2025 [Y4mI4udbAfM]",94,2,5,qwen3.5-9b-q6;qwen3.5-9b-q8,SPEAKER_26,8803.79,all I really is it possible that this would be I'm assuming it will be on the
"City Council Meeting - July 22, 2025 [Y4mI4udbAfM]",95,2,5,qwen3.5-9b-q6;qwen3.5-9b-q8,SPEAKER_07,8810.57,Public Works yes okay that was everything thanks thank you yes similar
"City Council Meeting - July 22, 2025 [Y4mI4udbAfM]",99,1,5,gemma-4-4b,SPEAKER_26,8847.82,comment Thank You public officials thank you it's it's not all sexy but I mean I think the wastewater stuff is fascinating so that whatever that says about me but thank you for that any additional comments on the hearing I'm sorry yes so the the rest of our agenda will proceed including our legislat
"City Council Meeting - July 22, 2025 [Y4mI4udbAfM]",104,3,5,gemma-4-4b;ministral-8b;phi-4,SPEAKER_01,8979.41,works council hirsch thank you thank you council president this resolution authorizes the city of lancaster to enter into a grant application to apply for the grant through the commonwealth financing authorities multimodal transportation fund this is in relation to the eastbound connector which is i
"City Council Meeting - July 22, 2025 [Y4mI4udbAfM]",115,4,5,gemma-4-4b;ministral-8b;phi-4;qwen3.5-9b-q8,SPEAKER_06,9847.11,"Tony D'Astra, 700 block of New Holland Avenue. I'm glad Watergate got brought up earlier because there's a favorite song of mine by Stevie Wonder that was written for Richard Nixon. It's called You Haven't Done Nothing."
"City Council Meeting - July 22, 2025 [Y4mI4udbAfM]",117,4,5,gemma-4-4b;ministral-8b;qwen3.5-9b-q6;qwen3.5-9b-q8,SPEAKER_06,9868.24,you'll say that you'll do though much concern but not involved with decisions that are made by you but we are sick and tired of hearing your song telling how you are gonna change right from wrong cuz if you really want to hear our views you haven't done nothing and that's the case here we have an op
"City Council Meeting - July 22, 2025 [Y4mI4udbAfM]",122,4,5,ministral-8b;phi-4;qwen3.5-9b-q6;qwen3.5-9b-q8,SPEAKER_19,10551.35,"My name is Robert McLean, 123 South Christian. And I'm here, basically, I have a little sign I've been showing around. It's called democracynow.org. You can get that on your computer. What you're talking about, as far as this AI in this area, is the tip of the iceberg. You don't have any idea, and n"
"City Council Meeting - July 8, 2025 [wfwoElJE10U]",11,1,5,gemma-4-4b,SPEAKER_11,1024.75,I'd also like to take a minute here just for a few remarks on on the city's parks and recreation and this resolution I'd like to recognize the city's expansion of programming in Yule Park and bins or Yule Plaza and bins Park weekly programming scheduled for Yule bins includes a kids fitness class ha
"City Council Meeting - July 8, 2025 [wfwoElJE10U]",14,2,5,qwen3.5-9b-q6;qwen3.5-9b-q8,SPEAKER_08,1258.7,serve thousands of kids in the summer that also includes lunchtime meals for kids and it is invaluable so thank you again um any additional com council comments on this
"City Council Meeting - July 8, 2025 [wfwoElJE10U]",15,3,5,gemma-4-4b;ministral-8b;phi-4,SPEAKER_04,1270.22,resolution counselor med thank you council president and i just want to also echo the remarks and thank the lancaster rec commission for all it does for our community and for the school district of lancaster and also want to thank all of our public works team members who are dedicated to making sure
"City Council Meeting - July 8, 2025 [wfwoElJE10U]",50,1,5,phi-4,SPEAKER_05,2314.22,Motion to approve. Second.
"City Council Meeting - July 8, 2025 [wfwoElJE10U]",52,4,5,gemma-4-4b;ministral-8b;phi-4;qwen3.5-9b-q8,SPEAKER_05,2322.97,"Thank you, Council President. last committee meeting we did hear from authority solicitor aaron hollis who explained that the request is for 26 million dollars in tax-exempt conduit financing to benefit luther care this is to support the acquisition and development of 37 new homes and limits and oth"
"City Council Meeting - July 8, 2025 [wfwoElJE10U]",58,3,5,gemma-4-4b;ministral-8b;phi-4,SPEAKER_00,2402.73,um from time to time we have the sewer module um plan that we need to amend the pennsylvania department of environmental protection requires the municipality to adopt an official sewage facilities plan providing for services adequate to prevent contamination of the waters of the of the commonwealth 
"City Council Meeting - July 8, 2025 [wfwoElJE10U]",63,1,5,qwen3.5-9b-q8,SPEAKER_08,2481.78,to make public comment at this time please go up to the microphone good evening my name is irene
"City Council Meeting - July 8, 2025 [wfwoElJE10U]",67,3,5,gemma-4-4b;ministral-8b;phi-4,SPEAKER_02,2731.96,period this evening tony dasher 700 block new holland avenue this is the part where i just riffed without prepared notes um actually to the previous public comments we need a resolution to ms grievous's situation because it has been far too long of her coming to council and i actually think that her
"City Council Meeting - July 8, 2025 [wfwoElJE10U]",70,1,5,gemma-4-4b,SPEAKER_08,3275.74,thank you so much for those updates that's incredible and also just to to follow up on your update on the federal grant or federal funding proposals it's it's it's shocking to think the impact that would have on the city of Lancaster and then repeat that hundreds and hundreds of times across the cou
"City Council Meeting - June 10, 2025 [PqPxK5dVghI]_exclusive",8,1,5,gemma-4-4b,SPEAKER_05,467.21,counselor med thank you council president it is an honor to introduce this year's 2025 immigrant refuge immigrant heritage month and world refugee day resolution but we would not be remiss without thinking about the current state that many of our refugee and immigrant neighbors find themselves in An
"City Council Meeting - June 10, 2025 [PqPxK5dVghI]_exclusive",14,2,5,ministral-8b;phi-4,SPEAKER_18,801.33,"This is a change. So thank you, Ramocho, for the insights of the many challenges that are being faced by our refugee and immigrant community. I am here to provide a small update on how the Office of Language Services supports our refugee and immigrant community, especially our neighbors who might be"
"City Council Meeting - June 10, 2025 [PqPxK5dVghI]_exclusive",23,4,5,gemma-4-4b;ministral-8b;qwen3.5-9b-q6;qwen3.5-9b-q8,SPEAKER_10,1613.3,good evening uh tony dash 700 block new holland avenue um juneteenth is a important holiday to celebrate uh lancaster does have a lot of great abolitionists and just if anybody in the room or watching uh wants to learn more about the history of lancaster's involvement in the underground railroad bet
"City Council Meeting - June 10, 2025 [PqPxK5dVghI]_exclusive",29,2,5,gemma-4-4b;phi-4,SPEAKER_10,1826.26,to see tony dash's 700 block new holland avenue i'm also glad to see this uh because i mean this can be said about the first resolution as well with the net with the federal government turning over everything trying to erase people from our country removing transgender individuals from the military 
"City Council Meeting - June 10, 2025 [PqPxK5dVghI]_exclusive",35,4,5,ministral-8b;phi-4;qwen3.5-9b-q6;qwen3.5-9b-q8,SPEAKER_09,2079.62,good evening city council members my name is michael hess and i live at the 500 block of fairview avenue in lancaster pa i've been a resident here for five and a half years and during this time i've grown increasingly concerned about public safety due to the heavy volume of traffic on the section of
"City Council Meeting - June 10, 2025 [PqPxK5dVghI]_exclusive",50,2,5,gemma-4-4b;phi-4,SPEAKER_11,2624.6,any comments on this uh this appointment um i was just very impressed with um christopher mr sloth overall um his view on life and um his experience and background thank you very much
"City Council Meeting - June 10, 2025 [PqPxK5dVghI]_exclusive",54,1,5,phi-4,SPEAKER_11,2719.98,yeah i just i just wanted to hear her counselor craig if you wish sure um his work with um fair trade and his work with the 10 000 villages and what he does what i mean he's been a ton of places where he has been in control of and in charge of helping people sell different products in their own coun
"City Council Meeting - June 10, 2025 [PqPxK5dVghI]_exclusive",55,1,5,phi-4,SPEAKER_04,2769.34,thank you council craig i'll also add that um and then the commission or the committee meeting is online and available for anyone to review but mr salt also actually formed an ethics commission essentially in the fair trade organization so he has a background in forming an ethics commission which is
"City Council Meeting - June 10, 2025 [PqPxK5dVghI]_exclusive",56,4,5,gemma-4-4b;phi-4;qwen3.5-9b-q6;qwen3.5-9b-q8,SPEAKER_10,2798.06,tony dastra 700 block new holland avenue um i also think this result will be a great addition to the ethics commission but i do request that for the record it stated whereabouts in the city these residents do live ms bird and i when we were on the ethics subcommittee for the home rule study commissi
"City Council Meeting - June 10, 2025 [PqPxK5dVghI]_exclusive",62,1,5,phi-4,SPEAKER_05,2887.99,additional words you'd like to say I was very impressed with mr. Colbert's extensive volunteer and professional capacities in which he served at the Boys and Girls Club as well as Thaddeus Stevens and I feel that he will bring a unique and diverse perspective to the ethics Commission which is import
"City Council Meeting - June 10, 2025 [PqPxK5dVghI]_exclusive",71,1,5,gemma-4-4b,SPEAKER_14,2987.77,motioning and seconding counselor Hirsch I was you know impressed with Erica's background in the legal world and this particularly I was impressed by a story she told him which she talked about a time where she kind of had to admit that she made a mistake but felt better about bringing that to light
"City Council Meeting - June 10, 2025 [PqPxK5dVghI]_exclusive",84,3,5,gemma-4-4b;qwen3.5-9b-q6;qwen3.5-9b-q8,SPEAKER_11,3457.46,c is pretty straightforward they're going to replace they need to replace windows and a front door entry as well as a third third floor rear addition and 101 south queen is development of the swan the old swan hotel that is going to be developed into a airbnb with 11 10 or 11 units and i i don't thi
"City Council Meeting - June 10, 2025 [PqPxK5dVghI]_exclusive",85,2,5,qwen3.5-9b-q6;qwen3.5-9b-q8,SPEAKER_04,3494.8,thank you counselor craig to clarify i think the architects and the firm was here they mentioned airbnb but it was an airbnb style hotel yes thank you so not a licensed airbnb no correct and and
"City Council Meeting - June 10, 2025 [PqPxK5dVghI]_exclusive",86,2,5,qwen3.5-9b-q6;qwen3.5-9b-q8,SPEAKER_02,3510.8,betsy is here um a senior planner great for any right i was looking for the gentleman that was
"City Council Meeting - June 10, 2025 [PqPxK5dVghI]_exclusive",88,2,5,ministral-8b;phi-4,SPEAKER_05,3537.64,"Council President, thank you. After hearing the presentation at our committee meeting, I do think this will be a great addition to the tourism industry here in Lancaster and also complement the Convention Center, which is right next door."
"City Council Meeting - June 10, 2025 [PqPxK5dVghI]_exclusive",104,1,5,gemma-4-4b,SPEAKER_15,3784.41,tonight certainly i have nothing additional to add but glad to take any questions members of
"City Council Meeting - June 10, 2025 [PqPxK5dVghI]_exclusive",105,2,5,gemma-4-4b;ministral-8b,SPEAKER_06,3791.14,council council president counselor arroyo just an fyi i'll be abstaining from the vote just because my employer is mentioned in the action plan but fully support it otherwise thank you
"City Council Meeting - June 10, 2025 [PqPxK5dVghI]_exclusive",106,1,5,gemma-4-4b,SPEAKER_04,3803.5,very much any additional council comments on the action plan i'll just say rebecca you and your team have put together it always amazes me how your team puts together this plan with a little less every year but still manages to do just as much if not more every single year so your creativity and you
"City Council Meeting - June 10, 2025 [PqPxK5dVghI]_exclusive",107,1,5,gemma-4-4b,SPEAKER_11,3833.9,to add the thoroughness of the presentation i mean thorough to the point where there is hardly any questions afterwards because you i mean you crossed every t and dotted every eye thank you
"City Council Meeting - June 10, 2025 [PqPxK5dVghI]_exclusive",108,1,5,gemma-4-4b,SPEAKER_14,3848.57,counselor any additional council comments council president thank you um just want to echo my comment that i made at the committee meeting which is that um this pot of money can be allocated to a lot of different things um you know know this from my background uh working at the county level with the
"City Council Meeting - June 10, 2025 [PqPxK5dVghI]_exclusive",113,2,5,qwen3.5-9b-q6;qwen3.5-9b-q8,SPEAKER_03,4042.1,the resolution there's Gomez I just want to piggyback on what Irene said yes there's lots of residents being delayed ignored and denied my father in particularly who is an owner-occupant and me myself we are not given the opportunity nor irene but several of her issues and no she did not say that it
"City Council Meeting - June 10, 2025 [PqPxK5dVghI]_exclusive",114,1,5,phi-4,SPEAKER_10,4188.98,resolution mr. Dastra 700 block New Holland Avenue I just want to thank mr. Arroyo for being transparent about the refusal and I look forward to seeing the
"City Council Meeting - June 10, 2025 [PqPxK5dVghI]_exclusive",120,3,5,gemma-4-4b;ministral-8b;phi-4,SPEAKER_03,4396.64,comment period and I just wanted to add the Spanish interpreter that was here for a translation should have been translating via is this being recorded I'm not sure if it's if it's being recorded she should have been used because she was asked to come for the spanish-speaking people in Lancaster cit
"City Council Meeting - June 10, 2025 [PqPxK5dVghI]_exclusive",123,3,5,gemma-4-4b;ministral-8b;phi-4,SPEAKER_04,4655.35,thank you mayor um and can i ask just a clarifying question because i know that people may have this question it comes up often there's also an addition to street uh improvements uh ugi work going on across the city could you talk a little bit about that and who is doing that and how we
"City Council Meeting - June 10, 2025 [PqPxK5dVghI]_exclusive",127,2,5,qwen3.5-9b-q6;qwen3.5-9b-q8,SPEAKER_04,4905.94,definitely living the experience thank you very much counselor craig any additional council
"City Council Meeting - June 10, 2025 [PqPxK5dVghI]_exclusive",128,3,5,gemma-4-4b;qwen3.5-9b-q6;qwen3.5-9b-q8,SPEAKER_05,4911.58,comments council president if i may counselor ahmed i just want to thank the gentleman who came out and spoke about the importance of pedestrian and uh bikeless uh safety as i spent my afternoon uh visiting a dear friend who's in the trauma unit an lgh who was hit by a vehicle riding his bike this p
"City Council Meeting - June 10, 2025 [PqPxK5dVghI]_standard",8,1,5,gemma-4-4b,SPEAKER_05,467.21,counselor med thank you council president it is an honor to introduce this year's 2025 immigrant refuge immigrant heritage month and world refugee day resolution but we would not be remiss without thinking about the current state that many of our refugee and immigrant neighbors find themselves in An
"City Council Meeting - June 10, 2025 [PqPxK5dVghI]_standard",13,2,5,gemma-4-4b;phi-4,SPEAKER_18,801.33,"This is a change. So thank you, Ramocho, for the insights of the many challenges that are being faced by our refugee and immigrant community. I am here to provide a small update on how the Office of Language Services supports our refugee and immigrant community, especially our neighbors who might be"
"City Council Meeting - June 10, 2025 [PqPxK5dVghI]_standard",18,3,5,gemma-4-4b;qwen3.5-9b-q6;qwen3.5-9b-q8,SPEAKER_07,1330.41,june 19 2025 as juneteenth in the city of lancaster and calling upon all lancastrians to honor the dignity culture and contributions of african americans to the history and life
"City Council Meeting - June 10, 2025 [PqPxK5dVghI]_standard",28,1,5,gemma-4-4b,SPEAKER_10,1826.26,to see tony dash's 700 block new holland avenue i'm also glad to see this uh because i mean this can be said about the first resolution as well with the net with the federal government turning over everything trying to erase people from our country removing transgender individuals from the military 
"City Council Meeting - June 10, 2025 [PqPxK5dVghI]_standard",49,2,5,gemma-4-4b;phi-4,SPEAKER_11,2624.6,any comments on this uh this appointment um i was just very impressed with um christopher mr sloth overall um his view on life and um his experience and background thank you very much
"City Council Meeting - June 10, 2025 [PqPxK5dVghI]_standard",55,2,5,gemma-4-4b;ministral-8b,SPEAKER_10,2798.06,tony dastra 700 block new holland avenue um i also think this result will be a great addition to the ethics commission but i do request that for the record it stated whereabouts in the city these residents do live ms bird and i when we were on the ethics subcommittee for the home rule study commissi
"City Council Meeting - June 10, 2025 [PqPxK5dVghI]_standard",61,2,5,gemma-4-4b;phi-4,SPEAKER_05,2887.99,additional words you'd like to say I was very impressed with mr. Colbert's extensive volunteer and professional capacities in which he served at the Boys and Girls Club as well as Thaddeus Stevens and I feel that he will bring a unique and diverse perspective to the ethics Commission which is import
"City Council Meeting - June 10, 2025 [PqPxK5dVghI]_standard",68,1,5,gemma-4-4b,SPEAKER_14,2966.87,"I will hear a motion. Council President, if I may, I'd like to nominate Erica Molina-Potter."
"City Council Meeting - June 10, 2025 [PqPxK5dVghI]_standard",70,3,5,gemma-4-4b;ministral-8b;phi-4,SPEAKER_14,2987.77,motioning and seconding counselor Hirsch I was you know impressed with Erica's background in the legal world and this particularly I was impressed by a story she told him which she talked about a time where she kind of had to admit that she made a mistake but felt better about bringing that to light
"City Council Meeting - June 10, 2025 [PqPxK5dVghI]_standard",73,4,5,ministral-8b;phi-4;qwen3.5-9b-q6;qwen3.5-9b-q8,SPEAKER_13,3170.42,good evening good evening grant sprunger 500 block of st joseph's street thank you i just want to say i'm very happy to be considered but also hearing the background of all the candidates that were interviewed i am happy that there are people that were chosen that were of vapor's backgrounds that ha
"City Council Meeting - June 10, 2025 [PqPxK5dVghI]_standard",87,3,5,gemma-4-4b;ministral-8b;phi-4,SPEAKER_05,3537.64,"Council President, thank you. After hearing the presentation at our committee meeting, I do think this will be a great addition to the tourism industry here in Lancaster and also complement the Convention Center, which is right next door."
"City Council Meeting - June 10, 2025 [PqPxK5dVghI]_standard",104,3,5,gemma-4-4b;ministral-8b;phi-4,SPEAKER_06,3791.14,council council president counselor arroyo just an fyi i'll be abstaining from the vote just because my employer is mentioned in the action plan but fully support it otherwise thank you
"City Council Meeting - June 10, 2025 [PqPxK5dVghI]_standard",107,3,5,gemma-4-4b;ministral-8b;phi-4,SPEAKER_14,3848.57,counselor any additional council comments council president thank you um just want to echo my comment that i made at the committee meeting which is that um this pot of money can be allocated to a lot of different things um you know know this from my background uh working at the county level with the
"City Council Meeting - June 10, 2025 [PqPxK5dVghI]_standard",110,4,5,ministral-8b;phi-4;qwen3.5-9b-q6;qwen3.5-9b-q8,SPEAKER_17,3939.08,to respond to your questions yes um i have applied for the lab program numerous times not me my tenants have and they've been ignored delayed or denied these grants are supposedly available none have been available to me or my tenants yet my property still remains condemned in four years so where ar
"City Council Meeting - June 10, 2025 [PqPxK5dVghI]_standard",111,2,5,ministral-8b;qwen3.5-9b-q6,SPEAKER_04,4005.4,questions thank you miss Grievous to answer your question a couple things the critical repair program isn't comprised of millions of dollars it's a few hundred thousand dollars the many of the programs within this budget are for owner-occupied dwellings and if there is a tenant the landlord is requi
"City Council Meeting - June 10, 2025 [PqPxK5dVghI]_standard",112,4,5,gemma-4-4b;ministral-8b;phi-4;qwen3.5-9b-q6,SPEAKER_03,4042.1,the resolution there's Gomez I just want to piggyback on what Irene said yes there's lots of residents being delayed ignored and denied my father in particularly who is an owner-occupant and me myself we are not given the opportunity nor irene but several of her issues and no she did not say that it
"City Council Meeting - June 10, 2025 [PqPxK5dVghI]_standard",113,1,5,qwen3.5-9b-q6,SPEAKER_10,4188.98,resolution mr. Dastra 700 block New Holland Avenue I just want to thank mr. Arroyo for being transparent about the refusal and I look forward to seeing the
"City Council Meeting - June 10, 2025 [PqPxK5dVghI]_standard",122,2,5,gemma-4-4b;phi-4,SPEAKER_04,4655.35,thank you mayor um and can i ask just a clarifying question because i know that people may have this question it comes up often there's also an addition to street uh improvements uh ugi work going on across the city could you talk a little bit about that and who is doing that and how we
"City Council Meeting - June 10, 2025 [PqPxK5dVghI]_standard",123,2,5,gemma-4-4b;ministral-8b,SPEAKER_02,4672.63,know they're doing yes so ugi is an independent contractor you'll often see trucks for miller pipeline that are working in neighborhoods that information is also available on the construction page they are responsible not only for trench repair after they dig holes in the street to replace the gas l
"City Council Meeting - June 10, 2025 [PqPxK5dVghI]_standard",125,1,5,phi-4,SPEAKER_11,4864.35,to piggyback on what mr daschle said about um for anybody that has not seen the reenactment of living experience at bethlehem church i went in december and i used to play lydia hamilton smith in that reenactment 25 years ago when they first started it it has grown so much since then and it is so goo
"City Council Meeting - June 10, 2025 [PqPxK5dVghI]_standard",127,3,5,gemma-4-4b;ministral-8b;phi-4,SPEAKER_05,4911.58,comments council president if i may counselor ahmed i just want to thank the gentleman who came out and spoke about the importance of pedestrian and uh bikeless uh safety as i spent my afternoon uh visiting a dear friend who's in the trauma unit an lgh who was hit by a vehicle riding his bike this p
"City Council Meeting - June 24, 2025 [oisLME2wIuo]",5,1,5,ministral-8b,SPEAKER_02,348.72,do we have any we do um tony dastra is our public commenter this evening tony dastra 700 block new
"City Council Meeting - June 24, 2025 [oisLME2wIuo]",10,2,5,qwen3.5-9b-q6;qwen3.5-9b-q8,SPEAKER_11,548.26,deputy directors for the Department of Public Works I oversee the sustainability and environment division last month I was among several city representatives who had the pleasure of serving as judges at the school district of Lancaster's STEM fair we were inspired by the creativity and thoughtfulnes
"City Council Meeting - June 24, 2025 [oisLME2wIuo]",11,3,5,ministral-8b;qwen3.5-9b-q6;qwen3.5-9b-q8,SPEAKER_06,607.11,"I'm nine years old and I go to Wharton Elementary. My science fair project is that the City of Lancaster should ban single-use plastic bags. My research has found that there is three things that happen to plastic bags after we use them. We put them in water, which hurts the animals that live there. "
"City Council Meeting - June 24, 2025 [oisLME2wIuo]",16,4,5,gemma-4-4b;ministral-8b;phi-4;qwen3.5-9b-q8,SPEAKER_10,736.94,"Well, I have always been an advocate of plastic. I'm a scuba diver. So going scuba diving, the last thing I wanna see is our life animals that I would consider sea mammals, especially having that ingested in their bellies. So thank you so much for advocating. continue advocating get your friends tog"
"City Council Meeting - June 24, 2025 [oisLME2wIuo]",18,2,5,gemma-4-4b;ministral-8b,SPEAKER_07,772.51,wanted to echo everybody's uh statements excellent work miss keeler and i look forward to i was coming in here at the last minute but i look forward to looking at all the statistics you've
"City Council Meeting - June 24, 2025 [oisLME2wIuo]",27,3,5,gemma-4-4b;ministral-8b;phi-4,SPEAKER_05,2407.74,for the presentation uh very very helpful um just two questions that i have on my end can you clarify sewer partners is that other municipalities that are considered sewer customers
"City Council Meeting - June 24, 2025 [oisLME2wIuo]",28,1,5,phi-4,SPEAKER_08,2418.94,or is it yes we have we work with approximately eight to twelve other municipalities and for the the sewer lines that are outside of the city limits we work with those municipalities uh and they have a long-term agreement with us to partner to share uh the costs related to operations and and the uh 
"City Council Meeting - June 24, 2025 [oisLME2wIuo]",29,1,5,phi-4,SPEAKER_05,2454.97,percent of the the sewer investments thank you uh and the second one is uh i guess each year when we're presenting the capital budget to council is that at that point in time will council be um given a progress report on what projects are happening throughout the year or have been done is that at th
"City Council Meeting - June 24, 2025 [oisLME2wIuo]",32,3,5,gemma-4-4b;ministral-8b;phi-4,SPEAKER_03,2540.23,counselor craig thank you council um i think i already know the answer to this but the future debt planning of 159.2 million although that's in the future there is a possibility that we could
"City Council Meeting - June 24, 2025 [oisLME2wIuo]",34,2,5,gemma-4-4b;phi-4,SPEAKER_03,2562.29,to make sure i understood it correct counselor diaz um mr campbell looking at the um the season
"City Council Meeting - June 24, 2025 [oisLME2wIuo]",35,2,5,ministral-8b;phi-4,SPEAKER_10,2575.86,currently would you say that we're not having a drought right now because it's been raining so
"City Council Meeting - June 24, 2025 [oisLME2wIuo]",37,3,5,gemma-4-4b;ministral-8b;phi-4,SPEAKER_10,2663.1,in regards to um the grants have you have we received any additional objections or denials from the federal government at all because i know that there's a a lot of things that have been cut but i wasn't sure if we might have received anything additional
"City Council Meeting - June 24, 2025 [oisLME2wIuo]",40,2,5,gemma-4-4b;phi-4,SPEAKER_04,2700.26,comments from council councillor ahmed uh thank you council royal and thank you to both director campbell's i really appreciate the forward thinking of this capital plan um my question is regarding the 2028 bond if we are unable to secure the other 29 million what would be the feasibility of obtaini
"City Council Meeting - June 24, 2025 [oisLME2wIuo]",42,3,5,gemma-4-4b;ministral-8b;phi-4,SPEAKER_04,2736.93,year um and in 2027 as well thank you and my my second question was regarding the other financing given some of the preventative maintenance that we'll do and you know investments in green infrastructure could we see the total projected funds needed could this be reduced in any way
"City Council Meeting - June 24, 2025 [oisLME2wIuo]",45,1,5,phi-4,SPEAKER_01,3110.03,can i just add briefly um two things one is this um tool that um steve mentioned earlier that we have now is is wonderful we've been very excited about it um but it's also helping us to prioritize projects so um i talked about this in the fall and we can talk more about it in july but we also focus 
"City Council Meeting - June 24, 2025 [oisLME2wIuo]",46,3,5,gemma-4-4b;ministral-8b;phi-4,SPEAKER_04,3196.18,they're happening now as well thank you that was very thorough and you kind of alluded to my final question with that additional 51.8 million what is the budgetary impact on you know future projections and was that included with
"City Council Meeting - June 24, 2025 [oisLME2wIuo]",49,4,5,gemma-4-4b;ministral-8b;phi-4;qwen3.5-9b-q8,SPEAKER_03,3229.56,counselor craig thank you the water main you said it's it's seven the lifespan is seven years 70 70 years so how far over 70 are we i'm not wanting to scare anybody but we're we're a good
"City Council Meeting - June 24, 2025 [oisLME2wIuo]",51,3,5,gemma-4-4b;ministral-8b;phi-4,SPEAKER_03,3265.08,"And I ask that question because, you know, we need to know the gravity of what we're facing and how important it is to get these things addressed as fast as humanly possible, you know? So thank you."
"City Council Meeting - June 24, 2025 [oisLME2wIuo]",56,2,5,gemma-4-4b;ministral-8b,SPEAKER_00,3395.96,senior planner uh city um this plan uh this sewer amendment is for 523 woodward street um this property is being subdivided um and so it's going from one parcel to three parcels and what the land developer is doing is adding on so it's a it's a group of row homes and the developer is adding on to th
"City Council Meeting - March 11, 2025 [fWjyrXs1ebs]_exclusive",41,3,5,ministral-8b;phi-4;qwen3.5-9b-q8,SPEAKER_18,2878.4,Marshall Miller.
"City Council Meeting - March 11, 2025 [fWjyrXs1ebs]_exclusive",44,1,5,gemma-4-4b,SPEAKER_09,3249.37,good evening my name is michelle batt i am the president of the lancaster bail fund but i am not here today in my capacity as that uh president jessica lopez spoke well enough for our organization and for herself I am here as an attorney I am specifically I had the privilege of serving our indigent 
"City Council Meeting - March 11, 2025 [fWjyrXs1ebs]_exclusive",48,2,5,gemma-4-4b;phi-4,SPEAKER_08,3845.11,thank you council president the public works committee did meet on our committee excuse me March 3rd there was no legislative action taken or considered but we did hear a report from the Department of Public Works on the city's revamped trees for people program they gave us a lot of exciting updates
"City Council Meeting - March 11, 2025 [fWjyrXs1ebs]_exclusive",56,1,5,gemma-4-4b,SPEAKER_15,3929.29,"Yes, we had met, and we spoke on resolution 80-2025, 2025 which would be removing all the older records and disposing them and I would bring that up on our next agenda legislation. Thank you. And Personnel Committee, Councilor Cleese."
"City Council Meeting - March 11, 2025 [fWjyrXs1ebs]_exclusive",63,3,5,gemma-4-4b;qwen3.5-9b-q6;qwen3.5-9b-q8,SPEAKER_07,4138.66,this one on the appointments and who senator martin is to do that thank you andre brock of
"City Council Meeting - March 11, 2025 [fWjyrXs1ebs]_exclusive",64,2,5,qwen3.5-9b-q6;qwen3.5-9b-q8,SPEAKER_29,4151.12,coral street now gave him the decision to do this this is written into the bylaws of the
"City Council Meeting - March 11, 2025 [fWjyrXs1ebs]_exclusive",65,3,5,ministral-8b;qwen3.5-9b-q6;qwen3.5-9b-q8,SPEAKER_07,4160.98,chris board so you guys are going to hire from other cities to come here and what to do or how
"City Council Meeting - March 11, 2025 [fWjyrXs1ebs]_exclusive",66,2,5,gemma-4-4b;phi-4,SPEAKER_29,4167.68,to do our neighborhood volunteer position this is not a hire but still we we got alumni from
"City Council Meeting - March 11, 2025 [fWjyrXs1ebs]_exclusive",67,1,5,phi-4,SPEAKER_07,4174.45,mccaskey that could do that my grandson is in college right now he could do that you go and
"City Council Meeting - March 11, 2025 [fWjyrXs1ebs]_exclusive",68,1,5,phi-4,SPEAKER_29,4182.87,get people from outside to do that thank you and i apologize it's not about it's a state law i need additional comments from the public on appointments before us
"City Council Meeting - March 11, 2025 [fWjyrXs1ebs]_exclusive",71,3,5,phi-4;qwen3.5-9b-q6;qwen3.5-9b-q8,SPEAKER_01,4271.87,"on the appointments Darlene Byrd Ann Street I think this is an opportunity for for council to help and educate the voters and the public. We come before council with nominations for many of our commissions and our authorities. There is very little information out there on what the responsibilities, "
"City Council Meeting - March 11, 2025 [fWjyrXs1ebs]_exclusive",73,1,5,gemma-4-4b,SPEAKER_31,4342.56,"As a member of the personnel committee, I do want to state that Mr. Grosh did come before the committee at the Monday meeting. Mr. Grosh was appointed by Senator Scott Martin. He has been practicing law in the city for many years. Senator Scott Martin's office believed that he would bring a unique p"
"City Council Meeting - March 11, 2025 [fWjyrXs1ebs]_exclusive",77,2,5,gemma-4-4b;phi-4,SPEAKER_41,4461.84,found that the change in the storefront window was an appropriate modern alteration for the use that was approved by the zoning hearing board and they
"City Council Meeting - March 11, 2025 [fWjyrXs1ebs]_exclusive",84,1,5,gemma-4-4b,SPEAKER_29,4699.23,to financing of these sort of projects yeah sewer sorry yeah I don't know why I was saying trash yes so the the water rate has already started the sewer rate
"City Council Meeting - March 11, 2025 [fWjyrXs1ebs]_exclusive",88,2,5,qwen3.5-9b-q6;qwen3.5-9b-q8,SPEAKER_29,4873.3,has in this city especially neighborhood engagement so I say that because there's
"City Council Meeting - March 11, 2025 [fWjyrXs1ebs]_exclusive",89,2,5,qwen3.5-9b-q6;qwen3.5-9b-q8,SPEAKER_28,4886.68,not enough information that is being given to the taxpayers in Lancaster City about decisions that you guys are making that we have to follow protocol I need
"City Council Meeting - March 11, 2025 [fWjyrXs1ebs]_exclusive",91,4,5,gemma-4-4b;ministral-8b;phi-4;qwen3.5-9b-q6,SPEAKER_28,4908.72,the debt is 391 million dollars and I'm not saying that this occurred in the last two years I'm saying that this occurred in the last seven years the water issue that we have in the plant was known 30 years ago we are sitting on our last 10 years as to whether or not you guys raised enough money to 
"City Council Meeting - March 11, 2025 [fWjyrXs1ebs]_exclusive",95,4,5,ministral-8b;phi-4;qwen3.5-9b-q6;qwen3.5-9b-q8,SPEAKER_34,5040.47,reading good evening hi my name is lucas i live in the 400 block of west marion uh just so the public has knowledge of where to find this uh where could we look at these ordinances before
"City Council Meeting - March 11, 2025 [fWjyrXs1ebs]_exclusive",98,1,5,phi-4,SPEAKER_31,5131.69,as previously mentioned at the start of the meeting i have made a requested report for our next meeting of council uh from the public safety um and uh although this is a routine resolution i believe it is best to table it until we have that report at our next meeting so i make a motion to table this
"City Council Meeting - March 11, 2025 [fWjyrXs1ebs]_exclusive",108,1,5,gemma-4-4b,SPEAKER_29,5309.4,effect for this council or attorney can you clarify that yeah that way we can inform the public on things going on $365 hourly rate if we choose and we do use the attorney during this year yeah from taxpayer dollars because you can't do your job good evening Nicholas Rodriguez 100 block of East Waln
"City Council Meeting - March 11, 2025 [fWjyrXs1ebs]_exclusive",109,2,5,ministral-8b;phi-4,SPEAKER_35,5378.02,Street just for clarification education could you describe some use cases where it would be necessary for either the city or the council to call on this
"City Council Meeting - March 11, 2025 [fWjyrXs1ebs]_exclusive",111,2,5,gemma-4-4b;qwen3.5-9b-q6,SPEAKER_14,5417.14,"Yeah, it's not called mediation, but it's similar to that so they would potentially help with Negotiations if we if we get to a point where we can't agree on certain things within the contracts Those would be negotiated through the attorney We they would also help us to make sure that the contract l"
"City Council Meeting - March 11, 2025 [fWjyrXs1ebs]_exclusive",113,1,5,qwen3.5-9b-q6,SPEAKER_34,5453.31,previous comments um so they wouldn't be paid or charged until we engage with them in regards to
"City Council Meeting - March 11, 2025 [fWjyrXs1ebs]_exclusive",119,1,5,gemma-4-4b,SPEAKER_18,5545.64,comments on the resolution from the public hearing on mr. Harris and we also
"City Council Meeting - March 11, 2025 [fWjyrXs1ebs]_exclusive",131,2,5,qwen3.5-9b-q6;qwen3.5-9b-q8,SPEAKER_01,6277.99,make some clarity we're talking about having a review board the city of Lancaster has never had an independent police review board or a community review board we keep talking about reinstating it there was not one the review board needs to have some teeth to it a lot of this was brought up when we u
"City Council Meeting - March 11, 2025 [fWjyrXs1ebs]_exclusive",136,4,5,gemma-4-4b;phi-4;qwen3.5-9b-q6;qwen3.5-9b-q8,SPEAKER_04,6984.38,"Tony D'Astra, 700 block New Holland Avenue. Before I forget I want to actually agree with Mr. Matt Boyer back there that there should be a study done on that intersection and if a study is done I'd encourage you to look into evaluating all-way stops or all-way crossings where everything's a pedestri"
"City Council Meeting - March 11, 2025 [fWjyrXs1ebs]_exclusive",139,3,5,gemma-4-4b;ministral-8b;phi-4,SPEAKER_42,7227.07,"Okay, good. I don't really talk in the microphones all day so I'm going to try and make this as streamlined as possible."
"City Council Meeting - March 11, 2025 [fWjyrXs1ebs]_exclusive",142,4,5,ministral-8b;phi-4;qwen3.5-9b-q6;qwen3.5-9b-q8,SPEAKER_16,7338.31,Jessica Lopez Lancaster resident I promise I'm not coming back to yellow one let me say that yes there are unions and you still without union issues put that man on the desk don't let him out his office you don't want to fire him he's hiding behind the Union put him in the office do not give him a g
"City Council Meeting - March 11, 2025 [fWjyrXs1ebs]_exclusive",143,4,5,ministral-8b;phi-4;qwen3.5-9b-q6;qwen3.5-9b-q8,SPEAKER_40,7542.93,Diane Desmond I live off Route 30 stones throw away from the state police so I wanted to in the interest of keeping the council accountable there was a promise during the first round of public comments that you would recall the names of the people who were not first there and then just was hoping th
"City Council Meeting - March 11, 2025 [fWjyrXs1ebs]_exclusive",145,1,5,qwen3.5-9b-q6,SPEAKER_29,7748.36,that's all I have to say typically we we have a one three minutes but it's your first meeting and I'm sure being here so all right honestly I wanted a Cordell
"City Council Meeting - March 11, 2025 [fWjyrXs1ebs]_exclusive",146,4,5,ministral-8b;phi-4;qwen3.5-9b-q6;qwen3.5-9b-q8,SPEAKER_10,7769.63,booth 400 block Lucas I just said what that lady said before me I forgot her name i'm sorry uh she's right what the hell are the school resource officers doing at my school listen i respect them i talk to them i try to communicate with them i mean for when i see them they don't do anything they sit 
"City Council Meeting - March 11, 2025 [fWjyrXs1ebs]_exclusive",151,3,5,ministral-8b;qwen3.5-9b-q6;qwen3.5-9b-q8,SPEAKER_28,8185.44,comments for this is here okay this is just for uh suzy gomez 100 block of north reservoir street this is just for clarity i am about to be 50 years old in nine months i have a 32 year old and a 27-year-old. I literally had to take to address an officer to remove the handcuffs off of my son because 
"City Council Meeting - March 11, 2025 [fWjyrXs1ebs]_exclusive",154,2,5,qwen3.5-9b-q6;qwen3.5-9b-q8,SPEAKER_29,8396.86,The chief of police normally doesn't attend regular meetings unless there's a report that's been requested like we were talking about earlier. The mayor typically does attend these meetings. She has a prior commitment and was not able to be here and that's as much as I can say. I don't have a way to
"City Council Meeting - March 11, 2025 [fWjyrXs1ebs]_exclusive",155,2,5,qwen3.5-9b-q6;qwen3.5-9b-q8,SPEAKER_17,8418.3,"Okay, thank you."
"City Council Meeting - March 11, 2025 [fWjyrXs1ebs]_exclusive",157,4,5,gemma-4-4b;ministral-8b;qwen3.5-9b-q6;qwen3.5-9b-q8,SPEAKER_00,8470.66,you Alessandra McAleely 100 block south and straight up just have a quick question is anybody filing assault charges against these officers I have no
"City Council Meeting - March 11, 2025 [fWjyrXs1ebs]_exclusive",158,3,5,gemma-4-4b;qwen3.5-9b-q6;qwen3.5-9b-q8,SPEAKER_29,8502.1,knowledge of any charges that are wrong I don't know one way or the other has he even been put on administrative leave i do not know the answer to that question how do we get the answers i suspect that there will be additional communications coming out from the police bureau in the coming days it's 
"City Council Meeting - March 11, 2025 [fWjyrXs1ebs]_exclusive",161,2,5,qwen3.5-9b-q6;qwen3.5-9b-q8,SPEAKER_27,8543.24,"comments. Thank you. It was just a quick question. What's the best way to reach out to counselors to give our grievances and to work with y'all to get to see what we, the change that we want done? Obviously people can just come and yell at you, but like what's the most productive way to get stuff do"
"City Council Meeting - March 11, 2025 [fWjyrXs1ebs]_exclusive",163,2,5,gemma-4-4b;ministral-8b,SPEAKER_27,8577.64,at cityoflancaster.gov. And do you have any information about the social workers that work within the police department and if they were involved in this incident? I have no information
"City Council Meeting - March 11, 2025 [fWjyrXs1ebs]_exclusive",166,2,5,qwen3.5-9b-q6;qwen3.5-9b-q8,SPEAKER_29,8785.39,I would like to say that it was very disturbing watching the video and just like Amanda says
"City Council Meeting - March 11, 2025 [fWjyrXs1ebs]_exclusive",167,4,5,ministral-8b;phi-4;qwen3.5-9b-q6;qwen3.5-9b-q8,SPEAKER_15,8806.6,just because I don't have children it doesn't mean I don't understand. I lost I lost a nephew who I was going to adopt at the age of 17 because he had cancer and he was bullied because he was So I also understand that. I have worked with the police. I have worked very hard to find ways to make it be
"City Council Meeting - March 11, 2025 [fWjyrXs1ebs]_exclusive",169,1,5,phi-4,SPEAKER_30,8939.38,thank you council president uh just wanted to address the crowd that's here this evening um first thank you for coming this evening to share your thoughts your concerns your ideas um you know as my colleagues have mentioned you know part of the process whenever we're trying to find solutions is comi
"City Council Meeting - March 11, 2025 [fWjyrXs1ebs]_exclusive",171,2,5,gemma-4-4b;phi-4,SPEAKER_02,9091.56,"i'm sorry sir yes since council members you've seen the decision yes make sure this office at least put on administrative fees for the next 40, 24 years."
"City Council Meeting - March 11, 2025 [fWjyrXs1ebs]_standard",41,3,5,ministral-8b;phi-4;qwen3.5-9b-q8,SPEAKER_18,2878.4,Marshall Miller.
"City Council Meeting - March 11, 2025 [fWjyrXs1ebs]_standard",44,1,5,gemma-4-4b,SPEAKER_09,3249.37,good evening my name is michelle batt i am the president of the lancaster bail fund but i am not here today in my capacity as that uh president jessica lopez spoke well enough for our organization and for herself I am here as an attorney I am specifically I had the privilege of serving our indigent 
"City Council Meeting - March 11, 2025 [fWjyrXs1ebs]_standard",48,2,5,gemma-4-4b;phi-4,SPEAKER_08,3845.11,thank you council president the public works committee did meet on our committee excuse me March 3rd there was no legislative action taken or considered but we did hear a report from the Department of Public Works on the city's revamped trees for people program they gave us a lot of exciting updates
"City Council Meeting - March 11, 2025 [fWjyrXs1ebs]_standard",56,1,5,gemma-4-4b,SPEAKER_15,3929.29,"Yes, we had met, and we spoke on resolution 80-2025, 2025 which would be removing all the older records and disposing them and I would bring that up on our next agenda legislation. Thank you. And Personnel Committee, Councilor Cleese."
"City Council Meeting - March 11, 2025 [fWjyrXs1ebs]_standard",63,3,5,gemma-4-4b;qwen3.5-9b-q6;qwen3.5-9b-q8,SPEAKER_07,4138.66,this one on the appointments and who senator martin is to do that thank you andre brock of
"City Council Meeting - March 11, 2025 [fWjyrXs1ebs]_standard",64,2,5,qwen3.5-9b-q6;qwen3.5-9b-q8,SPEAKER_29,4151.12,coral street now gave him the decision to do this this is written into the bylaws of the
"City Council Meeting - March 11, 2025 [fWjyrXs1ebs]_standard",65,3,5,ministral-8b;qwen3.5-9b-q6;qwen3.5-9b-q8,SPEAKER_07,4160.98,chris board so you guys are going to hire from other cities to come here and what to do or how
"City Council Meeting - March 11, 2025 [fWjyrXs1ebs]_standard",66,2,5,gemma-4-4b;phi-4,SPEAKER_29,4167.68,to do our neighborhood volunteer position this is not a hire but still we we got alumni from
"City Council Meeting - March 11, 2025 [fWjyrXs1ebs]_standard",67,1,5,phi-4,SPEAKER_07,4174.45,mccaskey that could do that my grandson is in college right now he could do that you go and
"City Council Meeting - March 11, 2025 [fWjyrXs1ebs]_standard",68,1,5,phi-4,SPEAKER_29,4182.87,get people from outside to do that thank you and i apologize it's not about it's a state law i need additional comments from the public on appointments before us
"City Council Meeting - March 11, 2025 [fWjyrXs1ebs]_standard",71,3,5,phi-4;qwen3.5-9b-q6;qwen3.5-9b-q8,SPEAKER_01,4271.87,"on the appointments Darlene Byrd Ann Street I think this is an opportunity for for council to help and educate the voters and the public. We come before council with nominations for many of our commissions and our authorities. There is very little information out there on what the responsibilities, "
"City Council Meeting - March 11, 2025 [fWjyrXs1ebs]_standard",73,1,5,gemma-4-4b,SPEAKER_31,4342.56,"As a member of the personnel committee, I do want to state that Mr. Grosh did come before the committee at the Monday meeting. Mr. Grosh was appointed by Senator Scott Martin. He has been practicing law in the city for many years. Senator Scott Martin's office believed that he would bring a unique p"
"City Council Meeting - March 11, 2025 [fWjyrXs1ebs]_standard",77,2,5,gemma-4-4b;phi-4,SPEAKER_41,4461.84,found that the change in the storefront window was an appropriate modern alteration for the use that was approved by the zoning hearing board and they
"City Council Meeting - March 11, 2025 [fWjyrXs1ebs]_standard",84,1,5,gemma-4-4b,SPEAKER_29,4699.23,to financing of these sort of projects yeah sewer sorry yeah I don't know why I was saying trash yes so the the water rate has already started the sewer rate
"City Council Meeting - March 11, 2025 [fWjyrXs1ebs]_standard",88,2,5,qwen3.5-9b-q6;qwen3.5-9b-q8,SPEAKER_29,4873.3,has in this city especially neighborhood engagement so I say that because there's
"City Council Meeting - March 11, 2025 [fWjyrXs1ebs]_standard",89,2,5,qwen3.5-9b-q6;qwen3.5-9b-q8,SPEAKER_28,4886.68,not enough information that is being given to the taxpayers in Lancaster City about decisions that you guys are making that we have to follow protocol I need
"City Council Meeting - March 11, 2025 [fWjyrXs1ebs]_standard",91,4,5,gemma-4-4b;ministral-8b;phi-4;qwen3.5-9b-q6,SPEAKER_28,4908.72,the debt is 391 million dollars and I'm not saying that this occurred in the last two years I'm saying that this occurred in the last seven years the water issue that we have in the plant was known 30 years ago we are sitting on our last 10 years as to whether or not you guys raised enough money to 
"City Council Meeting - March 11, 2025 [fWjyrXs1ebs]_standard",95,4,5,ministral-8b;phi-4;qwen3.5-9b-q6;qwen3.5-9b-q8,SPEAKER_34,5040.47,reading good evening hi my name is lucas i live in the 400 block of west marion uh just so the public has knowledge of where to find this uh where could we look at these ordinances before
"City Council Meeting - March 11, 2025 [fWjyrXs1ebs]_standard",98,1,5,phi-4,SPEAKER_31,5131.69,as previously mentioned at the start of the meeting i have made a requested report for our next meeting of council uh from the public safety um and uh although this is a routine resolution i believe it is best to table it until we have that report at our next meeting so i make a motion to table this
"City Council Meeting - March 11, 2025 [fWjyrXs1ebs]_standard",108,1,5,gemma-4-4b,SPEAKER_29,5309.4,effect for this council or attorney can you clarify that yeah that way we can inform the public on things going on $365 hourly rate if we choose and we do use the attorney during this year yeah from taxpayer dollars because you can't do your job good evening Nicholas Rodriguez 100 block of East Waln
"City Council Meeting - March 11, 2025 [fWjyrXs1ebs]_standard",109,2,5,ministral-8b;phi-4,SPEAKER_35,5378.02,Street just for clarification education could you describe some use cases where it would be necessary for either the city or the council to call on this
"City Council Meeting - March 11, 2025 [fWjyrXs1ebs]_standard",111,2,5,gemma-4-4b;qwen3.5-9b-q6,SPEAKER_14,5417.14,"Yeah, it's not called mediation, but it's similar to that so they would potentially help with Negotiations if we if we get to a point where we can't agree on certain things within the contracts Those would be negotiated through the attorney We they would also help us to make sure that the contract l"
"City Council Meeting - March 11, 2025 [fWjyrXs1ebs]_standard",113,1,5,qwen3.5-9b-q6,SPEAKER_34,5453.31,previous comments um so they wouldn't be paid or charged until we engage with them in regards to
"City Council Meeting - March 11, 2025 [fWjyrXs1ebs]_standard",119,1,5,gemma-4-4b,SPEAKER_18,5545.64,comments on the resolution from the public hearing on mr. Harris and we also
"City Council Meeting - March 11, 2025 [fWjyrXs1ebs]_standard",131,2,5,qwen3.5-9b-q6;qwen3.5-9b-q8,SPEAKER_01,6277.99,make some clarity we're talking about having a review board the city of Lancaster has never had an independent police review board or a community review board we keep talking about reinstating it there was not one the review board needs to have some teeth to it a lot of this was brought up when we u
"City Council Meeting - March 11, 2025 [fWjyrXs1ebs]_standard",136,4,5,gemma-4-4b;phi-4;qwen3.5-9b-q6;qwen3.5-9b-q8,SPEAKER_04,6984.38,"Tony D'Astra, 700 block New Holland Avenue. Before I forget I want to actually agree with Mr. Matt Boyer back there that there should be a study done on that intersection and if a study is done I'd encourage you to look into evaluating all-way stops or all-way crossings where everything's a pedestri"
"City Council Meeting - March 11, 2025 [fWjyrXs1ebs]_standard",139,3,5,gemma-4-4b;ministral-8b;phi-4,SPEAKER_42,7227.07,"Okay, good. I don't really talk in the microphones all day so I'm going to try and make this as streamlined as possible."
"City Council Meeting - March 11, 2025 [fWjyrXs1ebs]_standard",142,4,5,ministral-8b;phi-4;qwen3.5-9b-q6;qwen3.5-9b-q8,SPEAKER_16,7338.31,Jessica Lopez Lancaster resident I promise I'm not coming back to yellow one let me say that yes there are unions and you still without union issues put that man on the desk don't let him out his office you don't want to fire him he's hiding behind the Union put him in the office do not give him a g
"City Council Meeting - March 11, 2025 [fWjyrXs1ebs]_standard",143,4,5,ministral-8b;phi-4;qwen3.5-9b-q6;qwen3.5-9b-q8,SPEAKER_40,7542.93,Diane Desmond I live off Route 30 stones throw away from the state police so I wanted to in the interest of keeping the council accountable there was a promise during the first round of public comments that you would recall the names of the people who were not first there and then just was hoping th
"City Council Meeting - March 11, 2025 [fWjyrXs1ebs]_standard",145,1,5,qwen3.5-9b-q6,SPEAKER_29,7748.36,that's all I have to say typically we we have a one three minutes but it's your first meeting and I'm sure being here so all right honestly I wanted a Cordell
"City Council Meeting - March 11, 2025 [fWjyrXs1ebs]_standard",146,4,5,ministral-8b;phi-4;qwen3.5-9b-q6;qwen3.5-9b-q8,SPEAKER_10,7769.63,booth 400 block Lucas I just said what that lady said before me I forgot her name i'm sorry uh she's right what the hell are the school resource officers doing at my school listen i respect them i talk to them i try to communicate with them i mean for when i see them they don't do anything they sit 
"City Council Meeting - March 11, 2025 [fWjyrXs1ebs]_standard",151,3,5,ministral-8b;qwen3.5-9b-q6;qwen3.5-9b-q8,SPEAKER_28,8185.44,comments for this is here okay this is just for uh suzy gomez 100 block of north reservoir street this is just for clarity i am about to be 50 years old in nine months i have a 32 year old and a 27-year-old. I literally had to take to address an officer to remove the handcuffs off of my son because 
"City Council Meeting - March 11, 2025 [fWjyrXs1ebs]_standard",154,2,5,qwen3.5-9b-q6;qwen3.5-9b-q8,SPEAKER_29,8396.86,The chief of police normally doesn't attend regular meetings unless there's a report that's been requested like we were talking about earlier. The mayor typically does attend these meetings. She has a prior commitment and was not able to be here and that's as much as I can say. I don't have a way to
"City Council Meeting - March 11, 2025 [fWjyrXs1ebs]_standard",155,2,5,qwen3.5-9b-q6;qwen3.5-9b-q8,SPEAKER_17,8418.3,"Okay, thank you."
"City Council Meeting - March 11, 2025 [fWjyrXs1ebs]_standard",157,4,5,gemma-4-4b;ministral-8b;qwen3.5-9b-q6;qwen3.5-9b-q8,SPEAKER_00,8470.66,you Alessandra McAleely 100 block south and straight up just have a quick question is anybody filing assault charges against these officers I have no
"City Council Meeting - March 11, 2025 [fWjyrXs1ebs]_standard",158,3,5,gemma-4-4b;qwen3.5-9b-q6;qwen3.5-9b-q8,SPEAKER_29,8502.1,knowledge of any charges that are wrong I don't know one way or the other has he even been put on administrative leave i do not know the answer to that question how do we get the answers i suspect that there will be additional communications coming out from the police bureau in the coming days it's 
"City Council Meeting - March 11, 2025 [fWjyrXs1ebs]_standard",161,2,5,qwen3.5-9b-q6;qwen3.5-9b-q8,SPEAKER_27,8543.24,"comments. Thank you. It was just a quick question. What's the best way to reach out to counselors to give our grievances and to work with y'all to get to see what we, the change that we want done? Obviously people can just come and yell at you, but like what's the most productive way to get stuff do"
"City Council Meeting - March 11, 2025 [fWjyrXs1ebs]_standard",163,2,5,gemma-4-4b;ministral-8b,SPEAKER_27,8577.64,at cityoflancaster.gov. And do you have any information about the social workers that work within the police department and if they were involved in this incident? I have no information
"City Council Meeting - March 11, 2025 [fWjyrXs1ebs]_standard",165,4,5,gemma-4-4b;phi-4;qwen3.5-9b-q6;qwen3.5-9b-q8,SPEAKER_08,8685.5,because i do want to address the the very full room that we have here tonight
"City Council Meeting - March 11, 2025 [fWjyrXs1ebs]_standard",166,3,5,phi-4;qwen3.5-9b-q6;qwen3.5-9b-q8,SPEAKER_34,8689.74,and i want to say thank you all for coming exercising your first amendment right to
"City Council Meeting - March 11, 2025 [fWjyrXs1ebs]_standard",167,4,5,ministral-8b;phi-4;qwen3.5-9b-q6;qwen3.5-9b-q8,SPEAKER_08,8694.22,petition to assemble and to protest and it's your right to yell at us and we have to listen so that's that's part of the job i really don't have a lot to say i don't want to say all that much about the incident because all i'm going to say is that there needs to be a thorough a thorough investigatio
"City Council Meeting - March 11, 2025 [fWjyrXs1ebs]_standard",168,4,5,gemma-4-4b;ministral-8b;qwen3.5-9b-q6;qwen3.5-9b-q8,SPEAKER_29,8785.39,I would like to say that it was very disturbing watching the video and just like Amanda says
"City Council Meeting - March 11, 2025 [fWjyrXs1ebs]_standard",170,4,5,ministral-8b;phi-4;qwen3.5-9b-q6;qwen3.5-9b-q8,SPEAKER_31,8847.92,care and I just want to thank everybody who came out and spoke tonight and I was disturbed by the videos as well and you know some of the comments that are made today what is the power of counsel in these matters I have one of the powers council is reports requested for council and that's why i have
"City Council Meeting - March 25, 2025 [Ifn8fwwBK0I]_exclusive",21,3,5,gemma-4-4b;ministral-8b;phi-4,SPEAKER_17,1582.36,"Okay, so you have in front of you a page from the newspaper article where Amanda, Izzy, and Xavier, and Jamie were also in a riot at the protest. Here, uh it was told to this council that they were to create um a commission for blacks and browns affairs can you since amanda's not here jamie tell me "
"City Council Meeting - March 25, 2025 [Ifn8fwwBK0I]_exclusive",23,1,5,phi-4,SPEAKER_17,1616.92,your public comment am i done with my public comment that's a question sir yes are you refusing to answer no I'm not done with my public comment I'm asking a question are you refusing to answer there was a policy that was pushed in 2020 and miss vacay had asked council to do the same exact thing and
"City Council Meeting - March 25, 2025 [Ifn8fwwBK0I]_exclusive",24,4,5,ministral-8b;phi-4;qwen3.5-9b-q6;qwen3.5-9b-q8,SPEAKER_20,1678.82,what I'm asking you is a simple question what happened yeah I think I'm done with
"City Council Meeting - March 25, 2025 [Ifn8fwwBK0I]_exclusive",32,1,5,gemma-4-4b,SPEAKER_26,2155.06,Can you turn up the volume? It's very hard to hear. We cannot hear.
"City Council Meeting - March 25, 2025 [Ifn8fwwBK0I]_exclusive",35,1,5,phi-4,SPEAKER_12,2444.69,good evening members mayor and members of council with that introduction I'm just really going to update you on discussion we had during the Finance Committee on March the 3rd miss Campbell already indicated that we went through the rating process we also put together an official statement or offici
"City Council Meeting - March 25, 2025 [Ifn8fwwBK0I]_exclusive",38,2,5,gemma-4-4b;phi-4,SPEAKER_19,3202.36,question um and mainly just regarding the general fund projects uh it says that the dated date is 4 29 is that when the funds will be available to the city or when will these funds be available to the city after the passage of the ordinance uh yes your your assessment is absolutely
"City Council Meeting - March 25, 2025 [Ifn8fwwBK0I]_exclusive",40,3,5,gemma-4-4b;ministral-8b;phi-4,SPEAKER_19,3231.22,for director campbell uh given that the 429 date is when the funds will be available when will we see the schedule of the projects uh start to happen and will council have to re um well we have to re-vote on those uh ordinances or will the city keep us abreast of one of these projects some of these 
"City Council Meeting - March 25, 2025 [Ifn8fwwBK0I]_exclusive",43,3,5,gemma-4-4b;ministral-8b;phi-4,SPEAKER_19,3334.5,i thank you and i look forward to those updates thank you counselor oh there we go any other
"City Council Meeting - March 25, 2025 [Ifn8fwwBK0I]_exclusive",54,2,5,gemma-4-4b;ministral-8b,SPEAKER_17,3688.29,"OK, Susie, do I have to say it again? Yes, please. Susie Gomez, North 100 block of North Reservoir Street. So while you guys are looking at projective reports and planning for your futures ahead, and a home rule is basically a positive view in the city because taxpayers are the only ones that are go"
"City Council Meeting - March 25, 2025 [Ifn8fwwBK0I]_exclusive",56,4,5,ministral-8b;phi-4;qwen3.5-9b-q6;qwen3.5-9b-q8,SPEAKER_06,3853.38,I just want to say it's embarrassing the political sleight of hand you pulled when that gentleman asked about which banks and financial institutions you're collaborating with. These are institutions that cause untold suffering across the world that are collaborating with our fascist government in Wa
"City Council Meeting - March 25, 2025 [Ifn8fwwBK0I]_exclusive",58,1,5,qwen3.5-9b-q8,SPEAKER_20,3961.8,specifically whenever these projects come i know the administration works very hard on the team at
"City Council Meeting - March 25, 2025 [Ifn8fwwBK0I]_exclusive",59,1,5,qwen3.5-9b-q8,SPEAKER_19,3966.04,city hall works very hard to find other funding opportunities many of our projects are grant
"City Council Meeting - March 25, 2025 [Ifn8fwwBK0I]_exclusive",64,3,5,gemma-4-4b;ministral-8b;phi-4,SPEAKER_26,4139.32,believe that I understand the bonds and I understand for the water and everything but I think when we talk about these other projects of parks and everything to actual get a bond to be able to you know do these parks we have come up with a better solution we're talking about 25 years you know how ma
"City Council Meeting - March 25, 2025 [Ifn8fwwBK0I]_exclusive",73,4,5,gemma-4-4b;ministral-8b;qwen3.5-9b-q6;qwen3.5-9b-q8,SPEAKER_03,4511.68,"I appreciate that, Councilor Emmett. Now, so then the question is, where's the real list of what you'll be getting rid of? And how do you really prove that that's what you are getting rid of? We don't have transparency from our police department. We can't go in there whenever we please. That's a fac"
"City Council Meeting - March 25, 2025 [Ifn8fwwBK0I]_exclusive",74,3,5,gemma-4-4b;qwen3.5-9b-q6;qwen3.5-9b-q8,SPEAKER_08,4542.29,tabled again my comment on that I second that this is an extremely tone-deaf thing to put forward to us at this moment in time I think it's disgusting that we would even could talk about it I hope that each and every single one of you votes nay because this is the kind of thing that you know we talk
"City Council Meeting - March 25, 2025 [Ifn8fwwBK0I]_exclusive",76,1,5,qwen3.5-9b-q6,SPEAKER_20,4710.91,can't get justice crazy counselor Diaz would you like to reiterate the explanation around the resolution and what it entails and disposing or what Records is disposing of just for clarity for the public for clarity as Jessica
"City Council Meeting - March 25, 2025 [Ifn8fwwBK0I]_exclusive",77,1,5,qwen3.5-9b-q6,SPEAKER_11,4732.28,said we would need to speak to the mayor because she is the one that authorizes
"City Council Meeting - March 25, 2025 [Ifn8fwwBK0I]_exclusive",82,4,5,ministral-8b;phi-4;qwen3.5-9b-q6;qwen3.5-9b-q8,SPEAKER_11,4938.19,so who is youth say no it's that easy if i may um counselor counselor i think that what the community is talking about is that they do want a citizen's law enforcement advisory committee and by putting by placing that this is going to give everybody the opportunity to look at records like that and i
"City Council Meeting - March 25, 2025 [Ifn8fwwBK0I]_exclusive",88,1,5,gemma-4-4b,SPEAKER_26,5063.9,public comment starting bird did you say you're waiting on a report and you're hoping you have that report by the april meeting i didn't quite understand that uh yes the last meeting of the
"City Council Meeting - March 25, 2025 [Ifn8fwwBK0I]_exclusive",89,1,5,ministral-8b,SPEAKER_19,5079.57,council i made a motion to table this resolution that was passed unanimously i made that motion into thinking that the report that was requested would happen this evening and given that the community has requested to table it further i will make that motion to table until the april legislative agend
"City Council Meeting - March 25, 2025 [Ifn8fwwBK0I]_exclusive",92,2,5,gemma-4-4b;phi-4,SPEAKER_17,5121.97,will be here for that meeting thank you i really appreciate that and i just want to second uh the bill number 8 2020 to be adopted and looked at by council respectfully i'm just reiterating that you
"City Council Meeting - March 25, 2025 [Ifn8fwwBK0I]_exclusive",95,3,5,gemma-4-4b;ministral-8b;phi-4,SPEAKER_03,5195.58,of course is about what we all really came here for so let me start by saying i echo the members of the community that are already approached and spoke today but trust and believe we expected the reaction that we got at that press conference we expected them to gaslight we expected them to lie and o
"City Council Meeting - March 25, 2025 [Ifn8fwwBK0I]_exclusive",96,4,5,gemma-4-4b;ministral-8b;qwen3.5-9b-q6;qwen3.5-9b-q8,SPEAKER_20,5386.01,Hatfield's been an issue it's not new it's not new these are 20 year plus
"City Council Meeting - March 25, 2025 [Ifn8fwwBK0I]_exclusive",97,4,5,ministral-8b;phi-4;qwen3.5-9b-q6;qwen3.5-9b-q8,SPEAKER_03,5395.51,senior officers that were taught racist policing ways and are embedded in them this is conditioning we all know about racist conditioning so as you continue to perpetuate this cycle and capitalize on us instead of protecting us and I have to say use because user who I talk to and until y'all change 
"City Council Meeting - March 25, 2025 [Ifn8fwwBK0I]_exclusive",98,2,5,qwen3.5-9b-q6;qwen3.5-9b-q8,SPEAKER_20,5459.22,against the the so that's against the agreement we have with the Union yeah but
"City Council Meeting - March 25, 2025 [Ifn8fwwBK0I]_exclusive",99,1,5,phi-4,SPEAKER_03,5469.7,the mayor just said something so I was trying to hear what she was saying so yes that's against what the union contract is what i would say is that a lot of the things that are
"City Council Meeting - March 25, 2025 [Ifn8fwwBK0I]_exclusive",100,1,5,phi-4,SPEAKER_13,5480.37,being discussed there are real limitations and we are talking past each other and so i hear what the demands are there has not been a conversation that's been had outside of this chambers and i'm not sure that anything that i say tonight is going to be helpful to this audience at this
"City Council Meeting - March 25, 2025 [Ifn8fwwBK0I]_exclusive",101,1,5,phi-4,SPEAKER_03,5501.09,moment it's not about what you say it's about what you do that's the thing it's not about what you're talking about or what I'm talking about it's about what
"City Council Meeting - March 25, 2025 [Ifn8fwwBK0I]_exclusive",103,1,5,gemma-4-4b,SPEAKER_03,5519.84,a lot of limitations there there is so is it a facade and we have City Council members and a mayor that's supposed to oversee a department that really
"City Council Meeting - March 25, 2025 [Ifn8fwwBK0I]_exclusive",104,1,5,phi-4,SPEAKER_13,5529.18,oversees itself it is clear that we need to have a better and a shared understanding of the police practices and protocols and the legal constraints that are overseeing the functions of the police here chief Mendez was asked to come and speak to council and he will come to talk about use of force tr
"City Council Meeting - March 25, 2025 [Ifn8fwwBK0I]_exclusive",105,1,5,ministral-8b,SPEAKER_03,5641.12,led by chief mendez that i'm very proud of and that's why you're taking offense instead of addressing the situation i understand you put in work to change the department yes you fired a few people you did this you did that well there's another issue that has a rise and it needs addressed it doesn't 
"City Council Meeting - March 25, 2025 [Ifn8fwwBK0I]_exclusive",108,4,5,ministral-8b;phi-4;qwen3.5-9b-q6;qwen3.5-9b-q8,SPEAKER_02,5717.42,question or comment is earlier during the the first public comment it seemed apparent that there's a time when the person at the podium asks questions or makes a statement and maybe at the closure of their statement is when you respond but it didn't it didn't seem like that was explained to the pers
"City Council Meeting - March 25, 2025 [Ifn8fwwBK0I]_exclusive",110,2,5,qwen3.5-9b-q6;qwen3.5-9b-q8,SPEAKER_01,5886.56,"Good evening. My name is Oakley Boscorino. I have to apologize for the deviation of topic, but I'm coming here representing Pennsylvania College of Art and Design and their entire over 400 student body. What excited many students about enrolling in this Lancaster-based art school the artistic world "
"City Council Meeting - March 25, 2025 [Ifn8fwwBK0I]_exclusive",112,4,5,ministral-8b;phi-4;qwen3.5-9b-q6;qwen3.5-9b-q8,SPEAKER_09,6159.37,the agenda for the next meeting thank you taylor raymond 500 block of st joseph street so it's my understanding that the reason the body cam footage uh isn't being released is because there were minors involved um and their privacy needs to be protected i understand that i don't want to know the ide
"City Council Meeting - March 25, 2025 [Ifn8fwwBK0I]_exclusive",116,3,5,phi-4;qwen3.5-9b-q6;qwen3.5-9b-q8,SPEAKER_00,6272.75,renter um he went to both the landlord and the renters yes okay and uh this and also if you can
"City Council Meeting - March 25, 2025 [Ifn8fwwBK0I]_exclusive",117,1,5,phi-4,SPEAKER_13,6283.23,just confirm with me your address later i will make sure that you follow up um and i just wanted to say that um we are talking about there's 50 000 lines we have to have two forms of verification for the state for those lines right now we have identified about one percent of the lines we are much mo
"City Council Meeting - March 25, 2025 [Ifn8fwwBK0I]_exclusive",118,3,5,gemma-4-4b;ministral-8b;phi-4,SPEAKER_08,6333.61,clarification thank you Brian Nelson right off of Columbia Avenue Banyan Circle Drive so I understand that we talked a lot about the failures of our police department and the failures of the mayor on terms of holding them accountable but I wanted to ask a question for each and every single one of yo
"City Council Meeting - March 25, 2025 [Ifn8fwwBK0I]_exclusive",122,1,5,ministral-8b,SPEAKER_05,6501.93,uh john tell tolan first and only block of wise ave um mayor sirachi uh your response to jess lopez was kind of vague and i think that most people here would like to know what the actual limitations are and if there's some kind of town hall we could have so that we could actually go through what the
"City Council Meeting - March 25, 2025 [Ifn8fwwBK0I]_exclusive",130,4,5,ministral-8b;phi-4;qwen3.5-9b-q6;qwen3.5-9b-q8,SPEAKER_25,7019.39,"tomorrow and I'll be in touch. I took pictures that way you can see it. I wasn't, you know, I'm not trying to hide anything or whatever. I took pictures so they can see what was what. You know, if it was a lot of trash or something like that, I can see it. But you're going to charge me $200 for mayb"
"City Council Meeting - March 25, 2025 [Ifn8fwwBK0I]_exclusive",132,3,5,phi-4;qwen3.5-9b-q6;qwen3.5-9b-q8,SPEAKER_26,7084.98,make sure that someone and i appreciate that yes and i want to thank uh councilwoman diaz and councilman lechard for responding to the email that i had asked we also asked about a report for stop signs we haven't i guess that's coming too
"City Council Meeting - March 25, 2025 [Ifn8fwwBK0I]_exclusive",138,4,5,gemma-4-4b;phi-4;qwen3.5-9b-q6;qwen3.5-9b-q8,SPEAKER_03,7162.68,all right thank you thank you miss burton jessica lopez completely off topic but um um who's responsible for the removal of no parking signs and handicap signs when the people
"City Council Meeting - March 25, 2025 [Ifn8fwwBK0I]_exclusive",139,3,5,phi-4;qwen3.5-9b-q6;qwen3.5-9b-q8,SPEAKER_13,7178.87,who asked for them no longer reside there that's traffic commission and if you send mr harris a note um he can communicate with the staff at the police bureau to send someone out to to confirm that that person no longer lives there and department of public works goes out and removes
"City Council Meeting - March 25, 2025 [Ifn8fwwBK0I]_exclusive",140,4,5,ministral-8b;phi-4;qwen3.5-9b-q6;qwen3.5-9b-q8,SPEAKER_03,7197.99,the sign or if it's like zoning so say they put no parking signs where there used to be a garage and now said garage is a house do they they receive remove the sign right if said garage doesn't have vehicles going in and out of it i live on a block that has street cleaning every week and about four 
"City Council Meeting - March 25, 2025 [Ifn8fwwBK0I]_exclusive",141,1,5,phi-4,SPEAKER_13,7240.97,understanding that that is the purview of traffic commission and i would send if you have specific spots with an address like if you can send a house number where there is a handicapped space in front uh i also just say that um that we do have a process of confirming that and so that that's
"City Council Meeting - March 25, 2025 [Ifn8fwwBK0I]_exclusive",142,3,5,gemma-4-4b;ministral-8b;phi-4,SPEAKER_03,7263.93,what traffic commission does so um i mean just for future like i appreciate the response and information but shouldn't there be like um yearly five yearly review when we're literally being incarcerated for not paying these parking tickets for places that
"City Council Meeting - March 25, 2025 [Ifn8fwwBK0I]_exclusive",144,1,5,gemma-4-4b,SPEAKER_13,7301.8,that you could bring it forward no but what I'm what I'm saying is shouldn't
"City Council Meeting - March 25, 2025 [Ifn8fwwBK0I]_exclusive",149,2,5,qwen3.5-9b-q6;qwen3.5-9b-q8,SPEAKER_23,7385.38,mine is strasburg pennsylvania um i just want to leave you all with um one last message tonight um i think it's really pertinent it's really important um there are a whole lot of people in this room in this city in this greater community that i care for very deeply and within the last month here um 
"City Council Meeting - March 25, 2025 [Ifn8fwwBK0I]_exclusive",151,4,5,ministral-8b;phi-4;qwen3.5-9b-q6;qwen3.5-9b-q8,SPEAKER_14,7752.44,"Hi, my name is Brianna Sienkiewicz. I'm on the 700 block of Marietta Avenue. This is my first time speaking up here, but I moved here in 2022. I moved here because I wanted this to be a safe community for my son. My husband is Haitian, so my son is mixed. I always watched that video and all I could "
"City Council Meeting - March 25, 2025 [Ifn8fwwBK0I]_exclusive",155,1,5,gemma-4-4b,SPEAKER_11,8129.93,"for council to speak. Councilor Diaz. I just wanted to address the gentleman in regards to the immigration. I'm currently volunteering some hours being that I am bilingual and have the opportunities to do intakes. If anyone is interested, there's a parish. It's called Parish Resource Center. It's at"
"City Council Meeting - March 25, 2025 [Ifn8fwwBK0I]_exclusive",157,3,5,gemma-4-4b;ministral-8b;phi-4,SPEAKER_07,8170.61,"Thank you, Consul President. In terms of immigration, legal immigration, as a Consul member, there isn't much we can do. Let's be honest. So what I can do, I can use my voice, my platform, my vote. I can speak out, and I have done that. You know, you use newspaper, everybody needs to speak out. And "
"City Council Meeting - March 25, 2025 [Ifn8fwwBK0I]_exclusive",158,1,5,phi-4,SPEAKER_19,8324.54,"Thank you, Mr. Vice President, and I just want to react to the remarks of the gentleman about the immigration. There is a lot of effort going on at the state level with different organizations here in Lancaster that I am a part of, and I would love to connect with you and talk about some of the acts"
"City Council Meeting - March 25, 2025 [Ifn8fwwBK0I]_exclusive",160,3,5,gemma-4-4b;ministral-8b;phi-4,SPEAKER_19,8364.42,"One, I want to thank the community for showing up tonight, similar to the last council meeting."
"City Council Meeting - March 25, 2025 [Ifn8fwwBK0I]_exclusive",162,1,5,ministral-8b,SPEAKER_19,8381.66,everyone's questions one of the things that I what I'm hearing from the
"City Council Meeting - March 25, 2025 [Ifn8fwwBK0I]_exclusive",163,1,5,qwen3.5-9b-q8,SPEAKER_20,8386.34,community is that there is broken trust I think one of the things that we've learned from decades of you know public safety efforts is that there's a loss of trust there and as much as we've done to rebuild it to miss Lopez's point there is uh we must maintain it and uh i want to make sure that we c
"City Council Meeting - March 25, 2025 [Ifn8fwwBK0I]_standard",21,3,5,gemma-4-4b;ministral-8b;phi-4,SPEAKER_17,1582.36,"Okay, so you have in front of you a page from the newspaper article where Amanda, Izzy, and Xavier, and Jamie were also in a riot at the protest. Here, uh it was told to this council that they were to create um a commission for blacks and browns affairs can you since amanda's not here jamie tell me "
"City Council Meeting - March 25, 2025 [Ifn8fwwBK0I]_standard",23,1,5,phi-4,SPEAKER_17,1616.92,your public comment am i done with my public comment that's a question sir yes are you refusing to answer no I'm not done with my public comment I'm asking a question are you refusing to answer there was a policy that was pushed in 2020 and miss vacay had asked council to do the same exact thing and
"City Council Meeting - March 25, 2025 [Ifn8fwwBK0I]_standard",24,4,5,ministral-8b;phi-4;qwen3.5-9b-q6;qwen3.5-9b-q8,SPEAKER_20,1678.82,what I'm asking you is a simple question what happened yeah I think I'm done with
"City Council Meeting - March 25, 2025 [Ifn8fwwBK0I]_standard",32,1,5,gemma-4-4b,SPEAKER_26,2155.06,Can you turn up the volume? It's very hard to hear. We cannot hear.
"City Council Meeting - March 25, 2025 [Ifn8fwwBK0I]_standard",35,1,5,phi-4,SPEAKER_12,2444.69,good evening members mayor and members of council with that introduction I'm just really going to update you on discussion we had during the Finance Committee on March the 3rd miss Campbell already indicated that we went through the rating process we also put together an official statement or offici
"City Council Meeting - March 25, 2025 [Ifn8fwwBK0I]_standard",38,2,5,gemma-4-4b;phi-4,SPEAKER_19,3202.36,question um and mainly just regarding the general fund projects uh it says that the dated date is 4 29 is that when the funds will be available to the city or when will these funds be available to the city after the passage of the ordinance uh yes your your assessment is absolutely
"City Council Meeting - March 25, 2025 [Ifn8fwwBK0I]_standard",40,3,5,gemma-4-4b;ministral-8b;phi-4,SPEAKER_19,3231.22,for director campbell uh given that the 429 date is when the funds will be available when will we see the schedule of the projects uh start to happen and will council have to re um well we have to re-vote on those uh ordinances or will the city keep us abreast of one of these projects some of these 
"City Council Meeting - March 25, 2025 [Ifn8fwwBK0I]_standard",43,3,5,gemma-4-4b;ministral-8b;phi-4,SPEAKER_19,3334.5,i thank you and i look forward to those updates thank you counselor oh there we go any other
"City Council Meeting - March 25, 2025 [Ifn8fwwBK0I]_standard",58,4,5,gemma-4-4b;ministral-8b;qwen3.5-9b-q6;qwen3.5-9b-q8,SPEAKER_08,3893.42,I got a little too close here sorry so my name is Brian Nelson I live off of Columbia Avenue I'm right outside Lancaster City and so I completely understand kind of your guys's point when you're talking about you know the bonds and stuff like that but did you guys do any due diligence at all and I u
"City Council Meeting - March 25, 2025 [Ifn8fwwBK0I]_standard",59,1,5,qwen3.5-9b-q6,SPEAKER_20,3961.8,specifically whenever these projects come i know the administration works very hard on the team at
"City Council Meeting - March 25, 2025 [Ifn8fwwBK0I]_standard",60,2,5,gemma-4-4b;ministral-8b,SPEAKER_19,3966.04,city hall works very hard to find other funding opportunities many of our projects are grant funded a good example which i think was mentioned earlier with the ann and juniata streetscape
"City Council Meeting - March 25, 2025 [Ifn8fwwBK0I]_standard",65,2,5,gemma-4-4b;ministral-8b,SPEAKER_26,4139.32,believe that I understand the bonds and I understand for the water and everything but I think when we talk about these other projects of parks and everything to actual get a bond to be able to you know do these parks we have come up with a better solution we're talking about 25 years you know how ma
"City Council Meeting - March 25, 2025 [Ifn8fwwBK0I]_standard",73,2,5,ministral-8b;phi-4,SPEAKER_19,4487.12,"I will say that this was tabled at the last meeting, given the discussion we were having at the last meeting. I thought it was most appropriate to wait until Chief Mendez or the mayor was available to answer any questions. The mayor is here this evening, so that's why I moved to bring it back on the"
"City Council Meeting - March 25, 2025 [Ifn8fwwBK0I]_standard",74,1,5,gemma-4-4b,SPEAKER_03,4511.68,"I appreciate that, Councilor Emmett. Now, so then the question is, where's the real list of what you'll be getting rid of? And how do you really prove that that's what you are getting rid of? We don't have transparency from our police department. We can't go in there whenever we please. That's a fac"
"City Council Meeting - March 25, 2025 [Ifn8fwwBK0I]_standard",76,4,5,ministral-8b;phi-4;qwen3.5-9b-q6;qwen3.5-9b-q8,SPEAKER_17,4662.73,this council creates Commission of black and brown affairs related to police brutality this was related to police brutality you're telling me that in 2020 you had established this Commission why are we here then why are we here are you lying to us Jamie now in regards to these records being thrown a
"City Council Meeting - March 25, 2025 [Ifn8fwwBK0I]_standard",77,2,5,qwen3.5-9b-q6;qwen3.5-9b-q8,SPEAKER_20,4710.91,can't get justice crazy counselor Diaz would you like to reiterate the explanation around the resolution and what it entails and disposing or what Records is disposing of just for clarity for the public for clarity as Jessica
"City Council Meeting - March 25, 2025 [Ifn8fwwBK0I]_standard",79,2,5,gemma-4-4b;phi-4,SPEAKER_13,4739.78,what the police are going to do so I'm happy to speak to this this resolution to destroy safety records as councillor Diaz walked through our first citation animal complaints abandoned vehicles permits and related applications it is the purview of council to make a determination about whether or not
"City Council Meeting - March 25, 2025 [Ifn8fwwBK0I]_standard",81,2,5,phi-4;qwen3.5-9b-q6,SPEAKER_13,4849.57,that's possible i'm not sure either if somebody wants to see these records um they could submit a right to know request to review the records uh that would need to go through the right to know process and that's available to anyone in the room or beyond thank you can i report to that
"City Council Meeting - March 25, 2025 [Ifn8fwwBK0I]_standard",82,3,5,gemma-4-4b;phi-4;qwen3.5-9b-q6,SPEAKER_03,4872.19,um again i reiterate there was a et cetera at the end of that other related records so other related records could really be anything and at a pivotal time where we're looking for our future mayor to take a stand you have a position to say no we don't trust it and until you find a way to make us fee
"City Council Meeting - March 25, 2025 [Ifn8fwwBK0I]_standard",83,2,5,phi-4;qwen3.5-9b-q6,SPEAKER_11,4938.19,so who is youth say no it's that easy if i may um counselor counselor i think that what the community is talking about is that they do want a citizen's law enforcement advisory committee and by putting by placing that this is going to give everybody the opportunity to look at records like that and i
"City Council Meeting - March 25, 2025 [Ifn8fwwBK0I]_standard",85,1,5,phi-4,SPEAKER_19,5023.43,"Any others, Mr. President? Councilor Bennett? When I made the motion to table this resolution at our last meeting, it was under the impression that we were going to have a report requested by council, and since it is not this evening, we're hoping that it will be the april legislative agenda i will "
"City Council Meeting - March 25, 2025 [Ifn8fwwBK0I]_standard",93,2,5,gemma-4-4b;ministral-8b,SPEAKER_17,5121.97,will be here for that meeting thank you i really appreciate that and i just want to second uh the bill number 8 2020 to be adopted and looked at by council respectfully i'm just reiterating that you
"City Council Meeting - March 25, 2025 [Ifn8fwwBK0I]_standard",97,3,5,ministral-8b;qwen3.5-9b-q6;qwen3.5-9b-q8,SPEAKER_20,5386.01,Hatfield's been an issue it's not new it's not new these are 20 year plus
"City Council Meeting - March 25, 2025 [Ifn8fwwBK0I]_standard",98,4,5,ministral-8b;phi-4;qwen3.5-9b-q6;qwen3.5-9b-q8,SPEAKER_03,5395.51,senior officers that were taught racist policing ways and are embedded in them this is conditioning we all know about racist conditioning so as you continue to perpetuate this cycle and capitalize on us instead of protecting us and I have to say use because user who I talk to and until y'all change 
"City Council Meeting - March 25, 2025 [Ifn8fwwBK0I]_standard",99,1,5,phi-4,SPEAKER_20,5459.22,against the the so that's against the agreement we have with the Union yeah but
"City Council Meeting - March 25, 2025 [Ifn8fwwBK0I]_standard",100,1,5,phi-4,SPEAKER_03,5469.7,the mayor just said something so I was trying to hear what she was saying so yes that's against what the union contract is what i would say is that a lot of the things that are
"City Council Meeting - March 25, 2025 [Ifn8fwwBK0I]_standard",101,1,5,phi-4,SPEAKER_13,5480.37,being discussed there are real limitations and we are talking past each other and so i hear what the demands are there has not been a conversation that's been had outside of this chambers and i'm not sure that anything that i say tonight is going to be helpful to this audience at this
"City Council Meeting - March 25, 2025 [Ifn8fwwBK0I]_standard",102,1,5,gemma-4-4b,SPEAKER_03,5501.09,moment it's not about what you say it's about what you do that's the thing it's not about what you're talking about or what I'm talking about it's about what
"City Council Meeting - March 25, 2025 [Ifn8fwwBK0I]_standard",111,4,5,gemma-4-4b;phi-4;qwen3.5-9b-q6;qwen3.5-9b-q8,SPEAKER_01,5886.56,"Good evening. My name is Oakley Boscorino. I have to apologize for the deviation of topic, but I'm coming here representing Pennsylvania College of Art and Design and their entire over 400 student body. What excited many students about enrolling in this Lancaster-based art school the artistic world "
"City Council Meeting - March 25, 2025 [Ifn8fwwBK0I]_standard",112,3,5,phi-4;qwen3.5-9b-q6;qwen3.5-9b-q8,SPEAKER_18,6084.01,"Daryl Legacy, 100 block of North Mary. I'm sure that the finance people were probably not looking forward to this today, but this one speaks to you at least a little. We're lucky that Moody's, when they raided us, didn't take into account the fact that if the police keep acting with impunity, we're "
"City Council Meeting - March 25, 2025 [Ifn8fwwBK0I]_standard",113,4,5,ministral-8b;phi-4;qwen3.5-9b-q6;qwen3.5-9b-q8,SPEAKER_09,6159.37,the agenda for the next meeting thank you taylor raymond 500 block of st joseph street so it's my understanding that the reason the body cam footage uh isn't being released is because there were minors involved um and their privacy needs to be protected i understand that i don't want to know the ide
"City Council Meeting - March 25, 2025 [Ifn8fwwBK0I]_standard",115,3,5,gemma-4-4b;ministral-8b;phi-4,SPEAKER_09,6236.99,the city i never received it in the southwest and neither did any of the people living in my apartment building um and i just need to know why that is that's all absolutely um you should have
"City Council Meeting - March 25, 2025 [Ifn8fwwBK0I]_standard",117,3,5,ministral-8b;qwen3.5-9b-q6;qwen3.5-9b-q8,SPEAKER_00,6272.75,renter um he went to both the landlord and the renters yes okay and uh this and also if you can
"City Council Meeting - March 25, 2025 [Ifn8fwwBK0I]_standard",118,2,5,qwen3.5-9b-q6;qwen3.5-9b-q8,SPEAKER_13,6283.23,just confirm with me your address later i will make sure that you follow up um and i just wanted to say that um we are talking about there's 50 000 lines we have to have two forms of verification for the state for those lines right now we have identified about one percent of the lines we are much mo
"City Council Meeting - March 25, 2025 [Ifn8fwwBK0I]_standard",119,4,5,gemma-4-4b;phi-4;qwen3.5-9b-q6;qwen3.5-9b-q8,SPEAKER_08,6333.61,clarification thank you Brian Nelson right off of Columbia Avenue Banyan Circle Drive so I understand that we talked a lot about the failures of our police department and the failures of the mayor on terms of holding them accountable but I wanted to ask a question for each and every single one of yo
"City Council Meeting - March 25, 2025 [Ifn8fwwBK0I]_standard",124,4,5,ministral-8b;phi-4;qwen3.5-9b-q6;qwen3.5-9b-q8,SPEAKER_15,6559.1,taylor enterline i live in manheim borough but i work here in the city and have been put through uh the legal system here um mayor sirachi you're staying on your mayoral time here in lancaster will be remembered and laughed at you stood in 2020 in the streets got your photos and it did nothing the p
"City Council Meeting - March 25, 2025 [Ifn8fwwBK0I]_standard",127,2,5,gemma-4-4b;ministral-8b,SPEAKER_17,6687.39,"And I just want to say for the end, lead paint is the job of housing. Lead pipes are the job of the city. If you would face, if you would focus on the area, because it was already known before, Deneen, you took office that the sewer plant was compromised. 30 years ago, we were in our last 10 years, "
"City Council Meeting - March 25, 2025 [Ifn8fwwBK0I]_standard",132,1,5,phi-4,SPEAKER_13,7069.9,again meeting with director Campbell tomorrow morning and I will talk to him about this i understood you brought these um concerns previously yes and um i again i will
"City Council Meeting - March 25, 2025 [Ifn8fwwBK0I]_standard",133,1,5,phi-4,SPEAKER_26,7084.98,make sure that someone and i appreciate that yes and i want to thank uh councilwoman diaz and councilman lechard for responding to the email that i had asked we also asked about a report for stop signs we haven't i guess that's coming too
"City Council Meeting - March 25, 2025 [Ifn8fwwBK0I]_standard",135,3,5,gemma-4-4b;ministral-8b;phi-4,SPEAKER_26,7114.98,Thank you. The other thing I wanted to talk about was that zoning ordinance that got tabled. is there an opportunity that the proposal could be placed on either the city website or a way that we can get a copy of that to see what is being proposed prior to you know it come in before
"City Council Meeting - March 25, 2025 [Ifn8fwwBK0I]_standard",139,2,5,gemma-4-4b;phi-4,SPEAKER_03,7162.68,all right thank you thank you miss burton jessica lopez completely off topic but um um who's responsible for the removal of no parking signs and handicap signs when the people
"City Council Meeting - March 25, 2025 [Ifn8fwwBK0I]_standard",142,1,5,phi-4,SPEAKER_13,7240.97,understanding that that is the purview of traffic commission and i would send if you have specific spots with an address like if you can send a house number where there is a handicapped space in front uh i also just say that um that we do have a process of confirming that and so that that's
"City Council Meeting - March 25, 2025 [Ifn8fwwBK0I]_standard",143,3,5,phi-4;qwen3.5-9b-q6;qwen3.5-9b-q8,SPEAKER_03,7263.93,what traffic commission does so um i mean just for future like i appreciate the response and information but shouldn't there be like um yearly five yearly review when we're literally being incarcerated for not paying these parking tickets for places that
"City Council Meeting - March 25, 2025 [Ifn8fwwBK0I]_standard",144,1,5,phi-4,SPEAKER_11,7281.81,shouldn't be we do and we do have where where you send in the information for Campbell to look at and then we basically review it completely but we have to initiate the process you would have to come also to the meeting so like
"City Council Meeting - March 25, 2025 [Ifn8fwwBK0I]_standard",145,1,5,phi-4,SPEAKER_13,7301.8,that you could bring it forward no but what I'm what I'm saying is shouldn't
"City Council Meeting - March 25, 2025 [Ifn8fwwBK0I]_standard",146,1,5,phi-4,SPEAKER_03,7315.88,there be something established where they do it without us initiating it
"City Council Meeting - March 25, 2025 [Ifn8fwwBK0I]_standard",147,2,5,qwen3.5-9b-q6;qwen3.5-9b-q8,SPEAKER_13,7319.48,because we're busy working for y'all tax money or like if somebody rezones a
"City Council Meeting - March 25, 2025 [Ifn8fwwBK0I]_standard",149,2,5,qwen3.5-9b-q6;qwen3.5-9b-q8,SPEAKER_20,7375.92,me the the addresses i can look into that for you thank you so much have a great rest thank you john
"City Council Meeting - March 25, 2025 [Ifn8fwwBK0I]_standard",150,2,5,gemma-4-4b;qwen3.5-9b-q6,SPEAKER_23,7385.38,mine is strasburg pennsylvania um i just want to leave you all with um one last message tonight um i think it's really pertinent it's really important um there are a whole lot of people in this room in this city in this greater community that i care for very deeply and within the last month here um 
"City Council Meeting - March 25, 2025 [Ifn8fwwBK0I]_standard",156,1,5,gemma-4-4b,SPEAKER_11,8129.93,"for council to speak. Councilor Diaz. I just wanted to address the gentleman in regards to the immigration. I'm currently volunteering some hours being that I am bilingual and have the opportunities to do intakes. If anyone is interested, there's a parish. It's called Parish Resource Center. It's at"
"City Council Meeting - March 25, 2025 [Ifn8fwwBK0I]_standard",158,2,5,ministral-8b;phi-4,SPEAKER_07,8170.61,"Thank you, Consul President. In terms of immigration, legal immigration, as a Consul member, there isn't much we can do. Let's be honest. So what I can do, I can use my voice, my platform, my vote. I can speak out, and I have done that. You know, you use newspaper, everybody needs to speak out. And "
"City Council Meeting - March 25, 2025 [Ifn8fwwBK0I]_standard",161,3,5,phi-4;qwen3.5-9b-q6;qwen3.5-9b-q8,SPEAKER_19,8364.42,"One, I want to thank the community for showing up tonight, similar to the last council meeting."
"City Council Meeting - March 25, 2025 [Ifn8fwwBK0I]_standard",162,4,5,gemma-4-4b;ministral-8b;qwen3.5-9b-q6;qwen3.5-9b-q8,SPEAKER_20,8370.32,"During the last council meeting, I mentioned that you guys are being heard, and I want to continue to echo that sentiment. I understand that the press conference that was recently given that answer"
"City Council Meeting - March 25, 2025 [Ifn8fwwBK0I]_standard",163,2,5,qwen3.5-9b-q6;qwen3.5-9b-q8,SPEAKER_19,8381.66,everyone's questions one of the things that I what I'm hearing from the
"City Council Meeting - March 25, 2025 [Ifn8fwwBK0I]_standard",164,2,5,qwen3.5-9b-q6;qwen3.5-9b-q8,SPEAKER_20,8386.34,community is that there is broken trust I think one of the things that we've learned from decades of you know public safety efforts is that there's a loss of trust there and as much as we've done to rebuild it to miss Lopez's point there is uh we must maintain it and uh i want to make sure that we c
"City Council Meeting - May 13, 2025 [eDkBOrErMeE]_exclusive",4,1,5,gemma-4-4b,SPEAKER_35,558.1,you thank you chief Mendez and thank you City Council for giving me this opportunity to publicly recognize all the hard work that your police department put into this and what this certificate means it's more than just a certificate that's going to be hanging in the lobby a lot of hard work went int
"City Council Meeting - May 13, 2025 [eDkBOrErMeE]_exclusive",6,2,5,gemma-4-4b;phi-4,SPEAKER_13,1085.64,all right thank you again thanks everybody if i could just recognize a few people here today um first i appreciate the kind words but uh the reality is it's the men and women of the department that consistently provide this service and they have and they're constantly looking to get better and train
"City Council Meeting - May 13, 2025 [eDkBOrErMeE]_exclusive",18,4,5,gemma-4-4b;phi-4;qwen3.5-9b-q6;qwen3.5-9b-q8,SPEAKER_26,2201.58,thanks for having me you can go to the next slide good evening everyone thank you for allowing us the opportunity to speak about global shapers and our ride roll and stroll initiative my name is leah zicklund i am the incoming curator for our 24 25 year of our lancaster hub and i'm joined tonight by
"City Council Meeting - May 13, 2025 [eDkBOrErMeE]_exclusive",19,4,5,gemma-4-4b;phi-4;qwen3.5-9b-q6;qwen3.5-9b-q8,SPEAKER_36,2320.71,in lancaster thanks leah thank you counselors thank you mayor sirachi my name is laura pauls thomas i'm a global shaper and the founder of ride roll and stroll lancaster next slide ride roll and stroll is a community building and advocacy project that promotes walking bicycling rolling and transit e
"City Council Meeting - May 13, 2025 [eDkBOrErMeE]_exclusive",27,1,5,gemma-4-4b,SPEAKER_30,2840.34,and the workers that make it happen thank you very much councillor hirsch council comments on the resolution i will also echo your sentiment councillor hirsch the department of public works is often unsung for the work that they do and honestly things are going really well if many city residents don
"City Council Meeting - May 13, 2025 [eDkBOrErMeE]_exclusive",34,3,5,gemma-4-4b;ministral-8b;phi-4,SPEAKER_20,3011.37,thank you council president in lieu of reading the resolution this evening i just wanted to take a moment to thank the members of the community and other elected officials from across the state including governor shapiro in joining this campaign to call for support of house bill 1150 which would rai
"City Council Meeting - May 13, 2025 [eDkBOrErMeE]_exclusive",39,1,5,ministral-8b,SPEAKER_30,3499.02,speaks to ref rivera what you mentioned about fifteen dollars being just a start and has we've been working for it for a long time so i appreciate your continued efforts to continue the fight even
"City Council Meeting - May 13, 2025 [eDkBOrErMeE]_exclusive",46,3,5,gemma-4-4b;ministral-8b;phi-4,SPEAKER_31,3701.93,good evening good evening city council i'm going to be reading something miss butler if you could
"City Council Meeting - May 13, 2025 [eDkBOrErMeE]_exclusive",51,4,5,gemma-4-4b;ministral-8b;qwen3.5-9b-q6;qwen3.5-9b-q8,SPEAKER_24,3953.63,yes madam president our next speaker is uh susie hoover good evening good evening um susie hoover uh east king street is going to be a little change of pace here um over the past the last few months a lot of attention has been given to use of force by a member of our police department my following o
"City Council Meeting - May 13, 2025 [eDkBOrErMeE]_exclusive",53,2,5,phi-4;qwen3.5-9b-q6,SPEAKER_08,4187.1,good evening mayor sirachi council president and members of council i'm here this evening on behalf of joshua f who's not able to join us but has worked so hard the last six months with the students that are here and i know he's watching us so if we can just give him a round of applause he's so sad 
"City Council Meeting - May 13, 2025 [eDkBOrErMeE]_exclusive",58,2,5,qwen3.5-9b-q6;qwen3.5-9b-q8,SPEAKER_08,4729.95,you amazing and you just experienced a few minutes of that that's been our experience for the last six months and i just wanted to give a quick shout out um to the teachers that are here the school districts that have the school district of lancaster that's partnered with us the students spent half 
"City Council Meeting - May 13, 2025 [eDkBOrErMeE]_exclusive",59,3,5,phi-4;qwen3.5-9b-q6;qwen3.5-9b-q8,SPEAKER_22,4814.99,before i share some names this evening i just want to thank milsy and her team and especially josh who couldn't be here this evening the past six months have been nothing shy of just magical we've we've grown a lot we've learned a lot and i'm so proud tonight to be able to share with you the names o
"City Council Meeting - May 13, 2025 [eDkBOrErMeE]_exclusive",62,1,5,gemma-4-4b,SPEAKER_21,5065.29,committee councillor diaz the safety committee did not meet thank you councillor diaz public works
"City Council Meeting - May 13, 2025 [eDkBOrErMeE]_exclusive",65,2,5,gemma-4-4b;phi-4,SPEAKER_19,5094.09,THE FINANCE COMMITTEE DID MEET DURING THE LAST SESSION TO DISCUSS RESOLUTION ADMINISTRATION RESOLUTION NUMBER 37-2025 WHICH AUTHORIZES THE DONATION OF 339-341 BEAVER STREET TO SACA development corporation and that will be discussed later this evening on the agenda that concludes
"City Council Meeting - May 13, 2025 [eDkBOrErMeE]_exclusive",67,1,5,phi-4,SPEAKER_05,5115.85,council president um community planning dignity we had two items on the agenda one being resolution number 36.25 amending the official sewage facilities plan to include am global holdings project at 617 fremont street that particular item was moved to the 27th of this month and the other item is adm
"City Council Meeting - May 13, 2025 [eDkBOrErMeE]_exclusive",72,3,5,gemma-4-4b;ministral-8b;phi-4,SPEAKER_07,5253.16,items that's a hearse can we it seems can we receive some clarity because per the letter from the hard it says that there is one application that was approved in one that was tabled until Barb's June meeting and I just want to make sure that that we have a clear understanding of which has been appro
"City Council Meeting - May 13, 2025 [eDkBOrErMeE]_exclusive",73,1,5,phi-4,SPEAKER_02,5278.8,by which before we would vote on this thank you good evening I can provide some clarification there were two items on the harp committee meeting the one that is on your agenda tonight was approved there's another one that was tabled for a second time for an addition they're still trying to get that
"City Council Meeting - May 13, 2025 [eDkBOrErMeE]_exclusive",74,1,5,phi-4,SPEAKER_07,5302.19,resolved and you're saying that's not any of the items that are on the agenda tonight the one that was tabled okay I just wanted to clarify thank you
"City Council Meeting - May 13, 2025 [eDkBOrErMeE]_exclusive",82,3,5,gemma-4-4b;ministral-8b;phi-4,SPEAKER_05,5421.07,the sale of the real real property allows sales through sealed bids or public auction this bill would expand that to allow utilizing a licensed real estate broker to market the property council would still authorize the pro the appointment of a real estate broker and authorize sale of the property t
"City Council Meeting - May 13, 2025 [eDkBOrErMeE]_exclusive",85,1,5,phi-4,SPEAKER_30,5531.5,item thank you mayor srachi uh may i ask a question uh just a finer point um this bill it's a question i have the answer to this bill doesn't authorize the sale of any particular property this is amending our methods of sale is that correct that is correct this is uh generally
"City Council Meeting - May 13, 2025 [eDkBOrErMeE]_exclusive",91,1,5,phi-4,SPEAKER_30,5732.45,thank you thank you mayor suraci may I ask a clarifying question miss Byrd mentioned Rackle so this bill to my understanding I've read it many time since we've started discussing this does not change the process for the Rackle board this is simply for the sale of public property which would not be a
"City Council Meeting - May 13, 2025 [eDkBOrErMeE]_exclusive",92,1,5,phi-4,SPEAKER_28,5761.34,gonna look to director Delft to just correct me but in the past the Rackle has transferred property to the city and the city has transferred property to raquel in certain circumstances and we are not seeking to replace raquel or its work as it relates to blighted property and moving through the cert
"City Council Meeting - May 13, 2025 [eDkBOrErMeE]_exclusive",93,4,5,ministral-8b;phi-4;qwen3.5-9b-q6;qwen3.5-9b-q8,SPEAKER_12,5856.3,that clarification still that racquel does give property to the city and this bill addresses my time wasn't up we had finished it in turn but so but the city has that property and the city would own that property so racquel could give the property to the city which would make it open up to this ordi
"City Council Meeting - May 13, 2025 [eDkBOrErMeE]_exclusive",95,3,5,ministral-8b;qwen3.5-9b-q6;qwen3.5-9b-q8,SPEAKER_29,6060.58,you susie gomez 100 block of north reservoir street i second uh darlene bird and tony dastra i think that there's a lot of takeaways in this city and no one is concerned about who's filling your deep pockets which are the taxpayers we pay you to do a job we we we rely on your expert opinion because 
"City Council Meeting - May 13, 2025 [eDkBOrErMeE]_exclusive",96,2,5,gemma-4-4b;phi-4,SPEAKER_30,6281.41,to be fair i test this every time before the meeting to make sure that it's exactly three minutes um additional comments from the public um i do have uh just one thing i want to say before a vote and we'll call on any general council comments i just want to speak to why i support this bill a couple 
"City Council Meeting - May 13, 2025 [eDkBOrErMeE]_exclusive",105,3,5,gemma-4-4b;ministral-8b;phi-4,SPEAKER_20,6616.12,thank you my only question is it's great to hear that we have multiple who are certified now in the future there's only one person who's certified and would the director still appoint somebody who wasn't certified or would it still remain only those who are certified to serve that that's a great que
"City Council Meeting - May 13, 2025 [eDkBOrErMeE]_exclusive",110,2,5,gemma-4-4b;ministral-8b,SPEAKER_29,6768.31,with that policy thank you thank you and i just wanted to say um i know that uh these um these staff places these placements have to go through certification um my question is before going outside to a third party will you at least look within the city of lancaster for those that do qualify for thes
"City Council Meeting - May 13, 2025 [eDkBOrErMeE]_exclusive",113,4,5,gemma-4-4b;phi-4;qwen3.5-9b-q6;qwen3.5-9b-q8,SPEAKER_12,6880.12,that role that's all i had thank you thank you um i did like the idea that council had a say in selecting who sits on the board and we're taking that away again we're taking from the residents that uh the elected officials that the residents voted in to make these decisions who's sitting on these bo
"City Council Meeting - May 13, 2025 [eDkBOrErMeE]_exclusive",121,3,5,gemma-4-4b;ministral-8b;phi-4,SPEAKER_07,7295.09,"I JUST WANT TO VOICE MY SUPPORT FOR THIS RESOLUTION PRIMARILY BECAUSE, ONE, it is affordable housing that is being uh you know contemplated here and that they have a track record of doing so um they've done this multiple times in the community they've gotten it done and i think that's really importa"
"City Council Meeting - May 13, 2025 [eDkBOrErMeE]_exclusive",125,1,5,phi-4,SPEAKER_28,7349.25,and these uh affordable housing restrictions i i would say for sacca development i it's 15 years but they are are always renewed saka development has always renewed their affordable housing stipulations to concur with the hud guidelines of the same so that is why properties throughout the city that 
"City Council Meeting - May 13, 2025 [eDkBOrErMeE]_exclusive",127,1,5,ministral-8b,SPEAKER_28,7398.72,affordable what are the prices so um i believe that they are stipulated in the resolution which
"City Council Meeting - May 13, 2025 [eDkBOrErMeE]_exclusive",129,3,5,phi-4;qwen3.5-9b-q6;qwen3.5-9b-q8,SPEAKER_19,7414.95,i believe in the restrictions is listed that if it's so to a uh as a primary residence it's limited to 80 percent of the lancaster county um income median income if it's uh to renters it's 60 percent of the lancaster county median income thank you that's correct additional comments from
"City Council Meeting - May 13, 2025 [eDkBOrErMeE]_exclusive",131,2,5,qwen3.5-9b-q6;qwen3.5-9b-q8,SPEAKER_10,7641.12,minutes i appreciate your comments good evening good evening council jessica lopez manchester
"City Council Meeting - May 13, 2025 [eDkBOrErMeE]_exclusive",132,1,5,ministral-8b,SPEAKER_16,7651.38,city um and what was your name sir um i'm gonna second his calls um let me remind y'all that yeah where saka does refurbish these houses sell them we can't get no equity off those houses there's no real growth when somebody moves into that house they have to sell it at the price in in which they bou
"City Council Meeting - May 13, 2025 [eDkBOrErMeE]_exclusive",134,1,5,ministral-8b,SPEAKER_12,7849.78,house is put there that's all I have to say thank you I've been involved with this lot for a long time sitting on a lot of committees and the back and forth of who owns it what's going to be done at one time they won the parking lot and then the residents came together and they won the park it is a 
"City Council Meeting - May 13, 2025 [eDkBOrErMeE]_exclusive",139,3,5,gemma-4-4b;ministral-8b;phi-4,SPEAKER_25,8075.01,um sort of add a little bit more since i didn't quite understand the first time if the median income of the area was one thousand dollars a month would the rent uh be could it be up to
"City Council Meeting - May 13, 2025 [eDkBOrErMeE]_exclusive",150,4,5,gemma-4-4b;phi-4;qwen3.5-9b-q6;qwen3.5-9b-q8,SPEAKER_29,8573.14,many affordable housings went up on queen street multiple buildings have gone up that you stated
"City Council Meeting - May 13, 2025 [eDkBOrErMeE]_exclusive",151,3,5,phi-4;qwen3.5-9b-q6;qwen3.5-9b-q8,SPEAKER_28,8580.42,was affordable housing and it's not affordable but it was defined as such ms gomez they were never fined as such and there was no public money that went into those housing so we have to literally
"City Council Meeting - May 13, 2025 [eDkBOrErMeE]_exclusive",152,3,5,phi-4;qwen3.5-9b-q6;qwen3.5-9b-q8,SPEAKER_29,8592.18,go into the city's website to see the 37.5 million dollars of arpa funds that was misused and it just goes on and on it just goes on and on like you you even stated another another false
"City Council Meeting - May 13, 2025 [eDkBOrErMeE]_exclusive",153,3,5,gemma-4-4b;ministral-8b;phi-4,SPEAKER_30,8606.56,comment I'll get my minutes I would just like to echo the mayor's comments and I appreciate the neighbors who have championed turning this lot into a park I think that really good things happen when neighbors work together and it's rare it doesn't happen a lot but I also see that it seemed that the 
"City Council Meeting - May 13, 2025 [eDkBOrErMeE]_exclusive",154,1,5,phi-4,SPEAKER_03,8692.19,just thinking about affordable housing and i'm mr martinez i appreciate you i do for five hundred thousand dollars for people who are six mr martinez thank you is there any additional
"City Council Meeting - May 13, 2025 [eDkBOrErMeE]_exclusive",159,1,5,phi-4,SPEAKER_30,8886.84,recommended my assumption is that any building project would go through the
"City Council Meeting - May 13, 2025 [eDkBOrErMeE]_exclusive",160,1,5,phi-4,SPEAKER_28,8892.89,land development development the whole nine yards they cannot move forward with land development if they don't have the property and so for them to begin the process of designing and bringing a property through land development this
"City Council Meeting - May 13, 2025 [eDkBOrErMeE]_exclusive",161,1,5,phi-4,SPEAKER_24,8908.19,is the first step right and so what happens if things don't work out then what happens i don't
"City Council Meeting - May 13, 2025 [eDkBOrErMeE]_exclusive",168,2,5,qwen3.5-9b-q6;qwen3.5-9b-q8,SPEAKER_28,9123.83,we exhausted all the possibilities to the rear of the parcel and there for a variety of reasons the inability to provide safe egress so we have spent you know at least 18 months trying to work through this um uh to come to some resolution in which we would be able to uh implement a park uh in in tha
"City Council Meeting - May 13, 2025 [eDkBOrErMeE]_exclusive",170,2,5,qwen3.5-9b-q6;qwen3.5-9b-q8,SPEAKER_28,9300.26,the current cost would be to develop the park i do not have a current estimate that estimate was from 2023 is and director campbell's shaking his head yes so 2023 that was the cost estimate in 2023. so 600 000 in 2023 yes approximately and when we got when we when we hit north of five hundred thousa
"City Council Meeting - May 13, 2025 [eDkBOrErMeE]_exclusive",171,1,5,phi-4,SPEAKER_20,9340.89,thank you um and that concludes my question counselors we have a motion on the table from
"City Council Meeting - May 13, 2025 [eDkBOrErMeE]_exclusive",179,2,5,qwen3.5-9b-q6;qwen3.5-9b-q8,SPEAKER_14,9746.58,that's right mr. Astro so I want to actually comment on some other comments I acknowledge the deficiencies with the advertising process and admin bill 3 but it's not a requirement that you only advertise in the newspaper for the current existing problem well now there's a new process but you can do 
"City Council Meeting - May 13, 2025 [eDkBOrErMeE]_exclusive",181,2,5,qwen3.5-9b-q6;qwen3.5-9b-q8,SPEAKER_12,10042.42,housing we have four council members that are looking for a re-election are you have you looked into rent control what have you found out about it is there good things about it is there bad things about it we you have seven months yet you shouldn't have to wait to january to find out what you're goi
"City Council Meeting - May 13, 2025 [eDkBOrErMeE]_exclusive",188,4,5,ministral-8b;phi-4;qwen3.5-9b-q6;qwen3.5-9b-q8,SPEAKER_25,10481.72,hope it does I look forward to seeing a resolution from City Council to raise minimum wage in the city of Lancaster way past $15 an hour and additionally to raise the minimum wage for tipped workers as well because there is no way that they are getting paid a living wage that's thank you i hope we g
"City Council Meeting - May 13, 2025 [eDkBOrErMeE]_standard",4,1,5,gemma-4-4b,SPEAKER_35,558.1,you thank you chief Mendez and thank you City Council for giving me this opportunity to publicly recognize all the hard work that your police department put into this and what this certificate means it's more than just a certificate that's going to be hanging in the lobby a lot of hard work went int
"City Council Meeting - May 13, 2025 [eDkBOrErMeE]_standard",6,2,5,gemma-4-4b;phi-4,SPEAKER_13,1085.64,all right thank you again thanks everybody if i could just recognize a few people here today um first i appreciate the kind words but uh the reality is it's the men and women of the department that consistently provide this service and they have and they're constantly looking to get better and train
"City Council Meeting - May 13, 2025 [eDkBOrErMeE]_standard",18,4,5,gemma-4-4b;phi-4;qwen3.5-9b-q6;qwen3.5-9b-q8,SPEAKER_26,2201.58,thanks for having me you can go to the next slide good evening everyone thank you for allowing us the opportunity to speak about global shapers and our ride roll and stroll initiative my name is leah zicklund i am the incoming curator for our 24 25 year of our lancaster hub and i'm joined tonight by
"City Council Meeting - May 13, 2025 [eDkBOrErMeE]_standard",19,4,5,gemma-4-4b;phi-4;qwen3.5-9b-q6;qwen3.5-9b-q8,SPEAKER_36,2320.71,in lancaster thanks leah thank you counselors thank you mayor sirachi my name is laura pauls thomas i'm a global shaper and the founder of ride roll and stroll lancaster next slide ride roll and stroll is a community building and advocacy project that promotes walking bicycling rolling and transit e
"City Council Meeting - May 13, 2025 [eDkBOrErMeE]_standard",27,1,5,gemma-4-4b,SPEAKER_30,2840.34,and the workers that make it happen thank you very much councillor hirsch council comments on the resolution i will also echo your sentiment councillor hirsch the department of public works is often unsung for the work that they do and honestly things are going really well if many city residents don
"City Council Meeting - May 13, 2025 [eDkBOrErMeE]_standard",34,3,5,gemma-4-4b;ministral-8b;phi-4,SPEAKER_20,3011.37,thank you council president in lieu of reading the resolution this evening i just wanted to take a moment to thank the members of the community and other elected officials from across the state including governor shapiro in joining this campaign to call for support of house bill 1150 which would rai
"City Council Meeting - May 13, 2025 [eDkBOrErMeE]_standard",39,1,5,ministral-8b,SPEAKER_30,3499.02,speaks to ref rivera what you mentioned about fifteen dollars being just a start and has we've been working for it for a long time so i appreciate your continued efforts to continue the fight even
"City Council Meeting - May 13, 2025 [eDkBOrErMeE]_standard",46,3,5,gemma-4-4b;ministral-8b;phi-4,SPEAKER_31,3701.93,good evening good evening city council i'm going to be reading something miss butler if you could
"City Council Meeting - May 13, 2025 [eDkBOrErMeE]_standard",51,4,5,gemma-4-4b;ministral-8b;qwen3.5-9b-q6;qwen3.5-9b-q8,SPEAKER_24,3953.63,yes madam president our next speaker is uh susie hoover good evening good evening um susie hoover uh east king street is going to be a little change of pace here um over the past the last few months a lot of attention has been given to use of force by a member of our police department my following o
"City Council Meeting - May 13, 2025 [eDkBOrErMeE]_standard",53,2,5,phi-4;qwen3.5-9b-q6,SPEAKER_08,4187.1,good evening mayor sirachi council president and members of council i'm here this evening on behalf of joshua f who's not able to join us but has worked so hard the last six months with the students that are here and i know he's watching us so if we can just give him a round of applause he's so sad 
"City Council Meeting - May 13, 2025 [eDkBOrErMeE]_standard",58,2,5,qwen3.5-9b-q6;qwen3.5-9b-q8,SPEAKER_08,4729.95,you amazing and you just experienced a few minutes of that that's been our experience for the last six months and i just wanted to give a quick shout out um to the teachers that are here the school districts that have the school district of lancaster that's partnered with us the students spent half 
"City Council Meeting - May 13, 2025 [eDkBOrErMeE]_standard",59,3,5,phi-4;qwen3.5-9b-q6;qwen3.5-9b-q8,SPEAKER_22,4814.99,before i share some names this evening i just want to thank milsy and her team and especially josh who couldn't be here this evening the past six months have been nothing shy of just magical we've we've grown a lot we've learned a lot and i'm so proud tonight to be able to share with you the names o
"City Council Meeting - May 13, 2025 [eDkBOrErMeE]_standard",62,1,5,gemma-4-4b,SPEAKER_21,5065.29,committee councillor diaz the safety committee did not meet thank you councillor diaz public works
"City Council Meeting - May 13, 2025 [eDkBOrErMeE]_standard",65,2,5,gemma-4-4b;phi-4,SPEAKER_19,5094.09,THE FINANCE COMMITTEE DID MEET DURING THE LAST SESSION TO DISCUSS RESOLUTION ADMINISTRATION RESOLUTION NUMBER 37-2025 WHICH AUTHORIZES THE DONATION OF 339-341 BEAVER STREET TO SACA development corporation and that will be discussed later this evening on the agenda that concludes
"City Council Meeting - May 13, 2025 [eDkBOrErMeE]_standard",67,1,5,phi-4,SPEAKER_05,5115.85,council president um community planning dignity we had two items on the agenda one being resolution number 36.25 amending the official sewage facilities plan to include am global holdings project at 617 fremont street that particular item was moved to the 27th of this month and the other item is adm
"City Council Meeting - May 13, 2025 [eDkBOrErMeE]_standard",72,3,5,gemma-4-4b;ministral-8b;phi-4,SPEAKER_07,5253.16,items that's a hearse can we it seems can we receive some clarity because per the letter from the hard it says that there is one application that was approved in one that was tabled until Barb's June meeting and I just want to make sure that that we have a clear understanding of which has been appro
"City Council Meeting - May 13, 2025 [eDkBOrErMeE]_standard",73,1,5,phi-4,SPEAKER_02,5278.8,by which before we would vote on this thank you good evening I can provide some clarification there were two items on the harp committee meeting the one that is on your agenda tonight was approved there's another one that was tabled for a second time for an addition they're still trying to get that
"City Council Meeting - May 13, 2025 [eDkBOrErMeE]_standard",74,1,5,phi-4,SPEAKER_07,5302.19,resolved and you're saying that's not any of the items that are on the agenda tonight the one that was tabled okay I just wanted to clarify thank you
"City Council Meeting - May 13, 2025 [eDkBOrErMeE]_standard",82,3,5,gemma-4-4b;ministral-8b;phi-4,SPEAKER_05,5421.07,the sale of the real real property allows sales through sealed bids or public auction this bill would expand that to allow utilizing a licensed real estate broker to market the property council would still authorize the pro the appointment of a real estate broker and authorize sale of the property t
"City Council Meeting - May 13, 2025 [eDkBOrErMeE]_standard",85,1,5,phi-4,SPEAKER_30,5531.5,item thank you mayor srachi uh may i ask a question uh just a finer point um this bill it's a question i have the answer to this bill doesn't authorize the sale of any particular property this is amending our methods of sale is that correct that is correct this is uh generally
"City Council Meeting - May 13, 2025 [eDkBOrErMeE]_standard",91,1,5,phi-4,SPEAKER_30,5732.45,thank you thank you mayor suraci may I ask a clarifying question miss Byrd mentioned Rackle so this bill to my understanding I've read it many time since we've started discussing this does not change the process for the Rackle board this is simply for the sale of public property which would not be a
"City Council Meeting - May 13, 2025 [eDkBOrErMeE]_standard",92,1,5,phi-4,SPEAKER_28,5761.34,gonna look to director Delft to just correct me but in the past the Rackle has transferred property to the city and the city has transferred property to raquel in certain circumstances and we are not seeking to replace raquel or its work as it relates to blighted property and moving through the cert
"City Council Meeting - May 13, 2025 [eDkBOrErMeE]_standard",93,4,5,ministral-8b;phi-4;qwen3.5-9b-q6;qwen3.5-9b-q8,SPEAKER_12,5856.3,that clarification still that racquel does give property to the city and this bill addresses my time wasn't up we had finished it in turn but so but the city has that property and the city would own that property so racquel could give the property to the city which would make it open up to this ordi
"City Council Meeting - May 13, 2025 [eDkBOrErMeE]_standard",95,3,5,ministral-8b;qwen3.5-9b-q6;qwen3.5-9b-q8,SPEAKER_29,6060.58,you susie gomez 100 block of north reservoir street i second uh darlene bird and tony dastra i think that there's a lot of takeaways in this city and no one is concerned about who's filling your deep pockets which are the taxpayers we pay you to do a job we we we rely on your expert opinion because 
"City Council Meeting - May 13, 2025 [eDkBOrErMeE]_standard",96,2,5,gemma-4-4b;phi-4,SPEAKER_30,6281.41,to be fair i test this every time before the meeting to make sure that it's exactly three minutes um additional comments from the public um i do have uh just one thing i want to say before a vote and we'll call on any general council comments i just want to speak to why i support this bill a couple 
"City Council Meeting - May 13, 2025 [eDkBOrErMeE]_standard",105,3,5,gemma-4-4b;ministral-8b;phi-4,SPEAKER_20,6616.12,thank you my only question is it's great to hear that we have multiple who are certified now in the future there's only one person who's certified and would the director still appoint somebody who wasn't certified or would it still remain only those who are certified to serve that that's a great que
"City Council Meeting - May 13, 2025 [eDkBOrErMeE]_standard",110,2,5,gemma-4-4b;ministral-8b,SPEAKER_29,6768.31,with that policy thank you thank you and i just wanted to say um i know that uh these um these staff places these placements have to go through certification um my question is before going outside to a third party will you at least look within the city of lancaster for those that do qualify for thes
"City Council Meeting - May 13, 2025 [eDkBOrErMeE]_standard",113,4,5,gemma-4-4b;phi-4;qwen3.5-9b-q6;qwen3.5-9b-q8,SPEAKER_12,6880.12,that role that's all i had thank you thank you um i did like the idea that council had a say in selecting who sits on the board and we're taking that away again we're taking from the residents that uh the elected officials that the residents voted in to make these decisions who's sitting on these bo
"City Council Meeting - May 13, 2025 [eDkBOrErMeE]_standard",121,3,5,gemma-4-4b;ministral-8b;phi-4,SPEAKER_07,7295.09,"I JUST WANT TO VOICE MY SUPPORT FOR THIS RESOLUTION PRIMARILY BECAUSE, ONE, it is affordable housing that is being uh you know contemplated here and that they have a track record of doing so um they've done this multiple times in the community they've gotten it done and i think that's really importa"
"City Council Meeting - May 13, 2025 [eDkBOrErMeE]_standard",125,1,5,phi-4,SPEAKER_28,7349.25,and these uh affordable housing restrictions i i would say for sacca development i it's 15 years but they are are always renewed saka development has always renewed their affordable housing stipulations to concur with the hud guidelines of the same so that is why properties throughout the city that 
"City Council Meeting - May 13, 2025 [eDkBOrErMeE]_standard",127,1,5,ministral-8b,SPEAKER_28,7398.72,affordable what are the prices so um i believe that they are stipulated in the resolution which
"City Council Meeting - May 13, 2025 [eDkBOrErMeE]_standard",129,3,5,phi-4;qwen3.5-9b-q6;qwen3.5-9b-q8,SPEAKER_19,7414.95,i believe in the restrictions is listed that if it's so to a uh as a primary residence it's limited to 80 percent of the lancaster county um income median income if it's uh to renters it's 60 percent of the lancaster county median income thank you that's correct additional comments from
"City Council Meeting - May 13, 2025 [eDkBOrErMeE]_standard",131,2,5,qwen3.5-9b-q6;qwen3.5-9b-q8,SPEAKER_10,7641.12,minutes i appreciate your comments good evening good evening council jessica lopez manchester
"City Council Meeting - May 13, 2025 [eDkBOrErMeE]_standard",132,1,5,ministral-8b,SPEAKER_16,7651.38,city um and what was your name sir um i'm gonna second his calls um let me remind y'all that yeah where saka does refurbish these houses sell them we can't get no equity off those houses there's no real growth when somebody moves into that house they have to sell it at the price in in which they bou
"City Council Meeting - May 13, 2025 [eDkBOrErMeE]_standard",134,1,5,ministral-8b,SPEAKER_12,7849.78,house is put there that's all I have to say thank you I've been involved with this lot for a long time sitting on a lot of committees and the back and forth of who owns it what's going to be done at one time they won the parking lot and then the residents came together and they won the park it is a 
"City Council Meeting - May 13, 2025 [eDkBOrErMeE]_standard",139,3,5,gemma-4-4b;ministral-8b;phi-4,SPEAKER_25,8075.01,um sort of add a little bit more since i didn't quite understand the first time if the median income of the area was one thousand dollars a month would the rent uh be could it be up to
"City Council Meeting - May 13, 2025 [eDkBOrErMeE]_standard",150,4,5,gemma-4-4b;phi-4;qwen3.5-9b-q6;qwen3.5-9b-q8,SPEAKER_29,8573.14,many affordable housings went up on queen street multiple buildings have gone up that you stated
"City Council Meeting - May 13, 2025 [eDkBOrErMeE]_standard",151,3,5,phi-4;qwen3.5-9b-q6;qwen3.5-9b-q8,SPEAKER_28,8580.42,was affordable housing and it's not affordable but it was defined as such ms gomez they were never fined as such and there was no public money that went into those housing so we have to literally
"City Council Meeting - May 13, 2025 [eDkBOrErMeE]_standard",152,3,5,phi-4;qwen3.5-9b-q6;qwen3.5-9b-q8,SPEAKER_29,8592.18,go into the city's website to see the 37.5 million dollars of arpa funds that was misused and it just goes on and on it just goes on and on like you you even stated another another false
"City Council Meeting - May 13, 2025 [eDkBOrErMeE]_standard",153,3,5,gemma-4-4b;ministral-8b;phi-4,SPEAKER_30,8606.56,comment I'll get my minutes I would just like to echo the mayor's comments and I appreciate the neighbors who have championed turning this lot into a park I think that really good things happen when neighbors work together and it's rare it doesn't happen a lot but I also see that it seemed that the 
"City Council Meeting - May 13, 2025 [eDkBOrErMeE]_standard",154,1,5,phi-4,SPEAKER_03,8692.19,just thinking about affordable housing and i'm mr martinez i appreciate you i do for five hundred thousand dollars for people who are six mr martinez thank you is there any additional
"City Council Meeting - May 13, 2025 [eDkBOrErMeE]_standard",162,1,5,ministral-8b,SPEAKER_24,8908.19,is the first step right and so what happens if things don't work out then what happens i don't
"City Council Meeting - May 13, 2025 [eDkBOrErMeE]_standard",163,1,5,ministral-8b,SPEAKER_28,8916.72,know what happens if things don't work out what i know is that uh that this is a complicated site for uh development it's um in a very tight neighborhood like all of our neighborhoods i also know that sacca has experience with infill development which is what this project would be and that we have a
"City Council Meeting - May 13, 2025 [eDkBOrErMeE]_standard",164,1,5,gemma-4-4b,SPEAKER_30,8993.46,"from the public on the resolution. Sir, good evening."
"City Council Meeting - May 13, 2025 [eDkBOrErMeE]_standard",169,2,5,phi-4;qwen3.5-9b-q6,SPEAKER_28,9123.83,we exhausted all the possibilities to the rear of the parcel and there for a variety of reasons the inability to provide safe egress so we have spent you know at least 18 months trying to work through this um uh to come to some resolution in which we would be able to uh implement a park uh in in tha
"City Council Meeting - May 13, 2025 [eDkBOrErMeE]_standard",170,3,5,gemma-4-4b;ministral-8b;phi-4,SPEAKER_20,9260.06,which is for affordable housing counselor uh this is a quick question um i know that it was quoted that the land development cost to build the park would be around 600 000 is that current or i mean that could also rise with increased costs um so if the administration has a ballpark figure what i kno
"City Council Meeting - May 13, 2025 [eDkBOrErMeE]_standard",172,2,5,gemma-4-4b;phi-4,SPEAKER_20,9340.89,thank you um and that concludes my question counselors we have a motion on the table from
"City Council Meeting - May 13, 2025 [eDkBOrErMeE]_standard",177,2,5,qwen3.5-9b-q6;qwen3.5-9b-q8,SPEAKER_28,9507.82,thank you i'd love to talk to you about ugi after this meeting me too as someone who lives on the
"City Council Meeting - May 13, 2025 [eDkBOrErMeE]_standard",182,1,5,ministral-8b,SPEAKER_12,10042.42,housing we have four council members that are looking for a re-election are you have you looked into rent control what have you found out about it is there good things about it is there bad things about it we you have seven months yet you shouldn't have to wait to january to find out what you're goi
"City Council Meeting - May 13, 2025 [eDkBOrErMeE]_standard",184,2,5,qwen3.5-9b-q6;qwen3.5-9b-q8,SPEAKER_30,10329.82,i'm not gonna miss gomez are you asserting that council of royal worked for partners with purpose
"City Council Meeting - May 13, 2025 [eDkBOrErMeE]_standard",185,2,5,qwen3.5-9b-q6;qwen3.5-9b-q8,SPEAKER_29,10336.26,at any point during the arpa process no they were also no i'm not inserting that okay so anyways the mayor stated that uh government audit standards in 2023 and the general funds fund balance was overstated six million dollars due from funds funding that was overstated by three million dollars and d
"City Council Meeting - May 13, 2025 [eDkBOrErMeE]_standard",193,4,5,gemma-4-4b;ministral-8b;phi-4;qwen3.5-9b-q8,SPEAKER_21,10699.54,season if i may president councilor diaz i just wanted to talk about um the building which is fire station search i think that's fire station anyway um in 1923 nelson polite senior was born in lancaster pennsylvania his father he was abraham polite was a slave from ridgeland south carolina following
"City Council Meeting - May 27, 2025 [vexHgMfzvKE]_exclusive",1,1,5,phi-4,SPEAKER_08,120.5,who are willing and able please rise for the pledge of allegiance mr harris would you please
"City Council Meeting - May 27, 2025 [vexHgMfzvKE]_exclusive",13,3,5,gemma-4-4b;ministral-8b;phi-4,SPEAKER_05,905.02,resolution councillor Ahmed Thank You council president I just want to thank the members of the AAPI community who came out tonight and also those who are not here and just want to thank you for all that you do for Lancaster City as business owners community leaders neighbors and I encourage you to 
"City Council Meeting - May 27, 2025 [vexHgMfzvKE]_exclusive",17,3,5,gemma-4-4b;ministral-8b;phi-4,SPEAKER_18,1096.23,evening yes we do madam president first is mr. Zaki I am happy that I'm again here and my topic is opposite their topic and I'm talking general I know know that you cannot you couldn't do anything you cannot do anything for me but just for object just for a different way that I'm trying to explain t
"City Council Meeting - May 27, 2025 [vexHgMfzvKE]_exclusive",25,3,5,gemma-4-4b;ministral-8b;phi-4,SPEAKER_13,1621.76,theodore for um for stepping up into this role and you're doing great on the public speaking so no worries um i just have a question um in regards to ethical issues you know how do you see yourself as or how do you ensure that your personal beliefs don't necessarily conflict with fair and impartial 
"City Council Meeting - May 27, 2025 [vexHgMfzvKE]_exclusive",27,2,5,gemma-4-4b;ministral-8b,SPEAKER_13,1692.38,important now more than ever absolutely thank you theodore counselor craig thank you council
"City Council Meeting - May 27, 2025 [vexHgMfzvKE]_exclusive",28,1,5,phi-4,SPEAKER_17,1699.6,president and hello good evening it's very nice to see you again could you tell us about a time when you had an ethical dilemma and how you solved it yeah so um let me think here
"City Council Meeting - May 27, 2025 [vexHgMfzvKE]_exclusive",34,3,5,phi-4;qwen3.5-9b-q6;qwen3.5-9b-q8,SPEAKER_12,1841.33,Commission comes in I'm hoping like any good Commission that there are people from multiple different backgrounds a very diverse Commission of all different ages as well so then when we're looking at you know any policy we can engage with that from a lot of different perspectives and i feel like tha
"City Council Meeting - May 27, 2025 [vexHgMfzvKE]_exclusive",35,3,5,ministral-8b;qwen3.5-9b-q6;qwen3.5-9b-q8,SPEAKER_04,1878.46,"these policies are fully ethical good thank you that's all right thank you council president Thank you, Theodore, for your willingness to serve. How would you handle a situation where someone you know is subject to an ethics complaint?"
"City Council Meeting - May 27, 2025 [vexHgMfzvKE]_exclusive",37,2,5,qwen3.5-9b-q6;qwen3.5-9b-q8,SPEAKER_05,1937.22,council president and thank you theodore for your uh willingness to serve and answering our questions this evening how do you believe that integrity and honesty and elected officials can
"City Council Meeting - May 27, 2025 [vexHgMfzvKE]_exclusive",38,2,5,qwen3.5-9b-q6;qwen3.5-9b-q8,SPEAKER_12,1946.84,build trust in the community I think it's everything I I think if you see you know the people that you voted for if you see them engaging in things that are that are dishonest if you see them kind of not standing up for the little guy sometimes not that I'm saying anyone's doing that by the way that
"City Council Meeting - May 27, 2025 [vexHgMfzvKE]_exclusive",53,4,5,gemma-4-4b;ministral-8b;phi-4;qwen3.5-9b-q8,SPEAKER_04,4006.93,Arroyo Thank You council president just wanted to say thank you to the team out of the many departments and programs in our city this is definitely one of the ones or these three programs are one of the ones I brag about a lot to our residents and it's really cool to see the completed number of proj
"City Council Meeting - May 27, 2025 [vexHgMfzvKE]_exclusive",54,3,5,ministral-8b;qwen3.5-9b-q6;qwen3.5-9b-q8,SPEAKER_17,4039.46,that's a Craig yeah I just want to say piggyback on what councillor has said
"City Council Meeting - May 27, 2025 [vexHgMfzvKE]_exclusive",56,2,5,qwen3.5-9b-q6;qwen3.5-9b-q8,SPEAKER_06,4070.22,really excellent so thank you mayor's Raji thank thank you I just want to when we receive the award in 2019 we are one of the high-impact HUD recipients which made us one of a handful on par with Detroit and Baltimore the state of Rhode Island and Houston and I don't mean to put you on the spot but 
"City Council Meeting - May 27, 2025 [vexHgMfzvKE]_exclusive",57,1,5,phi-4,SPEAKER_07,4101.13,bragging rights thank you mayor and i just appreciate so much your support and how much you've talked us up because it has helped in a lot of different a lot of different areas and the resources that we've received we are one of the top performing we actually um you know as i mentioned we decreased 
"City Council Meeting - May 27, 2025 [vexHgMfzvKE]_exclusive",61,3,5,gemma-4-4b;ministral-8b;phi-4,SPEAKER_17,4295.24,thank you council president um if i'm not mistaken i think director i believe director delf's um presented this to us in committee um the bill for this amendment will update the definition of the building officials within the definition of building officials within the historic historic district ord
"City Council Meeting - May 27, 2025 [vexHgMfzvKE]_exclusive",63,2,5,ministral-8b;phi-4,SPEAKER_16,4364.18,reviewed this at committee and at our previous meeting uh good evening city council mayor members of the public um thank you councillor craig i i think that was an excellent summary i i really don't have very much to add i know as a bill this is the second reading before council we also addressed it
"City Council Meeting - May 27, 2025 [vexHgMfzvKE]_exclusive",69,1,5,ministral-8b,SPEAKER_02,4540.76,much hello hello if you have any questions regarding the sewage module i can um provide
"City Council Meeting - May 27, 2025 [vexHgMfzvKE]_exclusive",77,3,5,gemma-4-4b;ministral-8b;phi-4,SPEAKER_05,4642.36,request um not much to add i just want to thank the administration for their commitment to continuing to recognize world refugee day here in lancaster and this world refugee day will be doing a flag raising where we will be flying the refugee nation flag which is a symbolic flag for refugees across 
"City Council Meeting - May 27, 2025 [vexHgMfzvKE]_exclusive",88,3,5,gemma-4-4b;ministral-8b;phi-4,SPEAKER_18,4874.0,name and block of residence record thank you and I'm trying sorry that I'm trying to continue again what I left I will be the first person that I am calling the lawful people as a criminal because I'm thinking they by not giving the justice to people they committing crime they encouraging the people
"City Council Meeting - May 27, 2025 [vexHgMfzvKE]_exclusive",92,3,5,gemma-4-4b;ministral-8b;phi-4,SPEAKER_05,5303.12,council tonight council president if i may counselor i just wanted to make the other members of council aware that the home rule study transition committee did meet on may 6th and went over both the administrative code as well as the ethics code which will be which we are currently doing the intervi
"City Council Meeting - May 27, 2025 [vexHgMfzvKE]_standard",1,1,5,phi-4,SPEAKER_08,120.5,who are willing and able please rise for the pledge of allegiance mr harris would you please
"City Council Meeting - May 27, 2025 [vexHgMfzvKE]_standard",13,3,5,gemma-4-4b;ministral-8b;phi-4,SPEAKER_05,905.02,resolution councillor Ahmed Thank You council president I just want to thank the members of the AAPI community who came out tonight and also those who are not here and just want to thank you for all that you do for Lancaster City as business owners community leaders neighbors and I encourage you to 
"City Council Meeting - May 27, 2025 [vexHgMfzvKE]_standard",17,3,5,gemma-4-4b;ministral-8b;phi-4,SPEAKER_18,1096.23,evening yes we do madam president first is mr. Zaki I am happy that I'm again here and my topic is opposite their topic and I'm talking general I know know that you cannot you couldn't do anything you cannot do anything for me but just for object just for a different way that I'm trying to explain t
"City Council Meeting - May 27, 2025 [vexHgMfzvKE]_standard",25,3,5,gemma-4-4b;ministral-8b;phi-4,SPEAKER_13,1621.76,theodore for um for stepping up into this role and you're doing great on the public speaking so no worries um i just have a question um in regards to ethical issues you know how do you see yourself as or how do you ensure that your personal beliefs don't necessarily conflict with fair and impartial 
"City Council Meeting - May 27, 2025 [vexHgMfzvKE]_standard",27,2,5,gemma-4-4b;ministral-8b,SPEAKER_13,1692.38,important now more than ever absolutely thank you theodore counselor craig thank you council
"City Council Meeting - May 27, 2025 [vexHgMfzvKE]_standard",28,1,5,phi-4,SPEAKER_17,1699.6,president and hello good evening it's very nice to see you again could you tell us about a time when you had an ethical dilemma and how you solved it yeah so um let me think here
"City Council Meeting - May 27, 2025 [vexHgMfzvKE]_standard",34,3,5,phi-4;qwen3.5-9b-q6;qwen3.5-9b-q8,SPEAKER_12,1841.33,Commission comes in I'm hoping like any good Commission that there are people from multiple different backgrounds a very diverse Commission of all different ages as well so then when we're looking at you know any policy we can engage with that from a lot of different perspectives and i feel like tha
"City Council Meeting - May 27, 2025 [vexHgMfzvKE]_standard",35,3,5,ministral-8b;qwen3.5-9b-q6;qwen3.5-9b-q8,SPEAKER_04,1878.46,"these policies are fully ethical good thank you that's all right thank you council president Thank you, Theodore, for your willingness to serve. How would you handle a situation where someone you know is subject to an ethics complaint?"
"City Council Meeting - May 27, 2025 [vexHgMfzvKE]_standard",37,2,5,qwen3.5-9b-q6;qwen3.5-9b-q8,SPEAKER_05,1937.22,council president and thank you theodore for your uh willingness to serve and answering our questions this evening how do you believe that integrity and honesty and elected officials can
"City Council Meeting - May 27, 2025 [vexHgMfzvKE]_standard",38,2,5,qwen3.5-9b-q6;qwen3.5-9b-q8,SPEAKER_12,1946.84,build trust in the community I think it's everything I I think if you see you know the people that you voted for if you see them engaging in things that are that are dishonest if you see them kind of not standing up for the little guy sometimes not that I'm saying anyone's doing that by the way that
"City Council Meeting - May 27, 2025 [vexHgMfzvKE]_standard",43,2,5,ministral-8b;phi-4,SPEAKER_08,2330.88,file and not a sharepoint link that we could access or a pdf or something like that just
"City Council Meeting - May 27, 2025 [vexHgMfzvKE]_standard",54,4,5,gemma-4-4b;phi-4;qwen3.5-9b-q6;qwen3.5-9b-q8,SPEAKER_04,4006.93,Arroyo Thank You council president just wanted to say thank you to the team out of the many departments and programs in our city this is definitely one of the ones or these three programs are one of the ones I brag about a lot to our residents and it's really cool to see the completed number of proj
"City Council Meeting - May 27, 2025 [vexHgMfzvKE]_standard",55,3,5,phi-4;qwen3.5-9b-q6;qwen3.5-9b-q8,SPEAKER_17,4039.46,that's a Craig yeah I just want to say piggyback on what councillor has said
"City Council Meeting - May 27, 2025 [vexHgMfzvKE]_standard",56,3,5,phi-4;qwen3.5-9b-q6;qwen3.5-9b-q8,SPEAKER_13,4048.15,and just to say thank you thanks for all you do I just the only thing I wanted to add is I loved the innovative partnerships that were seen particularly at the City Housing Authority I just thought that was brilliant and the ways you guys did that to get more out of it I thought that was
"City Council Meeting - May 27, 2025 [vexHgMfzvKE]_standard",57,2,5,gemma-4-4b;phi-4,SPEAKER_06,4070.22,really excellent so thank you mayor's Raji thank thank you I just want to when we receive the award in 2019 we are one of the high-impact HUD recipients which made us one of a handful on par with Detroit and Baltimore the state of Rhode Island and Houston and I don't mean to put you on the spot but 
"City Council Meeting - May 27, 2025 [vexHgMfzvKE]_standard",64,1,5,phi-4,SPEAKER_16,4364.18,reviewed this at committee and at our previous meeting uh good evening city council mayor members of the public um thank you councillor craig i i think that was an excellent summary i i really don't have very much to add i know as a bill this is the second reading before council we also addressed it
"City Council Meeting - May 27, 2025 [vexHgMfzvKE]_standard",69,4,5,gemma-4-4b;phi-4;qwen3.5-9b-q6;qwen3.5-9b-q8,SPEAKER_17,4478.28,community planning councillor craig thank you council president we we've done these several times before the pennsylvania department of environmental protection requires that the municipality do to adopt an official sewage facilities plan providing for the services adequate to prevent contamination 
"City Council Meeting - May 27, 2025 [vexHgMfzvKE]_standard",70,2,5,qwen3.5-9b-q6;qwen3.5-9b-q8,SPEAKER_02,4540.76,much hello hello if you have any questions regarding the sewage module i can um provide
"City Council Meeting - May 27, 2025 [vexHgMfzvKE]_standard",71,1,5,gemma-4-4b,SPEAKER_09,4546.52,sure i know we've done a bunch of these and just for purposes of anyone listening wondering what we're speaking about this uh certifies that this project there's a adequate sewage capacity to proceed with this project and it is the first of uh many uh sort of applications and permit processes that m
"City Council Meeting - May 27, 2025 [vexHgMfzvKE]_standard",72,1,5,phi-4,SPEAKER_02,4572.15,happened is that correct um that's correct this one actually you guys approved back in march but because of a timing issue with the county planning's approval it's actually back before you
"City Council Meeting - May 27, 2025 [vexHgMfzvKE]_standard",80,1,5,phi-4,SPEAKER_04,4719.88,comments on the resolution counselor royal counselor thank you council president um
"City Council Meeting - May 27, 2025 [vexHgMfzvKE]_standard",81,1,5,gemma-4-4b,SPEAKER_05,4726.77,councilor med uh the time of the flag raising i believe it is 10 a.m i would have to get back to
"City Council Meeting - May 27, 2025 [vexHgMfzvKE]_standard",91,1,5,gemma-4-4b,SPEAKER_06,5051.48,uh tonight i'd like to take a moment to recognize the school district of lancaster and its incredible students over the years sdol and the city have built a strong and meaningful partnership and i want to recognize a few pieces of sdl news so first i want to congratulate mccaskey's unified track and
"City Council Meeting - November 11, 2025 [X3DupuiqLts]",16,1,5,gemma-4-4b,SPEAKER_00,682.52,"residents in the U.S., 50 states of Washington and Puerto Rico. As of 2025, Lancaster City has approximately 1,577,000 military veterans, according to the U.S. Census. Among those living in Lancaster is in Lancaster City is E-5 Boatswine Mate. That's Petty Officer Paul Idesari that served in the Nav"
"City Council Meeting - November 11, 2025 [X3DupuiqLts]",18,1,5,gemma-4-4b,SPEAKER_00,731.29,It is fitting and proper for our city to honor all veterans and forever honor and remember the sacrifice and dedications and serve our nation along with all the veterans across the country and Puerto Rico.
"City Council Meeting - November 11, 2025 [X3DupuiqLts]",27,1,5,gemma-4-4b,UNKNOWN,1246.12,Thank you Mr. Irizarry and all the other veterans that have served
"City Council Meeting - November 11, 2025 [X3DupuiqLts]",30,2,5,gemma-4-4b;phi-4,SPEAKER_00,1269.62,And he just laughed at me he goes well that was many many years ago he is 82 now and he was stationed in France but he always makes me remember to be tough not to take any BS from anybody that's what my dad taught me because I think he really wanted me to go into the military even though I was too s
"City Council Meeting - November 11, 2025 [X3DupuiqLts]",31,1,5,phi-4,UNKNOWN,1301.48,cousins that were even in the Iraq war and were injured that they're keeping us as a free country and protecting the borders and protecting us all over the world thank you again senority Saturday and all those veterans that are here today you any additional council comments on the resolution for me 
"City Council Meeting - November 11, 2025 [X3DupuiqLts]",42,3,5,ministral-8b;qwen3.5-9b-q6;qwen3.5-9b-q8,SPEAKER_00,1502.45,Lyme and also a body mix mini-mart 635 South Lyme and I'm here today with
"City Council Meeting - November 11, 2025 [X3DupuiqLts]",44,2,5,qwen3.5-9b-q6;qwen3.5-9b-q8,SPEAKER_00,1591.74,here I am so any question for me we don't typically take questions from the
"City Council Meeting - November 11, 2025 [X3DupuiqLts]",46,2,5,gemma-4-4b;phi-4,SPEAKER_00,1607.56,that I think it's important yeah the how the SNAP benefits don't just impact the
"City Council Meeting - November 11, 2025 [X3DupuiqLts]",52,3,5,phi-4;qwen3.5-9b-q6;qwen3.5-9b-q8,SPEAKER_00,1748.16,"black community has grown so much. In the 60s, I think there was almost no one. In the 90s, it blew"
"City Council Meeting - November 11, 2025 [X3DupuiqLts]",53,3,5,phi-4;qwen3.5-9b-q6;qwen3.5-9b-q8,UNKNOWN,1753.14,"up to 10,000 folks. And even now, there's like 43% of us are non-white. But along with that comes this intense poverty. And along with that comes this access to SNAP. But even if you're below or above the poverty line, folks are still on SNAP. And then there's the economy."
"City Council Meeting - November 11, 2025 [X3DupuiqLts]",54,1,5,gemma-4-4b,SPEAKER_00,1769.71,About 5% of Lancaster County's economy is on SNAP.
"City Council Meeting - November 11, 2025 [X3DupuiqLts]",58,1,5,gemma-4-4b,SPEAKER_00,1798.42,"that we have to navigate. I would love to talk more. What I can do is communicate. I'm in charge, I am connecting with bodegas. Next one is barber shops and just the local community. Hit me up if you want news to be spread."
"City Council Meeting - November 11, 2025 [X3DupuiqLts]",61,3,5,gemma-4-4b;qwen3.5-9b-q6;qwen3.5-9b-q8,UNKNOWN,1825.12,Thank you. Good evening. My name is Melissa Snavely
"City Council Meeting - November 11, 2025 [X3DupuiqLts]",63,3,5,gemma-4-4b;qwen3.5-9b-q6;qwen3.5-9b-q8,UNKNOWN,1851.25,"around funding for education, health care, food security, and heating, to name a few."
"City Council Meeting - November 11, 2025 [X3DupuiqLts]",64,2,5,qwen3.5-9b-q6;qwen3.5-9b-q8,SPEAKER_00,1857.07,"The economy, state and local, is already feeling the effects"
"City Council Meeting - November 11, 2025 [X3DupuiqLts]",65,2,5,qwen3.5-9b-q6;qwen3.5-9b-q8,UNKNOWN,1860.43,as these budget deadlocks force cities and towns to borrow money or cut back on services and consumers to pull back on spending as businesses in turn cut back by letting workers go and safety nets are pulled defunded or used for political games real harm is being done to real people for many busines
"City Council Meeting - November 11, 2025 [X3DupuiqLts]",66,3,5,gemma-4-4b;qwen3.5-9b-q6;qwen3.5-9b-q8,SPEAKER_00,1880.97,members we're not talking about the loss of discretionary spending money we're talking about money for necessities food shelter and medicine ultimately this affects us all including the city council especially with a new administration in 2026 while focusing on long range vision for the community in
"City Council Meeting - November 11, 2025 [X3DupuiqLts]",67,2,5,qwen3.5-9b-q6;qwen3.5-9b-q8,UNKNOWN,1907.71,"overlook the real and urgent needs of its city residents most affected by the inability of state and federal elected officials to do their job in the past the city council has taken up and passed resolutions on difficult and controversial national and world issues, calling on U.S. senators to suppor"
"City Council Meeting - November 11, 2025 [X3DupuiqLts]",68,2,5,qwen3.5-9b-q6;qwen3.5-9b-q8,SPEAKER_00,1939.4,"the invasion of their sovereign nation, condemning gun violence and legislative inaction, and most recently calling for a ceasefire in Gaza. of these issues were within the jurisdiction or purview of the city council however community members ask that council consider making a statement by condemnin"
"City Council Meeting - November 11, 2025 [X3DupuiqLts]",69,3,5,ministral-8b;qwen3.5-9b-q6;qwen3.5-9b-q8,UNKNOWN,1979.63,residents and that stability and consistency in funding and programming alleviates unnecessary
"City Council Meeting - November 11, 2025 [X3DupuiqLts]",80,2,5,gemma-4-4b;phi-4,SPEAKER_00,2239.07,"I would just like to say that out of the two applicants, Reverend David pack I do know personally and I think he would be a great addition to be reappointed to this To this board and also James Wagner has served the board and look forward to his service until 2030"
"City Council Meeting - November 11, 2025 [X3DupuiqLts]",107,1,5,phi-4,UNKNOWN,2716.16,There will be a hearing as required for any zoning amendments. So that should be scheduled for our meeting on the 25th And we'll have a we will re Present the information that was presented to us on the third at that time counselors any additional comments on the first read councilor I'm Ed Thank Yo
"City Council Meeting - November 11, 2025 [X3DupuiqLts]",109,2,5,gemma-4-4b;ministral-8b,UNKNOWN,2793.61,any additional council comments on the first reading of the bill comments from the public on the first reading I think about the storage a self storage facility and I know how that could help the neighborhood we're talking about alley 59 that has all self storages and could be used differently my co
"City Council Meeting - November 11, 2025 [X3DupuiqLts]",111,3,5,gemma-4-4b;ministral-8b;phi-4,UNKNOWN,2883.49,thank you i don't think we have that to repeat i don't think we have the information from the proposed tenant of that particular space that would be up to them Any additional comments in the public on the bill on bill 14? Good evening. Good evening My name is Carlo Gonzalez from 300 block or so any 
"City Council Meeting - November 11, 2025 [X3DupuiqLts]",112,3,5,ministral-8b;qwen3.5-9b-q6;qwen3.5-9b-q8,SPEAKER_00,2930.5,"Snyder, what is the real goal he pretend to do in our neighborhood, because according to what we see, he pretend to bring his business of heavy truck, whole truck, more than 17,000 pounds, class four, class five, running behind our houses, where we have a lot of children playing around, a lot of kid"
"City Council Meeting - November 11, 2025 [X3DupuiqLts]",113,3,5,ministral-8b;qwen3.5-9b-q6;qwen3.5-9b-q8,UNKNOWN,2962.55,"School, Washington School and there are a lot of older people also walk on the back not to walk to the front from any street so most of the children use the alleyway"
"City Council Meeting - November 11, 2025 [X3DupuiqLts]",114,3,5,gemma-4-4b;phi-4;qwen3.5-9b-q8,SPEAKER_00,2973.91,we don't want to get big truck passing through there
"City Council Meeting - November 11, 2025 [X3DupuiqLts]",115,1,5,qwen3.5-9b-q8,UNKNOWN,2976.47,all the time so that is
"City Council Meeting - November 11, 2025 [X3DupuiqLts]",116,1,5,qwen3.5-9b-q8,SPEAKER_00,2979.28,our major concern I'm not sure
"City Council Meeting - November 11, 2025 [X3DupuiqLts]",117,1,5,qwen3.5-9b-q8,UNKNOWN,2981.06,when this person present the proposal
"City Council Meeting - November 11, 2025 [X3DupuiqLts]",118,1,5,qwen3.5-9b-q8,SPEAKER_00,2983.36,to perform some work in there what kind of thing have been hiding under his permit because according to the requesting that we have nobody know
"City Council Meeting - November 11, 2025 [X3DupuiqLts]",119,3,5,gemma-4-4b;phi-4;qwen3.5-9b-q8,UNKNOWN,2994.26,anything or what he was final intention so that's what really we need to get answered for that we keep follow up about this thing situation thank you very much about safety but this is the safety situation for kid thank you very much I'll just address I know that that's a separate concern than what'
"City Council Meeting - November 11, 2025 [X3DupuiqLts]",138,1,5,phi-4,SPEAKER_00,3430.55,for a million dollars i'm i'm astonished at how much these uh how much these local shares are so is this automatic so once they apply they automatically get it no okay nope we we um just not to eat into your time if you have additional but the local shares requires that a municipality
"City Council Meeting - November 11, 2025 [X3DupuiqLts]",139,1,5,phi-4,UNKNOWN,3451.35,assist with the application but it is not a guarantee and they can apply for up to a million dollars but they're not guaranteed if they get approved to get all of that dollars all of those dollars they might get a certain amount but not that much okay but these last two asked for a
"City Council Meeting - November 11, 2025 [X3DupuiqLts]",140,1,5,phi-4,SPEAKER_00,3465.19,million right that's the maximum and many most organizations apply for the max a lot of money
"City Council Meeting - November 11, 2025 [X3DupuiqLts]",178,2,5,qwen3.5-9b-q6;qwen3.5-9b-q8,SPEAKER_00,4293.07,apply there's certainly to your point a lot of money on the table additional
"City Council Meeting - November 11, 2025 [X3DupuiqLts]",186,2,5,qwen3.5-9b-q6;qwen3.5-9b-q8,SPEAKER_00,4553.76,It was well explained through council that this was just giving them another option
"City Council Meeting - November 11, 2025 [X3DupuiqLts]",187,2,5,qwen3.5-9b-q6;qwen3.5-9b-q8,UNKNOWN,4557.82,"so that now they would have three different ways of getting rid of city property. At that time, I think the mayor said there was nobody that was interested. there was no way of getting rid of the fire station since that announcement was made i know"
"City Council Meeting - November 11, 2025 [X3DupuiqLts]",188,2,5,qwen3.5-9b-q6;qwen3.5-9b-q8,SPEAKER_00,4573.2,there are were at least two and maybe more organizations that approach approached many of the council members and the mayor of having an interest in getting this property understanding
"City Council Meeting - November 11, 2025 [X3DupuiqLts]",190,2,5,qwen3.5-9b-q6;qwen3.5-9b-q8,SPEAKER_00,4606.5,So just to clarify this resolution doesn't
"City Council Meeting - November 11, 2025 [X3DupuiqLts]",191,2,5,qwen3.5-9b-q6;qwen3.5-9b-q8,UNKNOWN,4609.12,sell it to a realtor it allows the realtor to market the property.
"City Council Meeting - November 11, 2025 [X3DupuiqLts]",198,1,5,gemma-4-4b,SPEAKER_00,4736.43,"Also, just wanted to add briefly, I appreciate that the mayor had reminded us about the evaluation criteria for ultimately selecting a buyer. I just wanted to note those, again, for city council and for the public."
"City Council Meeting - November 11, 2025 [X3DupuiqLts]",201,2,5,ministral-8b;phi-4,UNKNOWN,4809.08,through so much like homelessness shelter it's an enormous amount of issues that we are dealing
"City Council Meeting - November 11, 2025 [X3DupuiqLts]",202,3,5,gemma-4-4b;ministral-8b;phi-4,SPEAKER_00,4817.72,with in a community that or that two specific organizations brought to the light and stated that it could be used for usage for the community for the people for the taxpayers it could there was presentations presented and it was overlooked okay i just feel that in all reality what is
"City Council Meeting - November 11, 2025 [X3DupuiqLts]",203,1,5,phi-4,UNKNOWN,4843.17,compass's goal do you know miss craig can you share an email with me so you can at least let me know compass real estate's goal since you mentioned that well i'll give you my email later but i just want to know what you know what is their goal okay thank you and if i could just clarify um uh council
"City Council Meeting - November 11, 2025 [X3DupuiqLts]",205,4,5,ministral-8b;phi-4;qwen3.5-9b-q6;qwen3.5-9b-q8,UNKNOWN,5048.12,on there what's allowed to be there what they're not allowed to do there because we see stuff going on it has been quiet for a little while but a lot of the residents were getting um tickets where they used to park there for 47 years behind that alleyway you know we have this uh residential
"City Council Meeting - November 11, 2025 [X3DupuiqLts]",206,4,5,ministral-8b;phi-4;qwen3.5-9b-q6;qwen3.5-9b-q8,SPEAKER_00,5066.36,permanent parking trial coming up this is all going to affect that area when you're telling
"City Council Meeting - November 11, 2025 [X3DupuiqLts]",210,4,5,gemma-4-4b;ministral-8b;phi-4;qwen3.5-9b-q6,SPEAKER_00,5248.11,sharing and also just as a question where was the original intent to have this so my goal was to
"City Council Meeting - November 11, 2025 [X3DupuiqLts]",211,3,5,ministral-8b;phi-4;qwen3.5-9b-q6,UNKNOWN,5255.74,shut down the section of north prince street in front of the cargas and just i wanted to bring food trucks that's why yeah the whole thing and then we tried penn square and they got shut down
"City Council Meeting - November 11, 2025 [X3DupuiqLts]",212,3,5,ministral-8b;phi-4;qwen3.5-9b-q6,SPEAKER_00,5265.26,so i'm i'm just trying to find a place yeah having the street shut down gets complicated but i think
"City Council Meeting - November 11, 2025 [X3DupuiqLts]",213,3,5,phi-4;qwen3.5-9b-q6;qwen3.5-9b-q8,UNKNOWN,5269.9,we can i think we can find a good solution that's going to benefit as long as you're open to some other options then street closures and we have a lot of other events that are happening so there's probably just some conflict we can come up with a plan yeah i'm fine for this year But I want to do it 
"City Council Meeting - November 11, 2025 [X3DupuiqLts]",216,3,5,gemma-4-4b;qwen3.5-9b-q6;qwen3.5-9b-q8,SPEAKER_00,5411.72,"services. The funding aims to provide critical resources to help people experiencing homelessness and support local communities in their efforts to address the issue. When the Trump administration came in, he asked for receipts. He wanted to see where this $15 billion was going to"
"City Council Meeting - November 11, 2025 [X3DupuiqLts]",217,2,5,qwen3.5-9b-q6;qwen3.5-9b-q8,UNKNOWN,5430.4,and who utilized it so we saw the outcome this is for the people that are listening
"City Council Meeting - November 11, 2025 [X3DupuiqLts]",218,2,5,qwen3.5-9b-q6;qwen3.5-9b-q8,SPEAKER_00,5434.92,for the public for the taxpayers and for people that are really interested in what's going on so these states municipalities you guys were all awarded funding to take care of the homelessness crisis in the biden administration which you can't produce anything of and we are still here
"City Council Meeting - November 11, 2025 [X3DupuiqLts]",221,1,5,gemma-4-4b,UNKNOWN,5475.52,crisis or in our community if you guys are stealing it thank you any additional comments for this period see none I will close the public comment period for the meeting and thank everyone we will now move to the next item on our agenda the
"City Council Meeting - November 11, 2025 [X3DupuiqLts]",234,1,5,gemma-4-4b,SPEAKER_00,5700.02,proceeded finally carissa technology parks is hosting an open house tomorrow night november
"City Council Meeting - November 11, 2025 [X3DupuiqLts]",239,2,5,gemma-4-4b;phi-4,UNKNOWN,5749.33,is that it is the winter weather season is closing in upon us and while we hope it is light it seems like a great time to mention red rose alerts. There is some material about red rose alerts sitting on the table over there if you'd like to take it looks like this it's in English and in Spanish you 
"City Council Meeting - November 11, 2025 [X3DupuiqLts]",244,3,5,gemma-4-4b;ministral-8b;phi-4,SPEAKER_00,5807.32,Thank you council president. I just want to address some of the concerns that I heard about you know what's going on with SNAP
"City Council Meeting - November 11, 2025 [X3DupuiqLts]",246,1,5,gemma-4-4b,SPEAKER_00,5817.36,I feel you know the anxiety that that people are feeling
"City Council Meeting - November 11, 2025 [X3DupuiqLts]",249,2,5,qwen3.5-9b-q6;qwen3.5-9b-q8,UNKNOWN,5845.73,get to choose whether that happens to us. We only choose how we respond to it.
"City Council Meeting - November 11, 2025 [X3DupuiqLts]",250,2,5,qwen3.5-9b-q6;qwen3.5-9b-q8,SPEAKER_00,5851.25,and so I just want to encourage folks to continue to plug into not just you know I want to shout out organizations that are doing really critical work to you
"City Council Meeting - November 11, 2025 [X3DupuiqLts]",251,4,5,gemma-4-4b;phi-4;qwen3.5-9b-q6;qwen3.5-9b-q8,UNKNOWN,5862.49,know feed folks in the community community meals are being served as I understand it 24 7 365 but also you know many of our social service providers there's too many to name but I did want to shout out a neighbor that has been doing really incredible work Rick canard with his lockers for the homeles
"City Council Meeting - November 11, 2025 [X3DupuiqLts]",252,4,5,gemma-4-4b;phi-4;qwen3.5-9b-q6;qwen3.5-9b-q8,SPEAKER_00,5896.07,follow lockers for the homeless Lancaster on Facebook that they're going be working again this Sunday uh November 16th from nine to three um it's at his uh place at 224 North Shippen Street um just want to encourage to maybe consider going out uh encourage folks to
"City Council Meeting - November 11, 2025 [X3DupuiqLts]",253,3,5,phi-4;qwen3.5-9b-q6;qwen3.5-9b-q8,UNKNOWN,5914.59,go out and consider helping build those uh lockers so that um folks that are sleeping outside have a
"City Council Meeting - November 11, 2025 [X3DupuiqLts]",254,3,5,phi-4;qwen3.5-9b-q6;qwen3.5-9b-q8,SPEAKER_00,5920.91,place to store items um and I think it's just going to be initiatives like that um and the
"City Council Meeting - November 11, 2025 [X3DupuiqLts]",255,3,5,gemma-4-4b;ministral-8b;phi-4,UNKNOWN,5926.83,other one I would say that's really important is just talking to your neighbors hearing from them hearing what's going on in their day to day lives. I think both of those things are really important but I did just want to shout out that particular opportunity for folks to help build the infrastructu
"City Council Meeting - November 25, 2025 [Re1Nhz9g1aM]",10,4,5,ministral-8b;phi-4;qwen3.5-9b-q6;qwen3.5-9b-q8,SPEAKER_00,688.79,if my memory serves me correctly it was almost a week long of having the bike lanes iced over especially with the changes coming to administration i just want to encourage
"City Council Meeting - November 25, 2025 [Re1Nhz9g1aM]",11,4,5,ministral-8b;phi-4;qwen3.5-9b-q6;qwen3.5-9b-q8,UNKNOWN,698.87,city government to make sure the resources are there to manage the bike lanes properly this season um and you know i also recognize that we can't remove all snow at once if we need to get
"City Council Meeting - November 25, 2025 [Re1Nhz9g1aM]",13,4,5,ministral-8b;phi-4;qwen3.5-9b-q6;qwen3.5-9b-q8,UNKNOWN,715.43,are part of the roadway it leaves the city open to massive massive liability if someone uses the bike lane and gets hurt so whether whether you get cones barricades whatever they just say bike lane closed i think that'd be very prudent and that's really all i have to say i think the bike lane
"City Council Meeting - November 25, 2025 [Re1Nhz9g1aM]",14,2,5,qwen3.5-9b-q6;qwen3.5-9b-q8,SPEAKER_00,731.48,maintenance has improved over the course of the year um leaf pickup especially i've seen the i've
"City Council Meeting - November 25, 2025 [Re1Nhz9g1aM]",15,4,5,gemma-4-4b;ministral-8b;phi-4;qwen3.5-9b-q8,UNKNOWN,736.04,seen those guys picking up with the uh man the brand sticking in my head but i can't say it uh cool sweepers or cool leaf pickers i think uh we're doing better than we were doing last year but i just want to make sure i encourage the city to not uh drop the ball in any transition that we're all read
"City Council Meeting - November 25, 2025 [Re1Nhz9g1aM]",19,1,5,phi-4,UNKNOWN,826.15,perfect thank you very much good evening I'm Betsy Logan I'm the planning bureau chief for the city Claudia shank with McNeese Wallace and
"City Council Meeting - November 25, 2025 [Re1Nhz9g1aM]",20,2,5,gemma-4-4b;phi-4,SPEAKER_00,837.95,Eric I'm here on behalf of the developer 1031 Dillerville Road LP hi Melissa Stiles storage asset management on behalf of Dillerville Road good evening
"City Council Meeting - November 25, 2025 [Re1Nhz9g1aM]",30,1,5,gemma-4-4b,SPEAKER_00,985.74,zoning district it would be allowed in by right there are also size restrictions on the lots
"City Council Meeting - November 25, 2025 [Re1Nhz9g1aM]",33,2,5,gemma-4-4b;qwen3.5-9b-q8,UNKNOWN,1088.89,being updated for the self-storage facilities with no size limits we requested that they remove the special exception requirement to have r3 and r4 zoning districts for self-storage that were
"City Council Meeting - November 25, 2025 [Re1Nhz9g1aM]",34,1,5,qwen3.5-9b-q8,SPEAKER_00,1102.25,less than 20 000 square feet this change creates approximately two new non-conforming
"City Council Meeting - November 25, 2025 [Re1Nhz9g1aM]",35,1,5,qwen3.5-9b-q8,UNKNOWN,1111.72,facilities however if they want to expand their their facility and they're already in an r3 they can go through the special exception process so they're not limited in what they can and can't
"City Council Meeting - November 25, 2025 [Re1Nhz9g1aM]",36,1,5,phi-4,SPEAKER_00,1122.6,do on their property with as an existing use and then finally we wanted to ensure that new
"City Council Meeting - November 25, 2025 [Re1Nhz9g1aM]",37,1,5,phi-4,UNKNOWN,1131.37,"large box buildings had to meet some building design standards especially those that are not in one of the historic districts that have a little bit more regulation on those standards So, a new section of the zoning ordinance is being added for buildings that are greater than 50,000 square feet, whi"
"City Council Meeting - November 25, 2025 [Re1Nhz9g1aM]",38,1,5,phi-4,SPEAKER_00,1197.08,for self-storage facilities it will create design standards for buildings in the cm zoning district
"City Council Meeting - November 25, 2025 [Re1Nhz9g1aM]",51,2,5,qwen3.5-9b-q6;qwen3.5-9b-q8,UNKNOWN,1347.06,along the northern side of the property that is in the central manufacturing
"City Council Meeting - November 25, 2025 [Re1Nhz9g1aM]",52,2,5,qwen3.5-9b-q6;qwen3.5-9b-q8,SPEAKER_00,1350.74,zoning district that's the gray with the c3 being the pink so we are proposing to rezone the property from c3 to central manufacturing central manufacturing is a district where self storage is currently allowed and we think in conversation with the city it's it's a better fit to keep self storage in
"City Council Meeting - November 25, 2025 [Re1Nhz9g1aM]",53,2,5,qwen3.5-9b-q6;qwen3.5-9b-q8,UNKNOWN,1388.78,something that would facilitate development on this property which we believe is an appropriate
"City Council Meeting - November 25, 2025 [Re1Nhz9g1aM]",54,1,5,gemma-4-4b,SPEAKER_00,1392.7,location for self-storage given site constraints in particular the limited access this property
"City Council Meeting - November 25, 2025 [Re1Nhz9g1aM]",56,1,5,phi-4,SPEAKER_00,1405.42,but also to meet the city's needs and interests in limiting self-storage in residential areas as betsy indicated currently your ordinance does not permit any facilities over 20 000 square feet and it doesn't really contemplate a multi-story self-storage facility which is what we're looking to do her
"City Council Meeting - November 25, 2025 [Re1Nhz9g1aM]",66,1,5,phi-4,SPEAKER_00,1706.58,with council again if you pause there on the smaller image you can see a Google aerial image of what the property looks like today you can see that you know it
"City Council Meeting - November 25, 2025 [Re1Nhz9g1aM]",67,1,5,phi-4,UNKNOWN,1718.7,again we feel it's not in its highest and best use currently and we'd like to
"City Council Meeting - November 25, 2025 [Re1Nhz9g1aM]",68,1,5,phi-4,SPEAKER_00,1722.96,improve upon the appearance and the usability of the site if you scroll to to the next page you can see what the site will look like redeveloped we zoom out a little bit there you can see the head construction building that's there now they've completed that and then the self storage so it is a larg
"City Council Meeting - November 25, 2025 [Re1Nhz9g1aM]",69,1,5,phi-4,UNKNOWN,1753.8,to share a little bit information I know there have been questions in the past about you know there's been growth in self-storage in Lancaster County is
"City Council Meeting - November 25, 2025 [Re1Nhz9g1aM]",70,1,5,phi-4,SPEAKER_00,1762.02,there a need for it here why was the site identified and I think she can speak to some of those questions yes thank you Melissa Stiles with storage asset management so if we look at the nation the national square foot per capita is around seven point seven six so just under eight in Lancaster City t
"City Council Meeting - November 25, 2025 [Re1Nhz9g1aM]",96,1,5,gemma-4-4b,SPEAKER_00,2505.57,"it will allow the construction to proceed more quickly when the actual installation contracts are bid and awarded, and you also expect to get better bids for the contractor"
"City Council Meeting - November 25, 2025 [Re1Nhz9g1aM]",150,1,5,gemma-4-4b,SPEAKER_00,3743.45,presentation and a thorough hearing thank you very much counselors any comments on bill number 14 I'll take a moment to thank city staff for finding a creative solution and also helping to put some guide guidance in our zoning about these large large buildings and also looking out for the fact that 
"City Council Meeting - November 25, 2025 [Re1Nhz9g1aM]",158,1,5,gemma-4-4b,SPEAKER_00,4050.88,six years i personally can say that i appreciated this process and the opportunity to give feedback the proposed budget does not include any proposed property tax increases or earned income tax increase that concludes my comments thank you mayor sirachi thank you very much dj do you want to advance 
"City Council Meeting - November 25, 2025 [Re1Nhz9g1aM]",166,1,5,gemma-4-4b,SPEAKER_00,4410.86,was easier but there are still considerations moving forward I related to the water fund which we discussed last last week and with that I will take any questions or comments from public or from council sorry back to you thank you very much I just wanted to say that I appreciate the collaboration th
"City Council Meeting - November 25, 2025 [Re1Nhz9g1aM]",169,1,5,ministral-8b,UNKNOWN,4536.28,puc rate case um what changes uh is an incoming administration going to consider um you know so
"City Council Meeting - November 25, 2025 [Re1Nhz9g1aM]",170,4,5,gemma-4-4b;phi-4;qwen3.5-9b-q6;qwen3.5-9b-q8,SPEAKER_00,4544.28,but that's all i would comment at this time on on the budget as proposed thank you council hirsch any additional comments from council from the public good evening uh tim stuhldreier 800 block of george street uh first of all i completely second what councilman arroyo said at the top about the budge
"City Council Meeting - November 25, 2025 [Re1Nhz9g1aM]",174,3,5,gemma-4-4b;ministral-8b;phi-4,SPEAKER_00,4632.86,2026. uh nevertheless uh you know uh one thing i've said here before is uh i would like to see you know council visibly engage in this room with this budget you know to my mind that would potentially involve deliberation possibly even um you know proposing amendments uh council has always had the ab
"City Council Meeting - November 25, 2025 [Re1Nhz9g1aM]",176,1,5,ministral-8b,SPEAKER_00,4738.02,"in the budget document itself. I'm not sure why that would be the case. So I have that question. This is a bit of a look back, but in 2026, we are I'm sorry when we move from 2024 to 2025 the water fund fees were projected rise from I believe 34 and change to 38.8 I've asked director Campbell this b"
"City Council Meeting - November 25, 2025 [Re1Nhz9g1aM]",178,1,5,gemma-4-4b,SPEAKER_00,4790.38,gone over almost a minute understood thank you uh and then um in terms of earned income tax uh it looks like we have a projection uh 12.5 percent increase 2025 to 2026. my understanding is some of that would have to do with the current lag but just wanted to raise that to council's attention for pos
"City Council Meeting - November 25, 2025 [Re1Nhz9g1aM]",180,1,5,phi-4,SPEAKER_00,4821.72,you can feel free to jump in but i think we've talked uh in the recent meetings about unexpected lower use in water were we previously using projections that that proposed an increase usage in previous years I'm just I'm guessing but thank you we were looking at projections that showed either a curr
"City Council Meeting - October 28, 2025 [Ffwwu-vf22M]",10,3,5,gemma-4-4b;ministral-8b;qwen3.5-9b-q8,SPEAKER_00,466.69,again duration of comments is limited to three minutes mr. Harris we have speakers for this comment period we do madam president first is Susan Gomez thank you and for speakers our microphone is right there and if you're the first speaker you may need to turn it on if it's not on already for you Tha
"City Council Meeting - October 28, 2025 [Ffwwu-vf22M]",11,1,5,qwen3.5-9b-q6,UNKNOWN,657.8,landlord and business owner for over five years in the city or the next mayor
"City Council Meeting - October 28, 2025 [Ffwwu-vf22M]",12,1,5,gemma-4-4b,SPEAKER_00,663.4,but I do thank the police department for stepping in to volunteer with these animals because the Humane League and other shelters if any well they have other plans so we are left with a mouthful of problems and taxation is still on the rise while developers get breaks and colleagues get to decide ou
"City Council Meeting - October 28, 2025 [Ffwwu-vf22M]",17,1,5,phi-4,UNKNOWN,817.16,are already living nearby these centers are experiencing it is absolutely life-changing
"City Council Meeting - October 28, 2025 [Ffwwu-vf22M]",19,2,5,qwen3.5-9b-q6;qwen3.5-9b-q8,UNKNOWN,987.98,together to strengthen that community benefit agreement it sounds like there is work in process
"City Council Meeting - October 28, 2025 [Ffwwu-vf22M]",20,4,5,ministral-8b;phi-4;qwen3.5-9b-q6;qwen3.5-9b-q8,SPEAKER_00,991.66,there but certainly calling out the inclusion of accountability and mechanisms to ensure that the agreement is honored and lastly i would call out that the events surrounding the data center in general have broken my trust and my confidence and i would ask that everyone sitting on this council think
"City Council Meeting - October 28, 2025 [Ffwwu-vf22M]",26,3,5,gemma-4-4b;phi-4;qwen3.5-9b-q8,SPEAKER_00,1297.03,So our biggest concern is how to prove that someone can do this type of commercial activity in a neighborhood that is residential.
"City Council Meeting - October 28, 2025 [Ffwwu-vf22M]",27,4,5,gemma-4-4b;phi-4;qwen3.5-9b-q6;qwen3.5-9b-q8,UNKNOWN,1307.43,That is our biggest concern.
"City Council Meeting - October 28, 2025 [Ffwwu-vf22M]",28,3,5,phi-4;qwen3.5-9b-q6;qwen3.5-9b-q8,SPEAKER_00,1310.21,And we want an answer. You already have an answer.
"City Council Meeting - October 28, 2025 [Ffwwu-vf22M]",29,3,5,phi-4;qwen3.5-9b-q6;qwen3.5-9b-q8,UNKNOWN,1314.5,And what could you do to protect us in this aspect? Thank you.
"City Council Meeting - October 28, 2025 [Ffwwu-vf22M]",31,3,5,ministral-8b;qwen3.5-9b-q6;qwen3.5-9b-q8,UNKNOWN,1365.56,was previously a private alleyway that for many years was watched and serviced
"City Council Meeting - October 28, 2025 [Ffwwu-vf22M]",32,3,5,ministral-8b;qwen3.5-9b-q6;qwen3.5-9b-q8,SPEAKER_00,1370.0,by the neighbors. Now alley 59 belongs to the city however the neighbors continue to provide maintain and watch over the alley because the city doesn't do it the city approved permits for an external individual who is not part of the neighborhood to establish his commercial business headquarters in 
"City Council Meeting - October 28, 2025 [Ffwwu-vf22M]",34,4,5,gemma-4-4b;ministral-8b;phi-4;qwen3.5-9b-q8,SPEAKER_00,1419.01,These are the concerns of having a large vehicle commercial business headquarters in residential neighborhood. Danger to neighborhood children who play and walk
"City Council Meeting - October 28, 2025 [Ffwwu-vf22M]",43,3,5,ministral-8b;qwen3.5-9b-q6;qwen3.5-9b-q8,UNKNOWN,1547.59,"But anyway, I moved here basically for the quality of life. Lancaster is a great area, and I investigated a lot of different areas up here in the northeast to get away from those Texas summers."
"City Council Meeting - October 28, 2025 [Ffwwu-vf22M]",44,3,5,ministral-8b;qwen3.5-9b-q6;qwen3.5-9b-q8,SPEAKER_00,1560.35,and Lancaster just looked like a perfect place and now I see that you are thinking about having data centers come into the community which I'm not you know anti-business I'm pro-business but there has to be a good reason for bringing them in here and if they're coming in where they're going to abuse
"City Council Meeting - October 28, 2025 [Ffwwu-vf22M]",45,4,5,gemma-4-4b;phi-4;qwen3.5-9b-q6;qwen3.5-9b-q8,UNKNOWN,1586.85,advantage of us and they use this term data center and a factory I mean they a warehouse I'm sure those terms were all focus grouped so that you could like them where they're really they should be what they they're more like a technical factory would be more appropriate and so if you said I'm going 
"City Council Meeting - October 28, 2025 [Ffwwu-vf22M]",46,2,5,qwen3.5-9b-q6;qwen3.5-9b-q8,SPEAKER_00,1626.09,resources so just think about what letting into the community and how
"City Council Meeting - October 28, 2025 [Ffwwu-vf22M]",47,2,5,qwen3.5-9b-q6;qwen3.5-9b-q8,UNKNOWN,1632.63,they're going to pay for it and you know take care of the community they're not going to bring bring it in a lot of employment there's going to be very
"City Council Meeting - October 28, 2025 [Ffwwu-vf22M]",48,3,5,gemma-4-4b;phi-4;qwen3.5-9b-q8,SPEAKER_00,1640.23,little employment and a good case in point is today amazon just laid off 14 000 workers and because of ai so more likely what they're doing is you know they'll bring in a minor amount of employment to the area but not much so think about what you're doing thank you mr harris we have additional speak
"City Council Meeting - October 28, 2025 [Ffwwu-vf22M]",50,2,5,ministral-8b;qwen3.5-9b-q8,SPEAKER_00,1719.57,1620 Robert Road since Jimmy Carter was president of the United States I've been
"City Council Meeting - October 28, 2025 [Ffwwu-vf22M]",51,2,5,ministral-8b;phi-4,UNKNOWN,1725.47,here a while i've seen a lot of changes but first i want to go through some definitions
"City Council Meeting - October 28, 2025 [Ffwwu-vf22M]",52,3,5,gemma-4-4b;ministral-8b;phi-4,SPEAKER_00,1731.92,make sure everybody's on the same page when i use these words one a warehouse is a place to store physical items it's not a empty building manufacturer is a place where raw materials are turned into the physical final physical form now i do notice that where this glenn road is excuse me nervous it's
"City Council Meeting - October 28, 2025 [Ffwwu-vf22M]",53,1,5,ministral-8b,UNKNOWN,1786.07,"storage systems, and other IT interstructural needed to run applications and manage data."
"City Council Meeting - October 28, 2025 [Ffwwu-vf22M]",54,1,5,phi-4,SPEAKER_00,1793.4,"When we think of AI, we kind of think of maybe a bunch of computers sitting there in a dark room with their little lights buzzing around and everything's hunky-dory. We've seen this all on sci-fi movies, Star Trek, and everything else. But let's talk about how big data centers can be. The smallest i"
"City Council Meeting - October 28, 2025 [Ffwwu-vf22M]",55,1,5,phi-4,UNKNOWN,1856.16,the ones that greenfield are can be over 100 100 000 square feet in 20 to 100 000 milliwatt
"City Council Meeting - October 28, 2025 [Ffwwu-vf22M]",56,1,5,phi-4,SPEAKER_00,1869.8,"use. Now there are some cons, pros to data centers. Yes, they can help stimulate economy, maybe. But they increase tax revenue, that's good. And maybe they can be used to fund community services and infrastructure. And they help the technology advancement of the area in business it attracts other bu"
"City Council Meeting - October 28, 2025 [Ffwwu-vf22M]",58,3,5,gemma-4-4b;ministral-8b;phi-4,SPEAKER_00,1908.6,roads Mr. Monk I appreciate your comments we've reached three minutes if you have a final a final thought to add sorry I was just wondering when we're gonna have a public hearing on the data center first it didn't happen
"City Council Meeting - October 28, 2025 [Ffwwu-vf22M]",63,2,5,gemma-4-4b;phi-4,UNKNOWN,1995.96,participate in the budget hearing process he's still the budget is our most transparent part of city government as per the charter in my opinion so i'm glad that things worked well and i actually
"City Council Meeting - October 28, 2025 [Ffwwu-vf22M]",64,1,5,phi-4,SPEAKER_00,2007.1,to thank you council president because two weeks ago i believe it was i saw your sense of urgency
"City Council Meeting - October 28, 2025 [Ffwwu-vf22M]",65,1,5,phi-4,UNKNOWN,2013.82,and i appreciate that because that is desperately needed for the functioning of these systems
"City Council Meeting - October 28, 2025 [Ffwwu-vf22M]",67,4,5,ministral-8b;phi-4;qwen3.5-9b-q6;qwen3.5-9b-q8,UNKNOWN,2056.25,if we can persuade our zoning officer to rescind his decision letter in error it gives us as the the public a better footing to combat these data centers and have more leverage to get
"City Council Meeting - October 28, 2025 [Ffwwu-vf22M]",68,4,5,ministral-8b;phi-4;qwen3.5-9b-q6;qwen3.5-9b-q8,SPEAKER_00,2066.41,agreements with teeth there's been a draft of a cba circulated amongst members of the public
"City Council Meeting - October 28, 2025 [Ffwwu-vf22M]",69,4,5,gemma-4-4b;ministral-8b;qwen3.5-9b-q6;qwen3.5-9b-q8,UNKNOWN,2073.29,which heavily disappointed in because it doesn't provide accountability for the individuals who
"City Council Meeting - October 28, 2025 [Ffwwu-vf22M]",70,4,5,ministral-8b;phi-4;qwen3.5-9b-q6;qwen3.5-9b-q8,SPEAKER_00,2077.93,are coming to put this money in the community there's no guarantee that our well-being is going to be protected and so i'm i'm at a loss for words because these are the moments where we desperately need our government to demonstrate that they are in line with the community on these issues of concern
"City Council Meeting - October 28, 2025 [Ffwwu-vf22M]",71,3,5,ministral-8b;qwen3.5-9b-q6;qwen3.5-9b-q8,UNKNOWN,2106.3,exclusively not the mayor all of us are in this we are all stakeholders in the city of Lancaster
"City Council Meeting - October 28, 2025 [Ffwwu-vf22M]",81,4,5,gemma-4-4b;phi-4;qwen3.5-9b-q6;qwen3.5-9b-q8,UNKNOWN,2320.63,enforce automated red light cameras to designate the the intersection in
"City Council Meeting - October 28, 2025 [Ffwwu-vf22M]",82,3,5,phi-4;qwen3.5-9b-q6;qwen3.5-9b-q8,SPEAKER_00,2326.63,accordance to Pennsylvania law vehicles will be recorded running red lights under the section 31 12 a and 3 of the Motor Vehicle Code will be also subject to a hundred dollars civilian penalty the violations will not be considered a criminal conviction or affect insurance points I just thought peopl
"City Council Meeting - October 28, 2025 [Ffwwu-vf22M]",83,3,5,phi-4;qwen3.5-9b-q6;qwen3.5-9b-q8,UNKNOWN,2349.73,that this is something that they should know that they would get penalized but
"City Council Meeting - October 28, 2025 [Ffwwu-vf22M]",89,1,5,gemma-4-4b,UNKNOWN,2461.36,"rollout process going to be. I'm very sure that if it happens off the back, you get a final right away that's going to be cause friction as good and well intended as this is you want to ensure that their drivers and the road folks are in harmony and I want to know what the time frame is for when tic"
"City Council Meeting - October 28, 2025 [Ffwwu-vf22M]",90,1,5,gemma-4-4b,SPEAKER_00,2508.24,is that the implementation is not going to start until the spring of 2026 because the cities upon getting this uh should we approve it um they would have to go out and and procure a vendor
"City Council Meeting - October 28, 2025 [Ffwwu-vf22M]",98,1,5,gemma-4-4b,SPEAKER_00,2657.77,Chestnut race and Marietta Ave North Lyme and East Orange Street and North Plum and East Walnut Street so those are the locations I'll just say one other thing just because you know I think you know I'm passionate about this issue right I would say when we make it safer for people that are walking f
"City Council Meeting - October 28, 2025 [Ffwwu-vf22M]",100,2,5,qwen3.5-9b-q6;qwen3.5-9b-q8,SPEAKER_00,2747.72,that not only these penalties but any applicable penalties any applicable fines in the city of
"City Council Meeting - October 28, 2025 [Ffwwu-vf22M]",101,2,5,qwen3.5-9b-q6;qwen3.5-9b-q8,UNKNOWN,2752.12,lancaster could be paid through some sort of volunteer service or educational opportunity i'm including even street sweeping in this like we have ms4 requirements i think it's module one public outreach and it could be important for our ms4 guidelines to integrate some sort of
"City Council Meeting - October 28, 2025 [Ffwwu-vf22M]",102,4,5,gemma-4-4b;ministral-8b;phi-4;qwen3.5-9b-q6,SPEAKER_00,2766.6,educational opportunity as a essentially a penalty if you're not going to move your car for street sweeping uh so that's really all i came to say is that i think we need to especially in this economic time be focused on ways we can bring the public's understanding up to a level that we're all trying
"City Council Meeting - October 28, 2025 [Ffwwu-vf22M]",111,4,5,gemma-4-4b;ministral-8b;phi-4;qwen3.5-9b-q6,UNKNOWN,2960.61,residents I was just gonna say that I hope that local businesses hired to
"City Council Meeting - October 28, 2025 [Ffwwu-vf22M]",112,1,5,qwen3.5-9b-q6,SPEAKER_00,2966.91,perform that HVAC work thank you very much just be special memory and tell us how much money that was and I will open the bill and take a look at that because I don't have my notes in the last meeting let's see I apologize have my other notes in front of me director Campbell or Delves do you have th
"City Council Meeting - October 28, 2025 [Ffwwu-vf22M]",113,1,5,qwen3.5-9b-q6,UNKNOWN,3007.44,from the previous meeting but some of that had been allocated to asbestos abatement and other things Lancaster rec and SDOL are confirming how much has been spent otherwise but We're expecting that there'll be somewhere between three hundred thousand and five hundred thousand remaining The repairs t
"City Council Meeting - October 28, 2025 [Ffwwu-vf22M]",114,1,5,gemma-4-4b,SPEAKER_00,3061.56,Since the school district dropped out and they were given the ARPA money we didn't spend any of it on
"City Council Meeting - October 28, 2025 [Ffwwu-vf22M]",119,1,5,gemma-4-4b,UNKNOWN,3092.41,say you know the rec center is good but we all know we have lack of youth activities for our
"City Council Meeting - October 28, 2025 [Ffwwu-vf22M]",120,4,5,gemma-4-4b;phi-4;qwen3.5-9b-q6;qwen3.5-9b-q8,SPEAKER_00,3097.85,children in the city and we want to know that if we're investing this money is the city going to
"City Council Meeting - October 28, 2025 [Ffwwu-vf22M]",121,3,5,phi-4;qwen3.5-9b-q6;qwen3.5-9b-q8,UNKNOWN,3104.41,children really going to get to use it it's more of a county thing we have i think one
"City Council Meeting - October 28, 2025 [Ffwwu-vf22M]",122,3,5,phi-4;qwen3.5-9b-q6;qwen3.5-9b-q8,SPEAKER_00,3108.57,representative from council that sits on the board if I'm correct and just want to know that we have more input if we're the ones that were invested in the ARPA
"City Council Meeting - October 28, 2025 [Ffwwu-vf22M]",123,2,5,gemma-4-4b;ministral-8b,UNKNOWN,3118.53,money from the city not from the county is any of the county municipalities going to add money because they use the rec center as well thank you thank you miss Byrd additional comments from the public on the bill thank you counselor
"City Council Meeting - October 28, 2025 [Ffwwu-vf22M]",150,3,5,gemma-4-4b;ministral-8b;qwen3.5-9b-q8,SPEAKER_00,3527.91,That concludes our legislative agenda for this evening and will bring us to our second public comment period that's open for Comments on issues not previously discussed on the agenda again duration of comments is three minutes Please begin with your name and block of residence anyone wishing to make
"City Council Meeting - October 28, 2025 [Ffwwu-vf22M]",154,4,5,ministral-8b;phi-4;qwen3.5-9b-q6;qwen3.5-9b-q8,SPEAKER_00,3598.12,of registered voters in our areas aren't getting out to the polls at all there's two ordinances that have been enforced that historically have not the alleyway parking and now trash in front of our houses i'm offered an opportunity to be a liaison for our seventh ward precinct five over the last mon
"City Council Meeting - October 28, 2025 [Ffwwu-vf22M]",155,2,5,qwen3.5-9b-q6;qwen3.5-9b-q8,UNKNOWN,3651.65,Thank you.
"City Council Meeting - October 28, 2025 [Ffwwu-vf22M]",156,4,5,gemma-4-4b;ministral-8b;qwen3.5-9b-q6;qwen3.5-9b-q8,SPEAKER_00,3652.45,is he's one of the concerned neighbors newer members Darlene Byrd I have three quick issues
"City Council Meeting - October 28, 2025 [Ffwwu-vf22M]",157,4,5,ministral-8b;phi-4;qwen3.5-9b-q6;qwen3.5-9b-q8,UNKNOWN,3661.19,I want to speak about one is what Carlos was talking about I mean we talk about these data centers being placed in the city we're talking about our neighborhood where a business is placed in an alleyway things that happened for years Carlos been living there 37 years I lived on
"City Council Meeting - October 28, 2025 [Ffwwu-vf22M]",158,3,5,ministral-8b;qwen3.5-9b-q6;qwen3.5-9b-q8,SPEAKER_00,3676.25,the street 47 years and you could park behind there but now because a business came in nobody
"City Council Meeting - October 28, 2025 [Ffwwu-vf22M]",160,4,5,ministral-8b;phi-4;qwen3.5-9b-q6;qwen3.5-9b-q8,SPEAKER_00,3697.07,can find out what is going to be allowed to be there what's happening next and we
"City Council Meeting - October 28, 2025 [Ffwwu-vf22M]",161,4,5,ministral-8b;phi-4;qwen3.5-9b-q6;qwen3.5-9b-q8,UNKNOWN,3702.57,have this neighborhood engagement but it seems like South End is always left out
"City Council Meeting - October 28, 2025 [Ffwwu-vf22M]",167,4,5,ministral-8b;phi-4;qwen3.5-9b-q6;qwen3.5-9b-q8,UNKNOWN,3806.27,well i would ask tonight that city council unfortunately the mayor is not here but that we become a city that favors the little person that favors the mom waiting in line at the water street mission food pantry wondering whether her food stamps are going to come back on then rather that we favor the
"City Council Meeting - October 28, 2025 [Ffwwu-vf22M]",169,4,5,ministral-8b;phi-4;qwen3.5-9b-q6;qwen3.5-9b-q8,UNKNOWN,3844.77,"Please do what is in your power to put those of us with the least among us first, not the developers. Thank you."
"City Council Meeting - October 28, 2025 [Ffwwu-vf22M]",170,3,5,ministral-8b;qwen3.5-9b-q6;qwen3.5-9b-q8,SPEAKER_00,3853.17,thank you good evening hello hello hello can you hear me okay i am robert potter of i'm gonna say
"City Council Meeting - October 28, 2025 [Ffwwu-vf22M]",171,3,5,gemma-4-4b;ministral-8b;phi-4,UNKNOWN,3867.08,the 100 block because i don't really know how we do this but i'm over on king street south franklin
"City Council Meeting - October 28, 2025 [Ffwwu-vf22M]",175,3,5,phi-4;qwen3.5-9b-q6;qwen3.5-9b-q8,UNKNOWN,3895.4,"I believe adding not only the AI data center complementary with red light traffic cameras that we were just talking about beforehand and and it's not just me but I'm gonna hit uh parking enforcement real quick combining all that with strict parking enforcement I don't know if it's just me, but I'm m"
"City Council Meeting - October 28, 2025 [Ffwwu-vf22M]",176,3,5,phi-4;qwen3.5-9b-q6;qwen3.5-9b-q8,SPEAKER_00,3939.7,This is about the most democratic America has felt in like – and I'm talking this room. This is the most democratic it has felt in maybe months. This is the most serious I can take any government right now because we're all sitting here acting like whatever. The person in the White House is in a com
"City Council Meeting - October 28, 2025 [Ffwwu-vf22M]",178,4,5,ministral-8b;phi-4;qwen3.5-9b-q6;qwen3.5-9b-q8,SPEAKER_00,3962.89,any and all enforcement that seems to go past the people of the city that don't want anything to do
"City Council Meeting - October 28, 2025 [Ffwwu-vf22M]",179,4,5,ministral-8b;phi-4;qwen3.5-9b-q6;qwen3.5-9b-q8,UNKNOWN,3968.99,with this at all at the last meeting we talked about this we said it doesn't benefit the environment doesn't benefit the people doesn't benefit the businesses who is it benefiting the millionaires
"City Council Meeting - October 28, 2025 [Ffwwu-vf22M]",181,4,5,ministral-8b;phi-4;qwen3.5-9b-q6;qwen3.5-9b-q8,UNKNOWN,3993.39,How long are we going to sit here and act like this isn't what democracy is made of? Everyone in this room is ticked at the addition of a data center that's going to benefit nobody. Why is it still happening? Can anybody answer that? Other than money? Exactly.
"City Council Meeting - October 28, 2025 [Ffwwu-vf22M]",182,4,5,ministral-8b;phi-4;qwen3.5-9b-q6;qwen3.5-9b-q8,SPEAKER_00,4013.39,We've got people on the other side of the globe burning and dying for the exact stuff they are putting in our community.
"City Council Meeting - October 28, 2025 [Ffwwu-vf22M]",183,1,5,phi-4,UNKNOWN,4018.89,You think that is any different?
"City Council Meeting - October 28, 2025 [Ffwwu-vf22M]",185,1,5,phi-4,UNKNOWN,4145.62,Now it's Lancaster.
"City Council Meeting - October 28, 2025 [Ffwwu-vf22M]",187,2,5,qwen3.5-9b-q6;qwen3.5-9b-q8,UNKNOWN,4160.86,with troubleshooting interruptions.
"City Council Meeting - October 28, 2025 [Ffwwu-vf22M]",188,4,5,ministral-8b;phi-4;qwen3.5-9b-q6;qwen3.5-9b-q8,SPEAKER_00,4163.2,"The government creates funding for all cities and states, the workers write the grants, push the intake coordinators to execute the applications to fulfill the needs of the people while they pay their taxes to be the Commonwealth that we both invest in. This is not a one-way street. Your ignorance h"
"City Council Meeting - October 28, 2025 [Ffwwu-vf22M]",191,4,5,ministral-8b;phi-4;qwen3.5-9b-q6;qwen3.5-9b-q8,UNKNOWN,4338.44,this is also complex parking ice data center but i want to use my couple minutes to ask a couple questions and have one comment uh the comment is as we go as we y'all us as the public go through the proposed budget i have always had a little bit of a pit in my stomach when i see tourism under depart
"City Council Meeting - October 28, 2025 [Ffwwu-vf22M]",192,3,5,gemma-4-4b;ministral-8b;phi-4,SPEAKER_00,4373.39,that it deserves to be moved from that department so more resources can go into neighborhood engagement um i understand there might be some things to split up within that group but that's my comment for that uh the two questions i have the first one related to my comments earlier um i don't know how
"City Council Meeting - October 28, 2025 [Ffwwu-vf22M]",193,1,5,phi-4,UNKNOWN,4423.22,other question would be is what what is our plan for improving the communications technology in
"City Council Meeting - October 28, 2025 [Ffwwu-vf22M]",194,1,5,phi-4,SPEAKER_00,4430.32,this room because it's been we're gonna we'll say eight nine months roughly of this setup uh people are still kind of i saw some people trying to go to the uh lectern that wasn't there tonight because it's not available the public deserves to know when things are going to get back to quote-unquote n
"City Council Meeting - October 28, 2025 [Ffwwu-vf22M]",196,4,5,gemma-4-4b;ministral-8b;qwen3.5-9b-q6;qwen3.5-9b-q8,SPEAKER_00,4459.37,working for everybody all the time and we should really get back to normal so that's my second question is what is the plan to get back to normal with our communications thank you thank you any further comments for this period good evening it's just a quick one uh my name is Paul Colbreth uh 34 land
"City Council Meeting - October 28, 2025 [Ffwwu-vf22M]",197,3,5,gemma-4-4b;ministral-8b;phi-4,UNKNOWN,4488.63,two about the decommissioned fire station uh i guess number six uh what is the the plan for it uh because i'm i was meeting with a couple organizations that do not have a home there's organizations that are floundering and they had asked me to approach council
"City Council Meeting - October 28, 2025 [Ffwwu-vf22M]",198,1,5,gemma-4-4b,SPEAKER_00,4509.12,"about the fire station, number six."
"City Council Meeting - October 28, 2025 [Ffwwu-vf22M]",199,1,5,phi-4,UNKNOWN,4513.34,And I wanted to go on record to say
"City Council Meeting - October 28, 2025 [Ffwwu-vf22M]",205,4,5,ministral-8b;phi-4;qwen3.5-9b-q6;qwen3.5-9b-q8,UNKNOWN,4593.29,guys are doing your job it uh it's scary you know I see a bunch of people on this panel and
"City Council Meeting - October 28, 2025 [Ffwwu-vf22M]",206,4,5,ministral-8b;phi-4;qwen3.5-9b-q6;qwen3.5-9b-q8,SPEAKER_00,4601.57,frankly I don't see a ton of care in your faces most of the time I see a lot from the right you guys really seem to care and that's awesome thank you for that I know that this might not be new for you maybe you're all just used to it maybe you're jaded already we need you to not be jaded we need to 
"City Council Meeting - October 28, 2025 [Ffwwu-vf22M]",207,4,5,gemma-4-4b;phi-4;qwen3.5-9b-q6;qwen3.5-9b-q8,UNKNOWN,4634.17,community with i've met you all i've seen you i saw you outside of a um you know you asked me to vote for you one time and i did um but that's the last time i saw you and that's weird man and i
"City Council Meeting - October 28, 2025 [Ffwwu-vf22M]",208,3,5,phi-4;qwen3.5-9b-q6;qwen3.5-9b-q8,SPEAKER_00,4651.21,know it's maybe not weird for you but it's weird for me and i think it's probably weird for all
"City Council Meeting - October 28, 2025 [Ffwwu-vf22M]",209,3,5,phi-4;qwen3.5-9b-q6;qwen3.5-9b-q8,UNKNOWN,4655.8,you guys so we went to that data center thing and frankly just felt like a joke none of you were
"City Council Meeting - October 28, 2025 [Ffwwu-vf22M]",210,3,5,gemma-4-4b;ministral-8b;phi-4,SPEAKER_00,4664.39,there by the way but that was weird to me too i i really thought you would be there mr aurelio i was shocked that you weren't um maybe you think there's nothing that can be done but i don't think
"City Council Meeting - September 23, 2025 [zwszv7wUGc0]",8,3,5,gemma-4-4b;ministral-8b;phi-4,SPEAKER_08,507.24,"Good evening to all, to City Council, to Mayor Soares, and to the public today. I'm a proud resident of the city of Lancaster. I live on the 100 block of South Queen Street, so I'm very proud to be part of this. I consider myself an Amatrican and also be proud to represent our county in the Governor"
"City Council Meeting - September 23, 2025 [zwszv7wUGc0]",9,2,5,gemma-4-4b;ministral-8b,SPEAKER_07,545.94,"Proclamation for the governor. Por lo cuanto, en vez de la herencia hispana, es una oportunidad para celebrar las ricas tradiciones culturales y honrar las contribuciones y los logros significativamente de nuestra comunidad hispana y latinoamericana en medicina, leyes, negocio, tecnología, compromis"
"City Council Meeting - September 23, 2025 [zwszv7wUGc0]",10,1,5,gemma-4-4b,SPEAKER_08,682.96,"That is a message from our governor in the second spoken language, which is Spanish, in our commonwealth. So I want to thank you for the opportunity for letting me read this, especially since this is my first time reading it in Spanish. but my second time reading in Spanish for my first time reading"
"City Council Meeting - September 23, 2025 [zwszv7wUGc0]",11,1,5,gemma-4-4b,SPEAKER_03,733.33,"Thank you. I appreciate you being here this evening, Jose. We, as you may recall, counselors and members of the public, passed our resolution honoring Hispanic Heritage Month at our last meeting, and I will mention that we are having a celebration for Hispanic Heritage Month on october 4th in yule p"
"City Council Meeting - September 23, 2025 [zwszv7wUGc0]",23,2,5,gemma-4-4b;phi-4,SPEAKER_11,1587.61,motion and a second council arroyo thank you council president i don't have anything additional add we sat through two hearings with director campbell and director campbell who gave an extensive presentation on the capital budget i just want to extend my gratitude to both director campbell's on prov
"City Council Meeting - September 23, 2025 [zwszv7wUGc0]",24,1,5,phi-4,SPEAKER_03,1610.01,opportunity to meet uh with people about various topics and inevitably it comes up the fact that one of the hallmarks of good government is planning and we are in this rare but amazing position to have a capital budget in front of us and that's not a thing that a lot of cities can say so i'm incredi
"City Council Meeting - September 23, 2025 [zwszv7wUGc0]",31,1,5,phi-4,SPEAKER_09,1753.0,local shares account grant comes from the state which are our gaming funds but must come to the municipality and in this case the city is the municipality and then that passes on the funds to the sub grantee and my understanding is that there is someone here from thank you yes tonight we're hearing 
"City Council Meeting - September 23, 2025 [zwszv7wUGc0]",33,2,5,gemma-4-4b;phi-4,SPEAKER_12,1791.55,there you go you got it I think I hear it yeah okay thanks good evening my name is Kim Crowder and I have the pleasure of being the senior vice president of real estate development for HDC Mid-Atlantic and so I just want to take a couple minutes to give you a little bit of an update of what we have 
"City Council Meeting - September 23, 2025 [zwszv7wUGc0]",37,3,5,gemma-4-4b;ministral-8b;phi-4,SPEAKER_09,2475.71,incredible yeah it really is incredible you know to to be here from the beginning when it was a thought and see the whole process follow through um i can't wait to see the whole thing done yeah
"City Council Meeting - September 23, 2025 [zwszv7wUGc0]",40,4,5,ministral-8b;phi-4;qwen3.5-9b-q6;qwen3.5-9b-q8,SPEAKER_12,2585.67,might be able to expect so I think I hear two questions is the first question with the changes that are happening at HUD decreased funding at HUD and things like that that we're concerned that people might lose housing is that the first question and then is the second piece about the residents who a
"City Council Meeting - September 23, 2025 [zwszv7wUGc0]",41,4,5,ministral-8b;phi-4;qwen3.5-9b-q6;qwen3.5-9b-q8,SPEAKER_01,2605.19,yes I mean I already know that decreases in funding are going to affect the affordable housing opportunities my question is more just if if there are people who are currently in your housing units that are undocumented with these other changes that HUD not funding with more philosophical changes do 
"City Council Meeting - September 23, 2025 [zwszv7wUGc0]",43,4,5,gemma-4-4b;ministral-8b;phi-4;qwen3.5-9b-q8,SPEAKER_07,2721.66,comments from the public good evening Jose Nunez who is 100 block of South
"City Council Meeting - September 23, 2025 [zwszv7wUGc0]",46,3,5,gemma-4-4b;ministral-8b;phi-4,SPEAKER_08,2740.14,commissioners throughout the Commonwealth have advocated for affordable housing so it is great to see that lancaster city and are definitely doing that because that we have definitely we have recognized there's a housing shortage in the commonwealth i mean the commonwealth is growing but when it com
"City Council Meeting - September 23, 2025 [zwszv7wUGc0]",52,1,5,phi-4,SPEAKER_04,2873.56,please come to the microphone. Good evening.
"City Council Meeting - September 9, 2025 [H5Gp_GuYYYg]_exclusive",16,3,5,gemma-4-4b;ministral-8b;phi-4,SPEAKER_04,1204.31,"Thank you, Council President. Thank you for the presentation. I just wanted to take the time to thank the administration and the Department of Neighborhood Engagement for continuing to work, even during times of challenges and uncertainty, continuing to work with our many community partners to ensur"
"City Council Meeting - September 9, 2025 [H5Gp_GuYYYg]_exclusive",25,3,5,gemma-4-4b;ministral-8b;phi-4,SPEAKER_05,1514.27,much to add but just uh it's truly an honor to introduce this resolution every year to honor hispanic heritage month which begins september 15th through october 15th as we look around through different community organizations and community leaders that are led by hispanic community leaders it's trul
"City Council Meeting - September 9, 2025 [H5Gp_GuYYYg]_exclusive",32,1,5,gemma-4-4b,SPEAKER_03,1714.88,on this resolution thank you very much councilor hirsch i appreciate you bringing this to our attention and the explanation that you provided both here and writing to counselors so we had a full understanding of what's been going on are there any additional council comments on the resolution from th
"City Council Meeting - September 9, 2025 [H5Gp_GuYYYg]_exclusive",42,3,5,gemma-4-4b;ministral-8b;phi-4,SPEAKER_03,3093.86,questions thank you so much for your presentation this evening um i do have a question off the bat so having seen you know these presentations for now several years it seems sort of anecdotally if i'm remembering correctly that your participation has gone up since your new location could someone uh 
"City Council Meeting - September 9, 2025 [H5Gp_GuYYYg]_exclusive",43,3,5,gemma-4-4b;ministral-8b;phi-4,SPEAKER_12,3143.05,for sure is people just coming and enjoying the space it's a lot more open to people who are there to just relax and read or work with their ipads or their laptops it's just a much more open and lighting space we have more computer access than we did at the old building it's a much more open area al
"City Council Meeting - September 9, 2025 [H5Gp_GuYYYg]_exclusive",44,1,5,gemma-4-4b,SPEAKER_03,3293.51,the building thank you so much it's it's always nice to hear about opportunities for spaces where people can just exist without the expectation to spend any money because we don't have any of those besides the library and that's why it's so valuable so thank you for that counselors any questions or 
"City Council Meeting - September 9, 2025 [H5Gp_GuYYYg]_exclusive",45,3,5,gemma-4-4b;ministral-8b;phi-4,SPEAKER_08,3321.46,one other piece in answer to that question too uh is that i think being on ewell plaza and all of the community events that are happening in ewell plaza and bins park is growing awareness in the community of the library because it's right there and other than a couple i started with the library less
"City Council Meeting - September 9, 2025 [H5Gp_GuYYYg]_exclusive",67,3,5,gemma-4-4b;ministral-8b;phi-4,SPEAKER_01,3799.62,craig anything additional on those two items honestly nothing more than what was said in the resolution um the 344 west chestnut street is i think one of the things that we should point out is that the west elevation facing north it's going to be mounted on the west elevation point facing north char
"City Council Meeting - September 9, 2025 [H5Gp_GuYYYg]_exclusive",73,3,5,gemma-4-4b;ministral-8b;phi-4,SPEAKER_05,3937.87,add this evening nothing to add and maybe well excuse me one thing to add thank you and maybe director campbell could provide clarification but uh there may this may not be uh approved at the next uh meeting until we receive quotes for the interest rates i believe or
"City Council Meeting - September 9, 2025 [H5Gp_GuYYYg]_exclusive",74,1,5,ministral-8b,SPEAKER_00,3957.49,no this one should be approved at the next meeting um the the water main financing will be the first reading will be next meeting so that one confusing all the financing ones thank you
"City Council Meeting - September 9, 2025 [H5Gp_GuYYYg]_exclusive",75,1,5,gemma-4-4b,SPEAKER_03,3972.78,director campbell thank you and i just want to say to director campbell and director stephen campbell as well because i know they've worked closely together on this that i'm incredibly proud that we have this capital budget in front of us it's really it's kind of a momentous thing and i'm glad that 
"City Council Meeting - September 9, 2025 [H5Gp_GuYYYg]_exclusive",83,1,5,phi-4,SPEAKER_01,4185.27,a second counselor craig thank you council president um um was originally um the original resolution we went over in may the amendment is because of a of an incorrectly listed height measurement from 15 feet to 13 feet 6 inches which complies with the city's ordinances so just a slight error in meas
"City Council Meeting - September 9, 2025 [H5Gp_GuYYYg]_exclusive",92,2,5,ministral-8b;phi-4,SPEAKER_03,4511.74,very much a question for you uh one first thank you for answering the important question was that is the horse and still the native park there so thank you um and two i guess i did not realize that the facility wasn't already owned by the library so who are the owners currently
"City Council Meeting - September 9, 2025 [H5Gp_GuYYYg]_exclusive",99,3,5,gemma-4-4b;ministral-8b;phi-4,SPEAKER_15,4745.47,"HOW DO THESE FUNDS BENEFIT, FOR EXAMPLE, WORKING FAMILIES, STUDENTS, SENIORS?"
"City Council Meeting - September 9, 2025 [H5Gp_GuYYYg]_exclusive",103,1,5,gemma-4-4b,SPEAKER_10,4903.37,I would also say that increase in donor support to if we weren't doing something that they wanted. I don't think we would get the amount of money that we got in the in 2024 for the support of the work we do.
"City Council Meeting - September 9, 2025 [H5Gp_GuYYYg]_exclusive",109,3,5,gemma-4-4b;ministral-8b;phi-4,SPEAKER_01,4998.6,application from council council craig i just want to mention the incredible work that anchor lancaster does as far as their services for homeless folks in the community it's incredible
"City Council Meeting - September 9, 2025 [H5Gp_GuYYYg]_exclusive",115,2,5,gemma-4-4b;phi-4,SPEAKER_16,5258.62,mayor Sriracha Thank You council president tonight I'd like to share a few updates on the city's permitting process city staff across departments have been working hard to improve the permit process from top to bottom making it faster clear and ultimately fully online council is probably aware but f
"City Council Meeting - September 9, 2025 [H5Gp_GuYYYg]_standard",16,3,5,gemma-4-4b;ministral-8b;phi-4,SPEAKER_04,1204.31,"Thank you, Council President. Thank you for the presentation. I just wanted to take the time to thank the administration and the Department of Neighborhood Engagement for continuing to work, even during times of challenges and uncertainty, continuing to work with our many community partners to ensur"
"City Council Meeting - September 9, 2025 [H5Gp_GuYYYg]_standard",25,3,5,gemma-4-4b;ministral-8b;phi-4,SPEAKER_05,1514.27,much to add but just uh it's truly an honor to introduce this resolution every year to honor hispanic heritage month which begins september 15th through october 15th as we look around through different community organizations and community leaders that are led by hispanic community leaders it's trul
"City Council Meeting - September 9, 2025 [H5Gp_GuYYYg]_standard",32,1,5,gemma-4-4b,SPEAKER_03,1714.88,on this resolution thank you very much councilor hirsch i appreciate you bringing this to our attention and the explanation that you provided both here and writing to counselors so we had a full understanding of what's been going on are there any additional council comments on the resolution from th
"City Council Meeting - September 9, 2025 [H5Gp_GuYYYg]_standard",42,3,5,gemma-4-4b;ministral-8b;phi-4,SPEAKER_03,3093.86,questions thank you so much for your presentation this evening um i do have a question off the bat so having seen you know these presentations for now several years it seems sort of anecdotally if i'm remembering correctly that your participation has gone up since your new location could someone uh 
"City Council Meeting - September 9, 2025 [H5Gp_GuYYYg]_standard",43,3,5,gemma-4-4b;ministral-8b;phi-4,SPEAKER_12,3143.05,for sure is people just coming and enjoying the space it's a lot more open to people who are there to just relax and read or work with their ipads or their laptops it's just a much more open and lighting space we have more computer access than we did at the old building it's a much more open area al
"City Council Meeting - September 9, 2025 [H5Gp_GuYYYg]_standard",44,1,5,gemma-4-4b,SPEAKER_03,3293.51,the building thank you so much it's it's always nice to hear about opportunities for spaces where people can just exist without the expectation to spend any money because we don't have any of those besides the library and that's why it's so valuable so thank you for that counselors any questions or 
"City Council Meeting - September 9, 2025 [H5Gp_GuYYYg]_standard",45,3,5,gemma-4-4b;ministral-8b;phi-4,SPEAKER_08,3321.46,one other piece in answer to that question too uh is that i think being on ewell plaza and all of the community events that are happening in ewell plaza and bins park is growing awareness in the community of the library because it's right there and other than a couple i started with the library less
"City Council Meeting - September 9, 2025 [H5Gp_GuYYYg]_standard",67,3,5,gemma-4-4b;ministral-8b;phi-4,SPEAKER_01,3799.62,craig anything additional on those two items honestly nothing more than what was said in the resolution um the 344 west chestnut street is i think one of the things that we should point out is that the west elevation facing north it's going to be mounted on the west elevation point facing north char
"City Council Meeting - September 9, 2025 [H5Gp_GuYYYg]_standard",73,3,5,gemma-4-4b;ministral-8b;phi-4,SPEAKER_05,3937.87,add this evening nothing to add and maybe well excuse me one thing to add thank you and maybe director campbell could provide clarification but uh there may this may not be uh approved at the next uh meeting until we receive quotes for the interest rates i believe or
"City Council Meeting - September 9, 2025 [H5Gp_GuYYYg]_standard",74,1,5,ministral-8b,SPEAKER_00,3957.49,no this one should be approved at the next meeting um the the water main financing will be the first reading will be next meeting so that one confusing all the financing ones thank you
"City Council Meeting - September 9, 2025 [H5Gp_GuYYYg]_standard",75,1,5,gemma-4-4b,SPEAKER_03,3972.78,director campbell thank you and i just want to say to director campbell and director stephen campbell as well because i know they've worked closely together on this that i'm incredibly proud that we have this capital budget in front of us it's really it's kind of a momentous thing and i'm glad that 
"City Council Meeting - September 9, 2025 [H5Gp_GuYYYg]_standard",83,1,5,phi-4,SPEAKER_01,4185.27,a second counselor craig thank you council president um um was originally um the original resolution we went over in may the amendment is because of a of an incorrectly listed height measurement from 15 feet to 13 feet 6 inches which complies with the city's ordinances so just a slight error in meas
"City Council Meeting - September 9, 2025 [H5Gp_GuYYYg]_standard",92,2,5,ministral-8b;phi-4,SPEAKER_03,4511.74,very much a question for you uh one first thank you for answering the important question was that is the horse and still the native park there so thank you um and two i guess i did not realize that the facility wasn't already owned by the library so who are the owners currently
"City Council Meeting - September 9, 2025 [H5Gp_GuYYYg]_standard",99,3,5,gemma-4-4b;ministral-8b;phi-4,SPEAKER_15,4745.47,"HOW DO THESE FUNDS BENEFIT, FOR EXAMPLE, WORKING FAMILIES, STUDENTS, SENIORS?"
"City Council Meeting - September 9, 2025 [H5Gp_GuYYYg]_standard",103,1,5,gemma-4-4b,SPEAKER_10,4903.37,I would also say that increase in donor support to if we weren't doing something that they wanted. I don't think we would get the amount of money that we got in the in 2024 for the support of the work we do.
"City Council Meeting - September 9, 2025 [H5Gp_GuYYYg]_standard",109,3,5,gemma-4-4b;ministral-8b;phi-4,SPEAKER_01,4998.6,application from council council craig i just want to mention the incredible work that anchor lancaster does as far as their services for homeless folks in the community it's incredible
"City Council Meeting - September 9, 2025 [H5Gp_GuYYYg]_standard",115,2,5,gemma-4-4b;phi-4,SPEAKER_16,5258.62,mayor Sriracha Thank You council president tonight I'd like to share a few updates on the city's permitting process city staff across departments have been working hard to improve the permit process from top to bottom making it faster clear and ultimately fully online council is probably aware but f
"City Council Special Meeting - November 20, 2025 [aZVPtb9bsEE]",4,1,5,phi-4,SPEAKER_00,605.74,advance the slide one thank you thank you mr. hand worker tonight well good evening council well much of what you will hear this evening has been shared
"City Council Special Meeting - November 20, 2025 [aZVPtb9bsEE]",36,1,5,phi-4,SPEAKER_00,1421.12,counts president council Hirsch thank you Gabriel my question is around the
"City Council Special Meeting - November 20, 2025 [aZVPtb9bsEE]",37,2,5,gemma-4-4b;phi-4,UNKNOWN,1429.74,the lowest one-hour equivalent sound level can you just explain what exactly that means because I think I kind of understand it but I think it would benefit all of us to understand what uh is meant by the lowest one hour equivalent sound level absolutely and so what you get in these environments is 
"City Council Special Meeting - November 20, 2025 [aZVPtb9bsEE]",38,1,5,phi-4,SPEAKER_00,1488.34,We don't want to use those to set the limit for the project. What we want to do is take the lowest average sound level that might happen at 2 a.m. or at 2 p.m.
"City Council Special Meeting - November 20, 2025 [aZVPtb9bsEE]",39,1,5,phi-4,UNKNOWN,1498.72,when there's not much traffic or activity going on and ensure that that is the ambient sound level that they're using for their design. This doesn't mean that the data center would never be audible. It just ensures that the data center noise that's generated is in line with the lowest ambient enviro
"City Council Special Meeting - November 20, 2025 [aZVPtb9bsEE]",42,4,5,gemma-4-4b;phi-4;qwen3.5-9b-q6;qwen3.5-9b-q8,SPEAKER_00,1537.96,"You mentioned that once the work is done, that it would be tested, the levels of noise would be tested. Who's going to be doing the testing?"
"City Council Special Meeting - November 20, 2025 [aZVPtb9bsEE]",43,2,5,qwen3.5-9b-q6;qwen3.5-9b-q8,UNKNOWN,1550.52,Don't know that that has been established.
"City Council Special Meeting - November 20, 2025 [aZVPtb9bsEE]",44,2,5,qwen3.5-9b-q6;qwen3.5-9b-q8,SPEAKER_00,1553.4,"Typically, you would hire a third-party consultant to do the testing in line with standard industry practices."
"City Council Special Meeting - November 20, 2025 [aZVPtb9bsEE]",45,2,5,gemma-4-4b;ministral-8b,UNKNOWN,1562.22,I don't believe that that consultant has been chosen at this time It wouldn't be the owner doing their own testing with a cell phone. You would be expected to have a reputable firm doing the testing But there's numbers of acoustic consultants out there that would be qualified to do this testing
"City Council Special Meeting - November 20, 2025 [aZVPtb9bsEE]",48,3,5,gemma-4-4b;ministral-8b;phi-4,SPEAKER_00,1592.6,My question was around the generator testing occurring only during daytime hours and not on Sundays or federal holidays. Is this consistent with other projects you have seen? Because this does seem like a significant benefit for the city.
"City Council Special Meeting - November 20, 2025 [aZVPtb9bsEE]",76,1,5,gemma-4-4b,SPEAKER_00,2482.74,complaints as well great thank you very much other members of council questions for mr yates counselor med uh thank you council president uh and thank you for uh taking our questions this evening uh my question was um in regards to your review of the uh community benefits agreement uh could Could yo
"City Council Special Meeting - November 20, 2025 [aZVPtb9bsEE]",99,2,5,gemma-4-4b;qwen3.5-9b-q8,UNKNOWN,3181.24,but they they include the requirements for landscaping in tree canopy buffering
"City Council Special Meeting - November 20, 2025 [aZVPtb9bsEE]",100,1,5,qwen3.5-9b-q8,SPEAKER_00,3187.12,and screening with setbacks built in of 100 feet and 50 feet lighting is actually a rather significant provision here the city does not currently have any dark sky provisions in its ordinances and the owners are committed
"City Council Special Meeting - November 20, 2025 [aZVPtb9bsEE]",101,1,5,qwen3.5-9b-q8,UNKNOWN,3203.98,to developing a lighting plan that's consistent with the core principles of the international dark sky standards five core principles flow into that that
"City Council Special Meeting - November 20, 2025 [aZVPtb9bsEE]",105,1,5,gemma-4-4b,UNKNOWN,3351.77,the community benefits agreement and how that works in tandem with the proposed zoning amendment.
"City Council Special Meeting - November 20, 2025 [aZVPtb9bsEE]",168,2,5,gemma-4-4b;phi-4,SPEAKER_00,4662.56,Council almost a month ago and because they are in my mind primary to this discussion and I appreciate that the specific environmental and quality of life concerns that that we wish to prioritize have been prioritized in this process so thank you for that and thank you for the level of detail in exp
"City Council Special Meeting - November 20, 2025 [aZVPtb9bsEE]",189,1,5,gemma-4-4b,UNKNOWN,5151.51,appropriate source of funds for affordable housing investments as I said
"City Council Special Meeting - November 20, 2025 [aZVPtb9bsEE]",204,2,5,gemma-4-4b;phi-4,SPEAKER_00,5345.37,jump at and say predates or takes priority over the notice provisions thank and that concludes my questions thank you for other comments from council councillor Arroyo Thank You council president thank you both for the presentation I really appreciate kind of going step by step of the community bene
"City Council Special Meeting - November 20, 2025 [aZVPtb9bsEE]",207,1,5,qwen3.5-9b-q8,UNKNOWN,5440.8,plan is meant to and we will have to approve it provide that they're going to do so in manners that are safe meet this applicable state and federal laws and that they do have a plan in place for if they shut down that being said
"City Council Special Meeting - November 20, 2025 [aZVPtb9bsEE]",208,1,5,qwen3.5-9b-q8,SPEAKER_00,5457.74,enforceability of if they just close shop and disappear that's the challenge
"City Council Special Meeting - November 20, 2025 [aZVPtb9bsEE]",209,1,5,qwen3.5-9b-q8,UNKNOWN,5463.12,We face with any same as if any other business was to close shop and disappear I think the investment here is pretty significant and there's going to be some lenders at bay That would probably be coming in to sell the property sell the equipment and take care of it long before we would have to And j
"City Council Special Meeting - November 20, 2025 [aZVPtb9bsEE]",210,1,5,gemma-4-4b,SPEAKER_00,5484.82,"Yes for each building. Yeah. Thank you. That concludes my question comes president. Thank you counselor colleagues. Thank you. I don't present And thank you both, you know, for the presentation. And who will be monitoring for the CDD operation of the dealer centers to make sure that they are complia"
"City Council Special Meeting - November 20, 2025 [aZVPtb9bsEE]",214,1,5,gemma-4-4b,SPEAKER_00,5623.88,does with the other types of permits that they're responsible for thank you continuing with council comments or questions on this side of the dais counselor diaz thank you president um what specific steps can the that the city is going to take to ensure that the actual owner which be consuming enorm
"City Council Special Meeting - November 20, 2025 [aZVPtb9bsEE]",223,2,5,qwen3.5-9b-q6;qwen3.5-9b-q8,UNKNOWN,5882.54,"and across our country and i think this is going to be an issue in 2026 and in 2028 ai I mean, we're living in a moment here that wasn't of our own choosing."
"City Council Special Meeting - November 20, 2025 [aZVPtb9bsEE]",224,2,5,qwen3.5-9b-q6;qwen3.5-9b-q8,SPEAKER_00,5893.1,"You know, we are watching tech billionaires sort of steer us into an arms race with China over AGI or ASI. And that makes a lot of us nervous. You know, Dario Armandei was on TV, if you're not familiar. He's the CEO of one of these tech giants. and he recently said that you know within five years ti"
"City Council Special Meeting - November 20, 2025 [aZVPtb9bsEE]",226,2,5,qwen3.5-9b-q6;qwen3.5-9b-q8,SPEAKER_00,5959.92,to lead to 800 permanent jobs i don't know about anybody else but that doesn't sound like a great
"City Council Special Meeting - November 20, 2025 [aZVPtb9bsEE]",227,2,5,qwen3.5-9b-q6;qwen3.5-9b-q8,UNKNOWN,5965.28,investment to me and you know listen i understand we're in a small city it's hard there are decisions
"City Council Special Meeting - November 20, 2025 [aZVPtb9bsEE]",228,4,5,gemma-4-4b;phi-4;qwen3.5-9b-q6;qwen3.5-9b-q8,SPEAKER_00,5971.98,that need to be made but you know these are and this is a technology that people openly admit you know gregory hinton and others or jeffrey hinton and others who worked for you know chat gpt and google who's left over safety concerns that we don't really know as it gets stronger whether we can contr
"City Council Special Meeting - November 20, 2025 [aZVPtb9bsEE]",229,2,5,qwen3.5-9b-q6;qwen3.5-9b-q8,UNKNOWN,6041.59,not a warehouse and I don't want that to be forgotten now that we've just moved
"City Council Special Meeting - November 20, 2025 [aZVPtb9bsEE]",230,3,5,phi-4;qwen3.5-9b-q6;qwen3.5-9b-q8,SPEAKER_00,6045.85,on to the CBA I see a lot of money centered language as I said I'm a marketer ideal in language and we're not having the same conversation we can't eat money we can't breathe you know money and we're in a historic community that is very old you know around the founding of our country I don't want to
"City Council Special Meeting - November 20, 2025 [aZVPtb9bsEE]",233,1,5,ministral-8b,UNKNOWN,6208.92,and understand what it all entails we need more time i think that you should postpone the vote on this for at least one week and i think that you should put the cba up on engage lancaster
"City Council Special Meeting - November 20, 2025 [aZVPtb9bsEE]",234,3,5,gemma-4-4b;phi-4;qwen3.5-9b-q8,SPEAKER_00,6223.6,so that people can have input so that people can ask questions and have concerns and suggest things that may have that you all might not have considered all of that aside i have two questions the first is does this hold weight in the part of the greenfield center that is outside of our outside of th
"City Council Special Meeting - November 20, 2025 [aZVPtb9bsEE]",236,4,5,ministral-8b;phi-4;qwen3.5-9b-q6;qwen3.5-9b-q8,SPEAKER_00,6314.8,owners are Carissa the owner is Carissa they've created a standard practice LLC's for each building one in the same okay thank you mm-hmm thank you you can feel free to move that down if you need to great great good evening thank you good evening my name is Theresa Womble and I live at the 200 block
"City Council Special Meeting - November 20, 2025 [aZVPtb9bsEE]",238,4,5,ministral-8b;phi-4;qwen3.5-9b-q6;qwen3.5-9b-q8,SPEAKER_00,6421.96,and i also want to thank the council for the work that they've done on this i know this is a very complicated project um i do have a few questions one is it feels like this is a pay to pollute agreement it feels like they are just going to pay the 20 million dollars and say oh well we couldn't get t
"City Council Special Meeting - November 20, 2025 [aZVPtb9bsEE]",239,3,5,ministral-8b;qwen3.5-9b-q6;qwen3.5-9b-q8,UNKNOWN,6522.02,"risk. It's possible that if we don't sign this agreement, they build anyway, they win the court"
"City Council Special Meeting - November 20, 2025 [aZVPtb9bsEE]",240,4,5,gemma-4-4b;ministral-8b;phi-4;qwen3.5-9b-q6,SPEAKER_00,6526.36,"case, and they just pollute and do whatever they want. Now, they're already bound by the state and federal laws, though I really appreciate them agreeing that they will be bound by the laws. So I think it's potentially in our benefit to just say, no, we're not going to do that. Then we gum up the wo"
"City Council Special Meeting - November 20, 2025 [aZVPtb9bsEE]",241,1,5,qwen3.5-9b-q6,UNKNOWN,6753.95,to install solar and satisfy the requirement.
"City Council Special Meeting - November 20, 2025 [aZVPtb9bsEE]",242,1,5,qwen3.5-9b-q6,SPEAKER_00,6756.39,"So I'd like us to explore creative collaborations with the tenants to purchase energy in an escalating manner that helped us to deploy local renewables through that. You can imagine our phones, like Carrier will give us the phone to lock us into those ongoing payments. The real value here is that en"
"City Council Special Meeting - November 20, 2025 [aZVPtb9bsEE]",246,4,5,gemma-4-4b;ministral-8b;qwen3.5-9b-q6;qwen3.5-9b-q8,SPEAKER_00,7057.94,"My company is IREX, right across the street here, over on Lime Street. We are a specialty contracting company. We employ around 100 employees in the local community here. And another thing is I've been working with, involved with EDC, Finance Corporation, for the last, since 2019. I say these things"
"City Council Special Meeting - November 20, 2025 [aZVPtb9bsEE]",247,4,5,gemma-4-4b;ministral-8b;qwen3.5-9b-q6;qwen3.5-9b-q8,UNKNOWN,7094.22,"community, economic well-being of the community."
"City Council Special Meeting - November 20, 2025 [aZVPtb9bsEE]",250,2,5,qwen3.5-9b-q6;qwen3.5-9b-q8,SPEAKER_00,7155.91,Landisville actually I hate this this is about I mean I don't like the data centers too but I don't like speaking publicly I'm saying it's a little bit
"City Council Special Meeting - November 20, 2025 [aZVPtb9bsEE]",251,2,5,qwen3.5-9b-q6;qwen3.5-9b-q8,UNKNOWN,7172.03,it's a little bit north of getting a root canal but this is really important and I want to talk about it because I think it's gonna drastically affect
"City Council Special Meeting - November 20, 2025 [aZVPtb9bsEE]",253,4,5,ministral-8b;phi-4;qwen3.5-9b-q6;qwen3.5-9b-q8,UNKNOWN,7211.65,if it is this important and if it is this this big I think the community deserves more time to review it and make suggestions if there could be that allowance to be made that would be great I don't as a I don't know as a parent of
"City Council Special Meeting - November 20, 2025 [aZVPtb9bsEE]",254,4,5,ministral-8b;phi-4;qwen3.5-9b-q6;qwen3.5-9b-q8,SPEAKER_00,7231.94,two kids I don't appreciate somebody going through a long presentation of all the benefits and then saying at the end if you say no you get nothing that feels not like they wish to be invested in the community that they wish to say take this so that we can take whatever we want it doesn't feel like 
"City Council Special Meeting - November 20, 2025 [aZVPtb9bsEE]",256,3,5,ministral-8b;qwen3.5-9b-q6;qwen3.5-9b-q8,SPEAKER_00,7348.17,"including economic development company of lancaster county we have a representative here tonight from that organization the lancaster chamber and socket development corporation We collectively wrote a letter to council, and hopefully you received that letter dated yesterday, November 19th, in suppor"
"City Council Special Meeting - November 20, 2025 [aZVPtb9bsEE]",257,3,5,ministral-8b;qwen3.5-9b-q6;qwen3.5-9b-q8,UNKNOWN,7368.31,"And if you don't mind, for the record, I'll just paraphrase that letter for everyone here tonight."
"City Council Special Meeting - November 20, 2025 [aZVPtb9bsEE]",259,4,5,gemma-4-4b;phi-4;qwen3.5-9b-q6;qwen3.5-9b-q8,UNKNOWN,7462.23,respectfully urge you to approve the community benefits agreement and we are here to support you
"City Council Special Meeting - November 20, 2025 [aZVPtb9bsEE]",260,3,5,gemma-4-4b;qwen3.5-9b-q6;qwen3.5-9b-q8,SPEAKER_00,7467.03,thank you for your time and consideration thank you good evening tony dastro 700 block new holland
"City Council Special Meeting - November 20, 2025 [aZVPtb9bsEE]",261,1,5,phi-4,UNKNOWN,7476.9,avenue um mr arcolio couldn't be here tonight so on his behalf i just want to make a note before
"City Council Special Meeting - November 20, 2025 [aZVPtb9bsEE]",262,3,5,gemma-4-4b;ministral-8b;phi-4,SPEAKER_00,7481.54,"my comment that he wants it noted the absence of any mention of harrisburg pike or lpw in section 8 of the cba regarding the contribution to lccf and the community and the city community funds So let me see if I can bring some pizzazz here. When I read this agenda initially, my first reaction was, l"
"City Council Special Meeting - November 20, 2025 [aZVPtb9bsEE]",263,1,5,phi-4,UNKNOWN,7511.21,"Because, like, how do we go from data center to innovation hub?"
"City Council Special Meeting - November 20, 2025 [aZVPtb9bsEE]",264,2,5,gemma-4-4b;phi-4,SPEAKER_00,7514.39,Why are we dressing this up now all of a sudden? I'll tell you why. It's because it's clear we're in the middle of a negotiation.
"City Council Special Meeting - November 20, 2025 [aZVPtb9bsEE]",265,1,5,phi-4,UNKNOWN,7521.23,"It's very clear we're in the middle of a negotiation. My biggest problem with moving forward with this agreement is the pending litigation, as it was mentioned earlier."
"City Council Special Meeting - November 20, 2025 [aZVPtb9bsEE]",266,1,5,phi-4,SPEAKER_00,7529.65,"There is pending litigation on this issue, and the public is actively fighting whether or not this use is permitted. And I think the city is jumping on the middle of the train tracks. There is something else going on, and the city should not jump on the middle of the train tracks."
"City Council Special Meeting - November 20, 2025 [aZVPtb9bsEE]",268,3,5,phi-4;qwen3.5-9b-q6;qwen3.5-9b-q8,SPEAKER_00,7554.19,so this is not just a once and done thing
"City Council Special Meeting - November 20, 2025 [aZVPtb9bsEE]",269,3,5,phi-4;qwen3.5-9b-q6;qwen3.5-9b-q8,UNKNOWN,7555.99,we are at the beginning of potentially a very long process and the public is not content
"City Council Special Meeting - November 20, 2025 [aZVPtb9bsEE]",270,3,5,gemma-4-4b;ministral-8b;phi-4,SPEAKER_00,7560.03,with what's currently been presented to us we should not be suddenly going hey why are we suddenly the welcoming city to data centers like what's happening and to the note of all the construction jobs and the sentiments in the room the people who have come in support of those positions I think a maj
"City Council Special Meeting - November 20, 2025 [aZVPtb9bsEE]",273,3,5,gemma-4-4b;qwen3.5-9b-q6;qwen3.5-9b-q8,UNKNOWN,7928.42,support our small business i don't see why we need to spend 250 000 to look once again at how to
"City Council Special Meeting - November 20, 2025 [aZVPtb9bsEE]",274,4,5,ministral-8b;phi-4;qwen3.5-9b-q6;qwen3.5-9b-q8,SPEAKER_00,7934.98,do that thank you thank you good evening hi i'm ro potter of i never get this right but i'm on 67 south franklin street i don't know if that's the hundred block or the six zero block exactly it just doesn't make sense anyway anyway this is not my first meeting up here i do see some first-time faces 
"City Council Special Meeting - November 20, 2025 [aZVPtb9bsEE]",275,2,5,qwen3.5-9b-q6;qwen3.5-9b-q8,UNKNOWN,7966.18,of meeting they had an ai summit down at the ware center about last week and the number one thread
"City Council Special Meeting - November 20, 2025 [aZVPtb9bsEE]",277,3,5,ministral-8b;qwen3.5-9b-q6;qwen3.5-9b-q8,UNKNOWN,8058.12,what is the long term are we are we dumb what is the long term think on the long term your air
"City Council Special Meeting - November 20, 2025 [aZVPtb9bsEE]",278,4,5,ministral-8b;phi-4;qwen3.5-9b-q6;qwen3.5-9b-q8,SPEAKER_00,8064.8,your water your they're already complaining about birth rates so what's next they fuck our air up we can't produce i'm sorry if i'm using profanity i can't but it just is so short-sighted and of course it's about money of course it's about businesses it's never about the people when you're talking a
"City Council Special Meeting - November 20, 2025 [aZVPtb9bsEE]",280,3,5,phi-4;qwen3.5-9b-q6;qwen3.5-9b-q8,SPEAKER_00,8125.16,So I was wondering if there's ever been an assessment done of property values in cities that already have existing data centers. if that analysis has been done I will tell you I just recently moved to Lancaster Lancaster sorry I just pronounced it wrong you can tell go on that's okay for a certain q
"City Council Special Meeting - November 20, 2025 [aZVPtb9bsEE]",281,3,5,phi-4;qwen3.5-9b-q6;qwen3.5-9b-q8,UNKNOWN,8148.92,known that these data centers were in progress I never would have bought a
"City Council Special Meeting - November 20, 2025 [aZVPtb9bsEE]",283,2,5,qwen3.5-9b-q6;qwen3.5-9b-q8,UNKNOWN,8176.77,to some stuff that hasn't been spoken to and that I don't think anybody's gonna
"City Council Special Meeting - November 20, 2025 [aZVPtb9bsEE]",284,3,5,phi-4;qwen3.5-9b-q6;qwen3.5-9b-q8,SPEAKER_00,8180.07,speak to but I'm gonna start with my favorite chant which says earth my body water my blood air my breath and fire my spirit the animals who live at Longs Park are my brothers and sisters I'm there in sacred community with all of us
"City Council Special Meeting - November 20, 2025 [aZVPtb9bsEE]",285,4,5,ministral-8b;phi-4;qwen3.5-9b-q6;qwen3.5-9b-q8,UNKNOWN,8197.13,and there are community members here too that I feel like aren't being represented
"City Council Special Meeting - November 20, 2025 [aZVPtb9bsEE]",287,4,5,ministral-8b;phi-4;qwen3.5-9b-q6;qwen3.5-9b-q8,UNKNOWN,8300.5,to me i mean all of this is concerning to me and i'll be there with a sign no matter if this gets signed or not or whatever happens um i agree with so many of the other things that were said but
"City Council Special Meeting - November 20, 2025 [aZVPtb9bsEE]",288,3,5,gemma-4-4b;qwen3.5-9b-q6;qwen3.5-9b-q8,SPEAKER_00,8312.5,the other two chunks that stick out to me is um you know this grandfathered in thing that's happening with the proposed zoning ordinance and hearing that like there's no development plan in place for building three specifically i'm wondering like if there's no plan in place now why are we giving the
"City Council Special Meeting - November 20, 2025 [aZVPtb9bsEE]",289,2,5,qwen3.5-9b-q6;qwen3.5-9b-q8,UNKNOWN,8332.02,um and the thing that somebody else said about how the city can only report or complain about
"City Council Special Meeting - November 20, 2025 [aZVPtb9bsEE]",290,4,5,ministral-8b;phi-4;qwen3.5-9b-q6;qwen3.5-9b-q8,SPEAKER_00,8337.3,the noise once every two years is blasphemy i can't even believe that we should be able to complain whenever we want thank you thank you good evening good evening my name is kevin bachelor uh 200 block of north charlotte street i just wanted to say a couple things I think it's clear from the energy 
"City Council Special Meeting - November 20, 2025 [aZVPtb9bsEE]",291,2,5,ministral-8b;qwen3.5-9b-q6,UNKNOWN,8389.99,on here already how toothless our ability to actually inspect that they
"City Council Special Meeting - November 20, 2025 [aZVPtb9bsEE]",292,4,5,gemma-4-4b;ministral-8b;phi-4;qwen3.5-9b-q6,SPEAKER_00,8393.87,are meeting these requirements is we're relying on self reporting from a corporation I want to I want to let that sit for a minute we're relying on self reporting we can talk about the sustainability of the jobs it claims to create these are short-term jobs these aren't even in fact it the large por
"City Council Special Meeting - November 20, 2025 [aZVPtb9bsEE]",293,3,5,gemma-4-4b;ministral-8b;qwen3.5-9b-q6,UNKNOWN,8428.01,fraction of their actual worth we can talk about the fact that all of this has been done without community engagement this isn't a community benefits
"City Council Special Meeting - November 20, 2025 [aZVPtb9bsEE]",295,4,5,ministral-8b;phi-4;qwen3.5-9b-q6;qwen3.5-9b-q8,UNKNOWN,8448.67,them and win and i ask why not us why are you treating this like a foregone conclusion that
"City Council Special Meeting - November 20, 2025 [aZVPtb9bsEE]",296,4,5,ministral-8b;phi-4;qwen3.5-9b-q6;qwen3.5-9b-q8,SPEAKER_00,8454.83,we have to settle for this we don't we can win this and we deserve to win this we don't deserve to have one one zoning permit change everyone's lives in in this city in this community we can
"City Council Special Meeting - November 20, 2025 [aZVPtb9bsEE]",300,2,5,qwen3.5-9b-q6;qwen3.5-9b-q8,SPEAKER_00,8613.5,being used i mean i understand if that is just the take it or leave it position that they have put on the table then sometimes you may have to leave it because i really don't understand the logic of 10 years and then no more concern no more requirements why why would you do that to somebody who clea
"City Council Special Meeting - November 20, 2025 [aZVPtb9bsEE]",301,2,5,qwen3.5-9b-q6;qwen3.5-9b-q8,UNKNOWN,8661.64,mandate in our you know diesel that is dispensed at the pump um and we stuck our neck out on that one and we're not even a producer of biodiesel thank you but excuse me thank you 10 the 10-year
"City Council Special Meeting - November 20, 2025 [aZVPtb9bsEE]",303,2,5,qwen3.5-9b-q6;qwen3.5-9b-q8,UNKNOWN,8700.92,a in the cba quote to unlock productivity and innovation gains this is debatable and brings
"City Council Special Meeting - November 20, 2025 [aZVPtb9bsEE]",305,2,5,qwen3.5-9b-q6;qwen3.5-9b-q8,UNKNOWN,9146.64,i wish i did right now i live less than a mile from the greenfield data center
"City Council Special Meeting - November 20, 2025 [aZVPtb9bsEE]",307,4,5,ministral-8b;phi-4;qwen3.5-9b-q6;qwen3.5-9b-q8,UNKNOWN,9171.36,knowing there are all kinds of air particles floating around the air and poisonous uh
"City Council Special Meeting - November 20, 2025 [aZVPtb9bsEE]",308,4,5,ministral-8b;phi-4;qwen3.5-9b-q6;qwen3.5-9b-q8,SPEAKER_00,9177.76,not nitro oxides or whatever floating around i don't think you want to do that do you want to shop at Wegmans with all this pollution and water pollution out there I don't think so and I just want to reiterate that these the core we've data center is their stock has tumbled they are highly highly le
"City Council Special Meeting - November 20, 2025 [aZVPtb9bsEE]",310,4,5,gemma-4-4b;ministral-8b;phi-4;qwen3.5-9b-q8,SPEAKER_00,9250.7,"also a resident of Lancaster City, 100 block of North Pine Street. I've made my support and complemented the city's efforts on this CBA publicly several times in addition to the letter"
"City Council Special Meeting - November 20, 2025 [aZVPtb9bsEE]",313,4,5,ministral-8b;phi-4;qwen3.5-9b-q6;qwen3.5-9b-q8,UNKNOWN,9300.5,Lancaster County because of the opportunities I have here. I have opportunities to have a well-paying job and live in a community that I think is accessible. My wife and I can walk to restaurants and I can quickly also get out and enjoy the wonderful environmental amenities that we have in
"City Council Special Meeting - November 20, 2025 [aZVPtb9bsEE]",314,4,5,ministral-8b;phi-4;qwen3.5-9b-q6;qwen3.5-9b-q8,SPEAKER_00,9316.16,"this community. And a big part of that, especially the economic side, is the diversity of our economy in Lancaster County and that leads to a strong vibrant and resilient economy that also leads me to the future we have an opportunity here to take AI and high tech which is objectively part of our fu"
"City Council Special Meeting - November 20, 2025 [aZVPtb9bsEE]",315,2,5,gemma-4-4b;ministral-8b,UNKNOWN,9347.9,residents into those future jobs i'm excited by that opportunity i'm also excited by the opportunity to make further investments in our outdoor resources and amenities in this community
"City Council Special Meeting - November 20, 2025 [aZVPtb9bsEE]",316,1,5,phi-4,SPEAKER_00,9359.82,because they absolutely do contribute to our quality of life and economy so i'll reiterate my support for the cba and the commitment of edc lancaster county to continue to support the city and the administration to make sure that this continues to be done the right way thank you thank you good eveni
"City Council Special Meeting - November 20, 2025 [aZVPtb9bsEE]",318,1,5,gemma-4-4b,SPEAKER_00,9756.13,the only teeth we have as municipal government it does not give any tax credits or benefits to the developer it addresses concerns that we have been hearing at council from members of our community and that we have had ourselves for months people have mentioned leaving money on the table but i don't
HARB Meeting March 4 2025 [jXEH5zsabJU],1,3,5,gemma-4-4b;ministral-8b;phi-4,SPEAKER_02,171.62,was installed in 1979 and the building was used by a metal working business or a tin shop that advertised early american lighting reproductions while relating to the tin shop business and its colonial theme picture window does not relate to the age and style of this utilitarian building which was bu
HARB Meeting March 4 2025 [jXEH5zsabJU],4,3,5,gemma-4-4b;qwen3.5-9b-q6;qwen3.5-9b-q8,SPEAKER_03,225.9,any questions or comments from the board just the one comment um suzanne this is really not so much about the proposed window but about the mention of change in signage yeah will that have
HARB Meeting March 4 2025 [jXEH5zsabJU],5,3,5,gemma-4-4b;qwen3.5-9b-q6;qwen3.5-9b-q8,SPEAKER_02,238.1,to come before mr evangelista he does not because he's it's the business doesn't have a lot of walking customers he's just using his warehouse he doesn't have any signage plan to be mounted on the exterior which you would review if he just has a decal or something on the inside window or door that w
HARB Meeting March 4 2025 [jXEH5zsabJU],6,1,5,gemma-4-4b,SPEAKER_00,260.48,good enough for the future yeah we don't have any plans of that but you're saying if we do want to do something in the future that's kind of revisit that okay good enough okay thank you no it seems
HARB Meeting March 4 2025 [jXEH5zsabJU],8,1,5,ministral-8b,SPEAKER_00,324.85,says dark bronze but they kind of came and gave us the quote to match the existing bronze color it'll be black if that's okay yeah I just wanted to make note of that so
HARB Meeting March 4 2025 [jXEH5zsabJU],12,1,5,phi-4,SPEAKER_01,569.13,had made a recommendation just a connection to suzanne a couple of months ago and i think that that conversation is ongoing so okay hopefully we'll we have one prospect yep okay that seemed pretty excited about it they don't live in lancaster but they are a broker and they've been very interested in
"Home Rule Transition Committee Meeting - July 29, 2025 [c0vXcHFIjvA]_exclusive",3,1,5,gemma-4-4b,SPEAKER_03,406.3,process is going so far yes from a council perspective I do feel that we're on the right track and you know excited to see how the Ethics Commission turns up and then from there I think the city and the solicitor have us on the right track to get this all complete by the end of the year right thank 
"Home Rule Transition Committee Meeting - July 29, 2025 [c0vXcHFIjvA]_exclusive",20,3,5,gemma-4-4b;ministral-8b;phi-4,SPEAKER_03,780.49,only question with the updates on the ethics commission is i know that they are going to be setting the schedule for when they meet but how frequently will they be so that that's up to them
"Home Rule Transition Committee Meeting - July 29, 2025 [c0vXcHFIjvA]_exclusive",24,1,5,phi-4,SPEAKER_00,862.0,concludes my questions okay great thank you I don't have any further questions feel like you covered what you wanted us to hear about today I do yes okay the only other well the the next agenda item is just you know a request I made to have a report on the promotion of these meetings and I guess I'l
"Home Rule Transition Committee Meeting - July 29, 2025 [c0vXcHFIjvA]_exclusive",27,1,5,gemma-4-4b,SPEAKER_01,1008.28,"I mean, keep in mind that these are being conducted in many ways, Mr. McGrann, just like the discussion components of the Government Study Commission. So there is discussion, but it's not like they're taking motions and saying, okay, now does somebody want to comment on a motion? There's the opportu"
"Home Rule Transition Committee Meeting - July 29, 2025 [c0vXcHFIjvA]_exclusive",29,1,5,phi-4,SPEAKER_03,1118.21,"And to add, yeah, to add, in my council comments post of when we have these meetings, I do make council aware of what we've been talking about in these meetings and the public aware and when our next scheduled meeting is. So I've been trying to, as the representative of council to this body, I've be"
"Home Rule Transition Committee Meeting - July 29, 2025 [c0vXcHFIjvA]_exclusive",30,2,5,gemma-4-4b;phi-4,SPEAKER_00,1150.45,"Okay, that's great. So, and the reason I, I mean, there's three things on my mind related to this, you know, and the reason I asked to include it on the agenda. One is, you know, throughout the drafting process especially, I feel like there were many instances where Pennsylvania Economy League and y"
"Home Rule Transition Committee Meeting - July 29, 2025 [c0vXcHFIjvA]_standard",3,1,5,gemma-4-4b,SPEAKER_03,406.3,process is going so far yes from a council perspective I do feel that we're on the right track and you know excited to see how the Ethics Commission turns up and then from there I think the city and the solicitor have us on the right track to get this all complete by the end of the year right thank 
"Home Rule Transition Committee Meeting - July 29, 2025 [c0vXcHFIjvA]_standard",18,3,5,gemma-4-4b;ministral-8b;phi-4,SPEAKER_03,780.49,only question with the updates on the ethics commission is i know that they are going to be setting the schedule for when they meet but how frequently will they be so that that's up to them
"Home Rule Transition Committee Meeting - July 29, 2025 [c0vXcHFIjvA]_standard",20,2,5,gemma-4-4b;phi-4,SPEAKER_03,846.65,determine over time and once they do reach that determination would that be
"Home Rule Transition Committee Meeting - July 29, 2025 [c0vXcHFIjvA]_standard",28,1,5,gemma-4-4b,SPEAKER_00,1150.45,"Okay, that's great. So, and the reason I, I mean, there's three things on my mind related to this, you know, and the reason I asked to include it on the agenda. One is, you know, throughout the drafting process especially, I feel like there were many instances where Pennsylvania Economy League and y"
"Home Rule Transition Committee Meeting - July 29, 2025 [c0vXcHFIjvA]_standard",30,1,5,phi-4,SPEAKER_00,1204.49,and and that's my second point which is I feel like you know we had as the end of the home rule study Commission's process approached is when we started to see some more robust attendance so I'm hoping that we can look forward to that with the admin code I guess time will tell and then also just thi
"Home Rule Transition Committee Meeting - October 29, 2025 [mPnWxdvDGQA]",24,1,5,phi-4,UNKNOWN,889.17,boards uh and staff are better prepared whether that's through assignment of council to represent the board and assignment of council to represent staff it allows for a a much more orderly process which i think will be to the benefit of both those appealing and to the city who is receiving the appea
"Home Rule Transition Committee Meeting - October 29, 2025 [mPnWxdvDGQA]",30,2,5,gemma-4-4b;phi-4,UNKNOWN,1167.1,a year okay yep and so i i would think that yes the answer is there'll be enough it would be great if they were like at this right time yeah and then people knew like if they yeah and it would save some of the as the mayor said a lot of the administration about trying to find a meeting date and time
"Home Rule Transition Committee Meeting - October 29, 2025 [mPnWxdvDGQA]",31,1,5,phi-4,SPEAKER_00,1211.93,having consistency having a set procedure that's very transparent and and consistently applied is
"Home Rule Transition Committee Meeting - October 29, 2025 [mPnWxdvDGQA]",32,1,5,phi-4,UNKNOWN,1219.21,of immense benefit to those who are going through city processes and for the city staff who have to figure out what to do when an appeal comes in well and also you know and as you know and seven you know in the long run seven people instead of nine times three or five you know i mean or seven yeah i
"Home Rule Transition Committee Meeting - October 29, 2025 [mPnWxdvDGQA]",52,1,5,phi-4,UNKNOWN,2013.04,"in the caveat that as a home rule municipality, we can't legislate business. and so that is going to have an impact at some point in some ways but to date it's been a pleasure working with council and the appointed ethics commission so from my perspective that's been smooth i don't think the aboliti"
"Planning Commission - August 6, 2025 [m50W4pVkNb4]_exclusive",11,4,5,ministral-8b;phi-4;qwen3.5-9b-q6;qwen3.5-9b-q8,SPEAKER_30,1831.38,so much for listening thank you hi my name is reagan layman i live on the 500 block of north shipping so thank you to the planning commission oh i don't think that's for me closer to the mic all right i'm not used to mics it's all good um thank you to the planning commission for the opportunity to s
"Planning Commission - August 6, 2025 [m50W4pVkNb4]_exclusive",17,4,5,ministral-8b;phi-4;qwen3.5-9b-q6;qwen3.5-9b-q8,SPEAKER_10,2753.01,block of east lemon street unfortunately i can't give more time to frank um but um so a lot of people here are a lot more articulate than i could be on this issue but i do want to say that i think it's abhorrent that is it is easier for a data center to get approved in lancaster than it is for affor
"Planning Commission - August 6, 2025 [m50W4pVkNb4]_exclusive",22,4,5,ministral-8b;phi-4;qwen3.5-9b-q6;qwen3.5-9b-q8,SPEAKER_19,3159.39,in the 100 north block of plum street um i'm just adding my voice into the several that just spoke that i am against the data center i've lived here for five years i've grown to really love and adore lancaster city um who here raise your hand has gone to a concert in the park in the summertime all r
"Planning Commission - August 6, 2025 [m50W4pVkNb4]_exclusive",23,4,5,ministral-8b;phi-4;qwen3.5-9b-q6;qwen3.5-9b-q8,SPEAKER_13,3257.78,shauna yorty i live on the 800 block of third street i don't have any uh numbers or um data points or talking points or notes and i don't know any facts except that i can't eat money and i can't breathe money and nobody else here can and i have a lot of feelings and i have a lot of questions and it'
"Planning Commission - August 6, 2025 [m50W4pVkNb4]_exclusive",31,3,5,ministral-8b;qwen3.5-9b-q6;qwen3.5-9b-q8,SPEAKER_17,4189.84,and your block thank you any further public uh participation sean fisher i live on nanticoke
"Planning Commission - August 6, 2025 [m50W4pVkNb4]_exclusive",32,4,5,gemma-4-4b;phi-4;qwen3.5-9b-q6;qwen3.5-9b-q8,SPEAKER_07,4211.51,um i wasn't going to speak today but i've been moved by everybody um me and my wife just got here last year uh took us a couple years to find a house out here because the housing market um we moved out here because we started establishing a community down here and we were a little bit too far away t
"Planning Commission - August 6, 2025 [m50W4pVkNb4]_exclusive",39,4,5,gemma-4-4b;phi-4;qwen3.5-9b-q6;qwen3.5-9b-q8,SPEAKER_00,4909.77,um so anyway those are my thoughts i would like to comment as well um i echo everything commissioner stevens and staltz who said but um i want to speak to you all directly and congratulate you but also i encourage you to continue to come to meetings like this super super super important um i know th
"Planning Commission - August 6, 2025 [m50W4pVkNb4]_exclusive",41,2,5,qwen3.5-9b-q6;qwen3.5-9b-q8,SPEAKER_11,5008.28,for the comment yes one of the things i do want to applaud is some of the things i've heard from you lack of transparency lack of details promises that may or may not be kept and in all transparency the last meeting we had as a planning commission was june 4th we just approved those minutes didn't w
"Planning Commission - August 6, 2025 [m50W4pVkNb4]_exclusive",45,1,5,phi-4,SPEAKER_28,5348.77,look like so sure so i'll start with that um is my mic working okay um so i would say for the um request from city council i would say it's rather vague in the ordinance both in the municipality's planning code and in our zoning ordinance it just says that it's to come from the city council i think 
"Planning Commission - August 6, 2025 [m50W4pVkNb4]_exclusive",46,1,5,phi-4,SPEAKER_16,5379.72,that can you i guess i'm a little curious about the precedent for that because i you know i remember i was on the planning commission when we amended the zoning ordinance for short-term rentals i don't believe that came from city council that was that was not a recommendation from city council that 
"Planning Commission - August 6, 2025 [m50W4pVkNb4]_exclusive",47,1,5,phi-4,SPEAKER_28,5402.76,but it did not come from council so so other people can um staff can initiate a text amendment generally the process doesn't move forward until like we've gotten kind of consent from city council that they're interested in reviewing that text amendment if that makes sense and so
"Planning Commission - August 6, 2025 [m50W4pVkNb4]_exclusive",54,2,5,gemma-4-4b;phi-4,SPEAKER_16,5647.12,have a public hearing I think we would want the zoning officer here because I think our my questions are around how this decision was made and you know assuming that it was made above board you know we just need those details so
"Planning Commission - August 6, 2025 [m50W4pVkNb4]_exclusive",55,1,5,phi-4,SPEAKER_28,5658.64,right and I can talk about those if you'd like right now so the zoning officer is the one who administrator administers the zoning ordinance he has the ability to make determinations and interpretations interpretations that he makes have to be done in generally in favor of the property owner so I wo
"Planning Commission - August 6, 2025 [m50W4pVkNb4]_exclusive",56,1,5,phi-4,SPEAKER_16,5764.93,"body yeah i just i mean i i just find it i mean i know the zoning officer and i think he does a very good job and my case is typically like more conservative and i just can't imagine that you know as folks have said like this is clearly not a wearied warehouse or storage facility and and And also, i"
"Planning Commission - August 6, 2025 [m50W4pVkNb4]_exclusive",63,4,5,gemma-4-4b;phi-4;qwen3.5-9b-q6;qwen3.5-9b-q8,SPEAKER_28,5917.98,the horse would already left the barn right and that's it's typical typically zoning has to be approved before it comes before you for subdivision land development so i want to jump in
"Planning Commission - August 6, 2025 [m50W4pVkNb4]_exclusive",64,3,5,phi-4;qwen3.5-9b-q6;qwen3.5-9b-q8,SPEAKER_09,5930.66,here a little bit um i'm glad we're talking about having a public hearing the conversation about getting that on an agenda should continue because we do have an optional power even though it's informational uh we are allowed to do sorry i'm scrolling to look for the code part 22-25b5 there you go ma
"Planning Commission - August 6, 2025 [m50W4pVkNb4]_exclusive",65,3,5,phi-4;qwen3.5-9b-q6;qwen3.5-9b-q8,SPEAKER_11,6180.01,comment mr polite if it'll be okay i would i don't even want to use the word piggyback because there's so much consensus right now isn't there and it sounds like i am but um what power other than talking is there without city council behind this like how do we other than 75 people here getting the a
"Planning Commission - August 6, 2025 [m50W4pVkNb4]_exclusive",69,1,5,phi-4,SPEAKER_16,6301.12,and then sorry more questions if we if we were able to move forward with a text amendment would is it possible to have that text man in place before the Harrisburg like land development process would start or is it because they already did they already get zoning clearance on the Harrisburg yes so m
"Planning Commission - August 6, 2025 [m50W4pVkNb4]_exclusive",70,1,5,phi-4,SPEAKER_28,6325.2,understanding is that they basically got the same letter it is a different zoning district but yes they did get that before they purchased the property and they purchased the property based on that letter so there are some vested rights from the property owner because they were following what they r
"Planning Commission - August 6, 2025 [m50W4pVkNb4]_exclusive",71,1,5,phi-4,SPEAKER_20,6345.4,only impact future they would be grandfathered under the any new ordinance that we passed
"Planning Commission - August 6, 2025 [m50W4pVkNb4]_exclusive",78,2,5,gemma-4-4b;phi-4,SPEAKER_28,6428.68,okay i again i'm not a legal expert but i don't know what the planning commission's powers are to demand that people attend this public hearing
"Planning Commission - August 6, 2025 [m50W4pVkNb4]_exclusive",79,1,5,phi-4,SPEAKER_17,6479.67,so we can't request that as as much you can certainly invite you could definitely invite i don't know that you can require i don't know okay invite yeah i mean typically a public hearing
"Planning Commission - August 6, 2025 [m50W4pVkNb4]_exclusive",80,1,5,phi-4,SPEAKER_28,6492.71,is going to be regarding a like a text amendment or an application um it's not usually per the mpc and the planning commissions like the definition of a public hearing it's not what i i would consider what you're thinking as a public hearing right does that make sense yeah we change the
"Planning Commission - August 6, 2025 [m50W4pVkNb4]_exclusive",84,2,5,gemma-4-4b;phi-4,SPEAKER_09,6552.5,want to remind the commission that we are allowed to have our own legal representation and i don't have the full surety that if we're asking these questions of our own government we can rely on our own internal solicitor in these processes so like we keep hearing legal legal legal i think if it gets
"Planning Commission - August 6, 2025 [m50W4pVkNb4]_exclusive",98,1,5,gemma-4-4b,SPEAKER_15,7405.34,is proposing at this time i do have a question how large is the existing building how many square
"Planning Commission - August 6, 2025 [m50W4pVkNb4]_exclusive",100,2,5,gemma-4-4b;qwen3.5-9b-q6,SPEAKER_09,7605.25,"I don't have any questions, and your logic is, you know, reasonable as to why you would want to defer the installation of the sidewalk. But I do want to express a concern generally that, especially even as an Uber driver as well, you know, i focus on the late night shifts and all of our state roads "
"Planning Commission - August 6, 2025 [m50W4pVkNb4]_exclusive",101,1,5,ministral-8b,SPEAKER_15,7673.75,logic is making sense for why it would be deferred i have a question do we know if there's a sidewalk
"Planning Commission - August 6, 2025 [m50W4pVkNb4]_exclusive",103,4,5,ministral-8b;phi-4;qwen3.5-9b-q6;qwen3.5-9b-q8,SPEAKER_25,7715.7,oh good you have it even better on yours thank you um okay so my biggest concern i echoing a little bit of this i agree manheim pike right now it
"Planning Commission - August 6, 2025 [m50W4pVkNb4]_exclusive",104,4,5,ministral-8b;phi-4;qwen3.5-9b-q6;qwen3.5-9b-q8,SPEAKER_11,7735.1,doesn't make sense to go out of your way to build a sidewalk especially with all the impervious pavement everywhere it seems right you can walk on that what about where you're going to rip it up between the two properties i think it's great let's add some trees let's do it right but what about conne
"Planning Commission - August 6, 2025 [m50W4pVkNb4]_exclusive",105,2,5,gemma-4-4b;phi-4,SPEAKER_08,7776.26,something like that yeah so walking south on anheim pike towards sheets um that that entire area will just remain the same so it'd be the existing employee parking lot which i mean someone could walk in the parking lot as you work your way toward where the billboard is um so there used to be an exis
"Planning Commission - August 6, 2025 [m50W4pVkNb4]_exclusive",108,2,5,gemma-4-4b;ministral-8b,SPEAKER_16,7835.5,question for the planning commission i think the last uh plan that we approved along manheim pike was the habitat restore project and i'm wondering did we was there existing sidewalks on that project or did we require them to install sidewalks i just i i understand the concerns um but i i worry abou
"Planning Commission - August 6, 2025 [m50W4pVkNb4]_exclusive",112,3,5,phi-4;qwen3.5-9b-q6;qwen3.5-9b-q8,SPEAKER_16,7886.47,be about setting a precedent for other development projects as we you know we do want to improve
"Planning Commission - August 6, 2025 [m50W4pVkNb4]_exclusive",113,4,5,ministral-8b;phi-4;qwen3.5-9b-q6;qwen3.5-9b-q8,SPEAKER_25,7892.63,pedestrian access along manhattan i'll also say he um did agree to a deferral agreement to install sidewalk
"Planning Commission - August 6, 2025 [m50W4pVkNb4]_exclusive",115,4,5,ministral-8b;phi-4;qwen3.5-9b-q6;qwen3.5-9b-q8,SPEAKER_09,7992.87,revisit that conversation i think so just to add on to like how do we get manheim pike with sidewalks in general i agree it should be it should be deferred like realistically i would hate to have you guys install a sidewalk right now just for it to be like an island of sidewalk but manheim pike gets
"Planning Commission - August 6, 2025 [m50W4pVkNb4]_exclusive",124,4,5,gemma-4-4b;phi-4;qwen3.5-9b-q6;qwen3.5-9b-q8,SPEAKER_04,8252.6,engineering uh here on behalf of the the owner for 617 fremont street i don't know lauren if you have a good plan you can bring up i have it on the board but it'd be a little hard to see so 617 fremont street is current there's right there currently a vacant lot there is a small shed in the back whi
"Planning Commission - August 6, 2025 [m50W4pVkNb4]_exclusive",126,1,5,phi-4,SPEAKER_04,8331.46,so to date there there has been a zoning variance approved for parking to allow or to not provide off street parking so just be on street parking that variance was approved the shade tree commission approved the landscape plan as well as two waivers that we were requesting for the placement of the s
"Planning Commission - August 6, 2025 [m50W4pVkNb4]_exclusive",129,3,5,gemma-4-4b;qwen3.5-9b-q6;qwen3.5-9b-q8,SPEAKER_04,8413.37,square footage of these units um good question
"Planning Commission - August 6, 2025 [m50W4pVkNb4]_exclusive",130,2,5,qwen3.5-9b-q6;qwen3.5-9b-q8,SPEAKER_20,8449.86,will these be rental or for sale units okay so uh not opposed to not providing
"Planning Commission - August 6, 2025 [m50W4pVkNb4]_exclusive",131,4,5,ministral-8b;phi-4;qwen3.5-9b-q6;qwen3.5-9b-q8,SPEAKER_09,8463.11,off-street parking because we do need to progress towards a less car-centric world um with the size of these so roughly 600 square feet them being single family dwellings like almost end up being a rental like do you have any indication of uh is this really going to be families or non-family units b
"Planning Commission - August 6, 2025 [m50W4pVkNb4]_exclusive",132,3,5,gemma-4-4b;ministral-8b;phi-4,SPEAKER_04,8497.02,to be getting into right i mean per the zoning ordinance i believe they're only required to to provide one parking space per unit i mean as far as who's going to rent it i don't know if they can necessarily predict that it is two stories so that would be about 1200 square feet per unit but yeah as f
"Planning Commission - August 6, 2025 [m50W4pVkNb4]_exclusive",133,1,5,phi-4,SPEAKER_09,8523.12,the properties wide enough that i could see i think i see 60 feet down there 80 feet yeah um that's wide enough for three cars right so like i feel comfortable with that parking arrangement
"Planning Commission - August 6, 2025 [m50W4pVkNb4]_exclusive",134,1,5,phi-4,SPEAKER_04,8534.64,i was just sorry yeah that's okay how many bedrooms are these units um i believe they're two
"Planning Commission - August 6, 2025 [m50W4pVkNb4]_exclusive",136,3,5,phi-4;qwen3.5-9b-q6;qwen3.5-9b-q8,SPEAKER_16,8579.18,neighborhood and i'm very happy to see vacant lots turn into housing so thank you uh ms finn
"Planning Commission - August 6, 2025 [m50W4pVkNb4]_exclusive",137,3,5,phi-4;qwen3.5-9b-q6;qwen3.5-9b-q8,SPEAKER_27,8588.48,is there any conditions that the city's waiting for nope this one's pretty straightforward great
"Planning Commission - August 6, 2025 [m50W4pVkNb4]_exclusive",139,1,5,gemma-4-4b,SPEAKER_27,8613.06,resolved as well uh just out of curiosity um this is more just not land development related but more just curious is there firewalls between each of those units um that's a great question and we had
"Planning Commission - August 6, 2025 [m50W4pVkNb4]_exclusive",142,1,5,phi-4,SPEAKER_04,8653.57,the last one all right we did have and i don't know lauren if they need to act on the preliminary plan waiver i had that one as well if that was just a staff no that's it that yep that's because
"Planning Commission - August 6, 2025 [m50W4pVkNb4]_exclusive",146,1,5,gemma-4-4b,SPEAKER_09,9307.67,question about the stormwater basin are these home I mean assuming these homes gonna be sold correct i'm sorry these homes are gonna be sold when they're completed yes we have
"Planning Commission - August 6, 2025 [m50W4pVkNb4]_exclusive",150,2,5,gemma-4-4b;phi-4,SPEAKER_09,9400.45,it's a good design and i think uh i love that it's all natives and nativars for all the landscaping a huge fan of that um i think my only real concern i guess is then the sidewalk deferral so you're saying on south franklin street you'd like to defer installing sidewalks we are installing
"Planning Commission - August 6, 2025 [m50W4pVkNb4]_exclusive",151,1,5,phi-4,SPEAKER_24,9421.0,sidewalk on this side that we're developing from one end to the other we are upgrading the ada ramps at the corners we are upgrading the ada ramps at the end of chesapeake and across chesapeake street what we're looking to not provide is the sidewalk on this other edge of oh across the street across
"Planning Commission - August 6, 2025 [m50W4pVkNb4]_exclusive",152,1,5,phi-4,SPEAKER_09,9461.16,for where the sidewalk is okay no i i that sounds uh reasonable does stevens happen to own those properties across the street as well no no okay all individual property owners okay um no that was all i really had i mean i always love seeing steven's projects come through i think it's really living u
"Planning Commission - August 6, 2025 [m50W4pVkNb4]_exclusive",153,4,5,ministral-8b;phi-4;qwen3.5-9b-q6;qwen3.5-9b-q8,SPEAKER_24,9503.97,have our city stormwater and street tree requirements but this being bumped to the conservation district level and the npdes pushed also requirements as far as additional plantings inside the basin as opposed to so we are retrofitting some of that in order to meet mpdes requirements not a lot of cit
"Planning Commission - August 6, 2025 [m50W4pVkNb4]_exclusive",155,4,5,ministral-8b;phi-4;qwen3.5-9b-q6;qwen3.5-9b-q8,SPEAKER_24,9601.99,working in its intended purpose understand um i will say that the additional plants that we've been required by conservation district to put in from the woody plant standpoint very much support promoting infiltration this basin is working fantastic like it stands now just as a grassed basin that get
"Planning Commission - August 6, 2025 [m50W4pVkNb4]_exclusive",156,2,5,gemma-4-4b;ministral-8b,SPEAKER_27,9697.04,"What type of maintenance will those homeowners be responsible for? Is this simply mowing this area, or are they responsible for weeding these places to ensure that the intended plants continue to flourish?"
"Planning Commission - August 6, 2025 [m50W4pVkNb4]_exclusive",162,2,5,gemma-4-4b;phi-4,SPEAKER_27,9803.36,yeah i love that idea a little educational i mean it doesn't have to be you know over complicated but something just so they understand on the reason of what what the purpose of this area is and these are some of the ways that you have to love it throughout the year we might have
"Planning Commission - August 6, 2025 [m50W4pVkNb4]_exclusive",163,1,5,phi-4,SPEAKER_09,9815.36,something you should yeah i also agree with that and i think it's super important to have that um just because like i saw the note like on uh page 15 that these need to be kept in original design conditions right and as far as i understand when we pass something like this all this becomes like
"Planning Commission - August 6, 2025 [m50W4pVkNb4]_exclusive",164,1,5,phi-4,SPEAKER_24,9835.12,legally binding in itself correct it runs with their deed and that stormwater om agreement that is executed with the sale of the property it runs with the deed for the individual property owners and the ones following that that take the ownership they have responsibilities and i think that we could 
"Planning Commission - August 6, 2025 [m50W4pVkNb4]_exclusive",165,1,5,qwen3.5-9b-q8,SPEAKER_22,9857.2,city probably has something that could be handed out we have a ton of stormwater that would be
"Planning Commission - August 6, 2025 [m50W4pVkNb4]_exclusive",166,1,5,qwen3.5-9b-q8,SPEAKER_24,9862.32,fantastic i would connect with angie yep thank you lauren that will be great save me some time
"Planning Commission - August 6, 2025 [m50W4pVkNb4]_exclusive",168,1,5,phi-4,SPEAKER_24,9890.0,curious i think that thaddeus's architecturals have traditionally done that on each of theirs yeah the original one i believe the next street up it's in similar character there are homes there with with garages so this area is quite a mix of of things and i think that to your point though it is unus
"Planning Commission - August 6, 2025 [m50W4pVkNb4]_exclusive",188,1,5,phi-4,SPEAKER_22,10242.42,the interest of brevity i think that you all know what i've been doing for the past few weeks so i don't have very much else to report okay thank you other business um i did want to um address hold on sorry i have so many notes um i wanted to address the submission of the sycamore ridge tentative pl
"Planning Commission - August 6, 2025 [m50W4pVkNb4]_exclusive",192,2,5,ministral-8b;phi-4,SPEAKER_22,10461.23,ordinance and they're essentially creating an entire neighborhood but they just want to be able to make sure that they can create it the way they want to and so in order to do that they have to follow a certain extra set of regulations and so again it was really this is really more so just like to r
"Planning Commission - August 6, 2025 [m50W4pVkNb4]_exclusive",202,3,5,gemma-4-4b;ministral-8b;phi-4,SPEAKER_09,10786.48,want to make a comment about the maybe i missed a conversation at some point um but i did read over the bylaw draft and i wanted to express a concern that we're reducing the amount of planning districts um i recognize planning regions we currently have six and i think it said going down to five is t
"Planning Commission - August 6, 2025 [m50W4pVkNb4]_exclusive",204,2,5,ministral-8b;phi-4,SPEAKER_09,11050.64,no I gotcha like you're not make making anything doesn't make sense to me but I think that instead of reducing the size of our Commission maybe we should potentially look at what defines quorum like if we have vacant seats open can we make it so that our quorums are set based off filled seats at the
"Planning Commission - August 6, 2025 [m50W4pVkNb4]_exclusive",212,1,5,gemma-4-4b,SPEAKER_25,11267.14,don't see it being advantageous of this month you can I just think that the
"Planning Commission - August 6, 2025 [m50W4pVkNb4]_exclusive",213,2,5,gemma-4-4b;phi-4,SPEAKER_28,11281.17,Sycamore Ridge is a pretty intricate plan and just tiny people like I said
"Planning Commission - August 6, 2025 [m50W4pVkNb4]_standard",11,4,5,ministral-8b;phi-4;qwen3.5-9b-q6;qwen3.5-9b-q8,SPEAKER_30,1831.38,so much for listening thank you hi my name is reagan layman i live on the 500 block of north shipping so thank you to the planning commission oh i don't think that's for me closer to the mic all right i'm not used to mics it's all good um thank you to the planning commission for the opportunity to s
"Planning Commission - August 6, 2025 [m50W4pVkNb4]_standard",17,4,5,ministral-8b;phi-4;qwen3.5-9b-q6;qwen3.5-9b-q8,SPEAKER_10,2753.01,block of east lemon street unfortunately i can't give more time to frank um but um so a lot of people here are a lot more articulate than i could be on this issue but i do want to say that i think it's abhorrent that is it is easier for a data center to get approved in lancaster than it is for affor
"Planning Commission - August 6, 2025 [m50W4pVkNb4]_standard",22,4,5,ministral-8b;phi-4;qwen3.5-9b-q6;qwen3.5-9b-q8,SPEAKER_19,3159.39,in the 100 north block of plum street um i'm just adding my voice into the several that just spoke that i am against the data center i've lived here for five years i've grown to really love and adore lancaster city um who here raise your hand has gone to a concert in the park in the summertime all r
"Planning Commission - August 6, 2025 [m50W4pVkNb4]_standard",23,4,5,ministral-8b;phi-4;qwen3.5-9b-q6;qwen3.5-9b-q8,SPEAKER_13,3257.78,shauna yorty i live on the 800 block of third street i don't have any uh numbers or um data points or talking points or notes and i don't know any facts except that i can't eat money and i can't breathe money and nobody else here can and i have a lot of feelings and i have a lot of questions and it'
"Planning Commission - August 6, 2025 [m50W4pVkNb4]_standard",31,3,5,ministral-8b;qwen3.5-9b-q6;qwen3.5-9b-q8,SPEAKER_17,4189.84,and your block thank you any further public uh participation sean fisher i live on nanticoke
"Planning Commission - August 6, 2025 [m50W4pVkNb4]_standard",32,4,5,gemma-4-4b;phi-4;qwen3.5-9b-q6;qwen3.5-9b-q8,SPEAKER_07,4211.51,um i wasn't going to speak today but i've been moved by everybody um me and my wife just got here last year uh took us a couple years to find a house out here because the housing market um we moved out here because we started establishing a community down here and we were a little bit too far away t
"Planning Commission - August 6, 2025 [m50W4pVkNb4]_standard",39,4,5,gemma-4-4b;phi-4;qwen3.5-9b-q6;qwen3.5-9b-q8,SPEAKER_00,4909.77,um so anyway those are my thoughts i would like to comment as well um i echo everything commissioner stevens and staltz who said but um i want to speak to you all directly and congratulate you but also i encourage you to continue to come to meetings like this super super super important um i know th
"Planning Commission - August 6, 2025 [m50W4pVkNb4]_standard",41,2,5,qwen3.5-9b-q6;qwen3.5-9b-q8,SPEAKER_11,5008.28,for the comment yes one of the things i do want to applaud is some of the things i've heard from you lack of transparency lack of details promises that may or may not be kept and in all transparency the last meeting we had as a planning commission was june 4th we just approved those minutes didn't w
"Planning Commission - August 6, 2025 [m50W4pVkNb4]_standard",45,1,5,phi-4,SPEAKER_28,5348.77,look like so sure so i'll start with that um is my mic working okay um so i would say for the um request from city council i would say it's rather vague in the ordinance both in the municipality's planning code and in our zoning ordinance it just says that it's to come from the city council i think 
"Planning Commission - August 6, 2025 [m50W4pVkNb4]_standard",46,1,5,phi-4,SPEAKER_16,5379.72,that can you i guess i'm a little curious about the precedent for that because i you know i remember i was on the planning commission when we amended the zoning ordinance for short-term rentals i don't believe that came from city council that was that was not a recommendation from city council that 
"Planning Commission - August 6, 2025 [m50W4pVkNb4]_standard",47,1,5,phi-4,SPEAKER_28,5402.76,but it did not come from council so so other people can um staff can initiate a text amendment generally the process doesn't move forward until like we've gotten kind of consent from city council that they're interested in reviewing that text amendment if that makes sense and so
"Planning Commission - August 6, 2025 [m50W4pVkNb4]_standard",54,2,5,gemma-4-4b;phi-4,SPEAKER_16,5647.12,have a public hearing I think we would want the zoning officer here because I think our my questions are around how this decision was made and you know assuming that it was made above board you know we just need those details so
"Planning Commission - August 6, 2025 [m50W4pVkNb4]_standard",55,1,5,phi-4,SPEAKER_28,5658.64,right and I can talk about those if you'd like right now so the zoning officer is the one who administrator administers the zoning ordinance he has the ability to make determinations and interpretations interpretations that he makes have to be done in generally in favor of the property owner so I wo
"Planning Commission - August 6, 2025 [m50W4pVkNb4]_standard",56,1,5,phi-4,SPEAKER_16,5764.93,"body yeah i just i mean i i just find it i mean i know the zoning officer and i think he does a very good job and my case is typically like more conservative and i just can't imagine that you know as folks have said like this is clearly not a wearied warehouse or storage facility and and And also, i"
"Planning Commission - August 6, 2025 [m50W4pVkNb4]_standard",63,1,5,phi-4,SPEAKER_28,5923.89,approved before it comes before you for subdivision land development so i want to jump in
"Planning Commission - August 6, 2025 [m50W4pVkNb4]_standard",64,2,5,gemma-4-4b;phi-4,SPEAKER_09,5930.66,here a little bit um i'm glad we're talking about having a public hearing the conversation about getting that on an agenda should continue because we do have an optional power even though it's informational uh we are allowed to do sorry i'm scrolling to look for the code part 22-25b5 there you go ma
"Planning Commission - August 6, 2025 [m50W4pVkNb4]_standard",65,1,5,phi-4,SPEAKER_11,6180.01,comment mr polite if it'll be okay i would i don't even want to use the word piggyback because there's so much consensus right now isn't there and it sounds like i am but um what power other than talking is there without city council behind this like how do we other than 75 people here getting the a
"Planning Commission - August 6, 2025 [m50W4pVkNb4]_standard",69,1,5,phi-4,SPEAKER_16,6301.12,and then sorry more questions if we if we were able to move forward with a text amendment would is it possible to have that text man in place before the Harrisburg like land development process would start or is it because they already did they already get zoning clearance on the Harrisburg yes so m
"Planning Commission - August 6, 2025 [m50W4pVkNb4]_standard",70,1,5,phi-4,SPEAKER_28,6325.2,understanding is that they basically got the same letter it is a different zoning district but yes they did get that before they purchased the property and they purchased the property based on that letter so there are some vested rights from the property owner because they were following what they r
"Planning Commission - August 6, 2025 [m50W4pVkNb4]_standard",71,1,5,phi-4,SPEAKER_20,6345.4,only impact future they would be grandfathered under the any new ordinance that we passed
"Planning Commission - August 6, 2025 [m50W4pVkNb4]_standard",78,2,5,gemma-4-4b;phi-4,SPEAKER_28,6428.68,okay i again i'm not a legal expert but i don't know what the planning commission's powers are to demand that people attend this public hearing
"Planning Commission - August 6, 2025 [m50W4pVkNb4]_standard",79,1,5,phi-4,SPEAKER_17,6479.67,so we can't request that as as much you can certainly invite you could definitely invite i don't know that you can require i don't know okay invite yeah i mean typically a public hearing
"Planning Commission - August 6, 2025 [m50W4pVkNb4]_standard",80,1,5,phi-4,SPEAKER_28,6492.71,is going to be regarding a like a text amendment or an application um it's not usually per the mpc and the planning commissions like the definition of a public hearing it's not what i i would consider what you're thinking as a public hearing right does that make sense yeah we change the
"Planning Commission - August 6, 2025 [m50W4pVkNb4]_standard",84,2,5,gemma-4-4b;phi-4,SPEAKER_09,6552.5,want to remind the commission that we are allowed to have our own legal representation and i don't have the full surety that if we're asking these questions of our own government we can rely on our own internal solicitor in these processes so like we keep hearing legal legal legal i think if it gets
"Planning Commission - August 6, 2025 [m50W4pVkNb4]_standard",98,1,5,gemma-4-4b,SPEAKER_15,7405.34,is proposing at this time i do have a question how large is the existing building how many square
"Planning Commission - August 6, 2025 [m50W4pVkNb4]_standard",100,2,5,gemma-4-4b;qwen3.5-9b-q6,SPEAKER_09,7605.25,"I don't have any questions, and your logic is, you know, reasonable as to why you would want to defer the installation of the sidewalk. But I do want to express a concern generally that, especially even as an Uber driver as well, you know, i focus on the late night shifts and all of our state roads "
"Planning Commission - August 6, 2025 [m50W4pVkNb4]_standard",101,1,5,ministral-8b,SPEAKER_15,7673.75,logic is making sense for why it would be deferred i have a question do we know if there's a sidewalk
"Planning Commission - August 6, 2025 [m50W4pVkNb4]_standard",102,4,5,gemma-4-4b;phi-4;qwen3.5-9b-q6;qwen3.5-9b-q8,SPEAKER_11,7679.58,on the other side of manheim pike no there's not i have maybe two comments more than a question with the um no they are both questions i apologize the is there a bus stop in front of yale that i'm not sure i was trying to zoom in a little bit to see if i can see it
"Planning Commission - August 6, 2025 [m50W4pVkNb4]_standard",103,2,5,qwen3.5-9b-q6;qwen3.5-9b-q8,SPEAKER_08,7715.7,oh good you have it even better on yours thank you
"Planning Commission - August 6, 2025 [m50W4pVkNb4]_standard",104,4,5,ministral-8b;phi-4;qwen3.5-9b-q6;qwen3.5-9b-q8,SPEAKER_25,7717.7,um okay so my biggest concern i echoing a little bit of this i agree manheim pike right now it
"Planning Commission - August 6, 2025 [m50W4pVkNb4]_standard",105,3,5,gemma-4-4b;phi-4;qwen3.5-9b-q6,SPEAKER_11,7735.1,doesn't make sense to go out of your way to build a sidewalk especially with all the impervious pavement everywhere it seems right you can walk on that what about where you're going to rip it up between the two properties i think it's great let's add some trees let's do it right but what about conne
"Planning Commission - August 6, 2025 [m50W4pVkNb4]_standard",106,2,5,phi-4;qwen3.5-9b-q6,SPEAKER_08,7776.26,something like that yeah so walking south on anheim pike towards sheets um that that entire area will just remain the same so it'd be the existing employee parking lot which i mean someone could walk in the parking lot as you work your way toward where the billboard is um so there used to be an exis
"Planning Commission - August 6, 2025 [m50W4pVkNb4]_standard",107,2,5,phi-4;qwen3.5-9b-q6,SPEAKER_11,7812.25,have the trees in that area because i hate the idea of taking away green space but at the same time that connection i think is just as important yeah no and i would agree that if we left you
"Planning Commission - August 6, 2025 [m50W4pVkNb4]_standard",108,1,5,phi-4,SPEAKER_08,7822.09,know just five feet of paving there it provides a hard skate for someone to walk which you know people may do now so we could certainly incorporate it into the plan i think maybe this is more of a
"Planning Commission - August 6, 2025 [m50W4pVkNb4]_standard",109,3,5,gemma-4-4b;ministral-8b;phi-4,SPEAKER_16,7835.5,question for the planning commission i think the last uh plan that we approved along manheim pike was the habitat restore project and i'm wondering did we was there existing sidewalks on that project or did we require them to install sidewalks i just i i understand the concerns um but i i worry abou
"Planning Commission - August 6, 2025 [m50W4pVkNb4]_standard",112,1,5,gemma-4-4b,SPEAKER_28,7881.38,their sidewalk that was installed as part of the land development so yeah one of my concerns would
"Planning Commission - August 6, 2025 [m50W4pVkNb4]_standard",114,4,5,gemma-4-4b;phi-4;qwen3.5-9b-q6;qwen3.5-9b-q8,SPEAKER_25,7892.63,pedestrian access along manhattan i'll also say he um did agree to a deferral agreement to install sidewalk
"Planning Commission - August 6, 2025 [m50W4pVkNb4]_standard",115,3,5,phi-4;qwen3.5-9b-q6;qwen3.5-9b-q8,SPEAKER_27,7959.19,in the future if that's something necessary so i feel that's a sort of a cya so to speak and i i think the usage currently the surrounding environment doesn't necessarily require sidewalks at this point in time i do like the idea of the flexibility of the walking path for the bus riders i think that
"Planning Commission - August 6, 2025 [m50W4pVkNb4]_standard",116,3,5,phi-4;qwen3.5-9b-q6;qwen3.5-9b-q8,SPEAKER_09,7992.87,revisit that conversation i think so just to add on to like how do we get manheim pike with sidewalks in general i agree it should be it should be deferred like realistically i would hate to have you guys install a sidewalk right now just for it to be like an island of sidewalk but manheim pike gets
"Planning Commission - August 6, 2025 [m50W4pVkNb4]_standard",125,4,5,ministral-8b;phi-4;qwen3.5-9b-q6;qwen3.5-9b-q8,SPEAKER_04,8331.46,so to date there there has been a zoning variance approved for parking to allow or to not provide off street parking so just be on street parking that variance was approved the shade tree commission approved the landscape plan as well as two waivers that we were requesting for the placement of the s
"Planning Commission - August 6, 2025 [m50W4pVkNb4]_standard",128,1,5,ministral-8b,SPEAKER_04,8413.37,square footage of these units um good question
"Planning Commission - August 6, 2025 [m50W4pVkNb4]_standard",129,4,5,ministral-8b;phi-4;qwen3.5-9b-q6;qwen3.5-9b-q8,SPEAKER_20,8449.86,will these be rental or for sale units okay so uh not opposed to not providing
"Planning Commission - August 6, 2025 [m50W4pVkNb4]_standard",131,3,5,ministral-8b;qwen3.5-9b-q6;qwen3.5-9b-q8,SPEAKER_04,8497.02,to be getting into right i mean per the zoning ordinance i believe they're only required to to provide one parking space per unit i mean as far as who's going to rent it i don't know if they can necessarily predict that it is two stories so that would be about 1200 square feet per unit but yeah as f
"Planning Commission - August 6, 2025 [m50W4pVkNb4]_standard",132,3,5,gemma-4-4b;qwen3.5-9b-q6;qwen3.5-9b-q8,SPEAKER_09,8523.12,the properties wide enough that i could see i think i see 60 feet down there 80 feet yeah um that's wide enough for three cars right so like i feel comfortable with that parking arrangement
"Planning Commission - August 6, 2025 [m50W4pVkNb4]_standard",133,2,5,qwen3.5-9b-q6;qwen3.5-9b-q8,SPEAKER_04,8534.64,i was just sorry yeah that's okay how many bedrooms are these units um i believe they're two
"Planning Commission - August 6, 2025 [m50W4pVkNb4]_standard",134,2,5,qwen3.5-9b-q6;qwen3.5-9b-q8,SPEAKER_11,8570.98,it seems like an excellent infill project truly yeah hopefully yeah i live and work in this
"Planning Commission - August 6, 2025 [m50W4pVkNb4]_standard",135,2,5,gemma-4-4b;phi-4,SPEAKER_16,8579.18,neighborhood and i'm very happy to see vacant lots turn into housing so thank you uh ms finn
"Planning Commission - August 6, 2025 [m50W4pVkNb4]_standard",139,3,5,gemma-4-4b;ministral-8b;phi-4,SPEAKER_04,8630.66,that discussion with the architect and i i believe so because i believe that they didn't have the firewalls i think they would be required to do sprinklers okay so i believe they don't have
"Planning Commission - August 6, 2025 [m50W4pVkNb4]_standard",147,2,5,gemma-4-4b;qwen3.5-9b-q6,SPEAKER_09,9307.67,question about the stormwater basin are these home I mean assuming these homes gonna be sold correct i'm sorry these homes are gonna be sold when they're completed yes we have
"Planning Commission - August 6, 2025 [m50W4pVkNb4]_standard",148,1,5,qwen3.5-9b-q6,SPEAKER_24,9319.19,a series of various different stormwater operation and maintenance agreements that are under review at the city currently as to how those um those portions who has the rights and maintenance responsibilities just like any other property there are just like on hillside avenue which was our last proje
"Planning Commission - August 6, 2025 [m50W4pVkNb4]_standard",149,1,5,qwen3.5-9b-q6,SPEAKER_09,9359.3,uh if these homo if these new homeowners would then have to be part of an hoa um that maintains
"Planning Commission - August 6, 2025 [m50W4pVkNb4]_standard",153,3,5,phi-4;qwen3.5-9b-q6;qwen3.5-9b-q8,SPEAKER_09,9461.16,for where the sidewalk is okay no i i that sounds uh reasonable does stevens happen to own those properties across the street as well no no okay all individual property owners okay um no that was all i really had i mean i always love seeing steven's projects come through i think it's really living u
"Planning Commission - August 6, 2025 [m50W4pVkNb4]_standard",154,2,5,qwen3.5-9b-q6;qwen3.5-9b-q8,SPEAKER_24,9503.97,have our city stormwater and street tree requirements but this being bumped to the conservation district level and the npdes pushed also requirements as far as additional plantings inside the basin as opposed to so we are retrofitting some of that in order to meet mpdes requirements not a lot of cit
"Planning Commission - August 6, 2025 [m50W4pVkNb4]_standard",157,2,5,gemma-4-4b;ministral-8b,SPEAKER_27,9697.04,"What type of maintenance will those homeowners be responsible for? Is this simply mowing this area, or are they responsible for weeding these places to ensure that the intended plants continue to flourish?"
"Planning Commission - August 6, 2025 [m50W4pVkNb4]_standard",168,4,5,gemma-4-4b;ministral-8b;phi-4;qwen3.5-9b-q6,SPEAKER_16,9875.67,appreciate that uh a question i think is more just out of curiosity i'm curious about the decision to add garages um to these uh houses not a normal development pattern for the cities i'm just
"Planning Commission - August 6, 2025 [m50W4pVkNb4]_standard",169,2,5,phi-4;qwen3.5-9b-q6,SPEAKER_24,9890.0,curious i think that thaddeus's architecturals have traditionally done that on each of theirs yeah the original one i believe the next street up it's in similar character there are homes there with with garages so this area is quite a mix of of things and i think that to your point though it is unus
"Planning Commission - August 6, 2025 [m50W4pVkNb4]_standard",170,2,5,phi-4;qwen3.5-9b-q6,SPEAKER_27,9926.15,neighborhood kids bicycles we know garages fill up with other stuff so you
"Planning Commission - August 6, 2025 [m50W4pVkNb4]_standard",172,4,5,gemma-4-4b;ministral-8b;phi-4;qwen3.5-9b-q6,SPEAKER_16,9961.34,me if you already mentioned this when you when study sells these are these affordable homes or what do you do you all want to speak to that the redevelopment authority uh yeah and i i love that we obviously need more affordable housing i would you know again maybe just encourage i mean i think when 
"Planning Commission - August 6, 2025 [m50W4pVkNb4]_standard",189,1,5,phi-4,SPEAKER_22,10242.42,the interest of brevity i think that you all know what i've been doing for the past few weeks so i don't have very much else to report okay thank you other business um i did want to um address hold on sorry i have so many notes um i wanted to address the submission of the sycamore ridge tentative pl
"Planning Commission - August 6, 2025 [m50W4pVkNb4]_standard",195,3,5,gemma-4-4b;ministral-8b;qwen3.5-9b-q8,SPEAKER_27,10513.17,why is this it's not expedited well i mean it's so typically a land development wouldn't go through
"Planning Commission - August 6, 2025 [m50W4pVkNb4]_standard",196,1,5,qwen3.5-9b-q8,SPEAKER_28,10527.94,the public hearing process um this process is outlined in the zoning ordinance but it's following a planned residential development requirement that's provided for in the mpc um i can't speak to the reasoning behind this this addition being in the zoning ordinance um it is in my opinion a little bit
"Planning Commission - August 6, 2025 [m50W4pVkNb4]_standard",197,1,5,qwen3.5-9b-q8,SPEAKER_25,10559.38,and so it's an extra step and so like yeah well i mean you would ultimately do the same thing that
"Planning Commission - August 6, 2025 [m50W4pVkNb4]_standard",203,3,5,gemma-4-4b;ministral-8b;phi-4,SPEAKER_09,10786.48,want to make a comment about the maybe i missed a conversation at some point um but i did read over the bylaw draft and i wanted to express a concern that we're reducing the amount of planning districts um i recognize planning regions we currently have six and i think it said going down to five is t
"Planning Commission - August 6, 2025 [m50W4pVkNb4]_standard",213,1,5,qwen3.5-9b-q8,SPEAKER_25,11267.14,don't see it being advantageous of this month you can I just think that the
"Planning Commission - August 6, 2025 [m50W4pVkNb4]_standard",214,3,5,gemma-4-4b;qwen3.5-9b-q6;qwen3.5-9b-q8,SPEAKER_28,11281.17,Sycamore Ridge is a pretty intricate plan and just tiny people like I said
"Planning Commission - August 6, 2025 [m50W4pVkNb4]_standard",215,2,5,gemma-4-4b;qwen3.5-9b-q8,SPEAKER_11,11288.73,"people will come running October 1st would be the first day truly that would give everyone time. And we're talking what six weeks. That's not a terrible timeline, even though I know it's, there's a need to move on things like this. Especially if you want some of the people that we want to invite to "
"Planning Commission Meeting - October 15, 2025 [4rFO0GO6nwU]",0,1,5,qwen3.5-9b-q6,UNKNOWN,1080.0,Thank you. Thank you.
"Planning Commission Meeting - October 15, 2025 [4rFO0GO6nwU]",1,1,5,qwen3.5-9b-q6,SPEAKER_00,4918.38,Thank you.
"Planning Commission Meeting - October 15, 2025 [4rFO0GO6nwU]",2,1,5,qwen3.5-9b-q6,UNKNOWN,7278.02,"yeah my me and they hurt and do um yeah you know and it it it it it it it it it it it it it it it it If you have any questions, please feel free to reach out to me."
"Planning Commission Meeting - September 17, 2025 [sM9P2_ZC46M]_exclusive",15,1,5,phi-4,SPEAKER_04,2947.9,the incompleteness of this application so zoning wise there are some questions on parking calculations and how they were determined as well as building density calculations in addition as part of a flexible residential design architectural renderings are required and
"Planning Commission Meeting - September 17, 2025 [sM9P2_ZC46M]_exclusive",17,1,5,phi-4,SPEAKER_04,2971.75,reporter can take it down okay and architectural rendings are required for the self-storage buildings um there are some concerns regarding well i guess the biggest concern that we have is as submitted the application included three properties that currently the city of lancaster owns back in january
"Planning Commission Meeting - September 17, 2025 [sM9P2_ZC46M]_exclusive",18,1,5,phi-4,SPEAKER_21,3167.88,you'll have to explain to me why the steepness of the property relates to the number of cross
"Planning Commission Meeting - September 17, 2025 [sM9P2_ZC46M]_exclusive",19,1,5,phi-4,SPEAKER_04,3172.76,sections you want to see i'm also not an engineer so i don't know that i can provide feedback on
"Planning Commission Meeting - September 17, 2025 [sM9P2_ZC46M]_exclusive",20,1,5,phi-4,SPEAKER_21,3178.28,that as far as being incomplete there are concerns with over the past year as
"Planning Commission Meeting - September 17, 2025 [sM9P2_ZC46M]_exclusive",25,2,5,ministral-8b;phi-4,SPEAKER_04,3327.42,anything further um there's several stormwater concerns um the biggest one being that the modeling um didn't look at the correct storm flow events and the correct um runoff i think they need to do 1.25 and that wasn't what was provided and so that's generally what we feel is what's missing
"Planning Commission Meeting - September 17, 2025 [sM9P2_ZC46M]_exclusive",37,2,5,qwen3.5-9b-q6;qwen3.5-9b-q8,SPEAKER_06,3893.92,don't know what that means you're talking about the environmental uh testing and a review or any
"Planning Commission Meeting - September 17, 2025 [sM9P2_ZC46M]_exclusive",38,1,5,qwen3.5-9b-q6,SPEAKER_08,3902.22,of those items you want to talk about okay good evening mr dastra yeah you're talking about the uh i think the phase one phase two environmental review um so there's some contamination on site from the junkyard um and i'll let you me or mark give you the updates on where exactly that stands but ther
"Planning Commission Meeting - September 17, 2025 [sM9P2_ZC46M]_exclusive",40,3,5,gemma-4-4b;ministral-8b;phi-4,SPEAKER_06,3979.0,Yes yeah we can provide those. And just to give a quick summary we were actually really pleasantly surprised during our due diligence period of what the testing showed. It's very very minor very small area and it's very minor. So yeah the contamination that we need to be removed is not something tha
"Planning Commission Meeting - September 17, 2025 [sM9P2_ZC46M]_exclusive",42,4,5,gemma-4-4b;phi-4;qwen3.5-9b-q6;qwen3.5-9b-q8,SPEAKER_15,4019.97,do know that you don't want to hear that but um and douglas doesn't either it is expensive to do that and we're trying so desperately hard to provide affordable housing without subsidies without so yes we could it would just make the price of these houses go up even higher and it just does not seem 
"Planning Commission Meeting - September 17, 2025 [sM9P2_ZC46M]_exclusive",43,3,5,phi-4;qwen3.5-9b-q6;qwen3.5-9b-q8,SPEAKER_10,4066.44,drastically down that's the that's the real crux of why I mean respectfully in terms of cost I've heard it reported that you're anticipating a three hundred thousand three hundred fifty thousand cost per unit that's already very expensive for members of this community exactly that's concern still I 
"Planning Commission Meeting - September 17, 2025 [sM9P2_ZC46M]_exclusive",44,3,5,phi-4;qwen3.5-9b-q6;qwen3.5-9b-q8,SPEAKER_15,4116.16,or not but the the the material that where I used on the the cottages is what what we use on pole barns like every day it's like the not-so-fancy standing seam metal and so it's very economical there's lots of options for that and it's practically maintenance free the last 50 plus years we're using 
"Planning Commission Meeting - September 17, 2025 [sM9P2_ZC46M]_exclusive",47,1,5,gemma-4-4b,SPEAKER_10,4208.77,you had also said that you tested this theory and it so it works um as i understand it your existing units are short-term rentals so how does those two short-term rentals translate to the success of a i'm counting 79 housing for sale development complex it's completely different market how does that
"Planning Commission Meeting - September 17, 2025 [sM9P2_ZC46M]_exclusive",48,4,5,ministral-8b;phi-4;qwen3.5-9b-q6;qwen3.5-9b-q8,SPEAKER_15,4236.62,"those nuanced uh you can't quite put your finger on it but i think it's a um it was a vision and an idea that we had hey can we make this work and can we embed something brand new into a community and it not be overwhelming an alternative would be like we could just go build like a 6,000 square foot"
"Planning Commission Meeting - September 17, 2025 [sM9P2_ZC46M]_exclusive",50,4,5,ministral-8b;phi-4;qwen3.5-9b-q6;qwen3.5-9b-q8,SPEAKER_17,4342.16,the affordability of this project you have called this project an affordable project a number of times um 350 000 starter home is not an affordable starter home we need to lessen the cost of housing within this community the average ami of our lancaster city is sixty three thousand dollars a 60 a pe
"Planning Commission Meeting - September 17, 2025 [sM9P2_ZC46M]_exclusive",51,3,5,gemma-4-4b;ministral-8b;phi-4,SPEAKER_06,4437.06,second yeah let's talk about sure let's jump in on the fire safety issue first because that's really important so we we were flagged by the fire chief that was an issue that there's in you know insufficient supply as you noted and the solution for that is to bring further supply from the north end o
"Planning Commission Meeting - September 17, 2025 [sM9P2_ZC46M]_exclusive",53,1,5,phi-4,SPEAKER_06,4534.56,within that program sure so for hoa we're very early in that but we've estimated it to be somewhere in the like 80 range per month we're trying to keep that very low we don't have a pool and tennis courts and that kind of thing instead we have outdoor recreation as the main attraction and amenity so
"Planning Commission Meeting - September 17, 2025 [sM9P2_ZC46M]_exclusive",55,4,5,ministral-8b;phi-4;qwen3.5-9b-q6;qwen3.5-9b-q8,SPEAKER_15,4602.12,i appreciate that i appreciate that the the word affordable is directly associated to subsidized i appreciate that being um the issue um affordable is also relative the the average regular home in lancaster city or i think was 386 the last time i saw in lmp and the average new home is 488 so that's 
"Planning Commission Meeting - September 17, 2025 [sM9P2_ZC46M]_exclusive",56,4,5,ministral-8b;phi-4;qwen3.5-9b-q6;qwen3.5-9b-q8,SPEAKER_17,4642.34,buy that we are manufacturing realistic housing for the population that we're actually serving i can appreciate that yes the other question i have is in regards to a traffic study and your entrance and exits to and from the development duke street i go down there all the time i essentially could liv
"Planning Commission Meeting - September 17, 2025 [sM9P2_ZC46M]_exclusive",60,3,5,gemma-4-4b;ministral-8b;phi-4,SPEAKER_17,4867.99,little bit more about the challenges um that the i just want to understand um if i recall the words correctly it was said that the public's works capacity for that development only was would only allow for 79 homes and you have a maximum of 79 homes on that site correct
"Planning Commission Meeting - September 17, 2025 [sM9P2_ZC46M]_exclusive",61,2,5,ministral-8b;phi-4,SPEAKER_19,4889.65,or you have you have your 79 homes um why so that's important because there's a maximum and so what that means is there can be no future development on sunnyside so if another residence wanted to do an addition at any type of capacity they would not be able to because they would have maxed out the a
"Planning Commission Meeting - September 17, 2025 [sM9P2_ZC46M]_exclusive",68,3,5,gemma-4-4b;ministral-8b;phi-4,SPEAKER_17,5129.5,in the world that I live in things are scheduled by percentage of completion it's been said that the city has shared some concerns regarding the lack of certain details that are missing from this plan so I would like just curious to know what do you think the percentage of completion is from your te
"Planning Commission Meeting - September 17, 2025 [sM9P2_ZC46M]_exclusive",73,3,5,phi-4;qwen3.5-9b-q6;qwen3.5-9b-q8,SPEAKER_29,5432.91,just think about that chew that up a little bit and think on that that's all mr. weeks if I may
"Planning Commission Meeting - September 17, 2025 [sM9P2_ZC46M]_exclusive",74,3,5,phi-4;qwen3.5-9b-q6;qwen3.5-9b-q8,SPEAKER_08,5445.35,just provide one quick follow-up and this is actually for the broader Commission and the room as well but I just wanted to make note of the HOA issue because I know that that word has some connotation to it about what that what comes along with that and the the HOAs have become increasingly common a
"Planning Commission Meeting - September 17, 2025 [sM9P2_ZC46M]_exclusive",76,2,5,qwen3.5-9b-q6;qwen3.5-9b-q8,SPEAKER_08,5550.83,said totally no thank you mr weeks one last question uh we'll be brief so that the way we
"Planning Commission Meeting - September 17, 2025 [sM9P2_ZC46M]_exclusive",77,4,5,ministral-8b;phi-4;qwen3.5-9b-q6;qwen3.5-9b-q8,SPEAKER_25,5558.27,can hear from the public um there's water all around this plane and i know you have a flood plate in that goes within the floodplain limits but I'm thinking climate change that water is rising seven years ago we had Matthew and that kind of Stoker River was just over flooding its banks can these str
"Planning Commission Meeting - September 17, 2025 [sM9P2_ZC46M]_exclusive",79,1,5,gemma-4-4b,SPEAKER_20,5640.9,anywhere near it may I ask a question one of the things I was looking at in the audience of course we have many members of the audience who were here back in 2014 when the Planning Commission approved essentially a nine page document of modifications that needed to be done for the tentative plan to 
"Planning Commission Meeting - September 17, 2025 [sM9P2_ZC46M]_exclusive",81,1,5,phi-4,SPEAKER_17,5784.71,really appreciate from the planning staff can you help me understand why we should allow you to negotiate through certain processes and procedures when we do not let anybody else do that i don't necessarily
"Planning Commission Meeting - September 17, 2025 [sM9P2_ZC46M]_exclusive",82,1,5,phi-4,SPEAKER_15,5808.2,think so i think it's more of a i think it's more of an understanding of intent i'm not asking an engineer to give way or undermine a design i am asking for intent to be appreciated like it like again like the last project was the last project was in the same place i just so happened again because o
"Planning Commission Meeting - September 17, 2025 [sM9P2_ZC46M]_exclusive",83,1,5,phi-4,SPEAKER_21,5885.52,together here there's a lot of flexibility in the flexible residential development options that's why it's called that you're allowed to do many things that are otherwise required in the city but the the threshold issue that miss logan has here is whether you have made a complete submission that's m
"Planning Commission Meeting - September 17, 2025 [sM9P2_ZC46M]_exclusive",87,1,5,ministral-8b,SPEAKER_22,6142.71,very upset between this presentation and the one originally proposed okay um i have a question for
"Planning Commission Meeting - September 17, 2025 [sM9P2_ZC46M]_exclusive",103,2,5,gemma-4-4b;phi-4,SPEAKER_17,7092.51,so but i'm sorry can you just um clear clarify how that would affect the other residents who are currently living in sunnyside and you know just let's use um i don't recall her name but the lady's example um she has another property on site if she would want to build something on that site would she
"Planning Commission Meeting - September 17, 2025 [sM9P2_ZC46M]_exclusive",108,4,5,gemma-4-4b;phi-4;qwen3.5-9b-q6;qwen3.5-9b-q8,SPEAKER_24,7407.7,the audience right right i'm sorry but i'm i'm just saying i we've all been here before anybody that wants to put something in out there we've all been here before for zoning to do that and we had to go through the same thing joe's going through his plans is bigger that's all but i'm saying you know
"Planning Commission Meeting - September 17, 2025 [sM9P2_ZC46M]_exclusive",109,3,5,phi-4;qwen3.5-9b-q6;qwen3.5-9b-q8,SPEAKER_21,7501.16,because exactly i know that folks we're not we're not having conversations we're not having conversations among the audience we're here for testimony right uh you know i'm just saying i
"Planning Commission Meeting - September 17, 2025 [sM9P2_ZC46M]_exclusive",110,3,5,phi-4;qwen3.5-9b-q6;qwen3.5-9b-q8,SPEAKER_24,7516.36,just think the man deserves a fair chance that's all i'm saying okay thank you okay i would just
"Planning Commission Meeting - September 17, 2025 [sM9P2_ZC46M]_exclusive",113,1,5,gemma-4-4b,SPEAKER_15,7765.47,that's how i feel up here may i speak to that um mr dasher we uh we definitely remember the conversation from the last time and i um i do appreciate that um again reviewing the youtube video just refreshed me too like even at that meeting i think it like collectively uh your group as well as our gro
"Planning Commission Meeting - September 17, 2025 [sM9P2_ZC46M]_exclusive",114,4,5,gemma-4-4b;phi-4;qwen3.5-9b-q6;qwen3.5-9b-q8,SPEAKER_10,7902.23,my mind because the eco district while we don't have ordinances drafted out in full it does specify lot coverage and so to the point of fulfilling the goals of the ecodistrict going up reduces your lot coverage which also goes in line with having more ecological diversity in the area i'm not a code 
"Planning Commission Meeting - September 17, 2025 [sM9P2_ZC46M]_exclusive",115,3,5,phi-4;qwen3.5-9b-q6;qwen3.5-9b-q8,SPEAKER_15,7922.55,those sprinklers i could be wrong about that as soon as you hit three three it's so that's again two plexes a triplex you're instantly multi-family you are no longer residential building code but
"Planning Commission Meeting - September 17, 2025 [sM9P2_ZC46M]_exclusive",116,3,5,phi-4;qwen3.5-9b-q6;qwen3.5-9b-q8,SPEAKER_10,7934.15,"But even the sizing of your units, you have units that are all the same size."
"Planning Commission Meeting - September 17, 2025 [sM9P2_ZC46M]_exclusive",117,2,5,gemma-4-4b;ministral-8b,SPEAKER_15,7938.69,"I mean, 1,200 to 1,800 square feet, two and three bedrooms is not the same size."
"Planning Commission Meeting - September 17, 2025 [sM9P2_ZC46M]_exclusive",118,1,5,ministral-8b,SPEAKER_10,7944.81,"Do you have a listing of how many different sized units are offered? Because just from the plans here, and maybe there's more detail, but looking at these plans, they all look approximately the same size."
"Planning Commission Meeting - September 17, 2025 [sM9P2_ZC46M]_exclusive",120,4,5,gemma-4-4b;ministral-8b;phi-4;qwen3.5-9b-q6,SPEAKER_10,8009.91,"1,200 to 18 isn't a huge diversity of range for me, especially when talking about multi-generational housing support. depends on how big the family is of course but three generations can get pretty wide and yeah I just don't feel the creativity has been explored here I don't know your pro forma look"
"Planning Commission Meeting - September 17, 2025 [sM9P2_ZC46M]_exclusive",121,1,5,phi-4,SPEAKER_01,8061.18,"gentlemen can i can i jump in real quick everything that everyone is saying is valuable but can i just suggest that we keep the main thing the main thing like what we're here to to discuss, can we do that, because we're not gonna, everything isn't gonna get solved in our own eyes tonight, so can we "
"Planning Commission Meeting - September 17, 2025 [sM9P2_ZC46M]_exclusive",125,4,5,ministral-8b;phi-4;qwen3.5-9b-q6;qwen3.5-9b-q8,SPEAKER_11,8349.26,i'm a friend of joe's and a property owner on sunny side i have to say you know we've been through this before the site has its challenges its past and its present and probably will in the future as well i mean there's a lot to take into consideration here i have to commend these guys for their thei
"Planning Commission Meeting - September 17, 2025 [sM9P2_ZC46M]_exclusive",134,2,5,qwen3.5-9b-q6;qwen3.5-9b-q8,SPEAKER_07,9256.16,want to clarify one point um one of the earlier gentlemen who commented seemed to seemed to be implying that um our 1996 plans were never followed through on i just wanted to clarify that the 48 parking spaces and the 23 that i believe this plan would cause us to lose was built and has been used for
"Planning Commission Meeting - September 17, 2025 [sM9P2_ZC46M]_exclusive",140,1,5,gemma-4-4b,SPEAKER_17,9462.65,been documented so i want to just make a point here that i think what you gentlemen are doing is commendable um i think that you have a big giant challenge in front of you you went from the little leagues with your two cabins to the big leagues now um and i also would say to the residents of sunnysi
"Planning Commission Meeting - September 17, 2025 [sM9P2_ZC46M]_exclusive",144,2,5,gemma-4-4b;phi-4,SPEAKER_21,9691.66,clarification but the problem I have is that if the city commences its preliminary plan approval process then that that triggers the stays about enactment of any other ordinance and things get frozen and I I am opposed to the Commission the hands of the city being tied why a preliminary plan would b
"Planning Commission Meeting - September 17, 2025 [sM9P2_ZC46M]_exclusive",145,1,5,phi-4,SPEAKER_17,9731.07,event tonight that we would reject their application would they have the same ability to then go through work continue the partnership with the city to go through the recommended changes and the comments that the city is suggesting pull the necessary details together and then come back or absolutely
"Planning Commission Meeting - September 17, 2025 [sM9P2_ZC46M]_exclusive",146,1,5,phi-4,SPEAKER_21,9750.47,something i i want to emphasize is that if the application is dismissed as simply being incomplete the city the commission has not reached the merits of the case in any way we're just saying there's just holes in it we're not saying it's a good or a bad application we're not saying there aren't a lo
"Planning Commission Meeting - September 17, 2025 [sM9P2_ZC46M]_exclusive",166,3,5,gemma-4-4b;qwen3.5-9b-q6;qwen3.5-9b-q8,SPEAKER_27,11203.05,chairman polite members of uh the commission dr finn members of the public my name is kyle postalwait here from town square engineering representing the property owner which is woodward street llc represented tonight by mr eugenio humais behind me we're discussing 523 woodward Street. This property 
"Planning Commission Meeting - September 17, 2025 [sM9P2_ZC46M]_exclusive",168,2,5,ministral-8b;phi-4,SPEAKER_19,11473.62,no matter what so yes the um the property the owner has not complied with his rackle agreement and had gone through a process of um had he had received seven extensions and had still not fulfilled his requirements and so last evening at the rackel meeting they decided that they would not provide ano
"Planning Commission Meeting - September 17, 2025 [sM9P2_ZC46M]_exclusive",176,3,5,gemma-4-4b;ministral-8b;phi-4,SPEAKER_05,11662.16,parcel into three that will be able to be done and the blighted property will just be one of those parcels is that correct and those other two would then be able to be sold am i am i tracking like
"Planning Commission Meeting - September 17, 2025 [sM9P2_ZC46M]_exclusive",178,1,5,gemma-4-4b,SPEAKER_05,11686.72,they can't subdivide and then now okay thank you and the city was um supportive of this plan yes
"Planning Commission Meeting - September 17, 2025 [sM9P2_ZC46M]_exclusive",181,1,5,phi-4,SPEAKER_09,11728.08,okay thank you thank you any public comment motion on the floor can i make a motion to approve the
"Planning Commission Meeting - September 17, 2025 [sM9P2_ZC46M]_exclusive",190,3,5,gemma-4-4b;ministral-8b;phi-4,SPEAKER_10,12257.02,is there currently as well the only question i have i appreciate the easement uh why the location and part of why i asked is because it looks like it was a curved room kind of like looking for uh you know this is gonna be a display corner almost I'm just saying this for the sake of the developer lik
"Planning Commission Meeting - September 17, 2025 [sM9P2_ZC46M]_exclusive",198,3,5,ministral-8b;qwen3.5-9b-q6;qwen3.5-9b-q8,SPEAKER_09,12547.23,all in favor let it known by saying aye aye aye aye aye aye aye aye thank you pose thank you for your time tonight thank you thanks for your patience other business self-storage and zoning map thank you for your patience good evening i'm claudia shank with mcneese wallace
"Planning Commission Meeting - September 17, 2025 [sM9P2_ZC46M]_exclusive",200,3,5,phi-4;qwen3.5-9b-q6;qwen3.5-9b-q8,SPEAKER_26,13090.53,okay yes we had prepared a site concept plan uh indicating how the property could be developed under the under the proposed uh free zoning and text amendment um as as claudia mentioned the uh the parcel we're looking at was unit b of the plan plant community which on the sketch is shown in basically
"Planning Commission Meeting - September 17, 2025 [sM9P2_ZC46M]_exclusive",202,1,5,ministral-8b,SPEAKER_26,13171.62,are like i said to provide security for the outside storage which would be permitted in the side and rear rear yard areas in addition you can see in the on the concept plan the yellow hatched area is the access easement that claudia mentioned and that is a recorded access agreement for both of these
"Planning Commission Meeting - September 17, 2025 [sM9P2_ZC46M]_exclusive",209,1,5,gemma-4-4b,SPEAKER_05,13545.68,minimum acreage according to what i'm reading correct this what we're looking at is a minimum acreage correct yeah that's correct so it's not like somebody's going to come and do it right
"Planning Commission Meeting - September 17, 2025 [sM9P2_ZC46M]_exclusive",216,4,5,gemma-4-4b;phi-4;qwen3.5-9b-q6;qwen3.5-9b-q8,SPEAKER_16,13761.13,really like on the radar at that point yeah i mean i agree with not wanting storage facilities in r3 and r4 i just don't i don't know that i'm supportive of making it easier to build these kinds of facilities i mean it it seems like it makes sense for this site but you know they don't they don't cre
"Planning Commission Meeting - September 17, 2025 [sM9P2_ZC46M]_exclusive",217,3,5,phi-4;qwen3.5-9b-q6;qwen3.5-9b-q8,SPEAKER_14,13792.33,you know that has uh and some pedestrian activity so i don't know i i i'm i would be concerned about
"Planning Commission Meeting - September 17, 2025 [sM9P2_ZC46M]_exclusive",218,2,5,qwen3.5-9b-q6;qwen3.5-9b-q8,SPEAKER_16,13799.52,like allowing making it easier to do this kind of thing and even in the cm districts i think that
"Planning Commission Meeting - September 17, 2025 [sM9P2_ZC46M]_exclusive",219,2,5,gemma-4-4b;ministral-8b,SPEAKER_10,13806.0,they should be permissible but i think that they should kind of be like last resorts and i i can understand your point about the zoning hearing board having a huge load um but hopefully we can reduce some of that load with the overall comprehensive plan updates that we need to make i would take grea
"Planning Commission Meeting - September 17, 2025 [sM9P2_ZC46M]_exclusive",222,1,5,phi-4,SPEAKER_18,13920.99,surrounding neighborhoods i don't have i don't have a list in front of me but there are other
"Planning Commission Meeting - September 17, 2025 [sM9P2_ZC46M]_exclusive",223,1,5,phi-4,SPEAKER_19,13930.56,properties where this could occur i want to say it's maybe in the range of 10 or 15 other
"Planning Commission Meeting - September 17, 2025 [sM9P2_ZC46M]_exclusive",224,1,5,phi-4,SPEAKER_18,13935.6,properties where it would be theoretically possible now many of those properties if not all of them are already developed but in theory you know somebody could redevelop them for this use
"Planning Commission Meeting - September 17, 2025 [sM9P2_ZC46M]_exclusive",229,1,5,phi-4,SPEAKER_22,14046.3,"so if we yep through these couple years of analysis when you get it down to to five vacant properties, it's gonna be very similar situations to ours where if self-storage development is not permitted, you're gonna wind up with what we have, a dilapidated partial site with our lease is gonna end in F"
"Planning Commission Meeting - September 17, 2025 [sM9P2_ZC46M]_exclusive",230,2,5,gemma-4-4b;ministral-8b,SPEAKER_05,14091.24,years of analysis that's really what you're left with what is the current process if if this isn't approved is it just going to zoning and getting special exception or something um if they were to
"Planning Commission Meeting - September 17, 2025 [sM9P2_ZC46M]_exclusive",231,2,5,qwen3.5-9b-q6;qwen3.5-9b-q8,SPEAKER_04,14104.25,to build the size storage facility that they want to build at that site they would need to go through the variance process so it wouldn't just be special exception because our ordinance doesn't discussed self-storage beyond the 20 000 square feet so they would need a variance to exceed that
"Planning Commission Meeting - September 17, 2025 [sM9P2_ZC46M]_exclusive",232,2,5,qwen3.5-9b-q6;qwen3.5-9b-q8,SPEAKER_22,14121.05,by 150 percent we're not going to go through this right is there that much demand for self-storage i think now is probably the right time for alyssa to speak to that the answer the short answer is
"Planning Commission Meeting - September 17, 2025 [sM9P2_ZC46M]_exclusive",235,2,5,qwen3.5-9b-q6;qwen3.5-9b-q8,SPEAKER_22,14224.68,happening that we pent up demand is pushing all the self-storage into places it doesn't want to be can't really be controlled from a security standpoint from just the surrounding land value standpoint so this type of thing really does is push the supply where it should be in a very secure regulated 
"Planning Commission Meeting - September 17, 2025 [sM9P2_ZC46M]_exclusive",236,2,5,qwen3.5-9b-q6;qwen3.5-9b-q8,SPEAKER_10,14266.41,in the location i mean your traffic constraints are valid f m's right there though so the students probably could utilize that property a lot for self-storage but i think i don't think anyone up here is concerned about this specific proposal it's just a concern about what other proposals might come 
"Planning Commission Meeting - September 17, 2025 [sM9P2_ZC46M]_exclusive",238,3,5,gemma-4-4b;ministral-8b;phi-4,SPEAKER_05,14338.34,and that's how we came to that number i apologize can you remind me what is the acreage of this parcel because i agreed i love the idea there but if kunzler somebody buys it and buys just a little piece extra and suddenly they have 3.2 acres do we have a storage unit on manor street sort of thing so
"Planning Commission Meeting - September 17, 2025 [sM9P2_ZC46M]_exclusive",248,3,5,gemma-4-4b;ministral-8b;phi-4,SPEAKER_17,14549.07,Could we table this motion and collect more information from the city to understand how this could really affect other parcels? I know that you said that there's a number of other parcels that could potentially do this. I would be interested to know where those parcels are located and what the oppor
"Planning Commission Meeting - September 17, 2025 [sM9P2_ZC46M]_exclusive",249,2,5,gemma-4-4b;phi-4,SPEAKER_10,14597.14,i'm curious if we can use the transportation the transportation constraints as like it's by right but if there's a for example no frontage accessible by the road i'm curious
"Planning Commission Meeting - September 17, 2025 [sM9P2_ZC46M]_exclusive",250,1,5,phi-4,SPEAKER_18,14607.93,there was a version i had because i i'd be why did this process take so long to begin with not
"Planning Commission Meeting - September 17, 2025 [sM9P2_ZC46M]_exclusive",251,1,5,phi-4,SPEAKER_17,14629.26,to belabor this meeting any longer than it already is but it just seems like that's a long time to work on the text amendment so i'm just curious to know why it would have taken that long so far why couldn't this decision have been made sooner so then mr scott wouldn't be in this position where they
"Planning Commission Meeting - September 17, 2025 [sM9P2_ZC46M]_exclusive",254,1,5,gemma-4-4b,SPEAKER_22,14720.84,"We didn't mind that it took too long, but we thought we got to the end of the road where it's not a perfect solution. It's a very, very... Could you give us a month? I don't know what more information like that. I do respect your position. We've been working on it for two years. We have all the anal"
"Planning Commission Meeting - September 17, 2025 [sM9P2_ZC46M]_exclusive",256,2,5,gemma-4-4b;phi-4,SPEAKER_22,14791.78,i think we initially proposed three to five acres right and the city suggested three to seven so we're happy to go back to three to five and we're happy to i think at one time we had a language about parcels without direct access okay be happy to reintroduce that language because there were differen
"Planning Commission Meeting - September 17, 2025 [sM9P2_ZC46M]_exclusive",263,2,5,gemma-4-4b;phi-4,SPEAKER_20,14927.29,do the bicycle parking right against the trail one of the reasons i wanted to bring it to vote a is we need to right but the other thing is if this was residential we'd be ecstatic that they're using that kind of density for that property i mean this is 120 000 square feet and you're like oh my gosh
"Planning Commission Meeting - September 17, 2025 [sM9P2_ZC46M]_exclusive",266,1,5,gemma-4-4b,SPEAKER_25,15060.84,public streets right okay i will make that motion for self-storage text amendment and zoning map amendment with the conditions uh to reduce the size of three to five acres for street frontage language and public access to the street am i missing anything i can second that yeah we
"Planning Commission Meeting - September 17, 2025 [sM9P2_ZC46M]_exclusive",268,4,5,gemma-4-4b;ministral-8b;phi-4;qwen3.5-9b-q8,SPEAKER_17,15108.94,why are we lessening the acreage don't we want to increase the acreage the lessening of the acreage
"Planning Commission Meeting - September 17, 2025 [sM9P2_ZC46M]_exclusive",269,1,5,qwen3.5-9b-q8,SPEAKER_19,15115.5,will make it apply to less lots less lots i was thinking so by going from instead of it being three to seven acres it being three to five it will include less lots yeah it would impact um
"Planning Commission Meeting - September 17, 2025 [sM9P2_ZC46M]_standard",15,1,5,phi-4,SPEAKER_04,2947.9,the incompleteness of this application so zoning wise there are some questions on parking calculations and how they were determined as well as building density calculations in addition as part of a flexible residential design architectural renderings are required and
"Planning Commission Meeting - September 17, 2025 [sM9P2_ZC46M]_standard",17,1,5,phi-4,SPEAKER_04,2971.75,reporter can take it down okay and architectural rendings are required for the self-storage buildings um there are some concerns regarding well i guess the biggest concern that we have is as submitted the application included three properties that currently the city of lancaster owns back in january
"Planning Commission Meeting - September 17, 2025 [sM9P2_ZC46M]_standard",18,1,5,phi-4,SPEAKER_21,3167.88,you'll have to explain to me why the steepness of the property relates to the number of cross
"Planning Commission Meeting - September 17, 2025 [sM9P2_ZC46M]_standard",19,1,5,phi-4,SPEAKER_04,3172.76,sections you want to see i'm also not an engineer so i don't know that i can provide feedback on
"Planning Commission Meeting - September 17, 2025 [sM9P2_ZC46M]_standard",20,1,5,phi-4,SPEAKER_21,3178.28,that as far as being incomplete there are concerns with over the past year as
"Planning Commission Meeting - September 17, 2025 [sM9P2_ZC46M]_standard",25,2,5,ministral-8b;phi-4,SPEAKER_04,3327.42,anything further um there's several stormwater concerns um the biggest one being that the modeling um didn't look at the correct storm flow events and the correct um runoff i think they need to do 1.25 and that wasn't what was provided and so that's generally what we feel is what's missing
"Planning Commission Meeting - September 17, 2025 [sM9P2_ZC46M]_standard",37,2,5,qwen3.5-9b-q6;qwen3.5-9b-q8,SPEAKER_06,3893.92,don't know what that means you're talking about the environmental uh testing and a review or any
"Planning Commission Meeting - September 17, 2025 [sM9P2_ZC46M]_standard",38,1,5,qwen3.5-9b-q6,SPEAKER_08,3902.22,of those items you want to talk about okay good evening mr dastra yeah you're talking about the uh i think the phase one phase two environmental review um so there's some contamination on site from the junkyard um and i'll let you me or mark give you the updates on where exactly that stands but ther
"Planning Commission Meeting - September 17, 2025 [sM9P2_ZC46M]_standard",40,3,5,gemma-4-4b;ministral-8b;phi-4,SPEAKER_06,3979.0,Yes yeah we can provide those. And just to give a quick summary we were actually really pleasantly surprised during our due diligence period of what the testing showed. It's very very minor very small area and it's very minor. So yeah the contamination that we need to be removed is not something tha
"Planning Commission Meeting - September 17, 2025 [sM9P2_ZC46M]_standard",42,4,5,gemma-4-4b;phi-4;qwen3.5-9b-q6;qwen3.5-9b-q8,SPEAKER_15,4019.97,do know that you don't want to hear that but um and douglas doesn't either it is expensive to do that and we're trying so desperately hard to provide affordable housing without subsidies without so yes we could it would just make the price of these houses go up even higher and it just does not seem 
"Planning Commission Meeting - September 17, 2025 [sM9P2_ZC46M]_standard",43,3,5,phi-4;qwen3.5-9b-q6;qwen3.5-9b-q8,SPEAKER_10,4066.44,drastically down that's the that's the real crux of why I mean respectfully in terms of cost I've heard it reported that you're anticipating a three hundred thousand three hundred fifty thousand cost per unit that's already very expensive for members of this community exactly that's concern still I 
"Planning Commission Meeting - September 17, 2025 [sM9P2_ZC46M]_standard",44,3,5,phi-4;qwen3.5-9b-q6;qwen3.5-9b-q8,SPEAKER_15,4116.16,or not but the the the material that where I used on the the cottages is what what we use on pole barns like every day it's like the not-so-fancy standing seam metal and so it's very economical there's lots of options for that and it's practically maintenance free the last 50 plus years we're using 
"Planning Commission Meeting - September 17, 2025 [sM9P2_ZC46M]_standard",47,1,5,gemma-4-4b,SPEAKER_10,4208.77,you had also said that you tested this theory and it so it works um as i understand it your existing units are short-term rentals so how does those two short-term rentals translate to the success of a i'm counting 79 housing for sale development complex it's completely different market how does that
"Planning Commission Meeting - September 17, 2025 [sM9P2_ZC46M]_standard",48,4,5,ministral-8b;phi-4;qwen3.5-9b-q6;qwen3.5-9b-q8,SPEAKER_15,4236.62,"those nuanced uh you can't quite put your finger on it but i think it's a um it was a vision and an idea that we had hey can we make this work and can we embed something brand new into a community and it not be overwhelming an alternative would be like we could just go build like a 6,000 square foot"
"Planning Commission Meeting - September 17, 2025 [sM9P2_ZC46M]_standard",50,4,5,ministral-8b;phi-4;qwen3.5-9b-q6;qwen3.5-9b-q8,SPEAKER_17,4342.16,the affordability of this project you have called this project an affordable project a number of times um 350 000 starter home is not an affordable starter home we need to lessen the cost of housing within this community the average ami of our lancaster city is sixty three thousand dollars a 60 a pe
"Planning Commission Meeting - September 17, 2025 [sM9P2_ZC46M]_standard",51,3,5,gemma-4-4b;ministral-8b;phi-4,SPEAKER_06,4437.06,second yeah let's talk about sure let's jump in on the fire safety issue first because that's really important so we we were flagged by the fire chief that was an issue that there's in you know insufficient supply as you noted and the solution for that is to bring further supply from the north end o
"Planning Commission Meeting - September 17, 2025 [sM9P2_ZC46M]_standard",52,1,5,phi-4,SPEAKER_17,4482.04,"Great. How about the – let's back up one second because I kind of tossed two things at you at one time. And I'm really curious to go back to the affordability aspect of this project, not so much just as to throw my thoughts out there, but to get some thoughts back from you gentlemen as well um you k"
"Planning Commission Meeting - September 17, 2025 [sM9P2_ZC46M]_standard",53,1,5,phi-4,SPEAKER_06,4534.56,within that program sure so for hoa we're very early in that but we've estimated it to be somewhere in the like 80 range per month we're trying to keep that very low we don't have a pool and tennis courts and that kind of thing instead we have outdoor recreation as the main attraction and amenity so
"Planning Commission Meeting - September 17, 2025 [sM9P2_ZC46M]_standard",55,4,5,ministral-8b;phi-4;qwen3.5-9b-q6;qwen3.5-9b-q8,SPEAKER_15,4602.12,i appreciate that i appreciate that the the word affordable is directly associated to subsidized i appreciate that being um the issue um affordable is also relative the the average regular home in lancaster city or i think was 386 the last time i saw in lmp and the average new home is 488 so that's 
"Planning Commission Meeting - September 17, 2025 [sM9P2_ZC46M]_standard",56,4,5,ministral-8b;phi-4;qwen3.5-9b-q6;qwen3.5-9b-q8,SPEAKER_17,4642.34,buy that we are manufacturing realistic housing for the population that we're actually serving i can appreciate that yes the other question i have is in regards to a traffic study and your entrance and exits to and from the development duke street i go down there all the time i essentially could liv
"Planning Commission Meeting - September 17, 2025 [sM9P2_ZC46M]_standard",60,3,5,gemma-4-4b;ministral-8b;phi-4,SPEAKER_17,4867.99,little bit more about the challenges um that the i just want to understand um if i recall the words correctly it was said that the public's works capacity for that development only was would only allow for 79 homes and you have a maximum of 79 homes on that site correct
"Planning Commission Meeting - September 17, 2025 [sM9P2_ZC46M]_standard",61,2,5,ministral-8b;phi-4,SPEAKER_19,4889.65,or you have you have your 79 homes um why so that's important because there's a maximum and so what that means is there can be no future development on sunnyside so if another residence wanted to do an addition at any type of capacity they would not be able to because they would have maxed out the a
"Planning Commission Meeting - September 17, 2025 [sM9P2_ZC46M]_standard",68,3,5,gemma-4-4b;ministral-8b;phi-4,SPEAKER_17,5129.5,in the world that I live in things are scheduled by percentage of completion it's been said that the city has shared some concerns regarding the lack of certain details that are missing from this plan so I would like just curious to know what do you think the percentage of completion is from your te
"Planning Commission Meeting - September 17, 2025 [sM9P2_ZC46M]_standard",73,3,5,phi-4;qwen3.5-9b-q6;qwen3.5-9b-q8,SPEAKER_29,5432.91,just think about that chew that up a little bit and think on that that's all mr. weeks if I may
"Planning Commission Meeting - September 17, 2025 [sM9P2_ZC46M]_standard",74,3,5,phi-4;qwen3.5-9b-q6;qwen3.5-9b-q8,SPEAKER_08,5445.35,just provide one quick follow-up and this is actually for the broader Commission and the room as well but I just wanted to make note of the HOA issue because I know that that word has some connotation to it about what that what comes along with that and the the HOAs have become increasingly common a
"Planning Commission Meeting - September 17, 2025 [sM9P2_ZC46M]_standard",76,2,5,qwen3.5-9b-q6;qwen3.5-9b-q8,SPEAKER_08,5550.83,said totally no thank you mr weeks one last question uh we'll be brief so that the way we
"Planning Commission Meeting - September 17, 2025 [sM9P2_ZC46M]_standard",77,4,5,ministral-8b;phi-4;qwen3.5-9b-q6;qwen3.5-9b-q8,SPEAKER_25,5558.27,can hear from the public um there's water all around this plane and i know you have a flood plate in that goes within the floodplain limits but I'm thinking climate change that water is rising seven years ago we had Matthew and that kind of Stoker River was just over flooding its banks can these str
"Planning Commission Meeting - September 17, 2025 [sM9P2_ZC46M]_standard",79,2,5,gemma-4-4b;phi-4,SPEAKER_20,5640.9,anywhere near it may I ask a question one of the things I was looking at in the audience of course we have many members of the audience who were here back in 2014 when the Planning Commission approved essentially a nine page document of modifications that needed to be done for the tentative plan to 
"Planning Commission Meeting - September 17, 2025 [sM9P2_ZC46M]_standard",81,1,5,phi-4,SPEAKER_17,5784.71,really appreciate from the planning staff can you help me understand why we should allow you to negotiate through certain processes and procedures when we do not let anybody else do that i don't necessarily
"Planning Commission Meeting - September 17, 2025 [sM9P2_ZC46M]_standard",82,1,5,phi-4,SPEAKER_15,5808.2,think so i think it's more of a i think it's more of an understanding of intent i'm not asking an engineer to give way or undermine a design i am asking for intent to be appreciated like it like again like the last project was the last project was in the same place i just so happened again because o
"Planning Commission Meeting - September 17, 2025 [sM9P2_ZC46M]_standard",83,1,5,phi-4,SPEAKER_21,5885.52,together here there's a lot of flexibility in the flexible residential development options that's why it's called that you're allowed to do many things that are otherwise required in the city but the the threshold issue that miss logan has here is whether you have made a complete submission that's m
"Planning Commission Meeting - September 17, 2025 [sM9P2_ZC46M]_standard",87,1,5,ministral-8b,SPEAKER_22,6142.71,very upset between this presentation and the one originally proposed okay um i have a question for
"Planning Commission Meeting - September 17, 2025 [sM9P2_ZC46M]_standard",103,2,5,gemma-4-4b;phi-4,SPEAKER_17,7092.51,so but i'm sorry can you just um clear clarify how that would affect the other residents who are currently living in sunnyside and you know just let's use um i don't recall her name but the lady's example um she has another property on site if she would want to build something on that site would she
"Planning Commission Meeting - September 17, 2025 [sM9P2_ZC46M]_standard",108,4,5,gemma-4-4b;phi-4;qwen3.5-9b-q6;qwen3.5-9b-q8,SPEAKER_24,7407.7,the audience right right i'm sorry but i'm i'm just saying i we've all been here before anybody that wants to put something in out there we've all been here before for zoning to do that and we had to go through the same thing joe's going through his plans is bigger that's all but i'm saying you know
"Planning Commission Meeting - September 17, 2025 [sM9P2_ZC46M]_standard",109,3,5,phi-4;qwen3.5-9b-q6;qwen3.5-9b-q8,SPEAKER_21,7501.16,because exactly i know that folks we're not we're not having conversations we're not having conversations among the audience we're here for testimony right uh you know i'm just saying i
"Planning Commission Meeting - September 17, 2025 [sM9P2_ZC46M]_standard",110,3,5,phi-4;qwen3.5-9b-q6;qwen3.5-9b-q8,SPEAKER_24,7516.36,just think the man deserves a fair chance that's all i'm saying okay thank you okay i would just
"Planning Commission Meeting - September 17, 2025 [sM9P2_ZC46M]_standard",113,1,5,gemma-4-4b,SPEAKER_15,7765.47,that's how i feel up here may i speak to that um mr dasher we uh we definitely remember the conversation from the last time and i um i do appreciate that um again reviewing the youtube video just refreshed me too like even at that meeting i think it like collectively uh your group as well as our gro
"Planning Commission Meeting - September 17, 2025 [sM9P2_ZC46M]_standard",114,4,5,gemma-4-4b;phi-4;qwen3.5-9b-q6;qwen3.5-9b-q8,SPEAKER_10,7902.23,my mind because the eco district while we don't have ordinances drafted out in full it does specify lot coverage and so to the point of fulfilling the goals of the ecodistrict going up reduces your lot coverage which also goes in line with having more ecological diversity in the area i'm not a code 
"Planning Commission Meeting - September 17, 2025 [sM9P2_ZC46M]_standard",115,3,5,phi-4;qwen3.5-9b-q6;qwen3.5-9b-q8,SPEAKER_15,7922.55,those sprinklers i could be wrong about that as soon as you hit three three it's so that's again two plexes a triplex you're instantly multi-family you are no longer residential building code but
"Planning Commission Meeting - September 17, 2025 [sM9P2_ZC46M]_standard",116,3,5,phi-4;qwen3.5-9b-q6;qwen3.5-9b-q8,SPEAKER_10,7934.15,"But even the sizing of your units, you have units that are all the same size."
"Planning Commission Meeting - September 17, 2025 [sM9P2_ZC46M]_standard",117,2,5,gemma-4-4b;ministral-8b,SPEAKER_15,7938.69,"I mean, 1,200 to 1,800 square feet, two and three bedrooms is not the same size."
"Planning Commission Meeting - September 17, 2025 [sM9P2_ZC46M]_standard",118,1,5,ministral-8b,SPEAKER_10,7944.81,"Do you have a listing of how many different sized units are offered? Because just from the plans here, and maybe there's more detail, but looking at these plans, they all look approximately the same size."
"Planning Commission Meeting - September 17, 2025 [sM9P2_ZC46M]_standard",120,4,5,gemma-4-4b;ministral-8b;phi-4;qwen3.5-9b-q6,SPEAKER_10,8009.91,"1,200 to 18 isn't a huge diversity of range for me, especially when talking about multi-generational housing support. depends on how big the family is of course but three generations can get pretty wide and yeah I just don't feel the creativity has been explored here I don't know your pro forma look"
"Planning Commission Meeting - September 17, 2025 [sM9P2_ZC46M]_standard",121,1,5,phi-4,SPEAKER_01,8061.18,"gentlemen can i can i jump in real quick everything that everyone is saying is valuable but can i just suggest that we keep the main thing the main thing like what we're here to to discuss, can we do that, because we're not gonna, everything isn't gonna get solved in our own eyes tonight, so can we "
"Planning Commission Meeting - September 17, 2025 [sM9P2_ZC46M]_standard",125,4,5,ministral-8b;phi-4;qwen3.5-9b-q6;qwen3.5-9b-q8,SPEAKER_11,8349.26,i'm a friend of joe's and a property owner on sunny side i have to say you know we've been through this before the site has its challenges its past and its present and probably will in the future as well i mean there's a lot to take into consideration here i have to commend these guys for their thei
"Planning Commission Meeting - September 17, 2025 [sM9P2_ZC46M]_standard",133,1,5,qwen3.5-9b-q8,SPEAKER_21,9281.52,has anything new to add that hasn't been covered already okay i'll take it your word sir dean
"Planning Commission Meeting - September 17, 2025 [sM9P2_ZC46M]_standard",134,4,5,ministral-8b;phi-4;qwen3.5-9b-q6;qwen3.5-9b-q8,SPEAKER_14,9298.05,souter i'm the pastor at sunnyside mennonite joe mark thank you for your work the vision for the um for the junkyard i have been there for 25 years as a an attender i have never met a person there that was mean it's a wonderful community if you folks that i'm speaking if you have never been into Sun
"Planning Commission Meeting - September 17, 2025 [sM9P2_ZC46M]_standard",138,3,5,gemma-4-4b;ministral-8b;phi-4,SPEAKER_17,9462.65,been documented so i want to just make a point here that i think what you gentlemen are doing is commendable um i think that you have a big giant challenge in front of you you went from the little leagues with your two cabins to the big leagues now um and i also would say to the residents of sunnysi
"Planning Commission Meeting - September 17, 2025 [sM9P2_ZC46M]_standard",144,1,5,gemma-4-4b,SPEAKER_21,9750.47,something i i want to emphasize is that if the application is dismissed as simply being incomplete the city the commission has not reached the merits of the case in any way we're just saying there's just holes in it we're not saying it's a good or a bad application we're not saying there aren't a lo
"Planning Commission Meeting - September 17, 2025 [sM9P2_ZC46M]_standard",150,1,5,phi-4,SPEAKER_08,10836.85,Albert and mr. chairman does the rejection mean that a entirely new application needs to be filed or just that we come back to the Commission with
"Planning Commission Meeting - September 17, 2025 [sM9P2_ZC46M]_standard",153,3,5,gemma-4-4b;ministral-8b;phi-4,SPEAKER_17,10885.01,like to encourage you to continue to work through this project there's a lot of gaps there's a lot of holes there's a lot of missing information that's necessary in order for this project to continue so i know that we just burst a bubble right now but you can fill the balloon back up later as you co
"Planning Commission Meeting - September 17, 2025 [sM9P2_ZC46M]_standard",162,2,5,qwen3.5-9b-q6;qwen3.5-9b-q8,SPEAKER_09,11076.7,which will require a new application or not no okay i appreciate that thank you it was just hard for me to hear everything okay moving forward mr chairman okay number four the subdivision and land development a 523 woodward avenue preliminary final land development conditional approval
"Planning Commission Meeting - September 17, 2025 [sM9P2_ZC46M]_standard",163,3,5,gemma-4-4b;qwen3.5-9b-q6;qwen3.5-9b-q8,SPEAKER_19,11111.18,"i just also would like to interject here that this is a former rackel property the the property contract with Rackel just expired. And so the city is taking this property over again, and they're going to go through the process of condemnation and eminent domain for this property. However, your job a"
"Planning Commission Meeting - September 17, 2025 [sM9P2_ZC46M]_standard",164,3,5,gemma-4-4b;qwen3.5-9b-q6;qwen3.5-9b-q8,SPEAKER_27,11203.05,chairman polite members of uh the commission dr finn members of the public my name is kyle postalwait here from town square engineering representing the property owner which is woodward street llc represented tonight by mr eugenio humais behind me we're discussing 523 woodward Street. This property 
"Planning Commission Meeting - September 17, 2025 [sM9P2_ZC46M]_standard",174,3,5,gemma-4-4b;ministral-8b;phi-4,SPEAKER_05,11662.16,parcel into three that will be able to be done and the blighted property will just be one of those parcels is that correct and those other two would then be able to be sold am i am i tracking like
"Planning Commission Meeting - September 17, 2025 [sM9P2_ZC46M]_standard",176,1,5,phi-4,SPEAKER_05,11686.72,they can't subdivide and then now okay thank you and the city was um supportive of this plan yes
"Planning Commission Meeting - September 17, 2025 [sM9P2_ZC46M]_standard",177,1,5,gemma-4-4b,SPEAKER_09,11703.52,and again the square footage on a single unit is again um the square foot of the footprint
"Planning Commission Meeting - September 17, 2025 [sM9P2_ZC46M]_standard",187,1,5,qwen3.5-9b-q6,SPEAKER_03,11891.4,"approval good evening Cheryl Love with the LA group we'll review the plan briefly with This is the existing building for Jones Honda. It's located at 1335 Mannheim Pike. The building is rectangular in the back portion of what you see rendered here. The existing footprint is about 5,000 square feet. "
"Planning Commission Meeting - September 17, 2025 [sM9P2_ZC46M]_standard",188,3,5,gemma-4-4b;ministral-8b;phi-4,SPEAKER_10,12257.02,is there currently as well the only question i have i appreciate the easement uh why the location and part of why i asked is because it looks like it was a curved room kind of like looking for uh you know this is gonna be a display corner almost I'm just saying this for the sake of the developer lik
"Planning Commission Meeting - September 17, 2025 [sM9P2_ZC46M]_standard",189,3,5,gemma-4-4b;qwen3.5-9b-q6;qwen3.5-9b-q8,SPEAKER_03,12289.41,also some of the discussion we had with shade tree Commission as a business and a car business obviously it is important to them not just from a visibility standpoint but that's their sales display area of their vehicles and the shade tree Commission was very supportive of allowing us to fit the tre
"Planning Commission Meeting - September 17, 2025 [sM9P2_ZC46M]_standard",190,2,5,qwen3.5-9b-q6;qwen3.5-9b-q8,SPEAKER_17,12360.22,structure can't support that okay i i think i see them on the plan but there are new sidewalks
"Planning Commission Meeting - September 17, 2025 [sM9P2_ZC46M]_standard",191,2,5,qwen3.5-9b-q6;qwen3.5-9b-q8,SPEAKER_03,12370.3,there are up front wonderful is yep all across the frontage um in fact one of our prior um one of our prior uh landscape architects did something for jones honda some time ago just to the west here and in fact at that point they were waived for doing any street trees any a lot of those improvements 
"Planning Commission Meeting - September 17, 2025 [sM9P2_ZC46M]_standard",200,2,5,qwen3.5-9b-q6;qwen3.5-9b-q8,SPEAKER_26,13090.53,okay yes we had prepared a site concept plan uh indicating how the property could be developed under the under the proposed uh free zoning and text amendment um as as claudia mentioned the uh the parcel we're looking at was unit b of the plan plant community which on the sketch is shown in basically
"Planning Commission Meeting - September 17, 2025 [sM9P2_ZC46M]_standard",202,1,5,ministral-8b,SPEAKER_26,13171.62,are like i said to provide security for the outside storage which would be permitted in the side and rear rear yard areas in addition you can see in the on the concept plan the yellow hatched area is the access easement that claudia mentioned and that is a recorded access agreement for both of these
"Planning Commission Meeting - September 17, 2025 [sM9P2_ZC46M]_standard",209,1,5,gemma-4-4b,SPEAKER_05,13545.68,minimum acreage according to what i'm reading correct this what we're looking at is a minimum acreage correct yeah that's correct so it's not like somebody's going to come and do it right
"Planning Commission Meeting - September 17, 2025 [sM9P2_ZC46M]_standard",216,4,5,gemma-4-4b;phi-4;qwen3.5-9b-q6;qwen3.5-9b-q8,SPEAKER_16,13761.13,really like on the radar at that point yeah i mean i agree with not wanting storage facilities in r3 and r4 i just don't i don't know that i'm supportive of making it easier to build these kinds of facilities i mean it it seems like it makes sense for this site but you know they don't they don't cre
"Planning Commission Meeting - September 17, 2025 [sM9P2_ZC46M]_standard",217,3,5,phi-4;qwen3.5-9b-q6;qwen3.5-9b-q8,SPEAKER_14,13792.33,you know that has uh and some pedestrian activity so i don't know i i i'm i would be concerned about
"Planning Commission Meeting - September 17, 2025 [sM9P2_ZC46M]_standard",218,2,5,qwen3.5-9b-q6;qwen3.5-9b-q8,SPEAKER_16,13799.52,like allowing making it easier to do this kind of thing and even in the cm districts i think that
"Planning Commission Meeting - September 17, 2025 [sM9P2_ZC46M]_standard",219,2,5,gemma-4-4b;ministral-8b,SPEAKER_10,13806.0,they should be permissible but i think that they should kind of be like last resorts and i i can understand your point about the zoning hearing board having a huge load um but hopefully we can reduce some of that load with the overall comprehensive plan updates that we need to make i would take grea
"Planning Commission Meeting - September 17, 2025 [sM9P2_ZC46M]_standard",222,1,5,phi-4,SPEAKER_18,13920.99,surrounding neighborhoods i don't have i don't have a list in front of me but there are other
"Planning Commission Meeting - September 17, 2025 [sM9P2_ZC46M]_standard",223,1,5,phi-4,SPEAKER_19,13930.56,properties where this could occur i want to say it's maybe in the range of 10 or 15 other
"Planning Commission Meeting - September 17, 2025 [sM9P2_ZC46M]_standard",224,1,5,phi-4,SPEAKER_18,13935.6,properties where it would be theoretically possible now many of those properties if not all of them are already developed but in theory you know somebody could redevelop them for this use
"Planning Commission Meeting - September 17, 2025 [sM9P2_ZC46M]_standard",229,1,5,phi-4,SPEAKER_22,14046.3,"so if we yep through these couple years of analysis when you get it down to to five vacant properties, it's gonna be very similar situations to ours where if self-storage development is not permitted, you're gonna wind up with what we have, a dilapidated partial site with our lease is gonna end in F"
"Planning Commission Meeting - September 17, 2025 [sM9P2_ZC46M]_standard",230,2,5,gemma-4-4b;ministral-8b,SPEAKER_05,14091.24,years of analysis that's really what you're left with what is the current process if if this isn't approved is it just going to zoning and getting special exception or something um if they were to
"Planning Commission Meeting - September 17, 2025 [sM9P2_ZC46M]_standard",231,2,5,qwen3.5-9b-q6;qwen3.5-9b-q8,SPEAKER_04,14104.25,to build the size storage facility that they want to build at that site they would need to go through the variance process so it wouldn't just be special exception because our ordinance doesn't discussed self-storage beyond the 20 000 square feet so they would need a variance to exceed that
"Planning Commission Meeting - September 17, 2025 [sM9P2_ZC46M]_standard",232,2,5,qwen3.5-9b-q6;qwen3.5-9b-q8,SPEAKER_22,14121.05,by 150 percent we're not going to go through this right is there that much demand for self-storage i think now is probably the right time for alyssa to speak to that the answer the short answer is
"Planning Commission Meeting - September 17, 2025 [sM9P2_ZC46M]_standard",235,2,5,qwen3.5-9b-q6;qwen3.5-9b-q8,SPEAKER_22,14224.68,happening that we pent up demand is pushing all the self-storage into places it doesn't want to be can't really be controlled from a security standpoint from just the surrounding land value standpoint so this type of thing really does is push the supply where it should be in a very secure regulated 
"Planning Commission Meeting - September 17, 2025 [sM9P2_ZC46M]_standard",236,2,5,qwen3.5-9b-q6;qwen3.5-9b-q8,SPEAKER_10,14266.41,in the location i mean your traffic constraints are valid f m's right there though so the students probably could utilize that property a lot for self-storage but i think i don't think anyone up here is concerned about this specific proposal it's just a concern about what other proposals might come 
"Planning Commission Meeting - September 17, 2025 [sM9P2_ZC46M]_standard",238,3,5,gemma-4-4b;ministral-8b;phi-4,SPEAKER_05,14338.34,and that's how we came to that number i apologize can you remind me what is the acreage of this parcel because i agreed i love the idea there but if kunzler somebody buys it and buys just a little piece extra and suddenly they have 3.2 acres do we have a storage unit on manor street sort of thing so
"Planning Commission Meeting - September 17, 2025 [sM9P2_ZC46M]_standard",248,3,5,gemma-4-4b;ministral-8b;phi-4,SPEAKER_17,14549.07,Could we table this motion and collect more information from the city to understand how this could really affect other parcels? I know that you said that there's a number of other parcels that could potentially do this. I would be interested to know where those parcels are located and what the oppor
"Planning Commission Meeting - September 17, 2025 [sM9P2_ZC46M]_standard",249,2,5,gemma-4-4b;phi-4,SPEAKER_10,14597.14,i'm curious if we can use the transportation the transportation constraints as like it's by right but if there's a for example no frontage accessible by the road i'm curious
"Planning Commission Meeting - September 17, 2025 [sM9P2_ZC46M]_standard",250,1,5,phi-4,SPEAKER_18,14607.93,there was a version i had because i i'd be why did this process take so long to begin with not
"Planning Commission Meeting - September 17, 2025 [sM9P2_ZC46M]_standard",251,1,5,phi-4,SPEAKER_17,14629.26,to belabor this meeting any longer than it already is but it just seems like that's a long time to work on the text amendment so i'm just curious to know why it would have taken that long so far why couldn't this decision have been made sooner so then mr scott wouldn't be in this position where they
"Planning Commission Meeting - September 17, 2025 [sM9P2_ZC46M]_standard",254,1,5,gemma-4-4b,SPEAKER_22,14720.84,"We didn't mind that it took too long, but we thought we got to the end of the road where it's not a perfect solution. It's a very, very... Could you give us a month? I don't know what more information like that. I do respect your position. We've been working on it for two years. We have all the anal"
"Planning Commission Meeting - September 17, 2025 [sM9P2_ZC46M]_standard",256,2,5,gemma-4-4b;phi-4,SPEAKER_22,14791.78,i think we initially proposed three to five acres right and the city suggested three to seven so we're happy to go back to three to five and we're happy to i think at one time we had a language about parcels without direct access okay be happy to reintroduce that language because there were differen
"Planning Commission Meeting - September 17, 2025 [sM9P2_ZC46M]_standard",263,2,5,gemma-4-4b;phi-4,SPEAKER_20,14927.29,do the bicycle parking right against the trail one of the reasons i wanted to bring it to vote a is we need to right but the other thing is if this was residential we'd be ecstatic that they're using that kind of density for that property i mean this is 120 000 square feet and you're like oh my gosh
"Planning Commission Meeting - September 17, 2025 [sM9P2_ZC46M]_standard",266,1,5,gemma-4-4b,SPEAKER_25,15060.84,public streets right okay i will make that motion for self-storage text amendment and zoning map amendment with the conditions uh to reduce the size of three to five acres for street frontage language and public access to the street am i missing anything i can second that yeah we
"Planning Commission Meeting - September 17, 2025 [sM9P2_ZC46M]_standard",268,4,5,gemma-4-4b;ministral-8b;phi-4;qwen3.5-9b-q8,SPEAKER_17,15108.94,why are we lessening the acreage don't we want to increase the acreage the lessening of the acreage
"Planning Commission Meeting - September 17, 2025 [sM9P2_ZC46M]_standard",269,1,5,qwen3.5-9b-q8,SPEAKER_19,15115.5,will make it apply to less lots less lots i was thinking so by going from instead of it being three to seven acres it being three to five it will include less lots yeah it would impact um
"Planning Commission Meeting - September 3, 2025 [5PuBv9zFX3I]_exclusive",7,1,5,phi-4,SPEAKER_01,1088.54,great which is number two please i apologize did you state your name yes terry dealo with integrated consulting thank you yes of course um so what you're looking at on the existing conditions plan is this is the site as it exists today there is we're at the intersection of manheim pike and dillervil
"Planning Commission Meeting - September 3, 2025 [5PuBv9zFX3I]_exclusive",8,2,5,gemma-4-4b;ministral-8b,SPEAKER_02,1281.57,hi just a couple questions how old is the existing store that's on the site and i was wondering if you possible just to briefly summarize um how the current the new store differs from the current one is it going to be like a larger store does it have more pumps
"Planning Commission Meeting - September 3, 2025 [5PuBv9zFX3I]_exclusive",13,3,5,gemma-4-4b;ministral-8b;phi-4,SPEAKER_09,1410.81,with where it is now great i do got some uh kerosene is still going to be an option at this store after the remodel is done no more kerosene losing a diesel pump fun fact i trained in this store uh it's a fun time uh just my only thing is keep the ice the same i don't like that nugget ice
"Planning Commission Meeting - September 3, 2025 [5PuBv9zFX3I]_exclusive",18,2,5,qwen3.5-9b-q6;qwen3.5-9b-q8,SPEAKER_05,1593.08,those were the requirements that we're asking where we thought and again this city satisfied
"Planning Commission Meeting - September 3, 2025 [5PuBv9zFX3I]_exclusive",19,3,5,phi-4;qwen3.5-9b-q6;qwen3.5-9b-q8,SPEAKER_07,1599.42,with where this is proceeding yes again um the they were at the shade i will i will speak for terry and say that they actually went to the shade tree commission twice and so they went through once and then they had to go back so um they have they've done their their best to really um to try to meet 
"Planning Commission Meeting - September 3, 2025 [5PuBv9zFX3I]_exclusive",20,2,5,qwen3.5-9b-q6;qwen3.5-9b-q8,SPEAKER_05,1630.14,the required trees on the actual property or are there we do have a fee
"Planning Commission Meeting - September 3, 2025 [5PuBv9zFX3I]_exclusive",22,3,5,gemma-4-4b;ministral-8b;phi-4,SPEAKER_11,1656.28,question you did give a timeline the project okay completion maybe okay thank
"Planning Commission Meeting - September 3, 2025 [5PuBv9zFX3I]_exclusive",30,1,5,ministral-8b,SPEAKER_11,1814.88,appreciate that number four staff report to planning commission um so i was just going to give
"Planning Commission Meeting - September 3, 2025 [5PuBv9zFX3I]_exclusive",34,1,5,phi-4,SPEAKER_09,2047.47,it were to come to be that mosaic never builds on the site um i'm not entirely sure they still own
"Planning Commission Meeting - September 3, 2025 [5PuBv9zFX3I]_exclusive",52,2,5,ministral-8b;phi-4,SPEAKER_11,2542.9,a public hearing a data center pretty much the same so um today uh we received a memo from chris
"Planning Commission Meeting - September 3, 2025 [5PuBv9zFX3I]_exclusive",54,1,5,ministral-8b,SPEAKER_13,2631.51,opportunity to attend the hearings at city council for other places correct yes and it's also going
"Planning Commission Meeting - September 3, 2025 [5PuBv9zFX3I]_exclusive",60,1,5,gemma-4-4b,SPEAKER_02,2749.96,I mean as I recall when we were talking about setting up public hearing really wasn't done with the intention that we would actually impact or change the zoning decision I recall it really being that we just needed to learn more about how the decision was made so I don't think there was any disillus
"Planning Commission Meeting - September 3, 2025 [5PuBv9zFX3I]_exclusive",62,1,5,gemma-4-4b,SPEAKER_12,2955.75,that's something yeah i just wanted to uh kind of support uh what um porter was saying you know i think the idea was to get information about how this decision was made i think it's disappointing to me that the administration has chosen not uh to engage with that us on that i agree you know with thi
"Planning Commission Meeting - September 3, 2025 [5PuBv9zFX3I]_exclusive",63,3,5,phi-4;qwen3.5-9b-q6;qwen3.5-9b-q8,SPEAKER_09,3091.54,you know we need to find other ways to get at that information i'm also gonna agree with mr
"Planning Commission Meeting - September 3, 2025 [5PuBv9zFX3I]_exclusive",65,4,5,gemma-4-4b;phi-4;qwen3.5-9b-q6;qwen3.5-9b-q8,SPEAKER_13,3230.02,as well um agreed i don't think we need a public hearing but and especially because i think the public may be confused about our role but i do think we should keep it as an agenda item possibly on that october first meeting for having it um still just to allow for it to be part of the conversation a
"Planning Commission Meeting - September 3, 2025 [5PuBv9zFX3I]_exclusive",68,1,5,gemma-4-4b,SPEAKER_05,3391.8,forward in light of transparency are we able to put this schedule that's on the bullet on the faq page just so it's easily accessible by the public to be able to see when these milestones are being met and to know when um key participation opportunities will present themselves what does it mean you 
"Planning Commission Meeting - September 3, 2025 [5PuBv9zFX3I]_exclusive",78,1,5,phi-4,SPEAKER_07,3784.5,there's no stack of papers i mean again and i don't and i don't mean to simplify but this was a decision that was made by a person in their job in their official capacity this is what his profession is as a zoning officer yes there were alternatives absolutely so he could have chosen to use this at 
"Planning Commission Meeting - September 3, 2025 [5PuBv9zFX3I]_exclusive",79,1,5,phi-4,SPEAKER_05,3865.31,the chain of evidence so i think whether we like it or not there is an interpretation factor to any rule of law so clearly that you know we all may not like the decision that occurred with this data center but i think what we should stop at this point i don't believe there's anything we can do to it
"Planning Commission Meeting - September 3, 2025 [5PuBv9zFX3I]_exclusive",80,1,5,phi-4,SPEAKER_00,3958.32,really need to place our energy and our effort okay mr chair would it be appropriate to make a motion to cancel the public hearing portion of the october 1st meeting because right now it is scheduled and i think with all that would have to take place between now and that meeting we should probably j
"Planning Commission Meeting - September 3, 2025 [5PuBv9zFX3I]_exclusive",81,1,5,phi-4,SPEAKER_05,3992.67,reporter and all of this are we able to add um an exception to that that the dates with it that are noted within this memo will be clearly communicated to the public so their opportunity to participate is easy enough for everybody to understand like i want everybody who was here two weeks ago to kno
"Planning Commission Meeting - September 3, 2025 [5PuBv9zFX3I]_exclusive",83,3,5,gemma-4-4b;ministral-8b;phi-4,SPEAKER_13,4075.6,can this memo be made public or is that not do we have a motion on the floor okay mr chair i would
"Planning Commission Meeting - September 3, 2025 [5PuBv9zFX3I]_exclusive",85,1,5,gemma-4-4b,SPEAKER_02,4131.46,very briefly just to clarify I think some of my earlier comments and questions that my only purpose really to suggest some of the things we talked about was really in the interest of public education I certainly did not want to give the impression that was in any way trying to undermine the credibil
"Planning Commission Meeting - September 3, 2025 [5PuBv9zFX3I]_exclusive",89,1,5,phi-4,SPEAKER_09,4257.86,so like so do you mind if i i don't want i don't want to get away from my head um i appreciate
"Planning Commission Meeting - September 3, 2025 [5PuBv9zFX3I]_exclusive",90,4,5,gemma-4-4b;phi-4;qwen3.5-9b-q6;qwen3.5-9b-q8,SPEAKER_08,4266.95,what you said ms sufert about you know essentially community cooperation what we can do with more foresight um i there's two points to make and what i have to say i agree with you but i think the thing holding us back the most and i've said this for more than a year now is our lack of updates to the
"Planning Commission Meeting - September 3, 2025 [5PuBv9zFX3I]_exclusive",91,3,5,phi-4;qwen3.5-9b-q6;qwen3.5-9b-q8,SPEAKER_12,4378.31,understand the background information to that decision i want to echo commissioner dastra and maybe request like can we just have a standing agenda item where it's an update on where we're at with updating the zoning code because i feel like we go kind of months without hearing and i think it's real
"Planning Commission Meeting - September 3, 2025 [5PuBv9zFX3I]_exclusive",92,3,5,phi-4;qwen3.5-9b-q6;qwen3.5-9b-q8,SPEAKER_05,4438.85,is there a goal that the city has in order to get some of this um you know work underway from
"Planning Commission Meeting - September 3, 2025 [5PuBv9zFX3I]_exclusive",93,2,5,gemma-4-4b;ministral-8b,SPEAKER_04,4444.37,a timeline perspective and remind me when your proposals are due and when is the decision being
"Planning Commission Meeting - September 3, 2025 [5PuBv9zFX3I]_exclusive",94,1,5,phi-4,SPEAKER_05,4459.8,made and then following the awarding of that project will it kick off immediately or is that pending the schedules that the consultants have do you think the speed of the like ability of the consultant to get to work would influence that decision at all or is that decision solely going to be made ba
"Planning Commission Meeting - September 3, 2025 [5PuBv9zFX3I]_exclusive",100,3,5,gemma-4-4b;ministral-8b;phi-4,SPEAKER_06,4753.34,information any public comment Taylor Taylor Taylor yep so that memo that you received I while we were sitting here I was trying to look online to see if it was made public made available to the public and I can't find it so where would I be able to see that or is it not actually available to the pu
"Planning Commission Meeting - September 3, 2025 [5PuBv9zFX3I]_standard",7,1,5,phi-4,SPEAKER_01,1088.54,great which is number two please i apologize did you state your name yes terry dealo with integrated consulting thank you yes of course um so what you're looking at on the existing conditions plan is this is the site as it exists today there is we're at the intersection of manheim pike and dillervil
"Planning Commission Meeting - September 3, 2025 [5PuBv9zFX3I]_standard",8,2,5,gemma-4-4b;ministral-8b,SPEAKER_02,1281.57,hi just a couple questions how old is the existing store that's on the site and i was wondering if you possible just to briefly summarize um how the current the new store differs from the current one is it going to be like a larger store does it have more pumps
"Planning Commission Meeting - September 3, 2025 [5PuBv9zFX3I]_standard",13,3,5,gemma-4-4b;ministral-8b;phi-4,SPEAKER_09,1410.81,with where it is now great i do got some uh kerosene is still going to be an option at this store after the remodel is done no more kerosene losing a diesel pump fun fact i trained in this store uh it's a fun time uh just my only thing is keep the ice the same i don't like that nugget ice
"Planning Commission Meeting - September 3, 2025 [5PuBv9zFX3I]_standard",18,1,5,qwen3.5-9b-q8,SPEAKER_05,1593.08,those were the requirements that we're asking where we thought and again this city satisfied
"Planning Commission Meeting - September 3, 2025 [5PuBv9zFX3I]_standard",19,2,5,phi-4;qwen3.5-9b-q8,SPEAKER_07,1599.42,with where this is proceeding yes again um the they were at the shade i will i will speak for terry and say that they actually went to the shade tree commission twice and so they went through once and then they had to go back so um they have they've done their their best to really um to try to meet 
"Planning Commission Meeting - September 3, 2025 [5PuBv9zFX3I]_standard",20,1,5,qwen3.5-9b-q8,SPEAKER_05,1630.14,the required trees on the actual property or are there we do have a fee
"Planning Commission Meeting - September 3, 2025 [5PuBv9zFX3I]_standard",22,3,5,gemma-4-4b;ministral-8b;phi-4,SPEAKER_11,1656.28,question you did give a timeline the project okay completion maybe okay thank
"Planning Commission Meeting - September 3, 2025 [5PuBv9zFX3I]_standard",30,1,5,ministral-8b,SPEAKER_11,1814.88,appreciate that number four staff report to planning commission um so i was just going to give
"Planning Commission Meeting - September 3, 2025 [5PuBv9zFX3I]_standard",34,1,5,phi-4,SPEAKER_09,2047.47,it were to come to be that mosaic never builds on the site um i'm not entirely sure they still own
"Planning Commission Meeting - September 3, 2025 [5PuBv9zFX3I]_standard",50,1,5,phi-4,SPEAKER_05,2423.43,and if i'm understanding the conditional approval would that give them approval to then finalize their plans and go into development
"Planning Commission Meeting - September 3, 2025 [5PuBv9zFX3I]_standard",54,1,5,ministral-8b,SPEAKER_11,2542.9,a public hearing a data center pretty much the same so um today uh we received a memo from chris
"Planning Commission Meeting - September 3, 2025 [5PuBv9zFX3I]_standard",63,3,5,phi-4;qwen3.5-9b-q6;qwen3.5-9b-q8,SPEAKER_07,2850.64,we would also have a lot more information ourselves because again as Betsy noted it the the person who's appealing the decision that was made by the zoning officer that's happening September 22nd so that will have happened at that point and um there will have been also opportunities through city cou
"Planning Commission Meeting - September 3, 2025 [5PuBv9zFX3I]_standard",64,4,5,gemma-4-4b;phi-4;qwen3.5-9b-q6;qwen3.5-9b-q8,SPEAKER_12,2955.75,that's something yeah i just wanted to uh kind of support uh what um porter was saying you know i think the idea was to get information about how this decision was made i think it's disappointing to me that the administration has chosen not uh to engage with that us on that i agree you know with thi
"Planning Commission Meeting - September 3, 2025 [5PuBv9zFX3I]_standard",65,3,5,phi-4;qwen3.5-9b-q6;qwen3.5-9b-q8,SPEAKER_09,3091.54,you know we need to find other ways to get at that information i'm also gonna agree with mr
"Planning Commission Meeting - September 3, 2025 [5PuBv9zFX3I]_standard",66,4,5,gemma-4-4b;ministral-8b;phi-4;qwen3.5-9b-q6,SPEAKER_08,3098.26,stolzbus and mr stevens over here um i'm open to the idea of not having a public hearing if we're not going to get the participation of the administration which i also think is a disappointment uh disservice to the residents of the city of lancaster who want transparency i feel like what we were doi
"Planning Commission Meeting - September 3, 2025 [5PuBv9zFX3I]_standard",67,3,5,gemma-4-4b;phi-4;qwen3.5-9b-q6,SPEAKER_13,3230.02,as well um agreed i don't think we need a public hearing but and especially because i think the public may be confused about our role but i do think we should keep it as an agenda item possibly on that october first meeting for having it um still just to allow for it to be part of the conversation a
"Planning Commission Meeting - September 3, 2025 [5PuBv9zFX3I]_standard",68,3,5,gemma-4-4b;phi-4;qwen3.5-9b-q6,SPEAKER_02,3260.53,i mean i think it needs to be something that we continue just again just just to be able to provide information to the public about what the city is doing i mean i think as uh lauren and as staff has already uh shared there there are irons in the fire um that the city is has responded to public inpu
"Planning Commission Meeting - September 3, 2025 [5PuBv9zFX3I]_standard",70,3,5,phi-4;qwen3.5-9b-q6;qwen3.5-9b-q8,SPEAKER_05,3391.8,forward in light of transparency are we able to put this schedule that's on the bullet on the faq page just so it's easily accessible by the public to be able to see when these milestones are being met and to know when um key participation opportunities will present themselves what does it mean you 
"Planning Commission Meeting - September 3, 2025 [5PuBv9zFX3I]_standard",86,1,5,ministral-8b,SPEAKER_13,4075.6,can this memo be made public or is that not do we have a motion on the floor okay mr chair i would
"Planning Commission Meeting - September 3, 2025 [5PuBv9zFX3I]_standard",92,1,5,phi-4,SPEAKER_09,4257.86,so like so do you mind if i i don't want i don't want to get away from my head um i appreciate
"Planning Commission Meeting - September 3, 2025 [5PuBv9zFX3I]_standard",93,3,5,gemma-4-4b;phi-4;qwen3.5-9b-q8,SPEAKER_08,4266.95,what you said ms sufert about you know essentially community cooperation what we can do with more foresight um i there's two points to make and what i have to say i agree with you but i think the thing holding us back the most and i've said this for more than a year now is our lack of updates to the
"Planning Commission Meeting - September 3, 2025 [5PuBv9zFX3I]_standard",94,2,5,phi-4;qwen3.5-9b-q8,SPEAKER_12,4378.31,understand the background information to that decision i want to echo commissioner dastra and maybe request like can we just have a standing agenda item where it's an update on where we're at with updating the zoning code because i feel like we go kind of months without hearing and i think it's real
"Planning Commission Meeting - September 3, 2025 [5PuBv9zFX3I]_standard",95,1,5,qwen3.5-9b-q8,SPEAKER_05,4438.85,is there a goal that the city has in order to get some of this um you know work underway from
"Planning Commission Meeting - September 3, 2025 [5PuBv9zFX3I]_standard",96,2,5,gemma-4-4b;ministral-8b,SPEAKER_04,4444.37,a timeline perspective and remind me when your proposals are due and when is the decision being
"Planning Commission Meeting - September 3, 2025 [5PuBv9zFX3I]_standard",97,1,5,phi-4,SPEAKER_05,4459.8,made and then following the awarding of that project will it kick off immediately or is that pending the schedules that the consultants have do you think the speed of the like ability of the consultant to get to work would influence that decision at all or is that decision solely going to be made ba
"Planning Commission Meeting - September 3, 2025 [5PuBv9zFX3I]_standard",103,4,5,gemma-4-4b;ministral-8b;phi-4;qwen3.5-9b-q6,SPEAKER_06,4753.34,information any public comment Taylor Taylor Taylor yep so that memo that you received I while we were sitting here I was trying to look online to see if it was made public made available to the public and I can't find it so where would I be able to see that or is it not actually available to the pu
"Planning Commission Meeting - September 3, 2025 [5PuBv9zFX3I]_standard",104,1,5,qwen3.5-9b-q6,SPEAKER_13,4794.02,on it it's not been made public yet we received it this evening any other
Planning Commission [vqNOsyBYp08],9,2,5,gemma-4-4b;ministral-8b,SPEAKER_03,812.46,sure this is all on the first level correct all first level yeah so these will all be ada accessible apartments you're going to be using the ramp that currently services 30 north correct yes and then is are you going to make them one parcel or is it i'm sorry say that again 30 and 32 34 one
Planning Commission [vqNOsyBYp08],12,1,5,phi-4,SPEAKER_04,877.82,the apartment sure yeah now that makes sense yeah i would also suggest um contacting uh the engineer
Planning Commission [vqNOsyBYp08],13,2,5,gemma-4-4b;phi-4,SPEAKER_09,886.34,for separate addresses for the apartments sure uh i'm gonna add of what mr whalen had said about like just windows i i know you said you're evaluating i hope in your evaluation you can can determine I understand especially the middle apartments it could be a challenge maybe to find light because the
Planning Commission [vqNOsyBYp08],15,4,5,gemma-4-4b;ministral-8b;phi-4;qwen3.5-9b-q6,SPEAKER_09,947.6,were doing the only real question I have is you answered the question slash concern I had at the last meeting which is the commercial space because it's on the water street with the bike lane correct on the note of bike lanes do you have any uh bike parking at your facilities around here
Planning Commission [vqNOsyBYp08],16,2,5,phi-4;qwen3.5-9b-q6,SPEAKER_00,965.27,so there is um at 210 west grand street we have a built-in um bike parking and that at 30 north water street we had like a bike rack you know set up so i mean it's kind of not bolted down but i mean it's available for bike parking. And I had spoken to Jamil about that so. I'm just curious about the 
Planning Commission [vqNOsyBYp08],17,2,5,phi-4;qwen3.5-9b-q6,SPEAKER_08,1024.39,yeah i mean i think this is a great project especially at that size yeah i mean the ability
Planning Commission [vqNOsyBYp08],18,1,5,phi-4,SPEAKER_00,1030.87,to be able to get ada units i mean it's just nothing that's usually on a developer's mind you know unfortunately so you know we like to be able to to do that where we can for sure
Planning Commission [vqNOsyBYp08],22,2,5,gemma-4-4b;phi-4,SPEAKER_09,1179.17,just reading the text of our agenda um i saw it was a conversion but then i also saw like a demolition so i'm just a little confused on if we're converting a building or if we're tearing
Planning Commission [vqNOsyBYp08],25,1,5,gemma-4-4b,SPEAKER_09,1280.24,well i appreciate that because i was a little confused at first it read to me like we were um waving any plan process and you know if it was a conversion of a building that was existing i think i'd be amenable to that but because it's a tear down and rebuild it i'm like let me say it
Planning Commission [vqNOsyBYp08],27,3,5,gemma-4-4b;ministral-8b;phi-4,SPEAKER_05,1319.31,it had been the plan had been before the historic board and we also went through zoning to extend uh to uh into the rear yard setback we needed a little bit more space there for the plan to work so they um yeah we made that request of the zoning hearing board which they approved
Planning Commission [vqNOsyBYp08],31,3,5,gemma-4-4b;ministral-8b;phi-4,SPEAKER_07,1644.36,add real quick that the pedestrian bridge over the tracks looks like that that construction
Planning Commission [vqNOsyBYp08],33,3,5,gemma-4-4b;ministral-8b;phi-4,SPEAKER_09,1669.56,um yeah we got a lot of time so i'll figure i'll just kind of informally be like let's talk a little bit about the comp plan stuff um i was curious if it would be possible to get me a gis file of our existing zoning map um because i'd like to work up just some general conceptual like just totally th
Planning Commission [vqNOsyBYp08],34,1,5,phi-4,SPEAKER_01,1725.87,guys feel is appropriate because i'd like to see a reduction so i can work on getting you the gis file um i would maybe caution you not to go outside of the realms of a committee when we go through the zoning process because all of that would be explored in the committee portion of it um obviously h
Planning Commission [vqNOsyBYp08],35,1,5,phi-4,SPEAKER_09,1792.88,so thank you um no i'm just one person on the body but i i am definitely the type of person who likes to throw ideas out there for just general consumption uh and i love making maps
Planning Commission [vqNOsyBYp08],37,1,5,ministral-8b,SPEAKER_08,1809.57,anything like personal data or anything like that on it so yes I'm curious are there pieces that Planning Commission can help with could that be part of the presentation like if there are things that you want us to start working on when we have time or is this do you see this as mostly just like you
Planning Commission [vqNOsyBYp08],39,1,5,gemma-4-4b,SPEAKER_02,1891.85,i would definitely say with the staff blessing as well as with our chair's blessing um i think it'd be a great idea to float or perhaps muster ahead of time any subcommittee interest or steering committee interest in that because when you're ready to pull someone like tony or whoever else would be i
Planning Commission [vqNOsyBYp08],42,3,5,gemma-4-4b;ministral-8b;phi-4,SPEAKER_01,1986.81,yeah i would say um i would want to run that by our solicitor just because in the past i've had comment from other solicitors that you don't want zoning hearing board involved in the actual zoning process because i mean obviously they can provide feedback and they're residents so they could be invol
Press Conference - Data Center Community Benefits Agreement [WHN2o2S6X-Q],4,2,5,gemma-4-4b;phi-4,UNKNOWN,940.54,"Thank you, Mayor, and good afternoon. I'm Ezra Rothman, president of EDC Lancaster County, the lead economic development entity serving our community."
Press Conference - Data Center Community Benefits Agreement [WHN2o2S6X-Q],9,3,5,gemma-4-4b;qwen3.5-9b-q6;qwen3.5-9b-q8,SPEAKER_00,987.74,2 million square feet of industrial use and parking for over 1300 vehicles like many legacy manufacturing locations these facilities operated 24 7 with heavy truck and employee traffic production noise significant water usage and emissions the previous use was born in an era
Press Conference - Data Center Community Benefits Agreement [WHN2o2S6X-Q],10,3,5,gemma-4-4b;qwen3.5-9b-q6;qwen3.5-9b-q8,UNKNOWN,1009.02,when there was much less awareness of community needs and environmental protections since then industrial uses have continued to evolve over time to be more productive and responsive to community
Press Conference - Data Center Community Benefits Agreement [WHN2o2S6X-Q],11,3,5,gemma-4-4b;qwen3.5-9b-q6;qwen3.5-9b-q8,SPEAKER_00,1021.5,needs now before the recent interest in data centers the strongest market demand for sites like this was for distribution warehouses and that is not the highest and best use for a city like lancaster by contrast high-tech investment and innovation belong in cities through this cba we can secure a fu
Press Conference - Data Center Community Benefits Agreement [WHN2o2S6X-Q],12,1,5,gemma-4-4b,UNKNOWN,1050.96,"investing in the foundation of an AI hub in Lancaster. The construction of this project alone will bring more technical, skilled, and diverse employment opportunities than a typical warehouse or industrial development."
Press Conference - Data Center Community Benefits Agreement [WHN2o2S6X-Q],15,1,5,gemma-4-4b,SPEAKER_00,1089.38,"And this is not just abstract. Recently, I spoke to a McCaskey student who was exploring tech and AI career opportunities"
Press Conference - Data Center Community Benefits Agreement [WHN2o2S6X-Q],53,2,5,gemma-4-4b;phi-4,SPEAKER_00,1988.23,"Yes. I think that, in particular, related to water, the technology exists in which large volumes of water do not need to be used. It's a financial decision. Do not give in. It's really that simple. I mean, we, I have, I am for a few more days still the mayor of the city of Lancaster and have been ad"
"Traffic Commission March 11, 2025 [r8TO3Zdd1uI]_exclusive",13,4,5,gemma-4-4b;ministral-8b;phi-4;qwen3.5-9b-q6,SPEAKER_05,864.44,You mentioned that in the future you might add another ramp and a crosswalk. Is that a future project just because it involves more cost than putting up the signs?
"Traffic Commission March 11, 2025 [r8TO3Zdd1uI]_exclusive",14,1,5,qwen3.5-9b-q6,SPEAKER_01,873.44,"Yeah, there's a few complications here. There's a tree at that corner that's very close to the corner that might need some work. There's also a stormwater inlet there. Whenever we're adding ramps, we have to consider when we lower the curb also moving those inlets. So it can add up to be quite a bit"
"Traffic Commission March 11, 2025 [r8TO3Zdd1uI]_exclusive",27,3,5,gemma-4-4b;ministral-8b;phi-4,SPEAKER_08,1214.26,requester is mr josh novak yes yes um good afternoon i'm josh novak i'm the general manager for the lancaster marriott and lancaster county convention center and before you as the agenda indicated is the renewal um for utilization of the parking spots uh designated parking spots there on east king s
"Traffic Commission March 11, 2025 [r8TO3Zdd1uI]_exclusive",36,2,5,gemma-4-4b;phi-4,SPEAKER_05,1484.04,for valet services for sure i would just say somebody who has used a hotel i might not have read it ahead of time that I'm supposed to go in the garage initially until I went and got it doesn't surprise me that even if you're trying to get folks to go
"Traffic Commission March 11, 2025 [r8TO3Zdd1uI]_exclusive",38,2,5,ministral-8b;phi-4,SPEAKER_06,1520.61,motion to approve the request for the Lancaster Marriott Penn Square for renewal of their designated parking space on East King Street for hotel
"Traffic Commission March 11, 2025 [r8TO3Zdd1uI]_exclusive",42,2,5,gemma-4-4b;phi-4,SPEAKER_07,1587.46,discussion any discussion from the public parking authority supports the request I'm sorry parking
"Traffic Commission March 11, 2025 [r8TO3Zdd1uI]_exclusive",45,1,5,gemma-4-4b,SPEAKER_04,1641.0,he was gonna be here tonight and well he looks like a good man to be on this
"Traffic Commission March 11, 2025 [r8TO3Zdd1uI]_exclusive",51,4,5,gemma-4-4b;phi-4;qwen3.5-9b-q6;qwen3.5-9b-q8,SPEAKER_02,1720.19,the loading zone i think we talked about the fact was going to be a loading zone on lemon street
"Traffic Commission March 11, 2025 [r8TO3Zdd1uI]_exclusive",52,3,5,phi-4;qwen3.5-9b-q6;qwen3.5-9b-q8,SPEAKER_09,1731.71,and that is why well i sent you pictures of the loading zone on print street has anybody looked at
"Traffic Commission March 11, 2025 [r8TO3Zdd1uI]_exclusive",53,3,5,phi-4;qwen3.5-9b-q6;qwen3.5-9b-q8,SPEAKER_02,1740.12,them the the improvements related to the bike facility aren't complete yet there will be delineators that will be put in the area excuse me that became a four lane parking space up there
"Traffic Commission March 11, 2025 [r8TO3Zdd1uI]_exclusive",54,4,5,gemma-4-4b;phi-4;qwen3.5-9b-q6;qwen3.5-9b-q8,SPEAKER_09,1758.32,and that's and that was a three today and there's four there right now the fire engine couldn't even turn to get down or tractor and trailer cannot turn at that street right now I've had loading zones for 65 years and all of a sudden we're not using
"Traffic Commission March 11, 2025 [r8TO3Zdd1uI]_exclusive",55,3,5,phi-4;qwen3.5-9b-q6;qwen3.5-9b-q8,SPEAKER_04,1784.84,correctly the whole block uses it and I'm paying for it why why was it taken
"Traffic Commission March 11, 2025 [r8TO3Zdd1uI]_exclusive",56,3,5,phi-4;qwen3.5-9b-q6;qwen3.5-9b-q8,SPEAKER_09,1797.88,"away? And why is our pushback 20 feet, 9 inches, and on the other side of the street is 14.6?"
"Traffic Commission March 11, 2025 [r8TO3Zdd1uI]_exclusive",61,2,5,qwen3.5-9b-q6;qwen3.5-9b-q8,SPEAKER_04,1948.96,"use a meter. So the loading zones are not, please correct me if I'm wrong, the loading zones are not"
"Traffic Commission March 11, 2025 [r8TO3Zdd1uI]_exclusive",62,2,5,qwen3.5-9b-q6;qwen3.5-9b-q8,SPEAKER_09,1955.82,"for handicapped parking? No, we have one of those. Right, and that was... So we corrected that last time by adding a handicapped space. So I guess here's my challenge. I'm looking at what was in"
"Traffic Commission March 11, 2025 [r8TO3Zdd1uI]_exclusive",65,4,5,gemma-4-4b;ministral-8b;phi-4;qwen3.5-9b-q6,SPEAKER_05,2000.69,request was withdrawn at the meeting and it looks like in the intro there's been a new request that was handled administratively for a handicapped parking spot which has been installed and then another request for a load zone and i see um that the recommendation from summer i believe was to deny it 
"Traffic Commission March 11, 2025 [r8TO3Zdd1uI]_exclusive",67,2,5,qwen3.5-9b-q6;qwen3.5-9b-q8,SPEAKER_04,2042.99,"now. Well, it's to be put in a location that tries to serve as many businesses as possible."
"Traffic Commission March 11, 2025 [r8TO3Zdd1uI]_exclusive",68,3,5,phi-4;qwen3.5-9b-q6;qwen3.5-9b-q8,SPEAKER_09,2051.2,"There's no business on Lemon Street. There's a lady that does hair, and there's a store. That's the only business that's on Lemon Street."
"Traffic Commission March 11, 2025 [r8TO3Zdd1uI]_exclusive",72,2,5,gemma-4-4b;phi-4,SPEAKER_09,2075.32,"No, south would be, yes, I guess, if you want to call it south, yeah. So there is even another loading zone space at Lemon and Duke, which is not even used anymore. That's used for going to the funerals and the dentist offices and places like that. That's not loading and unloading either. So you hav"
"Traffic Commission March 11, 2025 [r8TO3Zdd1uI]_exclusive",75,2,5,qwen3.5-9b-q6;qwen3.5-9b-q8,SPEAKER_02,2149.95,safest place to get off is right onto the payment so mid-block would be closer to the guild that's
"Traffic Commission March 11, 2025 [r8TO3Zdd1uI]_exclusive",77,3,5,phi-4;qwen3.5-9b-q6;qwen3.5-9b-q8,SPEAKER_05,2185.98,for it you know it's not like I come to meetings all the time so I don't know
"Traffic Commission March 11, 2025 [r8TO3Zdd1uI]_exclusive",79,4,5,ministral-8b;phi-4;qwen3.5-9b-q6;qwen3.5-9b-q8,SPEAKER_05,2259.11,"If I may, I just want to ask if there's already been a recommendation that a mid-block load zone might be appropriate. Do we need to do this as a commission or?"
"Traffic Commission March 11, 2025 [r8TO3Zdd1uI]_exclusive",80,1,5,qwen3.5-9b-q6,SPEAKER_04,2271.21,Or just as an administrative clarification.
"Traffic Commission March 11, 2025 [r8TO3Zdd1uI]_exclusive",81,1,5,phi-4,SPEAKER_05,2273.45,"Yeah, if that already seems appropriate, then do we need to not do anything?"
"Traffic Commission March 11, 2025 [r8TO3Zdd1uI]_exclusive",82,2,5,gemma-4-4b;phi-4,SPEAKER_09,2277.11,Why not put it back where it was originally? Can I ask that question?
"Traffic Commission March 11, 2025 [r8TO3Zdd1uI]_exclusive",83,1,5,phi-4,SPEAKER_07,2282.92,That's true. May I ask? Let me give you a point of reference that will help you guys.
"Traffic Commission March 11, 2025 [r8TO3Zdd1uI]_exclusive",87,3,5,gemma-4-4b;ministral-8b;phi-4,SPEAKER_09,2347.46,"because everybody knows it. The people from out of town, they know it. They go to the Belvedere, the meat guys, the booze guys, you know, they all go there. So it's convenient. Our guys know it. All the postmen, all the drop-off guys to the pickle shop and all that there's all there all that the Kor"
"Traffic Commission March 11, 2025 [r8TO3Zdd1uI]_exclusive",90,1,5,qwen3.5-9b-q6,SPEAKER_09,2412.44,i mean we've got the people got tickets there sure so had it been had a hold on just a second
"Traffic Commission March 11, 2025 [r8TO3Zdd1uI]_exclusive",91,1,5,qwen3.5-9b-q6,SPEAKER_04,2419.64,had it been removed had that loading zone been removed or was it just now it's not enforced
"Traffic Commission March 11, 2025 [r8TO3Zdd1uI]_exclusive",93,1,5,gemma-4-4b,SPEAKER_04,2450.28,So the mid-block loading zone was removed?
"Traffic Commission March 11, 2025 [r8TO3Zdd1uI]_exclusive",96,1,5,gemma-4-4b,SPEAKER_07,2462.86,"Well, that wasn't the original request, but if you're modifying that request... You've changed the request around. If you want to..."
"Traffic Commission March 11, 2025 [r8TO3Zdd1uI]_exclusive",99,2,5,qwen3.5-9b-q6;qwen3.5-9b-q8,SPEAKER_09,2473.86,The clarification was that the loading zone would be put back behind the handicap zone.
"Traffic Commission March 11, 2025 [r8TO3Zdd1uI]_exclusive",101,2,5,qwen3.5-9b-q6;qwen3.5-9b-q8,SPEAKER_02,2498.14,"And I just want to clarify, the loading zone was in front of MADCAP, not a building character."
"Traffic Commission March 11, 2025 [r8TO3Zdd1uI]_exclusive",103,1,5,gemma-4-4b,SPEAKER_06,2505.18,I think Marty was paying for that loading zone that's a whole nother
"Traffic Commission March 11, 2025 [r8TO3Zdd1uI]_exclusive",105,2,5,ministral-8b;phi-4,SPEAKER_05,2551.01,Would it meet your needs to have a loading zone that's further south than what your initial request was? I understand your initial request was one that's directly south of what's now the handicapped parking spot. And the recommendation was to deny that.
"Traffic Commission March 11, 2025 [r8TO3Zdd1uI]_exclusive",107,1,5,phi-4,SPEAKER_05,2571.97,I understand that that's ideal. Okay. Would you accept? Would it meet your needs to have one that's a little bit further south?
"Traffic Commission March 11, 2025 [r8TO3Zdd1uI]_exclusive",112,2,5,qwen3.5-9b-q6;qwen3.5-9b-q8,SPEAKER_09,2608.4,I would rather bring it back to where it was for 41 years.
"Traffic Commission March 11, 2025 [r8TO3Zdd1uI]_exclusive",113,2,5,qwen3.5-9b-q6;qwen3.5-9b-q8,SPEAKER_03,2613.56,That's not an option at this point.
"Traffic Commission March 11, 2025 [r8TO3Zdd1uI]_exclusive",133,1,5,ministral-8b,SPEAKER_09,2860.48,between the traffic commission and the individual there's no emails going back and forth there's no you can't get anybody to talk to you the alder I could never I got Ben accidentally he picked the phone up accidentally to call out and I was on the line I had to tell him that his his mailbox was ful
"Traffic Commission March 11, 2025 [r8TO3Zdd1uI]_exclusive",134,1,5,ministral-8b,SPEAKER_02,2907.39,"answer that question here but why why is neither block from this block there's no setbacks. So on North Queen Street. So you're parking within 20 feet of a crosswalk based on the vehicle code. But that's not true because on Chesson Street, there's no setback. Well, it's not, it's not marked everywhe"
"Traffic Commission March 11, 2025 [r8TO3Zdd1uI]_exclusive",139,1,5,qwen3.5-9b-q8,SPEAKER_03,3045.52,What locations are those?
"Traffic Commission March 11, 2025 [r8TO3Zdd1uI]_exclusive",140,2,5,qwen3.5-9b-q6;qwen3.5-9b-q8,SPEAKER_09,3047.68,The one at Smiley's Deli that's a loading zone.
"Traffic Commission March 11, 2025 [r8TO3Zdd1uI]_exclusive",144,3,5,phi-4;qwen3.5-9b-q6;qwen3.5-9b-q8,SPEAKER_09,3061.27,"Yeah, it's no business there. It's closed. It's been closed for two years."
"Traffic Commission March 11, 2025 [r8TO3Zdd1uI]_exclusive",145,2,5,qwen3.5-9b-q6;qwen3.5-9b-q8,SPEAKER_03,3065.91,"Okay, what's the set up?"
"Traffic Commission March 11, 2025 [r8TO3Zdd1uI]_exclusive",147,2,5,gemma-4-4b;qwen3.5-9b-q6,SPEAKER_04,3090.97,"and she you know her customers like $3,000 a day I mean if you see it's all"
"Traffic Commission March 11, 2025 [r8TO3Zdd1uI]_exclusive",148,1,5,qwen3.5-9b-q6,SPEAKER_09,3101.49,the pictures that I put up there you can see what's happening to that loading
"Traffic Commission March 11, 2025 [r8TO3Zdd1uI]_exclusive",149,2,5,phi-4;qwen3.5-9b-q6,SPEAKER_03,3104.71,zone I mean have people sleeping on the ground okay okay okay thank you very
"Traffic Commission March 11, 2025 [r8TO3Zdd1uI]_exclusive",153,4,5,gemma-4-4b;phi-4;qwen3.5-9b-q6;qwen3.5-9b-q8,SPEAKER_00,3198.55,yes good afternoon have you received the packet of information that i gave to mindy gable yes
"Traffic Commission March 11, 2025 [r8TO3Zdd1uI]_exclusive",154,3,5,phi-4;qwen3.5-9b-q6;qwen3.5-9b-q8,SPEAKER_04,3208.04,it's extensive have you all read it i've read much of it and what i what i'm finding though is that it may be a again this may be a situation that we as a traffic commission don't have jurisdiction because it is not part of the public right of way because it's not what part of the
"Traffic Commission March 11, 2025 [r8TO3Zdd1uI]_exclusive",155,4,5,ministral-8b;phi-4;qwen3.5-9b-q6;qwen3.5-9b-q8,SPEAKER_00,3227.35,public right of way well actually it is and that's what i'm trying to to do with that is show that it is a public street and it has gone back and forth over 50 years that i've been involved with it that is private or public and i i don't understand what the city's problem is with it if it's not if i
"Traffic Commission March 11, 2025 [r8TO3Zdd1uI]_exclusive",156,2,5,qwen3.5-9b-q6;qwen3.5-9b-q8,SPEAKER_04,3253.58,public no most of the streets in the city of lancaster are public but this one for a variety of reasons including some of the information that you had submitted is indicated to not public street and we would not be able to act on it until it is until or unless it is designated a public street so we'
"Traffic Commission March 11, 2025 [r8TO3Zdd1uI]_exclusive",158,2,5,qwen3.5-9b-q6;qwen3.5-9b-q8,SPEAKER_04,3332.0,guess the unfortunate thing is that this one has been in contention and we as traffic commission cannot take action on it unless and until it is made clear that it is designated as a public street so i i'm not in a position to argue okay like if if there's proof that can be presented with a with a c
"Traffic Commission March 11, 2025 [r8TO3Zdd1uI]_exclusive",159,2,5,gemma-4-4b;phi-4,SPEAKER_00,3366.88,that adjudicates that type of a case well okay when i was talking with the city's council for this uh neil albert we agreed that it was they agreed it was a city street their only contention was the width of the street the city at that point in time that was their only contention
"Traffic Commission March 11, 2025 [r8TO3Zdd1uI]_exclusive",160,1,5,phi-4,SPEAKER_04,3390.56,and they have not passed that on to you or no one seems to know that i will say that it was not documented that it was a city street that was an opinion not a not set then over the summer why
"Traffic Commission March 11, 2025 [r8TO3Zdd1uI]_exclusive",161,1,5,phi-4,SPEAKER_00,3414.86,did the city patch some of the potholes it may have been a mistake no they've always they've
"Traffic Commission March 11, 2025 [r8TO3Zdd1uI]_exclusive",164,4,5,gemma-4-4b;ministral-8b;phi-4;qwen3.5-9b-q6,SPEAKER_00,3462.6,okay it'll tie up the traffic some of the times then because we have to unload tractor trailers i mean we've been operating there for next year next year will be our 100th year of operating there so it'll just tie up the traffic when we have to unload tractor trailers
"Traffic Commission March 11, 2025 [r8TO3Zdd1uI]_exclusive",165,1,5,phi-4,SPEAKER_04,3478.52,i would suggest is either through your your solicitor or ours seek the remedy what how do you get it designated one way or the other if it becomes a public street then we can talk about parking and how and where parking can or cannot be restricted but if it is not public we cannot or if it is not cl
"Traffic Commission March 11, 2025 [r8TO3Zdd1uI]_exclusive",172,2,5,ministral-8b;phi-4,SPEAKER_03,3702.03,"So during the daytime, as you see the pictures here, the tow trucks are parked. They're legally parked. So like I said, they do not fall under the commercial vehicle designation. designation. So you could post the, you know, no commercial vehicle signs just as they're posted in 11 o'clock, but it wo"
"Traffic Commission March 11, 2025 [r8TO3Zdd1uI]_exclusive",175,2,5,qwen3.5-9b-q6;qwen3.5-9b-q8,SPEAKER_04,3832.32,it seems like it's more like it's an enforcement issue um which means that please correct me if this is not the appropriate strategy that in the short term since they are not illegally parked during that day when they are illegally parked one needs to call for them to be ticketed and hopefully that 
"Traffic Commission March 11, 2025 [r8TO3Zdd1uI]_exclusive",176,2,5,qwen3.5-9b-q6;qwen3.5-9b-q8,SPEAKER_03,3868.59,i would say that would be um our only course of action at this point of time uh outside of you know a new ordinance being rewritten
"Traffic Commission March 11, 2025 [r8TO3Zdd1uI]_exclusive",178,1,5,ministral-8b,SPEAKER_10,3910.33,enforcement well if they have a park there when the majority of the community that comes home from work and they do have to move it in order for them to have the space there to park so I would say they'd have to move it out of the
"Traffic Commission March 11, 2025 [r8TO3Zdd1uI]_exclusive",181,4,5,gemma-4-4b;ministral-8b;phi-4;qwen3.5-9b-q8,SPEAKER_03,3946.36,oversize again the way the organs is written the overweight and oversized it is about the weight it's not the overall dimension of the vehicle it's so it's the weight of the vehicle these vehicles are not blocking any sight lines or near a stop sign or anything like that causing a hazard or preventi
"Traffic Commission March 11, 2025 [r8TO3Zdd1uI]_exclusive",183,3,5,gemma-4-4b;ministral-8b;phi-4,SPEAKER_04,3980.81,"I think part of it may be having clarity in the immediate neighborhood of what to do and when these vehicles are allowed and when they're not allowed, so that one gets into the right rhythm, but also enforcing the trucks not being there when they're not supposed to be there, so that there's greater "
"Traffic Commission March 11, 2025 [r8TO3Zdd1uI]_exclusive",184,1,5,phi-4,SPEAKER_03,4012.2,"And that information, again, was provided. I'm just curious as to how recent this complaint has kind of come to your attention, just because, like I said, we did put a decent amount of effort into resolving this problem."
"Traffic Commission March 11, 2025 [r8TO3Zdd1uI]_exclusive",185,1,5,phi-4,SPEAKER_10,4031.06,"I think she said that she had forwarded to Mr. Campbell a year ago, so this is a continual."
"Traffic Commission March 11, 2025 [r8TO3Zdd1uI]_exclusive",187,1,5,ministral-8b,SPEAKER_10,4083.98,"great. That would be great. Um, and maybe letting her know that they, that they were taking it because maybe she feels like nobody has been listening to"
"Traffic Commission March 11, 2025 [r8TO3Zdd1uI]_exclusive",189,2,5,gemma-4-4b;ministral-8b,SPEAKER_04,4114.54,"So it would be greatly appreciated if you can follow through and see if that situation has changed. Now that the weather is changing, it may be something that needs to be repeated in order to reinforce to people that they shouldn't be parking here. Yes. When they're not allowed to be parking there, "
"Traffic Commission March 11, 2025 [r8TO3Zdd1uI]_exclusive",190,1,5,phi-4,SPEAKER_10,4149.48,none of this time it's administratively addressed
"Traffic Commission March 11, 2025 [r8TO3Zdd1uI]_standard",27,4,5,gemma-4-4b;ministral-8b;phi-4;qwen3.5-9b-q6,SPEAKER_08,1214.26,requester is mr josh novak yes yes um good afternoon i'm josh novak i'm the general manager for the lancaster marriott and lancaster county convention center and before you as the agenda indicated is the renewal um for utilization of the parking spots uh designated parking spots there on east king s
"Traffic Commission March 11, 2025 [r8TO3Zdd1uI]_standard",36,2,5,gemma-4-4b;phi-4,SPEAKER_05,1484.04,for valet services for sure i would just say somebody who has used a hotel i might not have read it ahead of time that I'm supposed to go in the garage initially until I went and got it doesn't surprise me that even if you're trying to get folks to go
"Traffic Commission March 11, 2025 [r8TO3Zdd1uI]_standard",38,2,5,ministral-8b;phi-4,SPEAKER_06,1520.61,motion to approve the request for the Lancaster Marriott Penn Square for renewal of their designated parking space on East King Street for hotel
"Traffic Commission March 11, 2025 [r8TO3Zdd1uI]_standard",42,2,5,gemma-4-4b;phi-4,SPEAKER_07,1587.46,discussion any discussion from the public parking authority supports the request I'm sorry parking
"Traffic Commission March 11, 2025 [r8TO3Zdd1uI]_standard",45,1,5,gemma-4-4b,SPEAKER_04,1641.0,he was gonna be here tonight and well he looks like a good man to be on this
"Traffic Commission March 11, 2025 [r8TO3Zdd1uI]_standard",51,4,5,gemma-4-4b;phi-4;qwen3.5-9b-q6;qwen3.5-9b-q8,SPEAKER_02,1720.19,the loading zone i think we talked about the fact was going to be a loading zone on lemon street
"Traffic Commission March 11, 2025 [r8TO3Zdd1uI]_standard",52,3,5,phi-4;qwen3.5-9b-q6;qwen3.5-9b-q8,SPEAKER_09,1731.71,and that is why well i sent you pictures of the loading zone on print street has anybody looked at
"Traffic Commission March 11, 2025 [r8TO3Zdd1uI]_standard",53,3,5,phi-4;qwen3.5-9b-q6;qwen3.5-9b-q8,SPEAKER_02,1740.12,them the the improvements related to the bike facility aren't complete yet there will be delineators that will be put in the area excuse me that became a four lane parking space up there
"Traffic Commission March 11, 2025 [r8TO3Zdd1uI]_standard",54,4,5,gemma-4-4b;phi-4;qwen3.5-9b-q6;qwen3.5-9b-q8,SPEAKER_09,1758.32,and that's and that was a three today and there's four there right now the fire engine couldn't even turn to get down or tractor and trailer cannot turn at that street right now I've had loading zones for 65 years and all of a sudden we're not using
"Traffic Commission March 11, 2025 [r8TO3Zdd1uI]_standard",55,3,5,phi-4;qwen3.5-9b-q6;qwen3.5-9b-q8,SPEAKER_04,1784.84,correctly the whole block uses it and I'm paying for it why why was it taken
"Traffic Commission March 11, 2025 [r8TO3Zdd1uI]_standard",56,3,5,phi-4;qwen3.5-9b-q6;qwen3.5-9b-q8,SPEAKER_09,1797.88,"away? And why is our pushback 20 feet, 9 inches, and on the other side of the street is 14.6?"
"Traffic Commission March 11, 2025 [r8TO3Zdd1uI]_standard",61,2,5,qwen3.5-9b-q6;qwen3.5-9b-q8,SPEAKER_04,1948.96,"use a meter. So the loading zones are not, please correct me if I'm wrong, the loading zones are not"
"Traffic Commission March 11, 2025 [r8TO3Zdd1uI]_standard",62,2,5,qwen3.5-9b-q6;qwen3.5-9b-q8,SPEAKER_09,1955.82,"for handicapped parking? No, we have one of those. Right, and that was... So we corrected that last time by adding a handicapped space. So I guess here's my challenge. I'm looking at what was in"
"Traffic Commission March 11, 2025 [r8TO3Zdd1uI]_standard",65,3,5,gemma-4-4b;ministral-8b;phi-4,SPEAKER_05,2000.69,request was withdrawn at the meeting and it looks like in the intro there's been a new request that was handled administratively for a handicapped parking spot which has been installed and then another request for a load zone and i see um that the recommendation from summer i believe was to deny it 
"Traffic Commission March 11, 2025 [r8TO3Zdd1uI]_standard",67,2,5,qwen3.5-9b-q6;qwen3.5-9b-q8,SPEAKER_04,2042.99,"now. Well, it's to be put in a location that tries to serve as many businesses as possible."
"Traffic Commission March 11, 2025 [r8TO3Zdd1uI]_standard",68,3,5,phi-4;qwen3.5-9b-q6;qwen3.5-9b-q8,SPEAKER_09,2051.2,"There's no business on Lemon Street. There's a lady that does hair, and there's a store. That's the only business that's on Lemon Street."
"Traffic Commission March 11, 2025 [r8TO3Zdd1uI]_standard",72,2,5,gemma-4-4b;phi-4,SPEAKER_09,2075.32,"No, south would be, yes, I guess, if you want to call it south, yeah. So there is even another loading zone space at Lemon and Duke, which is not even used anymore. That's used for going to the funerals and the dentist offices and places like that. That's not loading and unloading either. So you hav"
"Traffic Commission March 11, 2025 [r8TO3Zdd1uI]_standard",75,1,5,qwen3.5-9b-q8,SPEAKER_02,2149.95,safest place to get off is right onto the payment so mid-block would be closer to the guild that's
"Traffic Commission March 11, 2025 [r8TO3Zdd1uI]_standard",77,2,5,phi-4;qwen3.5-9b-q8,SPEAKER_05,2185.98,for it you know it's not like I come to meetings all the time so I don't know
"Traffic Commission March 11, 2025 [r8TO3Zdd1uI]_standard",79,4,5,ministral-8b;phi-4;qwen3.5-9b-q6;qwen3.5-9b-q8,SPEAKER_05,2259.11,"If I may, I just want to ask if there's already been a recommendation that a mid-block load zone might be appropriate. Do we need to do this as a commission or?"
"Traffic Commission March 11, 2025 [r8TO3Zdd1uI]_standard",81,1,5,phi-4,SPEAKER_05,2273.45,"Yeah, if that already seems appropriate, then do we need to not do anything?"
"Traffic Commission March 11, 2025 [r8TO3Zdd1uI]_standard",82,2,5,gemma-4-4b;phi-4,SPEAKER_09,2277.11,Why not put it back where it was originally? Can I ask that question?
"Traffic Commission March 11, 2025 [r8TO3Zdd1uI]_standard",83,1,5,phi-4,SPEAKER_07,2282.92,That's true. May I ask? Let me give you a point of reference that will help you guys.
"Traffic Commission March 11, 2025 [r8TO3Zdd1uI]_standard",87,3,5,gemma-4-4b;ministral-8b;phi-4,SPEAKER_09,2347.46,"because everybody knows it. The people from out of town, they know it. They go to the Belvedere, the meat guys, the booze guys, you know, they all go there. So it's convenient. Our guys know it. All the postmen, all the drop-off guys to the pickle shop and all that there's all there all that the Kor"
"Traffic Commission March 11, 2025 [r8TO3Zdd1uI]_standard",93,1,5,gemma-4-4b,SPEAKER_04,2450.28,So the mid-block loading zone was removed?
"Traffic Commission March 11, 2025 [r8TO3Zdd1uI]_standard",96,1,5,gemma-4-4b,SPEAKER_07,2462.86,"Well, that wasn't the original request, but if you're modifying that request... You've changed the request around. If you want to..."
"Traffic Commission March 11, 2025 [r8TO3Zdd1uI]_standard",99,1,5,qwen3.5-9b-q6,SPEAKER_09,2473.86,The clarification was that the loading zone would be put back behind the handicap zone.
"Traffic Commission March 11, 2025 [r8TO3Zdd1uI]_standard",100,2,5,phi-4;qwen3.5-9b-q6,SPEAKER_07,2483.34,So you would probably deny that request and approve re-institution of the mid-block?
"Traffic Commission March 11, 2025 [r8TO3Zdd1uI]_standard",101,1,5,qwen3.5-9b-q6,SPEAKER_01,2489.2,Which nobody wanted.
"Traffic Commission March 11, 2025 [r8TO3Zdd1uI]_standard",102,1,5,gemma-4-4b,SPEAKER_07,2491.26,"Well, we have to enforce it, for sure."
"Traffic Commission March 11, 2025 [r8TO3Zdd1uI]_standard",105,2,5,gemma-4-4b;ministral-8b,SPEAKER_06,2505.18,I think Marty was paying for that loading zone that's a whole nother
"Traffic Commission March 11, 2025 [r8TO3Zdd1uI]_standard",107,2,5,ministral-8b;phi-4,SPEAKER_05,2551.01,Would it meet your needs to have a loading zone that's further south than what your initial request was? I understand your initial request was one that's directly south of what's now the handicapped parking spot. And the recommendation was to deny that.
"Traffic Commission March 11, 2025 [r8TO3Zdd1uI]_standard",109,1,5,phi-4,SPEAKER_05,2571.97,I understand that that's ideal. Okay. Would you accept? Would it meet your needs to have one that's a little bit further south?
"Traffic Commission March 11, 2025 [r8TO3Zdd1uI]_standard",134,1,5,phi-4,SPEAKER_09,2860.48,between the traffic commission and the individual there's no emails going back and forth there's no you can't get anybody to talk to you the alder I could never I got Ben accidentally he picked the phone up accidentally to call out and I was on the line I had to tell him that his his mailbox was ful
"Traffic Commission March 11, 2025 [r8TO3Zdd1uI]_standard",135,3,5,gemma-4-4b;phi-4;qwen3.5-9b-q6,SPEAKER_02,2907.39,"answer that question here but why why is neither block from this block there's no setbacks. So on North Queen Street. So you're parking within 20 feet of a crosswalk based on the vehicle code. But that's not true because on Chesson Street, there's no setback. Well, it's not, it's not marked everywhe"
"Traffic Commission March 11, 2025 [r8TO3Zdd1uI]_standard",136,2,5,phi-4;qwen3.5-9b-q6,SPEAKER_09,2962.56,"Street? First to get what on Queen Street? The setbacks. The pavement markings and the delineators? The pavement markings. The pavement markings and the posts? I guess the posts haven't gone in. No, on the streets. I mean, we've done it on many intersections throughout the city. I don't know of any."
"Traffic Commission March 11, 2025 [r8TO3Zdd1uI]_standard",137,2,5,phi-4;qwen3.5-9b-q6,SPEAKER_02,2993.05,"It's, you know, it's part of the vehicle code. So we try to emphasize it at certain locations by putting those paper markings down."
"Traffic Commission March 11, 2025 [r8TO3Zdd1uI]_standard",139,3,5,gemma-4-4b;ministral-8b;phi-4,SPEAKER_09,3007.15,I trust your opinion. My digging in is it doesn't do anything. It takes up parking spaces. That's what it does. It sets back people. Now you have on Lemon Street you still have two loading zones on Lemon Street at two different locations with no businesses. What happens there? Does that make sense?
"Traffic Commission March 11, 2025 [r8TO3Zdd1uI]_standard",144,3,5,phi-4;qwen3.5-9b-q6;qwen3.5-9b-q8,SPEAKER_04,3057.56,You had said that there were loading zones where there were no businesses.
"Traffic Commission March 11, 2025 [r8TO3Zdd1uI]_standard",145,3,5,phi-4;qwen3.5-9b-q6;qwen3.5-9b-q8,SPEAKER_09,3061.27,"Yeah, it's no business there. It's closed. It's been closed for two years."
"Traffic Commission March 11, 2025 [r8TO3Zdd1uI]_standard",146,3,5,phi-4;qwen3.5-9b-q6;qwen3.5-9b-q8,SPEAKER_03,3065.91,"Okay, what's the set up?"
"Traffic Commission March 11, 2025 [r8TO3Zdd1uI]_standard",148,2,5,qwen3.5-9b-q6;qwen3.5-9b-q8,SPEAKER_04,3090.97,"and she you know her customers like $3,000 a day I mean if you see it's all"
"Traffic Commission March 11, 2025 [r8TO3Zdd1uI]_standard",149,2,5,qwen3.5-9b-q6;qwen3.5-9b-q8,SPEAKER_09,3101.49,the pictures that I put up there you can see what's happening to that loading
"Traffic Commission March 11, 2025 [r8TO3Zdd1uI]_standard",150,1,5,gemma-4-4b,SPEAKER_03,3104.71,zone I mean have people sleeping on the ground okay okay okay thank you very
"Traffic Commission March 11, 2025 [r8TO3Zdd1uI]_standard",154,2,5,ministral-8b;phi-4,SPEAKER_00,3198.55,yes good afternoon have you received the packet of information that i gave to mindy gable yes
"Traffic Commission March 11, 2025 [r8TO3Zdd1uI]_standard",158,4,5,ministral-8b;phi-4;qwen3.5-9b-q6;qwen3.5-9b-q8,SPEAKER_00,3290.3,"the city has threatened has threatened to take us to court and i said fine take us to court because because I know we'll win, because it has to be a city street, because it's the Hamilton lots. If it's not a city street, then streets such as Christian, Cherry, Mifflin, those cannot be city streets t"
"Traffic Commission March 11, 2025 [r8TO3Zdd1uI]_standard",160,2,5,gemma-4-4b;ministral-8b,SPEAKER_00,3366.88,that adjudicates that type of a case well okay when i was talking with the city's council for this uh neil albert we agreed that it was they agreed it was a city street their only contention was the width of the street the city at that point in time that was their only contention
"Traffic Commission March 11, 2025 [r8TO3Zdd1uI]_standard",162,4,5,gemma-4-4b;ministral-8b;qwen3.5-9b-q6;qwen3.5-9b-q8,SPEAKER_00,3414.86,did the city patch some of the potholes it may have been a mistake no they've always they've
"Traffic Commission March 11, 2025 [r8TO3Zdd1uI]_standard",163,2,5,qwen3.5-9b-q6;qwen3.5-9b-q8,SPEAKER_02,3421.93,done it for years i think it's been a question of whether it's public or private and the documentation that you provided from the former mayor and public works director that it was private is what the city is going with because that's the last correspondence provided to you related to the status of 
"Traffic Commission March 11, 2025 [r8TO3Zdd1uI]_standard",164,2,5,qwen3.5-9b-q6;qwen3.5-9b-q8,SPEAKER_04,3450.6,otherwise and there are a number of those throughout the city that are either private or shared alleys
"Traffic Commission March 11, 2025 [r8TO3Zdd1uI]_standard",173,2,5,gemma-4-4b;phi-4,SPEAKER_03,3702.03,"So during the daytime, as you see the pictures here, the tow trucks are parked. They're legally parked. So like I said, they do not fall under the commercial vehicle designation. designation. So you could post the, you know, no commercial vehicle signs just as they're posted in 11 o'clock, but it wo"
"Traffic Commission March 11, 2025 [r8TO3Zdd1uI]_standard",175,3,5,gemma-4-4b;ministral-8b;phi-4,SPEAKER_10,3798.08,"but I didn't. I would have to schedule for her to come in to see because she does work, so she's not able to come around this time. But she did bring it to my attention. And the elderlies that are living on the opposite direction that the neighbor question was, they're elderly, and they had to get t"
"Traffic Commission March 11, 2025 [r8TO3Zdd1uI]_standard",179,2,5,gemma-4-4b;ministral-8b,SPEAKER_10,3910.33,enforcement well if they have a park there when the majority of the community that comes home from work and they do have to move it in order for them to have the space there to park so I would say they'd have to move it out of the
"Traffic Commission March 11, 2025 [r8TO3Zdd1uI]_standard",181,1,5,phi-4,SPEAKER_10,3940.68,that there is a certain weight and size that they're not supposed to be part of it so the
"Traffic Commission March 11, 2025 [r8TO3Zdd1uI]_standard",183,1,5,ministral-8b,SPEAKER_10,3977.29,and we'll see if there's anything else additional we can do to make changes
"Traffic Commission March 11, 2025 [r8TO3Zdd1uI]_standard",184,2,5,gemma-4-4b;phi-4,SPEAKER_04,3980.81,"I think part of it may be having clarity in the immediate neighborhood of what to do and when these vehicles are allowed and when they're not allowed, so that one gets into the right rhythm, but also enforcing the trucks not being there when they're not supposed to be there, so that there's greater "
"Traffic Commission March 11, 2025 [r8TO3Zdd1uI]_standard",187,1,5,gemma-4-4b,SPEAKER_03,4038.02,"Okay. Like I said, I spoke to her in January of this year. And like I said, I don't have the dates on when we issued tickets, but we did issue tickets on all of our tow trucks, which the vehicle owner called me, upset about it, obviously, responded to the station, spoke to the desk sergeant. uh, sor"
"Traffic Commission March 11, 2025 [r8TO3Zdd1uI]_standard",188,1,5,ministral-8b,SPEAKER_10,4083.98,"great. That would be great. Um, and maybe letting her know that they, that they were taking it because maybe she feels like nobody has been listening to"
"Traffic Commission March 11, 2025 [r8TO3Zdd1uI]_standard",189,1,5,ministral-8b,SPEAKER_03,4092.36,"She was aware because I know then there was the call came back about one of her vehicles, which was legally parked as well. So it just became a back and forth between, you know, neighbors at that point in time. But like I said, we did our best to try to handle the situation at that point in time bas"
"Traffic Commission March 11, 2025 [r8TO3Zdd1uI]_standard",190,1,5,gemma-4-4b,SPEAKER_04,4114.54,"So it would be greatly appreciated if you can follow through and see if that situation has changed. Now that the weather is changing, it may be something that needs to be repeated in order to reinforce to people that they shouldn't be parking here. Yes. When they're not allowed to be parking there, "
"Traffic Commission Meeting - November 11, 2025 [Wof-B6HAg2g]",15,1,5,ministral-8b,SPEAKER_00,788.11,considering the request of Jessica Cardona to replace the stop sign at Fairview Avenue in Fremont Street miss Cardona can you
"Traffic Commission Meeting - November 11, 2025 [Wof-B6HAg2g]",17,4,5,gemma-4-4b;phi-4;qwen3.5-9b-q6;qwen3.5-9b-q8,SPEAKER_00,821.77,in but on I am the owner of the house that was hit twice here I mean I spoke at last meeting so okay do we have from from staff do we have a report on this item Thank You Ben commission Ben Hogan public works engineer for city of Lancaster. We took a review of potential all-way stop control at the i
"Traffic Commission Meeting - November 11, 2025 [Wof-B6HAg2g]",21,2,5,gemma-4-4b;phi-4,SPEAKER_00,930.38,vehicles were traveling the wrong direction on Fairview Avenue. We heard that in the complaint about this particular intersection that wrong-way driving is a frequent occurrence.
"Traffic Commission Meeting - November 11, 2025 [Wof-B6HAg2g]",22,1,5,phi-4,UNKNOWN,938.96,"It's a little tough to tell with the current construction in the neighborhood. UGI has quite a number of projects going on out there at the moment. A lot of the streets are closed off from day to day, so it's tough to tell if that's, from the observations, if that's a"
"Traffic Commission Meeting - November 11, 2025 [Wof-B6HAg2g]",23,1,5,phi-4,SPEAKER_00,951.94,"regular occurrence. It sounds like it may be, or if those few particular cars were just because of altered travel patterns because of those street closures. There are no other factors that I should"
"Traffic Commission Meeting - November 11, 2025 [Wof-B6HAg2g]",33,4,5,gemma-4-4b;phi-4;qwen3.5-9b-q6;qwen3.5-9b-q8,SPEAKER_00,1145.95,those similarly restricted by warrants like were those considered why is that something that would you know also slow down traffic and prevent some of these crashes i would certainly slow down
"Traffic Commission Meeting - November 11, 2025 [Wof-B6HAg2g]",34,3,5,phi-4;qwen3.5-9b-q6;qwen3.5-9b-q8,UNKNOWN,1156.63,traffic speed humps are a great idea that would be paired in our neighborhood slow zone program
"Traffic Commission Meeting - November 11, 2025 [Wof-B6HAg2g]",35,3,5,phi-4;qwen3.5-9b-q6;qwen3.5-9b-q8,SPEAKER_00,1162.19,likely along fairview avenue to try to bring traffic around 20 to 15 miles an hour in that area rather than 25 or exceeding that speed limit raised crossings raised intersections have quite a large price tag to them so for a project like this we'd probably just be looking at speed humps or something
"Traffic Commission Meeting - November 11, 2025 [Wof-B6HAg2g]",39,4,5,ministral-8b;phi-4;qwen3.5-9b-q6;qwen3.5-9b-q8,SPEAKER_00,1250.44,something is being done if anything and I did want to mention also what he was saying about
"Traffic Commission Meeting - November 11, 2025 [Wof-B6HAg2g]",40,4,5,ministral-8b;phi-4;qwen3.5-9b-q6;qwen3.5-9b-q8,UNKNOWN,1255.58,the going up the wrong way I don't know if it's something that you saw or was it the videos I sent
"Traffic Commission Meeting - November 11, 2025 [Wof-B6HAg2g]",42,3,5,gemma-4-4b;qwen3.5-9b-q6;qwen3.5-9b-q8,UNKNOWN,1299.3,way um i think it's just an easier way for them instead of going the whole way around the block
"Traffic Commission Meeting - November 11, 2025 [Wof-B6HAg2g]",43,2,5,qwen3.5-9b-q6;qwen3.5-9b-q8,SPEAKER_00,1303.66,um but yeah i'm happy that at least if it's not the stop sign there's something else that's you
"Traffic Commission Meeting - November 11, 2025 [Wof-B6HAg2g]",44,2,5,qwen3.5-9b-q6;qwen3.5-9b-q8,UNKNOWN,1310.62,know hopefully gonna be done about it so thank you for that thank you very much as well Ben can you speak for just a moment on how the proposed remedies will
"Traffic Commission Meeting - November 11, 2025 [Wof-B6HAg2g]",60,2,5,gemma-4-4b;phi-4,UNKNOWN,1713.13,taking the turn here because of that larger bump out thanks I just want to chime in a bit about that we're prohibiting the largest size vehicles
"Traffic Commission Meeting - November 11, 2025 [Wof-B6HAg2g]",61,1,5,phi-4,SPEAKER_00,1727.38,trucks with 53 foot trailers that you would typically see on the interstate we need to accommodate those turning movements at the intersection which requires quite large curb radii and in turn very long pedestrian crossings so
"Traffic Commission Meeting - November 11, 2025 [Wof-B6HAg2g]",62,1,5,phi-4,UNKNOWN,1740.64,at this intersection we're proposing a curb bump out to kind of protect
"Traffic Commission Meeting - November 11, 2025 [Wof-B6HAg2g]",65,1,5,phi-4,SPEAKER_00,1759.94,that it was appropriate to have full-size trucks traversing broad chesapeake streets so as a part of that we would like to request a truck restriction for trucks over 50 feet in length making the right turn from queen to chesapeake street do do we as commission want to talk about each of the items i
"Traffic Commission Meeting - November 11, 2025 [Wof-B6HAg2g]",69,1,5,phi-4,SPEAKER_00,1901.7,trucks right now yeah so it's not used by a terrible number of trucks I don't have the exact numbers in front of me here but we did turning movement counts at the intersection of Queen and Chesapeake and checked the truck percentage that turns right onto Chesapeake from Queen. The vast majority of t
"Traffic Commission Meeting - November 11, 2025 [Wof-B6HAg2g]",74,3,5,gemma-4-4b;ministral-8b;phi-4,UNKNOWN,2009.45,Yeah. Any further discussion or comment about what needs to be addressed? Maybe identifying an alternate? well my my other reason the thing that prompted my question is are there any user like any industries or anything in that stretch that take regular deliveries by those large trucks
"Traffic Commission Meeting - November 11, 2025 [Wof-B6HAg2g]",87,1,5,ministral-8b,SPEAKER_00,2371.88,i hope so you might as well keith radicek lakers parking authority how many net spaces would have
"Traffic Commission Meeting - November 11, 2025 [Wof-B6HAg2g]",88,1,5,ministral-8b,UNKNOWN,2378.56,to be uh reduced in this model do i go back to larry and go we're losing 10 spaces we're losing 20 spaces we're losing five spaces do we know that number none of these spaces are metered so they're just empty spaces right they're not regulated anyway there's no residential
"Traffic Commission Meeting - November 11, 2025 [Wof-B6HAg2g]",89,1,5,ministral-8b,SPEAKER_00,2398.71,permit parking there's no metered parking okay so i did thank you um was i mistaken that part of the advantage is to be able to provide some drop-off space or is that a different location
"Traffic Commission Meeting - November 11, 2025 [Wof-B6HAg2g]",90,3,5,gemma-4-4b;ministral-8b;phi-4,UNKNOWN,2416.79,near the school i think the main advantage near the school was eliminating sort of any parking on the south side of the street because there's a lot of um there's some spaces that are used sort of to drop off children but there's no sidewalk on that side of the street and there's So there's a lot of
"Traffic Commission Meeting - November 11, 2025 [Wof-B6HAg2g]",93,1,5,phi-4,SPEAKER_00,2536.7,very good we have a motion do we have a second a second we have a motion in a second is there any further discussion at the Commission level any further discussion at the public level please Lori the restricted right turn I thought it was only for 53 foot trucks it's not for all traffic correct corr
"Traffic Commission Meeting - November 11, 2025 [Wof-B6HAg2g]",100,4,5,ministral-8b;phi-4;qwen3.5-9b-q6;qwen3.5-9b-q8,UNKNOWN,2685.62,we're looking at and i i've never seen it that empty which is which is great maybe it's a sign of the future but um what i've been noticing is the cars from north mary which are coming south to north um periodically somebody is uh stop generally they stop and then proceed through the intersection wi
"Traffic Commission Meeting - November 11, 2025 [Wof-B6HAg2g]",101,4,5,ministral-8b;phi-4;qwen3.5-9b-q6;qwen3.5-9b-q8,SPEAKER_00,2754.03,four-way stop is the answer that's just one of the things I put in my note
"Traffic Commission Meeting - November 11, 2025 [Wof-B6HAg2g]",102,3,5,gemma-4-4b;qwen3.5-9b-q6;qwen3.5-9b-q8,UNKNOWN,2757.59,somehow I'd like to see attached to the stop sign something that alerts people someone else yes does anyone else want to speak to this item as well please come forward and again
"Traffic Commission Meeting - November 11, 2025 [Wof-B6HAg2g]",103,3,5,ministral-8b;qwen3.5-9b-q6;qwen3.5-9b-q8,SPEAKER_00,2772.05,state your name in the block uh the block that you live on uh yeah so i am the uh owner of cablar
"Traffic Commission Meeting - November 11, 2025 [Wof-B6HAg2g]",104,3,5,phi-4;qwen3.5-9b-q6;qwen3.5-9b-q8,UNKNOWN,2783.84,miko um and pamela had reached out to us about uh about the issue and i just recently a couple weeks prior heard from my staff just talking about how they've observed like like she said near misses car crashes screeching tires all that sort of stuff a lot of it is obviously uh you know it's just a b
"Traffic Commission Meeting - November 11, 2025 [Wof-B6HAg2g]",105,3,5,ministral-8b;qwen3.5-9b-q6;qwen3.5-9b-q8,SPEAKER_00,2840.58,or chestnut or you know they're all kind of treated like three ways it kind of even if it's a one way even i feel like i can kind of see sort of see i think that's everybody and then sometimes somebody's cruising at 45 miles an hour and it's hard to you know hard to see that car but uh but yeah we'd
"Traffic Commission Meeting - November 11, 2025 [Wof-B6HAg2g]",106,4,5,ministral-8b;phi-4;qwen3.5-9b-q6;qwen3.5-9b-q8,UNKNOWN,2862.79,public in the introduction to the issue yes please and again your name and block of residence hey I'm Steve Farina I live on the 400 block of Lancaster Avenue so
"Traffic Commission Meeting - November 11, 2025 [Wof-B6HAg2g]",107,4,5,gemma-4-4b;ministral-8b;qwen3.5-9b-q6;qwen3.5-9b-q8,SPEAKER_00,2885.94,"I'm like to the left of this and down a little it is a really busy intersection There's a ton of kids. My wife and I just started letting our 12-year-old walk there by herself. It's a really busy intersection, especially with the ice cream shop. They pull a lot of children in. With Cabellar, they pu"
"Traffic Commission Meeting - November 11, 2025 [Wof-B6HAg2g]",109,3,5,ministral-8b;qwen3.5-9b-q6;qwen3.5-9b-q8,SPEAKER_00,2928.46,"who was hit and killed there in 2015 in a hit and run. So it is, they go fast on Lemon Street in both directions."
"Traffic Commission Meeting - November 11, 2025 [Wof-B6HAg2g]",110,3,5,ministral-8b;qwen3.5-9b-q6;qwen3.5-9b-q8,UNKNOWN,2942.58,"And like one of the previous comments said, With it being the first two-way street,"
"Traffic Commission Meeting - November 11, 2025 [Wof-B6HAg2g]",111,3,5,gemma-4-4b;ministral-8b;phi-4,SPEAKER_00,2948.92,"it's not a spot where people really stop and look. I've also seen two or three, at least two,"
"Traffic Commission Meeting - November 11, 2025 [Wof-B6HAg2g]",112,2,5,ministral-8b;phi-4,UNKNOWN,2956.88,maybe three people turn the wrong way onto Mary off Lemons.
"Traffic Commission Meeting - November 11, 2025 [Wof-B6HAg2g]",113,2,5,ministral-8b;phi-4,SPEAKER_00,2960.92,So I think a four-way stop would be a good way to just get people to stop and think
"Traffic Commission Meeting - November 11, 2025 [Wof-B6HAg2g]",114,1,5,gemma-4-4b,UNKNOWN,2967.6,before they try to turn the wrong way
"Traffic Commission Meeting - November 11, 2025 [Wof-B6HAg2g]",124,2,5,qwen3.5-9b-q6;qwen3.5-9b-q8,UNKNOWN,3300.7,from Ben maybe which is so you talked about the warrants in addition to a a potential always stop are there any other changes that you would recommend or take care of at the staff level other than like assuming we proved the stop you talked about the things that would go with that as a sure helping 
"Traffic Commission Meeting - November 11, 2025 [Wof-B6HAg2g]",125,2,5,qwen3.5-9b-q6;qwen3.5-9b-q8,SPEAKER_00,3317.22,adjust but are there any other recommendations you have I think if we were to implement always stop control we probably wouldn't do anything other than what I had mentioned the additional supplements just to bring attention to the stop sign we might look at a few additional flex posts in the interse
"Traffic Commission Meeting - November 11, 2025 [Wof-B6HAg2g]",127,4,5,ministral-8b;phi-4;qwen3.5-9b-q6;qwen3.5-9b-q8,SPEAKER_00,3385.95,be a concern i mean we have done the cross traffic does not stop or i'm not sure if there's look
"Traffic Commission Meeting - November 11, 2025 [Wof-B6HAg2g]",128,4,5,ministral-8b;phi-4;qwen3.5-9b-q6;qwen3.5-9b-q8,UNKNOWN,3400.78,could be done and you say in the interim as a trial questions commentary wishes proposals yeah I would just add bikes through that regularly along that bike lane and it definitely is a high traffic area I don't know I would like to see something I hearing a four-way stop makes sense kind of inclines
"Traffic Commission Meeting - November 11, 2025 [Wof-B6HAg2g]",132,2,5,gemma-4-4b;ministral-8b,UNKNOWN,3573.59,warranted having a stop sign but that under special considerations given this
"Traffic Commission Meeting - November 11, 2025 [Wof-B6HAg2g]",133,1,5,ministral-8b,SPEAKER_00,3580.35,the unique circumstances here that it's it's allowed to be encountered and even though there's no other stop four-way stop or intersection at this I mean at this street there are two other signaled intersections nearby are any of those of
"Traffic Commission Meeting - November 11, 2025 [Wof-B6HAg2g]",134,2,5,ministral-8b;phi-4,UNKNOWN,3602.49,concern are those things we need to either put in a context or understand differently there's also the school uh people walk into school uh both up to wharton and also the reynolds so that that's another uh consideration to take and i'm not sure what the status with the school district uh is with ha
"Traffic Commission Meeting - November 11, 2025 [Wof-B6HAg2g]",138,1,5,phi-4,UNKNOWN,3788.14,used what what a particular device or intersection element might be and what its effect might and then come back and report to the commission yes because everything once you implement one thing it's going to affect the next thing so you solve one problem but you create two other problems and we don'
"Traffic Commission Meeting - November 11, 2025 [Wof-B6HAg2g]",147,3,5,gemma-4-4b;qwen3.5-9b-q6;qwen3.5-9b-q8,SPEAKER_00,4159.01,item 42-20 25 considering the request of Matt shields from the school district of lancaster to add bus loading unloading area from 7 30 to 8 15 a.m and 1 30 to 2 45 p.m at 600 rockland street hi matt how are you good evening thank you uh so uh we're here uh for the request we struggle at our morning
"Traffic Commission Meeting - November 11, 2025 [Wof-B6HAg2g]",148,2,5,qwen3.5-9b-q6;qwen3.5-9b-q8,UNKNOWN,4197.62,oncoming traffic at times so our request is to limit parking if possible along the curb during certain hours of the day for our arrival and pickup of the students to make it safer for everyone not just our students any did you want
"Traffic Commission Meeting - November 11, 2025 [Wof-B6HAg2g]",149,2,5,qwen3.5-9b-q6;qwen3.5-9b-q8,SPEAKER_00,4214.86,to add something to this I believe there had been some discussion about this before on site during a pickup time yeah they are the buses there's numerous
"Traffic Commission Meeting - November 11, 2025 [Wof-B6HAg2g]",163,2,5,ministral-8b;phi-4,SPEAKER_00,4531.43,to present land development plans at 558 Longfellow Drive Mr. Doutrick thank you for your patience my name is Randy Doutrick I completed the land development plans for 558 Longfellow we're proposing a four unit apartment building there each unit will have three bedrooms and we're required have one p
"Traffic Commission Meeting - November 11, 2025 [Wof-B6HAg2g]",172,2,5,gemma-4-4b;phi-4,UNKNOWN,4825.03,can you speak a little bit closer sure microphone thank you um so we are here to talk about 913 wheatland avenue with eight multi-family housing units being proposed there this we is a land development project so much like the last one you were talking about we're really looking here for your approv
"Traffic Commission Meeting - November 11, 2025 [Wof-B6HAg2g]",174,1,5,phi-4,UNKNOWN,4859.54,back in the spring have been working through particularly elements related to storm water management and are actually going to be submitting the prelim final plans tomorrow but with your two-month window on meetings i wanted to to get here ahead of the january meeting because we're hoping for an exp
"Traffic Commission Meeting - November 11, 2025 [Wof-B6HAg2g]",177,1,5,phi-4,SPEAKER_00,4923.51,Drive a this is currently a one-way enter only access drive that connects to a common alley which serves the pocketbooks bookstore multi-family residence and uh two single family residences it goes on the east side of the site then the north side of the site i guess on paper it extends further west 
"Traffic Commission Meeting - November 11, 2025 [Wof-B6HAg2g]",180,1,5,phi-4,UNKNOWN,5067.27,a sketch plan review so there hasn't been any kind of detailed review yet of the of the plans and which which suggests that not that you have any intention to make major changes but it suggests that there may be some changes as the as this plan evolves is there any input that you're specifically loo
"Traffic Commission Meeting - November 11, 2025 [Wof-B6HAg2g]",189,2,5,gemma-4-4b;phi-4,SPEAKER_00,5221.11,Andrew from Habitat for Humanity we've also been very much engaged with the resident neighbors both immediately adjacent and those across the street condo and condominiums across the street and down the street West End Avenue so forth I've been involved as part of this being one apart the satellites
"Traffic Commission Meeting - November 11, 2025 [Wof-B6HAg2g]",207,1,5,gemma-4-4b,SPEAKER_00,5579.26,much for that just adding on to that um lancaster 11 and habitat for man he's turning 40 next year and the city of lancaster has been our longest standing partner uh it's you guys the city has a reputation of having higher standards and a little more rigor when it comes to some of the
"Traffic Commission Meeting - November 11, 2025 [Wof-B6HAg2g]",219,2,5,gemma-4-4b;qwen3.5-9b-q8,SPEAKER_00,5879.27,the entire mary street just so that they can see it overhead i want yeah i want the expressway version
